# Blender 5.0.1
# www.blender.org
mtllib enemy2.mtl
o 中型近接敵
v 0.556875 0.087238 2.088281
v 0.556875 0.319270 2.320313
v 0.556875 0.104901 2.177076
v 0.556875 0.155199 2.252352
v 0.556875 0.230475 2.302650
v 0.556875 0.412082 2.320313
v 0.556875 0.644113 2.088281
v 0.556875 0.500877 2.302650
v 0.556875 0.576153 2.252352
v 0.556875 0.626451 2.177076
v 0.556875 0.319269 -2.320313
v 0.556875 0.087238 -2.088281
v 0.556875 0.230475 -2.302650
v 0.556875 0.155199 -2.252352
v 0.556875 0.104900 -2.177076
v 0.556875 0.644113 -2.088281
v 0.556875 0.412082 -2.320313
v 0.556875 0.626451 -2.177076
v 0.556875 0.576153 -2.252352
v 0.556875 0.500876 -2.302650
v 1.485000 0.319270 2.320313
v 1.485000 0.087238 2.088281
v 1.485000 0.230475 2.302650
v 1.485000 0.155199 2.252352
v 1.485000 0.104901 2.177076
v 1.485000 0.644113 2.088281
v 1.485000 0.412082 2.320313
v 1.485000 0.626451 2.177076
v 1.485000 0.576153 2.252352
v 1.485000 0.500877 2.302650
v 1.485000 0.087238 -2.088281
v 1.485000 0.319269 -2.320313
v 1.485000 0.104900 -2.177076
v 1.485000 0.155199 -2.252352
v 1.485000 0.230475 -2.302650
v 1.485000 0.412082 -2.320313
v 1.485000 0.644113 -2.088281
v 1.485000 0.500876 -2.302650
v 1.485000 0.576153 -2.252352
v 1.485000 0.626451 -2.177076
v 0.556875 0.644113 1.953554
v 0.556875 0.644113 1.818825
v 0.556875 0.644113 1.684098
v 0.556875 0.644113 1.549370
v 0.556875 0.644113 1.414643
v 0.556875 0.644113 1.279914
v 0.556875 0.644113 1.145186
v 0.556875 0.644113 1.010459
v 0.556875 0.644113 0.875731
v 0.556875 0.644113 0.741003
v 0.556875 0.644113 0.606275
v 0.556875 0.644113 0.471548
v 0.556875 0.644113 0.336819
v 0.556875 0.644113 0.202092
v 0.556875 0.644113 0.067364
v 0.556875 0.644113 -0.067364
v 0.556875 0.644113 -0.202092
v 0.556875 0.644113 -0.336819
v 0.556875 0.644113 -0.471548
v 0.556875 0.644113 -0.606275
v 0.556875 0.644113 -0.741003
v 0.556875 0.644113 -0.875731
v 0.556875 0.644113 -1.010459
v 0.556875 0.644113 -1.145187
v 0.556875 0.644113 -1.279914
v 0.556875 0.644113 -1.414642
v 0.556875 0.644113 -1.549370
v 0.556875 0.644113 -1.684098
v 0.556875 0.644113 -1.818825
v 0.556875 0.644113 -1.953554
v 1.485000 0.644113 1.953554
v 1.485000 0.644113 1.818825
v 1.485000 0.644113 1.684098
v 1.485000 0.644113 1.549370
v 1.485000 0.644113 1.414643
v 1.485000 0.644113 1.279914
v 1.485000 0.644113 1.145186
v 1.485000 0.644113 1.010459
v 1.485000 0.644113 0.875731
v 1.485000 0.644113 0.741003
v 1.485000 0.644113 0.606275
v 1.485000 0.644113 0.471548
v 1.485000 0.644113 0.336819
v 1.485000 0.644113 0.202092
v 1.485000 0.644113 0.067364
v 1.485000 0.644113 -0.067364
v 1.485000 0.644113 -0.202092
v 1.485000 0.644113 -0.336819
v 1.485000 0.644113 -0.471548
v 1.485000 0.644113 -0.606275
v 1.485000 0.644113 -0.741003
v 1.485000 0.644113 -0.875731
v 1.485000 0.644113 -1.010459
v 1.485000 0.644113 -1.145187
v 1.485000 0.644113 -1.279914
v 1.485000 0.644113 -1.414642
v 1.485000 0.644113 -1.549370
v 1.485000 0.644113 -1.684098
v 1.485000 0.644113 -1.818825
v 1.485000 0.644113 -1.953554
v 0.556875 0.087238 1.953554
v 0.556875 0.087238 1.818825
v 0.556875 0.087238 1.684098
v 0.556875 0.087238 1.549370
v 0.556875 0.087238 1.414643
v 0.556875 0.087238 1.279914
v 0.556875 0.087238 1.145187
v 0.556875 0.087238 1.010459
v 0.556875 0.087238 0.875731
v 0.556875 0.087238 0.741003
v 0.556875 0.087238 0.606275
v 0.556875 0.087238 0.471548
v 0.556875 0.087238 0.336819
v 0.556875 0.087238 0.202092
v 0.556875 0.087238 0.067364
v 0.556875 0.087238 -0.067364
v 0.556875 0.087238 -0.202092
v 0.556875 0.087238 -0.336819
v 0.556875 0.087238 -0.471548
v 0.556875 0.087238 -0.606275
v 0.556875 0.087238 -0.741003
v 0.556875 0.087238 -0.875731
v 0.556875 0.087238 -1.010459
v 0.556875 0.087238 -1.145187
v 0.556875 0.087238 -1.279914
v 0.556875 0.087238 -1.414642
v 0.556875 0.087238 -1.549370
v 0.556875 0.087238 -1.684098
v 0.556875 0.087238 -1.818825
v 0.556875 0.087238 -1.953554
v 1.485000 0.087238 -1.953554
v 1.485000 0.087238 -1.818825
v 1.485000 0.087238 -1.684098
v 1.485000 0.087238 -1.549370
v 1.485000 0.087238 -1.414643
v 1.485000 0.087238 -1.279914
v 1.485000 0.087238 -1.145187
v 1.485000 0.087238 -1.010459
v 1.485000 0.087238 -0.875731
v 1.485000 0.087238 -0.741003
v 1.485000 0.087238 -0.606275
v 1.485000 0.087238 -0.471548
v 1.485000 0.087238 -0.336819
v 1.485000 0.087238 -0.202092
v 1.485000 0.087238 -0.067364
v 1.485000 0.087238 0.067364
v 1.485000 0.087238 0.202092
v 1.485000 0.087238 0.336819
v 1.485000 0.087238 0.471548
v 1.485000 0.087238 0.606275
v 1.485000 0.087238 0.741003
v 1.485000 0.087238 0.875731
v 1.485000 0.087238 1.010459
v 1.485000 0.087238 1.145187
v 1.485000 0.087238 1.279914
v 1.485000 0.087238 1.414642
v 1.485000 0.087238 1.549370
v 1.485000 0.087238 1.684098
v 1.485000 0.087238 1.818825
v 1.485000 0.087238 1.953554
v 1.485000 0.062026 -2.194835
v 1.485000 0.041055 -2.092830
v 0.556875 0.041055 -2.092830
v 0.556875 0.062026 -2.194835
v 1.485000 0.122384 -2.285167
v 0.556875 0.122384 -2.285167
v 1.485000 0.212716 -2.345524
v 0.556875 0.212716 -2.345524
v 1.485000 0.314721 -2.366495
v 0.556875 0.314721 -2.366495
v 0.556875 0.669325 -2.194835
v 0.556875 0.690296 -2.092830
v 1.485000 0.690296 -2.092830
v 1.485000 0.669325 -2.194835
v 0.556875 0.608967 -2.285167
v 1.485000 0.608967 -2.285167
v 0.556875 0.518635 -2.345524
v 1.485000 0.518635 -2.345524
v 0.556875 0.416631 -2.366495
v 1.485000 0.416631 -2.366495
v 0.556875 0.062027 2.194835
v 0.556875 0.041056 2.092830
v 1.485000 0.041056 2.092830
v 1.485000 0.062027 2.194835
v 0.556875 0.122385 2.285167
v 1.485000 0.122385 2.285167
v 0.556875 0.212716 2.345524
v 1.485000 0.212716 2.345524
v 0.556875 0.314721 2.366495
v 1.485000 0.314721 2.366495
v 1.485000 0.669325 2.194835
v 1.485000 0.690296 2.092830
v 0.556875 0.690296 2.092830
v 0.556875 0.669325 2.194835
v 1.485000 0.608967 2.285167
v 0.556875 0.608967 2.285167
v 1.485000 0.518636 2.345524
v 0.556875 0.518636 2.345524
v 1.485000 0.416631 2.366495
v 0.556875 0.416631 2.366495
v 0.556875 0.040832 -1.953554
v 1.485000 0.040832 1.953554
v 0.556875 0.690519 -1.953554
v 1.485000 0.690519 -1.953554
v 0.556875 0.690520 1.953554
v 0.556875 0.690520 1.818825
v 0.556875 0.690520 1.684098
v 0.556875 0.690520 1.549370
v 0.556875 0.690520 1.414643
v 0.556875 0.690520 1.279914
v 0.556875 0.690520 1.145186
v 0.556875 0.690520 1.010459
v 0.556875 0.690520 0.875731
v 0.556875 0.690520 0.741003
v 0.556875 0.690520 0.606275
v 0.556875 0.690519 0.471548
v 0.556875 0.690519 0.336819
v 0.556875 0.690519 0.202092
v 0.556875 0.690519 0.067364
v 0.556875 0.690519 -0.067364
v 0.556875 0.690519 -0.202092
v 0.556875 0.690519 -0.336819
v 0.556875 0.690519 -0.471548
v 0.556875 0.690519 -0.606275
v 0.556875 0.690519 -0.741003
v 0.556875 0.690519 -0.875731
v 0.556875 0.690519 -1.010459
v 0.556875 0.690519 -1.145187
v 0.556875 0.690519 -1.279914
v 0.556875 0.690519 -1.414642
v 0.556875 0.690519 -1.549370
v 0.556875 0.690519 -1.684098
v 0.556875 0.690519 -1.818825
v 1.485000 0.690520 1.953554
v 1.485000 0.690520 1.818825
v 1.485000 0.690520 1.684098
v 1.485000 0.690520 1.549370
v 1.485000 0.690520 1.414643
v 1.485000 0.690520 1.279914
v 1.485000 0.690520 1.145186
v 1.485000 0.690520 1.010459
v 1.485000 0.690520 0.875731
v 1.485000 0.690520 0.741003
v 1.485000 0.690520 0.606275
v 1.485000 0.690519 0.471548
v 1.485000 0.690519 0.336819
v 1.485000 0.690519 0.202092
v 1.485000 0.690519 0.067364
v 1.485000 0.690519 -0.067364
v 1.485000 0.690519 -0.202092
v 1.485000 0.690519 -0.336819
v 1.485000 0.690519 -0.471548
v 1.485000 0.690519 -0.606275
v 1.485000 0.690519 -0.741003
v 1.485000 0.690519 -0.875731
v 1.485000 0.690519 -1.010459
v 1.485000 0.690519 -1.145187
v 1.485000 0.690519 -1.279914
v 1.485000 0.690519 -1.414642
v 1.485000 0.690519 -1.549370
v 1.485000 0.690519 -1.684098
v 1.485000 0.690519 -1.818825
v 0.556875 0.040832 1.953554
v 0.556875 0.040832 1.818825
v 0.556875 0.040832 1.684098
v 0.556875 0.040832 1.549370
v 0.556875 0.040832 1.414643
v 0.556875 0.040832 1.279914
v 0.556875 0.040832 1.145187
v 0.556875 0.040832 1.010459
v 0.556875 0.040832 0.875731
v 0.556875 0.040832 0.741003
v 0.556875 0.040832 0.606275
v 0.556875 0.040832 0.471548
v 0.556875 0.040832 0.336819
v 0.556875 0.040832 0.202092
v 0.556875 0.040832 0.067364
v 0.556875 0.040832 -0.067364
v 0.556875 0.040832 -0.202092
v 0.556875 0.040832 -0.336819
v 0.556875 0.040832 -0.471548
v 0.556875 0.040832 -0.606275
v 0.556875 0.040832 -0.741003
v 0.556875 0.040832 -0.875731
v 0.556875 0.040832 -1.010459
v 0.556875 0.040832 -1.145187
v 0.556875 0.040832 -1.279914
v 0.556875 0.040832 -1.414642
v 0.556875 0.040832 -1.549370
v 0.556875 0.040832 -1.684098
v 0.556875 0.040832 -1.818825
v 1.485000 0.040832 -1.953554
v 1.485000 0.040832 -1.818825
v 1.485000 0.040832 -1.684098
v 1.485000 0.040832 -1.549370
v 1.485000 0.040832 -1.414643
v 1.485000 0.040832 -1.279914
v 1.485000 0.040832 -1.145187
v 1.485000 0.040832 -1.010459
v 1.485000 0.040832 -0.875731
v 1.485000 0.040832 -0.741003
v 1.485000 0.040832 -0.606275
v 1.485000 0.040832 -0.471548
v 1.485000 0.040832 -0.336819
v 1.485000 0.040832 -0.202092
v 1.485000 0.040832 -0.067364
v 1.485000 0.040832 0.067364
v 1.485000 0.040832 0.202092
v 1.485000 0.040832 0.336819
v 1.485000 0.040832 0.471548
v 1.485000 0.040832 0.606275
v 1.485000 0.040832 0.741003
v 1.485000 0.040832 0.875731
v 1.485000 0.040832 1.010459
v 1.485000 0.040832 1.145187
v 1.485000 0.040832 1.279914
v 1.485000 0.040832 1.414642
v 1.485000 0.040832 1.549370
v 1.485000 0.040832 1.684098
v 1.485000 0.040832 1.818825
v 1.485000 -0.005351 -2.092905
v 0.556875 -0.005351 -2.092905
v 0.556875 0.023441 -2.220617
v 1.485000 0.023441 -2.220617
v 1.485000 0.083799 -2.310949
v 0.556875 0.083799 -2.310949
v 0.556875 0.203371 -2.390980
v 1.485000 0.203371 -2.390980
v 1.485000 0.305376 -2.411951
v 0.556875 0.305376 -2.411951
v 0.556875 0.736702 -2.092905
v 1.485000 0.736702 -2.092905
v 1.485000 0.707910 -2.220617
v 0.556875 0.707910 -2.220617
v 0.556875 0.647553 -2.310949
v 1.485000 0.647553 -2.310949
v 1.485000 0.527980 -2.390980
v 0.556875 0.527980 -2.390980
v 0.556875 0.425976 -2.411951
v 1.485000 0.425976 -2.411951
v 0.556875 -0.005350 2.092905
v 1.485000 -0.005350 2.092905
v 1.485000 0.023442 2.220617
v 0.556875 0.023442 2.220617
v 0.556875 0.083800 2.310949
v 1.485000 0.083800 2.310949
v 1.485000 0.203371 2.390980
v 0.556875 0.203371 2.390980
v 0.556875 0.305377 2.411951
v 1.485000 0.305377 2.411951
v 1.485000 0.736702 2.092905
v 0.556875 0.736702 2.092905
v 0.556875 0.707910 2.220617
v 1.485000 0.707910 2.220617
v 1.485000 0.647553 2.310949
v 0.556875 0.647553 2.310949
v 0.556875 0.527981 2.390980
v 1.485000 0.527981 2.390980
v 1.485000 0.425976 2.411951
v 0.556875 0.425976 2.411951
v 0.556875 -0.005574 -1.953628
v 1.485000 -0.005574 1.953628
v 0.556875 0.736926 -1.953628
v 1.485000 0.736926 -1.953628
v 0.556875 0.736926 1.953628
v 0.556875 0.736926 1.818825
v 0.556875 0.736926 1.684098
v 0.556875 0.736926 1.549370
v 0.556875 0.736926 1.414643
v 0.556875 0.736926 1.279914
v 0.556875 0.736926 1.145186
v 0.556875 0.736926 1.010459
v 0.556875 0.736926 0.875731
v 0.556875 0.736926 0.741003
v 0.556875 0.736926 0.606275
v 0.556875 0.736926 0.471548
v 0.556875 0.736926 0.336819
v 0.556875 0.736926 0.202092
v 0.556875 0.736926 0.067364
v 0.556875 0.736926 -0.067364
v 0.556875 0.736926 -0.202092
v 0.556875 0.736926 -0.336819
v 0.556875 0.736926 -0.471548
v 0.556875 0.736926 -0.606276
v 0.556875 0.736926 -0.741003
v 0.556875 0.736926 -0.875731
v 0.556875 0.736926 -1.010459
v 0.556875 0.736926 -1.145187
v 0.556875 0.736926 -1.279914
v 0.556875 0.736926 -1.414642
v 0.556875 0.736926 -1.549370
v 0.556875 0.736926 -1.684098
v 0.556875 0.736926 -1.818825
v 1.485000 0.736926 1.953628
v 1.485000 0.736926 1.818825
v 1.485000 0.736926 1.684098
v 1.485000 0.736926 1.549370
v 1.485000 0.736926 1.414643
v 1.485000 0.736926 1.279914
v 1.485000 0.736926 1.145186
v 1.485000 0.736926 1.010459
v 1.485000 0.736926 0.875731
v 1.485000 0.736926 0.741003
v 1.485000 0.736926 0.606275
v 1.485000 0.736926 0.471548
v 1.485000 0.736926 0.336819
v 1.485000 0.736926 0.202092
v 1.485000 0.736926 0.067364
v 1.485000 0.736926 -0.067364
v 1.485000 0.736926 -0.202092
v 1.485000 0.736926 -0.336819
v 1.485000 0.736926 -0.471548
v 1.485000 0.736926 -0.606276
v 1.485000 0.736926 -0.741003
v 1.485000 0.736926 -0.875731
v 1.485000 0.736926 -1.010459
v 1.485000 0.736926 -1.145187
v 1.485000 0.736926 -1.279914
v 1.485000 0.736926 -1.414642
v 1.485000 0.736926 -1.549370
v 1.485000 0.736926 -1.684098
v 1.485000 0.736926 -1.818825
v 0.556875 -0.005574 1.953628
v 0.556875 -0.005574 1.818825
v 0.556875 -0.005574 1.684098
v 0.556875 -0.005574 1.549370
v 0.556875 -0.005574 1.414643
v 0.556875 -0.005574 1.279914
v 0.556875 -0.005574 1.145187
v 0.556875 -0.005574 1.010459
v 0.556875 -0.005574 0.875731
v 0.556875 -0.005574 0.741003
v 0.556875 -0.005574 0.606275
v 0.556875 -0.005574 0.471548
v 0.556875 -0.005574 0.336819
v 0.556875 -0.005574 0.202092
v 0.556875 -0.005574 0.067364
v 0.556875 -0.005574 -0.067364
v 0.556875 -0.005574 -0.202092
v 0.556875 -0.005574 -0.336819
v 0.556875 -0.005574 -0.471548
v 0.556875 -0.005574 -0.606275
v 0.556875 -0.005574 -0.741003
v 0.556875 -0.005574 -0.875731
v 0.556875 -0.005574 -1.010459
v 0.556875 -0.005574 -1.145187
v 0.556875 -0.005574 -1.279914
v 0.556875 -0.005574 -1.414642
v 0.556875 -0.005574 -1.549370
v 0.556875 -0.005574 -1.684098
v 0.556875 -0.005574 -1.818825
v 1.485000 -0.005574 -1.953628
v 1.485000 -0.005574 -1.818825
v 1.485000 -0.005574 -1.684098
v 1.485000 -0.005574 -1.549370
v 1.485000 -0.005574 -1.414643
v 1.485000 -0.005574 -1.279914
v 1.485000 -0.005574 -1.145187
v 1.485000 -0.005574 -1.010459
v 1.485000 -0.005574 -0.875731
v 1.485000 -0.005574 -0.741003
v 1.485000 -0.005574 -0.606275
v 1.485000 -0.005574 -0.471548
v 1.485000 -0.005574 -0.336819
v 1.485000 -0.005574 -0.202092
v 1.485000 -0.005574 -0.067364
v 1.485000 -0.005574 0.067364
v 1.485000 -0.005574 0.202092
v 1.485000 -0.005574 0.336819
v 1.485000 -0.005574 0.471548
v 1.485000 -0.005574 0.606275
v 1.485000 -0.005574 0.741003
v 1.485000 -0.005574 0.875731
v 1.485000 -0.005574 1.010459
v 1.485000 -0.005574 1.145187
v 1.485000 -0.005574 1.279914
v 1.485000 -0.005574 1.414642
v 1.485000 -0.005574 1.549370
v 1.485000 -0.005574 1.684098
v 1.485000 -0.005574 1.818825
v 1.438594 0.087238 -2.088281
v 1.438594 0.104900 -2.177076
v 1.438594 0.155199 -2.252352
v 1.438594 0.230475 -2.302650
v 1.438594 0.319269 -2.320313
v 1.438594 0.412082 -2.320313
v 1.438594 0.500876 -2.302650
v 1.438594 0.576153 -2.252352
v 1.438594 0.626451 -2.177076
v 1.438594 0.644113 -2.088281
v 1.438594 0.644113 -1.953554
v 1.438594 0.644113 -1.818825
v 1.438594 0.644113 -1.684098
v 1.438594 0.644113 -1.549370
v 1.438594 0.644113 -1.414642
v 1.438594 0.644113 -1.279914
v 1.438594 0.644113 -1.145187
v 1.438594 0.644113 -1.010459
v 1.438594 0.644113 -0.875731
v 1.438594 0.644113 -0.741003
v 1.438594 0.644113 -0.606275
v 1.438594 0.644113 -0.471548
v 1.438594 0.644113 -0.336819
v 1.438594 0.644113 -0.202092
v 1.438594 0.644113 -0.067364
v 1.438594 0.644113 0.067364
v 1.438594 0.644113 0.202092
v 1.438594 0.644113 0.336819
v 1.438594 0.644113 0.471548
v 1.438594 0.644113 0.606275
v 1.438594 0.644113 0.741003
v 1.438594 0.644113 0.875731
v 1.438594 0.644113 1.010459
v 1.438594 0.644113 1.145186
v 1.438594 0.644113 1.279914
v 1.438594 0.644113 1.414643
v 1.438594 0.644113 1.549370
v 1.438594 0.644113 1.684098
v 1.438594 0.644113 1.818825
v 1.438594 0.644113 1.953554
v 1.438594 0.644113 2.088281
v 1.438594 0.626451 2.177076
v 1.438594 0.576153 2.252352
v 1.438594 0.500877 2.302650
v 1.438594 0.412082 2.320313
v 1.438594 0.319270 2.320313
v 1.438594 0.230475 2.302650
v 1.438594 0.155199 2.252352
v 1.438594 0.104901 2.177076
v 1.438594 0.087238 2.088281
v 1.438594 0.087238 1.953554
v 1.438594 0.087238 1.818825
v 1.438594 0.087238 1.684098
v 1.438594 0.087238 1.549370
v 1.438594 0.087238 1.414642
v 1.438594 0.087238 1.279914
v 1.438594 0.087238 1.145187
v 1.438594 0.087238 1.010459
v 1.438594 0.087238 0.875731
v 1.438594 0.087238 0.741003
v 1.438594 0.087238 0.606275
v 1.438594 0.087238 0.471548
v 1.438594 0.087238 0.336819
v 1.438594 0.087238 0.202092
v 1.438594 0.087238 0.067364
v 1.438594 0.087238 -0.067364
v 1.438594 0.087238 -0.202092
v 1.438594 0.087238 -0.336819
v 1.438594 0.087238 -0.471548
v 1.438594 0.087238 -0.606275
v 1.438594 0.087238 -0.741003
v 1.438594 0.087238 -0.875731
v 1.438594 0.087238 -1.010459
v 1.438594 0.087238 -1.145187
v 1.438594 0.087238 -1.279914
v 1.438594 0.087238 -1.414643
v 1.438594 0.087238 -1.549370
v 1.438594 0.087238 -1.684098
v 1.438594 0.087238 -1.818825
v 1.438594 0.087238 -1.953554
v 0.603281 0.087238 2.088281
v 0.603281 0.104901 2.177076
v 0.603281 0.155199 2.252352
v 0.603281 0.230475 2.302650
v 0.603281 0.319270 2.320313
v 0.603281 0.412082 2.320313
v 0.603281 0.500877 2.302650
v 0.603281 0.576153 2.252352
v 0.603281 0.626451 2.177076
v 0.603281 0.644113 2.088281
v 0.603281 0.644113 1.953554
v 0.603281 0.644113 1.818825
v 0.603281 0.644113 1.684098
v 0.603281 0.644113 1.549370
v 0.603281 0.644113 1.414643
v 0.603281 0.644113 1.279914
v 0.603281 0.644113 1.145186
v 0.603281 0.644113 1.010459
v 0.603281 0.644113 0.875731
v 0.603281 0.644113 0.741003
v 0.603281 0.644113 0.606275
v 0.603281 0.644113 0.471548
v 0.603281 0.644113 0.336819
v 0.603281 0.644113 0.202092
v 0.603281 0.644113 0.067364
v 0.603281 0.644113 -0.067364
v 0.603281 0.644113 -0.202092
v 0.603281 0.644113 -0.336819
v 0.603281 0.644113 -0.471548
v 0.603281 0.644113 -0.606275
v 0.603281 0.644113 -0.741003
v 0.603281 0.644113 -0.875731
v 0.603281 0.644113 -1.010459
v 0.603281 0.644113 -1.145187
v 0.603281 0.644113 -1.279914
v 0.603281 0.644113 -1.414642
v 0.603281 0.644113 -1.549370
v 0.603281 0.644113 -1.684098
v 0.603281 0.644113 -1.818825
v 0.603281 0.644113 -1.953554
v 0.603281 0.644113 -2.088281
v 0.603281 0.626451 -2.177076
v 0.603281 0.576153 -2.252352
v 0.603281 0.500876 -2.302650
v 0.603281 0.412082 -2.320313
v 0.603281 0.319269 -2.320313
v 0.603281 0.230475 -2.302650
v 0.603281 0.155199 -2.252352
v 0.603281 0.104900 -2.177076
v 0.603281 0.087238 -2.088281
v 0.603281 0.087238 -1.953554
v 0.603281 0.087238 -1.818825
v 0.603281 0.087238 -1.684098
v 0.603281 0.087238 -1.549370
v 0.603281 0.087238 -1.414642
v 0.603281 0.087238 -1.279914
v 0.603281 0.087238 -1.145187
v 0.603281 0.087238 -1.010459
v 0.603281 0.087238 -0.875731
v 0.603281 0.087238 -0.741003
v 0.603281 0.087238 -0.606275
v 0.603281 0.087238 -0.471548
v 0.603281 0.087238 -0.336819
v 0.603281 0.087238 -0.202092
v 0.603281 0.087238 -0.067364
v 0.603281 0.087238 0.067364
v 0.603281 0.087238 0.202092
v 0.603281 0.087238 0.336819
v 0.603281 0.087238 0.471548
v 0.603281 0.087238 0.606275
v 0.603281 0.087238 0.741003
v 0.603281 0.087238 0.875731
v 0.603281 0.087238 1.010459
v 0.603281 0.087238 1.145187
v 0.603281 0.087238 1.279914
v 0.603281 0.087238 1.414643
v 0.603281 0.087238 1.549370
v 0.603281 0.087238 1.684098
v 0.603281 0.087238 1.818825
v 0.603281 0.087238 1.953554
v -0.556875 0.087238 2.088281
v -0.556875 0.319270 2.320313
v -0.556875 0.104901 2.177076
v -0.556875 0.155199 2.252352
v -0.556875 0.230475 2.302650
v -0.556875 0.412082 2.320313
v -0.556875 0.644113 2.088281
v -0.556875 0.500877 2.302650
v -0.556875 0.576153 2.252352
v -0.556875 0.626451 2.177076
v -0.556875 0.319269 -2.320313
v -0.556875 0.087238 -2.088281
v -0.556875 0.230475 -2.302650
v -0.556875 0.155199 -2.252352
v -0.556875 0.104900 -2.177076
v -0.556875 0.644113 -2.088281
v -0.556875 0.412082 -2.320313
v -0.556875 0.626451 -2.177076
v -0.556875 0.576153 -2.252352
v -0.556875 0.500876 -2.302650
v -1.485000 0.319270 2.320313
v -1.485000 0.087238 2.088281
v -1.485000 0.230475 2.302650
v -1.485000 0.155199 2.252352
v -1.485000 0.104901 2.177076
v -1.485000 0.644113 2.088281
v -1.485000 0.412082 2.320313
v -1.485000 0.626451 2.177076
v -1.485000 0.576153 2.252352
v -1.485000 0.500877 2.302650
v -1.485000 0.087238 -2.088281
v -1.485000 0.319269 -2.320313
v -1.485000 0.104900 -2.177076
v -1.485000 0.155199 -2.252352
v -1.485000 0.230475 -2.302650
v -1.485000 0.412082 -2.320313
v -1.485000 0.644113 -2.088281
v -1.485000 0.500876 -2.302650
v -1.485000 0.576153 -2.252352
v -1.485000 0.626451 -2.177076
v -0.556875 0.644113 1.953554
v -0.556875 0.644113 1.818825
v -0.556875 0.644113 1.684098
v -0.556875 0.644113 1.549370
v -0.556875 0.644113 1.414643
v -0.556875 0.644113 1.279914
v -0.556875 0.644113 1.145186
v -0.556875 0.644113 1.010459
v -0.556875 0.644113 0.875731
v -0.556875 0.644113 0.741003
v -0.556875 0.644113 0.606275
v -0.556875 0.644113 0.471548
v -0.556875 0.644113 0.336819
v -0.556875 0.644113 0.202092
v -0.556875 0.644113 0.067364
v -0.556875 0.644113 -0.067364
v -0.556875 0.644113 -0.202092
v -0.556875 0.644113 -0.336819
v -0.556875 0.644113 -0.471548
v -0.556875 0.644113 -0.606275
v -0.556875 0.644113 -0.741003
v -0.556875 0.644113 -0.875731
v -0.556875 0.644113 -1.010459
v -0.556875 0.644113 -1.145187
v -0.556875 0.644113 -1.279914
v -0.556875 0.644113 -1.414642
v -0.556875 0.644113 -1.549370
v -0.556875 0.644113 -1.684098
v -0.556875 0.644113 -1.818825
v -0.556875 0.644113 -1.953554
v -1.485000 0.644113 1.953554
v -1.485000 0.644113 1.818825
v -1.485000 0.644113 1.684098
v -1.485000 0.644113 1.549370
v -1.485000 0.644113 1.414643
v -1.485000 0.644113 1.279914
v -1.485000 0.644113 1.145186
v -1.485000 0.644113 1.010459
v -1.485000 0.644113 0.875731
v -1.485000 0.644113 0.741003
v -1.485000 0.644113 0.606275
v -1.485000 0.644113 0.471548
v -1.485000 0.644113 0.336819
v -1.485000 0.644113 0.202092
v -1.485000 0.644113 0.067364
v -1.485000 0.644113 -0.067364
v -1.485000 0.644113 -0.202092
v -1.485000 0.644113 -0.336819
v -1.485000 0.644113 -0.471548
v -1.485000 0.644113 -0.606275
v -1.485000 0.644113 -0.741003
v -1.485000 0.644113 -0.875731
v -1.485000 0.644113 -1.010459
v -1.485000 0.644113 -1.145187
v -1.485000 0.644113 -1.279914
v -1.485000 0.644113 -1.414642
v -1.485000 0.644113 -1.549370
v -1.485000 0.644113 -1.684098
v -1.485000 0.644113 -1.818825
v -1.485000 0.644113 -1.953554
v -0.556875 0.087238 1.953554
v -0.556875 0.087238 1.818825
v -0.556875 0.087238 1.684098
v -0.556875 0.087238 1.549370
v -0.556875 0.087238 1.414643
v -0.556875 0.087238 1.279914
v -0.556875 0.087238 1.145187
v -0.556875 0.087238 1.010459
v -0.556875 0.087238 0.875731
v -0.556875 0.087238 0.741003
v -0.556875 0.087238 0.606275
v -0.556875 0.087238 0.471548
v -0.556875 0.087238 0.336819
v -0.556875 0.087238 0.202092
v -0.556875 0.087238 0.067364
v -0.556875 0.087238 -0.067364
v -0.556875 0.087238 -0.202092
v -0.556875 0.087238 -0.336819
v -0.556875 0.087238 -0.471548
v -0.556875 0.087238 -0.606275
v -0.556875 0.087238 -0.741003
v -0.556875 0.087238 -0.875731
v -0.556875 0.087238 -1.010459
v -0.556875 0.087238 -1.145187
v -0.556875 0.087238 -1.279914
v -0.556875 0.087238 -1.414642
v -0.556875 0.087238 -1.549370
v -0.556875 0.087238 -1.684098
v -0.556875 0.087238 -1.818825
v -0.556875 0.087238 -1.953554
v -1.485000 0.087238 -1.953554
v -1.485000 0.087238 -1.818825
v -1.485000 0.087238 -1.684098
v -1.485000 0.087238 -1.549370
v -1.485000 0.087238 -1.414643
v -1.485000 0.087238 -1.279914
v -1.485000 0.087238 -1.145187
v -1.485000 0.087238 -1.010459
v -1.485000 0.087238 -0.875731
v -1.485000 0.087238 -0.741003
v -1.485000 0.087238 -0.606275
v -1.485000 0.087238 -0.471548
v -1.485000 0.087238 -0.336819
v -1.485000 0.087238 -0.202092
v -1.485000 0.087238 -0.067364
v -1.485000 0.087238 0.067364
v -1.485000 0.087238 0.202092
v -1.485000 0.087238 0.336819
v -1.485000 0.087238 0.471548
v -1.485000 0.087238 0.606275
v -1.485000 0.087238 0.741003
v -1.485000 0.087238 0.875731
v -1.485000 0.087238 1.010459
v -1.485000 0.087238 1.145187
v -1.485000 0.087238 1.279914
v -1.485000 0.087238 1.414642
v -1.485000 0.087238 1.549370
v -1.485000 0.087238 1.684098
v -1.485000 0.087238 1.818825
v -1.485000 0.087238 1.953554
v -1.485000 0.062026 -2.194835
v -1.485000 0.041055 -2.092830
v -0.556875 0.041055 -2.092830
v -0.556875 0.062026 -2.194835
v -1.485000 0.122384 -2.285167
v -0.556875 0.122384 -2.285167
v -1.485000 0.212716 -2.345524
v -0.556875 0.212716 -2.345524
v -1.485000 0.314721 -2.366495
v -0.556875 0.314721 -2.366495
v -0.556875 0.669325 -2.194835
v -0.556875 0.690296 -2.092830
v -1.485000 0.690296 -2.092830
v -1.485000 0.669325 -2.194835
v -0.556875 0.608967 -2.285167
v -1.485000 0.608967 -2.285167
v -0.556875 0.518635 -2.345524
v -1.485000 0.518635 -2.345524
v -0.556875 0.416631 -2.366495
v -1.485000 0.416631 -2.366495
v -0.556875 0.062027 2.194835
v -0.556875 0.041056 2.092830
v -1.485000 0.041056 2.092830
v -1.485000 0.062027 2.194835
v -0.556875 0.122385 2.285167
v -1.485000 0.122385 2.285167
v -0.556875 0.212716 2.345524
v -1.485000 0.212716 2.345524
v -0.556875 0.314721 2.366495
v -1.485000 0.314721 2.366495
v -1.485000 0.669325 2.194835
v -1.485000 0.690296 2.092830
v -0.556875 0.690296 2.092830
v -0.556875 0.669325 2.194835
v -1.485000 0.608967 2.285167
v -0.556875 0.608967 2.285167
v -1.485000 0.518636 2.345524
v -0.556875 0.518636 2.345524
v -1.485000 0.416631 2.366495
v -0.556875 0.416631 2.366495
v -0.556875 0.040832 -1.953554
v -1.485000 0.040832 1.953554
v -0.556875 0.690519 -1.953554
v -1.485000 0.690519 -1.953554
v -0.556875 0.690520 1.953554
v -0.556875 0.690520 1.818825
v -0.556875 0.690520 1.684098
v -0.556875 0.690520 1.549370
v -0.556875 0.690520 1.414643
v -0.556875 0.690520 1.279914
v -0.556875 0.690520 1.145186
v -0.556875 0.690520 1.010459
v -0.556875 0.690520 0.875731
v -0.556875 0.690520 0.741003
v -0.556875 0.690520 0.606275
v -0.556875 0.690519 0.471548
v -0.556875 0.690519 0.336819
v -0.556875 0.690519 0.202092
v -0.556875 0.690519 0.067364
v -0.556875 0.690519 -0.067364
v -0.556875 0.690519 -0.202092
v -0.556875 0.690519 -0.336819
v -0.556875 0.690519 -0.471548
v -0.556875 0.690519 -0.606275
v -0.556875 0.690519 -0.741003
v -0.556875 0.690519 -0.875731
v -0.556875 0.690519 -1.010459
v -0.556875 0.690519 -1.145187
v -0.556875 0.690519 -1.279914
v -0.556875 0.690519 -1.414642
v -0.556875 0.690519 -1.549370
v -0.556875 0.690519 -1.684098
v -0.556875 0.690519 -1.818825
v -1.485000 0.690520 1.953554
v -1.485000 0.690520 1.818825
v -1.485000 0.690520 1.684098
v -1.485000 0.690520 1.549370
v -1.485000 0.690520 1.414643
v -1.485000 0.690520 1.279914
v -1.485000 0.690520 1.145186
v -1.485000 0.690520 1.010459
v -1.485000 0.690520 0.875731
v -1.485000 0.690520 0.741003
v -1.485000 0.690520 0.606275
v -1.485000 0.690519 0.471548
v -1.485000 0.690519 0.336819
v -1.485000 0.690519 0.202092
v -1.485000 0.690519 0.067364
v -1.485000 0.690519 -0.067364
v -1.485000 0.690519 -0.202092
v -1.485000 0.690519 -0.336819
v -1.485000 0.690519 -0.471548
v -1.485000 0.690519 -0.606275
v -1.485000 0.690519 -0.741003
v -1.485000 0.690519 -0.875731
v -1.485000 0.690519 -1.010459
v -1.485000 0.690519 -1.145187
v -1.485000 0.690519 -1.279914
v -1.485000 0.690519 -1.414642
v -1.485000 0.690519 -1.549370
v -1.485000 0.690519 -1.684098
v -1.485000 0.690519 -1.818825
v -0.556875 0.040832 1.953554
v -0.556875 0.040832 1.818825
v -0.556875 0.040832 1.684098
v -0.556875 0.040832 1.549370
v -0.556875 0.040832 1.414643
v -0.556875 0.040832 1.279914
v -0.556875 0.040832 1.145187
v -0.556875 0.040832 1.010459
v -0.556875 0.040832 0.875731
v -0.556875 0.040832 0.741003
v -0.556875 0.040832 0.606275
v -0.556875 0.040832 0.471548
v -0.556875 0.040832 0.336819
v -0.556875 0.040832 0.202092
v -0.556875 0.040832 0.067364
v -0.556875 0.040832 -0.067364
v -0.556875 0.040832 -0.202092
v -0.556875 0.040832 -0.336819
v -0.556875 0.040832 -0.471548
v -0.556875 0.040832 -0.606275
v -0.556875 0.040832 -0.741003
v -0.556875 0.040832 -0.875731
v -0.556875 0.040832 -1.010459
v -0.556875 0.040832 -1.145187
v -0.556875 0.040832 -1.279914
v -0.556875 0.040832 -1.414642
v -0.556875 0.040832 -1.549370
v -0.556875 0.040832 -1.684098
v -0.556875 0.040832 -1.818825
v -1.485000 0.040832 -1.953554
v -1.485000 0.040832 -1.818825
v -1.485000 0.040832 -1.684098
v -1.485000 0.040832 -1.549370
v -1.485000 0.040832 -1.414643
v -1.485000 0.040832 -1.279914
v -1.485000 0.040832 -1.145187
v -1.485000 0.040832 -1.010459
v -1.485000 0.040832 -0.875731
v -1.485000 0.040832 -0.741003
v -1.485000 0.040832 -0.606275
v -1.485000 0.040832 -0.471548
v -1.485000 0.040832 -0.336819
v -1.485000 0.040832 -0.202092
v -1.485000 0.040832 -0.067364
v -1.485000 0.040832 0.067364
v -1.485000 0.040832 0.202092
v -1.485000 0.040832 0.336819
v -1.485000 0.040832 0.471548
v -1.485000 0.040832 0.606275
v -1.485000 0.040832 0.741003
v -1.485000 0.040832 0.875731
v -1.485000 0.040832 1.010459
v -1.485000 0.040832 1.145187
v -1.485000 0.040832 1.279914
v -1.485000 0.040832 1.414642
v -1.485000 0.040832 1.549370
v -1.485000 0.040832 1.684098
v -1.485000 0.040832 1.818825
v -1.485000 -0.005351 -2.092905
v -0.556875 -0.005351 -2.092905
v -0.556875 0.023441 -2.220617
v -1.485000 0.023441 -2.220617
v -1.485000 0.083799 -2.310949
v -0.556875 0.083799 -2.310949
v -0.556875 0.203371 -2.390980
v -1.485000 0.203371 -2.390980
v -1.485000 0.305376 -2.411951
v -0.556875 0.305376 -2.411951
v -0.556875 0.736702 -2.092905
v -1.485000 0.736702 -2.092905
v -1.485000 0.707910 -2.220617
v -0.556875 0.707910 -2.220617
v -0.556875 0.647553 -2.310949
v -1.485000 0.647553 -2.310949
v -1.485000 0.527980 -2.390980
v -0.556875 0.527980 -2.390980
v -0.556875 0.425976 -2.411951
v -1.485000 0.425976 -2.411951
v -0.556875 -0.005350 2.092905
v -1.485000 -0.005350 2.092905
v -1.485000 0.023442 2.220617
v -0.556875 0.023442 2.220617
v -0.556875 0.083800 2.310949
v -1.485000 0.083800 2.310949
v -1.485000 0.203371 2.390980
v -0.556875 0.203371 2.390980
v -0.556875 0.305377 2.411951
v -1.485000 0.305377 2.411951
v -1.485000 0.736702 2.092905
v -0.556875 0.736702 2.092905
v -0.556875 0.707910 2.220617
v -1.485000 0.707910 2.220617
v -1.485000 0.647553 2.310949
v -0.556875 0.647553 2.310949
v -0.556875 0.527981 2.390980
v -1.485000 0.527981 2.390980
v -1.485000 0.425976 2.411951
v -0.556875 0.425976 2.411951
v -0.556875 -0.005574 -1.953628
v -1.485000 -0.005574 1.953628
v -0.556875 0.736926 -1.953628
v -1.485000 0.736926 -1.953628
v -0.556875 0.736926 1.953628
v -0.556875 0.736926 1.818825
v -0.556875 0.736926 1.684098
v -0.556875 0.736926 1.549370
v -0.556875 0.736926 1.414643
v -0.556875 0.736926 1.279914
v -0.556875 0.736926 1.145186
v -0.556875 0.736926 1.010459
v -0.556875 0.736926 0.875731
v -0.556875 0.736926 0.741003
v -0.556875 0.736926 0.606275
v -0.556875 0.736926 0.471548
v -0.556875 0.736926 0.336819
v -0.556875 0.736926 0.202092
v -0.556875 0.736926 0.067364
v -0.556875 0.736926 -0.067364
v -0.556875 0.736926 -0.202092
v -0.556875 0.736926 -0.336819
v -0.556875 0.736926 -0.471548
v -0.556875 0.736926 -0.606276
v -0.556875 0.736926 -0.741003
v -0.556875 0.736926 -0.875731
v -0.556875 0.736926 -1.010459
v -0.556875 0.736926 -1.145187
v -0.556875 0.736926 -1.279914
v -0.556875 0.736926 -1.414642
v -0.556875 0.736926 -1.549370
v -0.556875 0.736926 -1.684098
v -0.556875 0.736926 -1.818825
v -1.485000 0.736926 1.953628
v -1.485000 0.736926 1.818825
v -1.485000 0.736926 1.684098
v -1.485000 0.736926 1.549370
v -1.485000 0.736926 1.414643
v -1.485000 0.736926 1.279914
v -1.485000 0.736926 1.145186
v -1.485000 0.736926 1.010459
v -1.485000 0.736926 0.875731
v -1.485000 0.736926 0.741003
v -1.485000 0.736926 0.606275
v -1.485000 0.736926 0.471548
v -1.485000 0.736926 0.336819
v -1.485000 0.736926 0.202092
v -1.485000 0.736926 0.067364
v -1.485000 0.736926 -0.067364
v -1.485000 0.736926 -0.202092
v -1.485000 0.736926 -0.336819
v -1.485000 0.736926 -0.471548
v -1.485000 0.736926 -0.606276
v -1.485000 0.736926 -0.741003
v -1.485000 0.736926 -0.875731
v -1.485000 0.736926 -1.010459
v -1.485000 0.736926 -1.145187
v -1.485000 0.736926 -1.279914
v -1.485000 0.736926 -1.414642
v -1.485000 0.736926 -1.549370
v -1.485000 0.736926 -1.684098
v -1.485000 0.736926 -1.818825
v -0.556875 -0.005574 1.953628
v -0.556875 -0.005574 1.818825
v -0.556875 -0.005574 1.684098
v -0.556875 -0.005574 1.549370
v -0.556875 -0.005574 1.414643
v -0.556875 -0.005574 1.279914
v -0.556875 -0.005574 1.145187
v -0.556875 -0.005574 1.010459
v -0.556875 -0.005574 0.875731
v -0.556875 -0.005574 0.741003
v -0.556875 -0.005574 0.606275
v -0.556875 -0.005574 0.471548
v -0.556875 -0.005574 0.336819
v -0.556875 -0.005574 0.202092
v -0.556875 -0.005574 0.067364
v -0.556875 -0.005574 -0.067364
v -0.556875 -0.005574 -0.202092
v -0.556875 -0.005574 -0.336819
v -0.556875 -0.005574 -0.471548
v -0.556875 -0.005574 -0.606275
v -0.556875 -0.005574 -0.741003
v -0.556875 -0.005574 -0.875731
v -0.556875 -0.005574 -1.010459
v -0.556875 -0.005574 -1.145187
v -0.556875 -0.005574 -1.279914
v -0.556875 -0.005574 -1.414642
v -0.556875 -0.005574 -1.549370
v -0.556875 -0.005574 -1.684098
v -0.556875 -0.005574 -1.818825
v -1.485000 -0.005574 -1.953628
v -1.485000 -0.005574 -1.818825
v -1.485000 -0.005574 -1.684098
v -1.485000 -0.005574 -1.549370
v -1.485000 -0.005574 -1.414643
v -1.485000 -0.005574 -1.279914
v -1.485000 -0.005574 -1.145187
v -1.485000 -0.005574 -1.010459
v -1.485000 -0.005574 -0.875731
v -1.485000 -0.005574 -0.741003
v -1.485000 -0.005574 -0.606275
v -1.485000 -0.005574 -0.471548
v -1.485000 -0.005574 -0.336819
v -1.485000 -0.005574 -0.202092
v -1.485000 -0.005574 -0.067364
v -1.485000 -0.005574 0.067364
v -1.485000 -0.005574 0.202092
v -1.485000 -0.005574 0.336819
v -1.485000 -0.005574 0.471548
v -1.485000 -0.005574 0.606275
v -1.485000 -0.005574 0.741003
v -1.485000 -0.005574 0.875731
v -1.485000 -0.005574 1.010459
v -1.485000 -0.005574 1.145187
v -1.485000 -0.005574 1.279914
v -1.485000 -0.005574 1.414642
v -1.485000 -0.005574 1.549370
v -1.485000 -0.005574 1.684098
v -1.485000 -0.005574 1.818825
v -1.438594 0.087238 -2.088281
v -1.438594 0.104900 -2.177076
v -1.438594 0.155199 -2.252352
v -1.438594 0.230475 -2.302650
v -1.438594 0.319269 -2.320313
v -1.438594 0.412082 -2.320313
v -1.438594 0.500876 -2.302650
v -1.438594 0.576153 -2.252352
v -1.438594 0.626451 -2.177076
v -1.438594 0.644113 -2.088281
v -1.438594 0.644113 -1.953554
v -1.438594 0.644113 -1.818825
v -1.438594 0.644113 -1.684098
v -1.438594 0.644113 -1.549370
v -1.438594 0.644113 -1.414642
v -1.438594 0.644113 -1.279914
v -1.438594 0.644113 -1.145187
v -1.438594 0.644113 -1.010459
v -1.438594 0.644113 -0.875731
v -1.438594 0.644113 -0.741003
v -1.438594 0.644113 -0.606275
v -1.438594 0.644113 -0.471548
v -1.438594 0.644113 -0.336819
v -1.438594 0.644113 -0.202092
v -1.438594 0.644113 -0.067364
v -1.438594 0.644113 0.067364
v -1.438594 0.644113 0.202092
v -1.438594 0.644113 0.336819
v -1.438594 0.644113 0.471548
v -1.438594 0.644113 0.606275
v -1.438594 0.644113 0.741003
v -1.438594 0.644113 0.875731
v -1.438594 0.644113 1.010459
v -1.438594 0.644113 1.145186
v -1.438594 0.644113 1.279914
v -1.438594 0.644113 1.414643
v -1.438594 0.644113 1.549370
v -1.438594 0.644113 1.684098
v -1.438594 0.644113 1.818825
v -1.438594 0.644113 1.953554
v -1.438594 0.644113 2.088281
v -1.438594 0.626451 2.177076
v -1.438594 0.576153 2.252352
v -1.438594 0.500877 2.302650
v -1.438594 0.412082 2.320313
v -1.438594 0.319270 2.320313
v -1.438594 0.230475 2.302650
v -1.438594 0.155199 2.252352
v -1.438594 0.104901 2.177076
v -1.438594 0.087238 2.088281
v -1.438594 0.087238 1.953554
v -1.438594 0.087238 1.818825
v -1.438594 0.087238 1.684098
v -1.438594 0.087238 1.549370
v -1.438594 0.087238 1.414642
v -1.438594 0.087238 1.279914
v -1.438594 0.087238 1.145187
v -1.438594 0.087238 1.010459
v -1.438594 0.087238 0.875731
v -1.438594 0.087238 0.741003
v -1.438594 0.087238 0.606275
v -1.438594 0.087238 0.471548
v -1.438594 0.087238 0.336819
v -1.438594 0.087238 0.202092
v -1.438594 0.087238 0.067364
v -1.438594 0.087238 -0.067364
v -1.438594 0.087238 -0.202092
v -1.438594 0.087238 -0.336819
v -1.438594 0.087238 -0.471548
v -1.438594 0.087238 -0.606275
v -1.438594 0.087238 -0.741003
v -1.438594 0.087238 -0.875731
v -1.438594 0.087238 -1.010459
v -1.438594 0.087238 -1.145187
v -1.438594 0.087238 -1.279914
v -1.438594 0.087238 -1.414643
v -1.438594 0.087238 -1.549370
v -1.438594 0.087238 -1.684098
v -1.438594 0.087238 -1.818825
v -1.438594 0.087238 -1.953554
v -0.603281 0.087238 2.088281
v -0.603281 0.104901 2.177076
v -0.603281 0.155199 2.252352
v -0.603281 0.230475 2.302650
v -0.603281 0.319270 2.320313
v -0.603281 0.412082 2.320313
v -0.603281 0.500877 2.302650
v -0.603281 0.576153 2.252352
v -0.603281 0.626451 2.177076
v -0.603281 0.644113 2.088281
v -0.603281 0.644113 1.953554
v -0.603281 0.644113 1.818825
v -0.603281 0.644113 1.684098
v -0.603281 0.644113 1.549370
v -0.603281 0.644113 1.414643
v -0.603281 0.644113 1.279914
v -0.603281 0.644113 1.145186
v -0.603281 0.644113 1.010459
v -0.603281 0.644113 0.875731
v -0.603281 0.644113 0.741003
v -0.603281 0.644113 0.606275
v -0.603281 0.644113 0.471548
v -0.603281 0.644113 0.336819
v -0.603281 0.644113 0.202092
v -0.603281 0.644113 0.067364
v -0.603281 0.644113 -0.067364
v -0.603281 0.644113 -0.202092
v -0.603281 0.644113 -0.336819
v -0.603281 0.644113 -0.471548
v -0.603281 0.644113 -0.606275
v -0.603281 0.644113 -0.741003
v -0.603281 0.644113 -0.875731
v -0.603281 0.644113 -1.010459
v -0.603281 0.644113 -1.145187
v -0.603281 0.644113 -1.279914
v -0.603281 0.644113 -1.414642
v -0.603281 0.644113 -1.549370
v -0.603281 0.644113 -1.684098
v -0.603281 0.644113 -1.818825
v -0.603281 0.644113 -1.953554
v -0.603281 0.644113 -2.088281
v -0.603281 0.626451 -2.177076
v -0.603281 0.576153 -2.252352
v -0.603281 0.500876 -2.302650
v -0.603281 0.412082 -2.320313
v -0.603281 0.319269 -2.320313
v -0.603281 0.230475 -2.302650
v -0.603281 0.155199 -2.252352
v -0.603281 0.104900 -2.177076
v -0.603281 0.087238 -2.088281
v -0.603281 0.087238 -1.953554
v -0.603281 0.087238 -1.818825
v -0.603281 0.087238 -1.684098
v -0.603281 0.087238 -1.549370
v -0.603281 0.087238 -1.414642
v -0.603281 0.087238 -1.279914
v -0.603281 0.087238 -1.145187
v -0.603281 0.087238 -1.010459
v -0.603281 0.087238 -0.875731
v -0.603281 0.087238 -0.741003
v -0.603281 0.087238 -0.606275
v -0.603281 0.087238 -0.471548
v -0.603281 0.087238 -0.336819
v -0.603281 0.087238 -0.202092
v -0.603281 0.087238 -0.067364
v -0.603281 0.087238 0.067364
v -0.603281 0.087238 0.202092
v -0.603281 0.087238 0.336819
v -0.603281 0.087238 0.471548
v -0.603281 0.087238 0.606275
v -0.603281 0.087238 0.741003
v -0.603281 0.087238 0.875731
v -0.603281 0.087238 1.010459
v -0.603281 0.087238 1.145187
v -0.603281 0.087238 1.279914
v -0.603281 0.087238 1.414643
v -0.603281 0.087238 1.549370
v -0.603281 0.087238 1.684098
v -0.603281 0.087238 1.818825
v -0.603281 0.087238 1.953554
v -0.783337 0.829738 1.856250
v -0.783337 1.293801 1.856250
v -0.783337 0.829738 -1.856250
v -0.783337 1.293801 -1.856250
v 0.783337 0.829738 1.856250
v 0.783337 1.293801 1.856250
v 0.783337 0.829738 -1.856250
v 0.783337 1.293801 -1.856250
v 0.464063 0.829738 -1.856250
v -0.464063 0.829738 -1.856250
v -0.464063 1.293801 -1.856250
v 0.464063 1.293801 -1.856250
v -0.464063 0.829738 1.856250
v 0.464063 0.829738 1.856250
v 0.464063 1.293801 1.856250
v -0.464063 1.293801 1.856250
v -0.464063 0.261286 -1.760959
v 0.464063 0.261286 -1.760959
v 0.464063 0.261286 1.760959
v -0.464063 0.261286 1.760959
v 0.464063 0.561688 -1.760959
v -0.464063 0.561688 -1.760959
v 0.464063 0.561688 1.760959
v -0.464063 0.561688 1.760959
v 0.464063 0.165994 1.856250
v 0.464063 0.165994 -1.856250
v -0.464063 0.165994 -1.856250
v -0.464063 0.165994 1.856250
v 0.464063 0.656979 -1.856250
v 0.464063 0.656979 1.856250
v -0.464063 0.656979 1.856250
v -0.464063 0.656979 -1.856250
v 0.844032 0.261286 1.760959
v 0.844032 0.261286 -1.760959
v -0.844032 0.261286 -1.760959
v -0.844032 0.261286 1.760959
v 0.844032 0.561688 -1.760959
v 0.844032 0.561688 1.760959
v -0.844032 0.561688 1.760959
v -0.844032 0.561688 -1.760959
v -0.783337 1.293801 -0.000000
v 0.783337 1.293801 -0.000000
v 0.464063 1.293801 -0.000000
v -0.464063 1.293801 -0.000000
v -0.726309 1.400083 -0.057027
v -0.726309 1.400083 -1.799223
v 0.521089 1.437208 -1.762099
v 0.726309 1.400083 -1.799223
v 0.726309 1.400083 -0.057027
v 0.783337 1.400083 1.856250
v -0.464063 1.400083 1.856250
v -0.783337 1.400083 1.856250
v -0.521089 1.437208 -1.762099
v 0.464063 1.400083 1.856250
v 0.521089 1.437208 -0.094152
v -0.521089 1.437208 -0.094152
v -0.689184 1.437208 -0.228757
v -0.689184 1.437208 -1.627493
v 0.689184 1.437208 -1.627493
v 0.689184 1.437208 -0.228757
v 0.521089 1.437208 -1.664618
v 0.521089 1.437208 -0.191632
v -0.521089 1.437208 -1.664618
v -0.521089 1.437208 -0.191632
v -0.783337 1.400083 -1.856250
v 0.464063 1.400083 -1.856250
v 0.783337 1.400083 -1.856250
v -0.464063 1.400083 -1.856250
v 0.783337 1.400083 -0.000000
v 0.464063 1.400083 -0.000000
v -0.464063 1.400083 -0.000000
v -0.783337 1.400083 -0.000000
v -0.689184 2.168582 -1.627493
v -0.726309 2.205708 -1.799223
v 0.521089 2.168582 -1.762099
v 0.726309 2.205708 -1.799223
v -0.521089 2.168582 -1.762099
v 0.689184 2.168583 -0.228757
v 0.726309 2.205708 -0.057027
v 0.521089 2.168583 -0.191632
v 0.521089 2.168583 -0.094152
v -0.521089 2.168583 -0.191632
v -0.521089 2.168583 -0.094152
v -0.726309 2.205708 -0.057027
v -0.689184 2.168583 -0.228757
v 0.689184 2.168582 -1.627493
v 0.521089 2.168582 -1.664618
v -0.521089 2.168582 -1.664618
v 0.783337 2.276329 -0.000000
v 0.464063 2.276329 -0.000000
v -0.464063 2.276329 -0.000000
v -0.783337 2.276329 -0.000000
v -0.689184 1.564365 -1.627493
v -0.689184 2.041427 -1.627493
v -0.521089 2.041427 -1.762099
v -0.521089 1.564365 -1.762099
v -0.521089 2.041427 -1.664618
v -0.521089 1.564365 -1.664618
v 0.521089 1.564365 -1.762099
v 0.521089 2.041427 -1.762099
v 0.689184 2.041427 -1.627493
v 0.689184 1.564365 -1.627493
v 0.521089 1.564365 -1.664618
v 0.521089 2.041427 -1.664618
v 0.521089 1.564365 -0.191632
v 0.521089 2.041427 -0.191632
v 0.689184 2.041427 -0.228757
v 0.689184 1.564365 -0.228757
v 0.521089 1.564365 -0.094152
v 0.521089 2.041427 -0.094152
v -0.521089 1.564365 -0.094152
v -0.521089 2.041427 -0.094152
v -0.689184 2.041427 -0.228757
v -0.689184 1.564365 -0.228757
v -0.521089 1.564365 -0.191632
v -0.521089 2.041427 -0.191632
v 0.558214 1.437208 -0.228757
v 0.521089 1.400083 -0.057027
v -0.558214 1.437208 -0.228757
v -0.521089 1.400083 -0.057027
v 0.521089 1.400083 -1.799223
v 0.558214 1.437208 -1.627493
v -0.521089 1.400083 -1.799223
v -0.558214 1.437208 -1.627493
v 0.558214 2.168583 -0.228757
v 0.521089 2.205708 -0.057027
v -0.558214 2.168583 -0.228757
v -0.521089 2.205708 -0.057027
v 0.521089 2.205708 -1.799223
v 0.558214 2.168582 -1.627493
v -0.521089 2.205708 -1.799223
v -0.558214 2.168582 -1.627493
v 0.558214 2.041427 -0.228757
v 0.558214 2.041427 -1.627493
v -0.558214 1.564365 -1.627493
v -0.558214 2.041427 -0.228757
v -0.558214 2.041427 -1.627493
v 0.558214 1.564365 -1.627493
v 0.558214 1.564365 -0.228757
v -0.558214 1.564365 -0.228757
v -0.726309 1.400083 -1.627493
v -0.521089 1.400083 -1.627493
v -0.726309 1.400083 -0.228757
v -0.521089 1.400083 -0.228757
v 0.521089 1.400083 -1.627493
v 0.726309 1.400083 -1.627493
v 0.521089 1.400083 -0.228757
v 0.726309 1.400083 -0.228757
v -0.726309 2.205708 -1.627493
v -0.521089 2.205708 -1.627493
v -0.726309 2.205708 -0.228757
v -0.521089 2.205708 -0.228757
v 0.521089 2.205708 -1.627493
v 0.726309 2.205708 -1.627493
v 0.521089 2.205708 -0.228757
v 0.726309 2.205708 -0.228757
v 0.783337 2.276329 1.238308
v 0.783337 1.658386 1.856250
v -0.464063 1.658386 1.856250
v -0.464063 2.276329 1.238308
v -0.783337 1.658386 1.856250
v -0.783337 2.276329 1.238308
v 0.464063 2.276329 1.238308
v 0.464063 1.658386 1.856250
v 0.417656 2.034898 -0.536481
v 0.464063 1.383507 -0.607816
v 0.417656 2.034898 -0.304672
v 0.464063 1.383507 -0.233337
v -0.417656 2.034898 -0.536481
v -0.464063 1.383507 -0.607816
v -0.417656 2.034898 -0.304672
v -0.464063 1.383507 -0.233337
v -0.380398 1.315473 -0.721992
v -0.380398 1.399138 -0.638327
v -0.464063 1.399138 -0.721992
v -0.380398 2.159933 -0.638327
v -0.380398 2.243598 -0.721992
v -0.464063 2.159933 -0.721992
v -0.380398 1.315473 -1.482787
v -0.464063 1.399138 -1.482787
v -0.380398 1.399138 -1.566453
v -0.380398 2.243598 -1.482787
v -0.380398 2.159933 -1.566453
v -0.464063 2.159933 -1.482787
v 0.380398 1.315473 -0.721992
v 0.464063 1.399138 -0.721992
v 0.380398 1.399138 -0.638327
v 0.380398 2.243598 -0.721992
v 0.380398 2.159933 -0.638327
v 0.464063 2.159933 -0.721992
v 0.380398 1.315473 -1.482787
v 0.380398 1.399138 -1.566453
v 0.464063 1.399138 -1.482787
v 0.380398 2.243598 -1.482787
v 0.464063 2.159933 -1.482787
v 0.380398 2.159933 -1.566453
v 0.201094 2.034898 -0.304672
v -0.201094 2.034898 -0.304672
v -0.201094 2.034898 -0.536481
v 0.201094 2.034898 -0.536481
v -0.108282 2.034898 -0.304672
v -0.464063 2.034898 -0.233337
v 0.464063 2.034898 -0.607816
v 0.464063 2.034898 -0.233337
v 0.108282 2.034898 -0.536481
v -0.464063 2.034898 -0.607816
v 0.108282 2.034898 -0.304672
v -0.108282 2.034898 -0.536481
v 0.154688 2.034898 -0.233337
v -0.154688 2.034898 -0.233337
v -0.154688 2.034898 -0.607816
v 0.154688 2.034898 -0.607816
v -0.201094 2.354233 -0.304672
v -0.417656 2.354233 -0.304672
v 0.417656 2.250171 -0.536482
v 0.417656 2.354233 -0.304672
v 0.201094 2.250171 -0.536482
v -0.417656 2.250171 -0.536482
v 0.201094 2.354233 -0.304672
v -0.201094 2.250171 -0.536482
v 0.108282 2.354233 -0.304672
v -0.108282 2.354233 -0.304672
v -0.108282 2.250171 -0.536482
v 0.108282 2.250171 -0.536482
v -0.201094 2.493901 -0.367371
v -0.417656 2.493901 -0.367371
v 0.417656 2.389838 -0.599180
v 0.417656 2.493901 -0.367371
v 0.201094 2.389838 -0.599180
v -0.417656 2.389838 -0.599180
v 0.201094 2.493901 -0.367371
v -0.201094 2.389838 -0.599180
v 0.108282 2.493901 -0.367371
v -0.108282 2.493901 -0.367371
v -0.108282 2.389838 -0.599180
v 0.108282 2.389838 -0.599180
v -0.201094 2.627809 -0.595205
v -0.417656 2.627809 -0.595205
v 0.417656 2.627809 -0.595205
v 0.201094 2.627809 -0.595205
v 0.108282 2.627809 -0.595205
v -0.108282 2.627809 -0.595205
v 0.216700 2.407047 -0.736248
v 0.402049 2.407047 -0.736248
v -0.402049 2.407047 -0.736248
v -0.216700 2.407047 -0.736248
v -0.092674 2.407047 -0.736248
v 0.092674 2.407047 -0.736248
v -0.216700 2.613807 -0.732795
v -0.402049 2.613807 -0.732795
v 0.402049 2.613807 -0.732795
v 0.216700 2.613807 -0.732795
v 0.092674 2.613807 -0.732795
v -0.092674 2.613807 -0.732795
v 0.201094 2.391442 -0.736509
v 0.417656 2.391442 -0.736509
v -0.417656 2.391442 -0.736509
v -0.201094 2.391442 -0.736509
v -0.108282 2.391442 -0.736509
v 0.108282 2.391442 -0.736509
v -0.201094 2.629411 -0.732534
v -0.417656 2.629411 -0.732534
v 0.417656 2.629411 -0.732534
v 0.201094 2.629411 -0.732534
v 0.108282 2.629411 -0.732534
v -0.108282 2.629411 -0.732534
v 0.216700 2.406464 -0.701369
v 0.402049 2.406464 -0.701369
v -0.402049 2.406464 -0.701369
v -0.216700 2.406464 -0.701369
v -0.092674 2.406464 -0.701369
v 0.092674 2.406464 -0.701369
v -0.216700 2.613224 -0.697915
v -0.402049 2.613224 -0.697915
v 0.402049 2.613224 -0.697915
v 0.216700 2.613224 -0.697915
v 0.092674 2.613224 -0.697915
v -0.092674 2.613224 -0.697915
v 0.629252 1.537502 0.916541
v 0.629252 2.001565 0.916541
v 0.629252 1.537502 0.452478
v 0.629252 2.001565 0.452478
v 0.861283 2.001565 0.452478
v 0.861283 1.537502 0.452478
v 0.861283 1.537502 0.916541
v 0.861283 2.001565 0.916541
v 1.298014 2.005224 0.620839
v 1.298014 2.005224 0.748180
v 1.170555 2.005224 0.748180
v 1.170555 2.005224 0.620839
v 1.313783 2.028238 0.605084
v 1.154785 2.028238 0.605084
v 1.313783 2.028238 0.437585
v 1.154785 2.028238 0.437585
v 1.313783 2.095843 0.437585
v 1.154785 2.095843 0.437585
v 1.164956 2.039397 1.049075
v 1.303613 2.039397 1.049075
v 1.164956 2.152292 1.049075
v 1.303613 2.152292 1.049075
v 1.164956 2.152292 1.137165
v 1.303613 2.152292 1.137165
v 1.164956 2.039397 1.137165
v 1.303613 2.039397 1.137165
v 1.164956 2.039397 1.035372
v 1.303613 2.039397 1.035372
v 1.164956 2.152292 1.035372
v 1.303613 2.152292 1.035372
v 1.228947 2.062763 1.035372
v 1.201143 2.090566 1.035372
v 1.218307 2.064879 1.035372
v 1.209287 2.070906 1.035372
v 1.203260 2.079926 1.035372
v 1.267425 2.090566 1.035372
v 1.239621 2.062763 1.035372
v 1.290782 2.047681 1.035372
v 1.265309 2.079926 1.035372
v 1.259282 2.070906 1.035372
v 1.250261 2.064879 1.035372
v 1.201143 2.101122 1.035372
v 1.228947 2.128925 1.035372
v 1.177786 2.144007 1.035372
v 1.203260 2.111762 1.035372
v 1.209287 2.120782 1.035372
v 1.218307 2.126809 1.035372
v 1.239621 2.128925 1.035372
v 1.267425 2.101122 1.035372
v 1.250261 2.126809 1.035372
v 1.259282 2.120782 1.035372
v 1.265309 2.111762 1.035372
v 1.204329 2.090879 1.082473
v 1.229261 2.065947 1.082473
v 1.206260 2.081169 1.082473
v 1.211583 2.073202 1.082473
v 1.219550 2.067880 1.082473
v 1.239308 2.065947 1.082473
v 1.264240 2.090879 1.082473
v 1.249019 2.067880 1.082473
v 1.256986 2.073202 1.082473
v 1.262308 2.081169 1.082473
v 1.229261 2.125741 1.082473
v 1.204329 2.100808 1.082473
v 1.219550 2.123809 1.082473
v 1.211583 2.118485 1.082473
v 1.206260 2.110520 1.082473
v 1.264240 2.100808 1.082473
v 1.239308 2.125741 1.082473
v 1.262308 2.110520 1.082473
v 1.256986 2.118485 1.082473
v 1.249019 2.123809 1.082473
v 1.267425 2.090566 1.082473
v 1.265309 2.079926 1.082473
v 1.259282 2.070906 1.082473
v 1.250261 2.064879 1.082473
v 1.239621 2.062763 1.082473
v 1.203260 2.079926 1.082473
v 1.201143 2.090566 1.082473
v 1.209287 2.070906 1.082473
v 1.218307 2.064879 1.082473
v 1.228947 2.062763 1.082473
v 1.239621 2.128925 1.082473
v 1.250261 2.126809 1.082473
v 1.259282 2.120782 1.082473
v 1.265309 2.111762 1.082473
v 1.267425 2.101122 1.082473
v 1.201143 2.101122 1.082473
v 1.203260 2.111762 1.082473
v 1.209287 2.120782 1.082473
v 1.218307 2.126809 1.082473
v 1.228947 2.128925 1.082473
v 1.264240 2.090879 1.074165
v 1.262308 2.081169 1.074165
v 1.256986 2.073202 1.074165
v 1.249019 2.067880 1.074165
v 1.239308 2.065947 1.074165
v 1.206260 2.081169 1.074165
v 1.204329 2.090879 1.074165
v 1.211583 2.073202 1.074165
v 1.219550 2.067880 1.074165
v 1.229261 2.065947 1.074165
v 1.239308 2.125741 1.074165
v 1.249019 2.123809 1.074165
v 1.256986 2.118485 1.074165
v 1.262308 2.110520 1.074165
v 1.264240 2.100808 1.074165
v 1.204329 2.100808 1.074165
v 1.206260 2.110520 1.074165
v 1.211583 2.118485 1.074165
v 1.219550 2.123809 1.074165
v 1.229261 2.125741 1.074165
v 1.313783 2.037946 0.763935
v 1.304075 2.028238 0.763935
v 1.309005 2.021264 0.759162
v 1.313783 2.028238 0.754227
v 1.164493 2.028238 0.763935
v 1.154785 2.037946 0.763935
v 1.154785 2.028238 0.754227
v 1.159564 2.021264 0.759162
v 1.164493 2.028238 0.841613
v 1.154785 2.037946 0.841613
v 1.313783 2.037946 0.841613
v 1.304075 2.028238 0.841613
v 1.164493 2.028238 0.909463
v 1.154785 2.037946 0.909463
v 1.313783 2.037946 0.909463
v 1.304075 2.028238 0.909463
v 1.164493 2.028238 1.035372
v 1.154785 2.037946 1.035372
v 1.313783 2.037946 1.035372
v 1.304075 2.028238 1.035372
v 1.163666 2.032160 1.049075
v 1.154785 2.037946 1.049075
v 1.313783 2.037946 1.049075
v 1.304902 2.032160 1.049075
v 1.154785 2.037946 1.137165
v 1.161325 2.035414 1.137165
v 1.307244 2.035414 1.137165
v 1.313783 2.037946 1.137165
v 1.303198 2.173812 0.605084
v 1.313783 2.163214 0.605084
v 1.303198 2.173812 0.763935
v 1.313783 2.163214 0.763935
v 1.154785 2.163214 0.763935
v 1.165370 2.173812 0.763935
v 1.154785 2.163214 0.605084
v 1.165370 2.173812 0.605084
v 1.154785 2.163213 0.841613
v 1.165370 2.173812 0.841613
v 1.303198 2.173812 0.841613
v 1.313783 2.163213 0.841613
v 1.154785 2.163211 0.909463
v 1.165370 2.173812 0.909463
v 1.303198 2.173812 0.909463
v 1.313783 2.163211 0.909463
v 1.154785 2.163207 1.035372
v 1.165370 2.173812 1.035372
v 1.303198 2.173812 1.035372
v 1.313783 2.163207 1.035372
v 1.154785 2.163202 1.049075
v 1.165370 2.173812 1.049075
v 1.313783 2.163202 1.049075
v 1.303198 2.173812 1.049075
v 1.165370 2.161251 1.137165
v 1.154785 2.150638 1.137165
v 1.313783 2.150638 1.137165
v 1.303198 2.161251 1.137165
v 1.330807 2.180250 0.605084
v 1.320222 2.190835 0.605084
v 1.148347 2.190835 0.605084
v 1.137761 2.180250 0.605084
v 1.320222 2.190835 0.437585
v 1.330807 2.180250 0.437585
v 1.328940 2.180417 0.437585
v 1.137761 2.180250 0.437585
v 1.148347 2.190835 0.437585
v 1.139629 2.180417 0.437585
v 1.316973 2.011214 0.605084
v 1.330807 2.025048 0.605084
v 1.321025 2.020996 0.605084
v 1.137761 2.025048 0.605084
v 1.151595 2.011214 0.605084
v 1.147544 2.020996 0.605084
v 1.330807 2.025048 0.437585
v 1.316973 2.011214 0.437585
v 1.151595 2.011214 0.437585
v 1.137761 2.025048 0.437585
v 1.308237 2.033784 0.414445
v 1.313783 2.028238 0.419990
v 1.154785 2.028238 0.419990
v 1.160332 2.033784 0.414445
v 1.313783 2.095843 0.419990
v 1.308237 2.090297 0.414445
v 1.160332 2.090297 0.414445
v 1.154785 2.095843 0.419990
v 0.861283 1.589442 0.778683
v 0.861283 1.601585 0.790827
v 0.861283 1.789761 0.790827
v 0.861283 1.802076 0.778287
v 0.861283 1.812349 0.797300
v 0.861283 1.601585 0.578193
v 0.861283 1.589442 0.590336
v 0.861283 1.584806 0.566970
v 0.861283 1.802076 0.590731
v 0.861283 1.789761 0.578193
v 1.300620 1.601585 0.578193
v 1.312762 1.601585 0.590336
v 1.300620 1.589442 0.590336
v 1.300620 1.589442 0.778683
v 1.312762 1.601585 0.778683
v 1.300620 1.601585 0.790827
v 1.155806 1.589442 0.590336
v 1.155806 1.601585 0.578193
v 1.155806 1.601585 0.790827
v 1.155806 1.589442 0.778683
v 1.008545 1.802076 0.590747
v 1.008545 1.789755 0.578193
v 1.008545 1.601585 0.578193
v 1.008545 1.589442 0.590336
v 1.008545 1.802076 0.778272
v 1.008545 1.789755 0.790827
v 1.008545 1.601585 0.790827
v 1.008545 1.589442 0.778683
v 1.300620 1.744487 0.578193
v 1.308374 1.756802 0.590881
v 1.312762 1.744659 0.590336
v 1.308374 1.756802 0.778138
v 1.300620 1.744487 0.790827
v 1.312762 1.744659 0.778683
v 1.155806 1.756802 0.778223
v 1.155806 1.744481 0.790827
v 1.155806 1.744481 0.578193
v 1.155806 1.756802 0.590796
v 1.286602 1.756802 0.620839
v 1.298014 1.756802 0.632250
v 1.301744 1.756802 0.610055
v 1.298014 1.756802 0.736769
v 1.286602 1.756802 0.748180
v 1.181966 1.756802 0.748180
v 1.170555 1.756802 0.736769
v 1.165526 1.756802 0.758424
v 1.170555 1.756802 0.632250
v 1.181966 1.756802 0.620839
v 1.298014 1.984792 0.632250
v 1.286602 1.984792 0.620839
v 1.298014 1.996203 0.620839
v 1.286602 1.984792 0.748180
v 1.298014 1.984792 0.736769
v 1.298014 1.996203 0.748180
v 1.170555 1.984792 0.736769
v 1.181966 1.984792 0.748180
v 1.170555 1.996203 0.748180
v 1.181966 1.984792 0.620839
v 1.170555 1.984792 0.632250
v 1.170555 1.996203 0.620839
vn 1.0000 -0.0000 -0.0000
vn -1.0000 -0.0000 -0.0000
vn -0.0000 -0.0000 1.0000
vn -0.0000 0.5556 -0.8315
vn -0.0000 -0.0000 -1.0000
vn -0.0000 -0.9795 -0.2014
vn -0.0000 -0.5556 -0.8315
vn -0.0000 0.9795 -0.2014
vn -0.0000 -0.9795 0.2014
vn -0.0000 -0.0016 1.0000
vn -0.0000 -0.5556 0.8315
vn -0.0000 0.9795 0.2014
vn -0.0000 0.5556 0.8315
vn -0.0000 1.0000 -0.0000
vn -0.0000 0.0016 -1.0000
vn -0.0000 -1.0000 -0.0000
vn -0.0000 1.0000 0.0016
vn -0.0000 -0.8315 -0.5556
vn -0.0000 -0.2014 -0.9795
vn -0.0000 0.8315 -0.5556
vn -0.0000 0.2014 -0.9795
vn -0.0000 -0.8315 0.5556
vn -0.0000 -0.2014 0.9795
vn -0.0000 0.8315 0.5556
vn -0.0000 0.2014 0.9795
vn -0.0000 -1.0000 0.0016
vn -0.0000 1.0000 -0.0016
vn -0.0000 -1.0000 -0.0016
vn -0.0000 -0.0016 -1.0000
vn -0.0000 0.0016 1.0000
vn -0.0000 0.9808 0.1951
vn -0.0000 0.1951 0.9808
vn -0.0000 -0.1951 0.9808
vn -0.0000 -0.9808 0.1951
vn -0.0000 -0.9808 -0.1951
vn -0.0000 -0.1951 -0.9808
vn -0.0000 0.1951 -0.9808
vn -0.0000 0.9808 -0.1951
vn -0.0000 0.7071 0.7071
vn -0.5774 -0.5774 0.5773
vn -0.5774 0.5773 0.5774
vn -0.5774 -0.5774 -0.5773
vn -0.5774 0.5773 -0.5773
vn 0.5774 -0.5774 0.5773
vn 0.5774 0.5773 0.5774
vn 0.5774 -0.5774 -0.5773
vn 0.5774 0.5773 -0.5773
vn -0.7071 -0.7071 -0.0000
vn -0.7071 -0.0000 0.7071
vn -0.7071 0.7071 -0.0000
vn -0.7071 -0.0000 -0.7071
vn -0.0000 -0.7071 -0.7071
vn -0.0000 0.7071 -0.7071
vn 0.7071 -0.0000 -0.7071
vn 0.7071 -0.7071 -0.0000
vn 0.7071 0.7071 -0.0000
vn 0.7071 -0.0000 0.7071
vn -0.0000 -0.7071 0.7071
vn -0.0000 0.0167 -0.9999
vn -0.0000 0.4095 0.9123
vn -0.0000 0.8621 0.5067
vn -0.0000 -0.4095 -0.9123
vn -0.0000 0.9999 0.0117
vn -0.0000 -0.9999 -0.0167
vn -0.0000 -0.9999 -0.0117
vn -0.0000 0.9999 0.0167
vn 0.2939 0.9558 -0.0000
vn -0.0000 -0.5649 -0.8252
vn 0.8249 -0.5652 -0.0000
vn -0.0000 -0.5649 0.8252
vn -0.8249 -0.5652 -0.0000
vn -0.7075 0.7067 -0.0000
vn -0.7076 0.7066 -0.0000
vn 0.7075 0.7067 -0.0000
vn 0.7076 0.7066 -0.0000
vn -0.0000 -0.9614 0.2751
vn -0.0000 0.9900 0.1412
vn 0.9840 -0.1753 0.0326
vn -0.7391 -0.6736 -0.0000
vn -0.8315 0.5555 -0.0000
vn 0.9808 -0.1951 -0.0000
vn 0.8315 -0.5556 -0.0000
vn 0.5556 -0.8315 -0.0000
vn 0.1951 -0.9808 -0.0000
vn -0.9808 -0.1952 -0.0000
vn -0.8315 -0.5555 -0.0000
vn -0.5556 -0.8315 -0.0000
vn -0.1951 -0.9808 -0.0000
vn 0.1951 0.9808 -0.0000
vn 0.1950 0.9808 -0.0000
vn 0.5556 0.8315 -0.0000
vn 0.8314 0.5556 -0.0000
vn 0.9808 0.1951 -0.0000
vn -0.9808 0.1951 -0.0000
vn -0.8315 0.5556 -0.0000
vn -0.5556 0.8315 -0.0000
vn -0.1950 0.9808 -0.0000
vn -0.1951 0.9808 -0.0000
vn -0.5555 0.8315 -0.0000
vn -0.8315 -0.5556 -0.0000
vn -0.8314 -0.5556 -0.0000
vn -0.1952 0.9808 -0.0000
vn -0.9808 -0.1951 -0.0000
vn 0.8315 0.5555 -0.0000
vn 0.5555 0.8315 -0.0000
vn 0.1952 0.9808 -0.0000
vn 0.5773 -0.5774 0.5773
vn -0.7070 0.0158 0.7070
vn -0.6982 -0.6983 0.1577
vn 0.6982 -0.6983 0.1577
vn 0.5459 -0.8377 0.0164
vn -0.5458 -0.8377 0.0164
vn -0.7078 0.7065 -0.0000
vn -0.7078 0.7064 0.0001
vn 0.7078 0.7065 -0.0000
vn -0.7079 0.7063 0.0003
vn 0.7044 0.7027 0.1002
vn 0.7044 0.7026 0.1002
vn 0.7045 0.7026 0.1002
vn -0.7044 0.7027 0.1002
vn -0.7044 0.7026 0.1002
vn 0.7078 0.7064 0.0001
vn -0.7070 -0.0000 -0.7072
vn -0.7071 -0.0000 -0.7072
vn 0.7070 -0.0000 -0.7072
vn 0.7071 -0.0000 -0.7072
vn 0.5774 -0.5773 -0.5774
vn 0.5774 -0.5773 0.5773
vn 0.6778 0.2756 -0.6817
vn 0.6778 0.2755 0.6816
vn 0.9405 0.3399 -0.0000
vn 0.0001 0.7157 0.6984
vn 0.0003 0.7168 0.6972
vn -0.0000 0.7151 0.6991
vn 0.0001 0.7137 -0.7005
vn -0.0000 0.7135 -0.7007
vn 0.2146 0.6980 0.6832
vn 0.2145 0.6974 0.6838
vn 0.2145 0.6971 0.6841
vn 0.0001 0.7157 -0.6984
vn 0.0003 0.7168 -0.6972
vn 0.0004 0.7175 -0.6966
vn 0.2146 0.6981 -0.6831
vn 0.2145 0.6975 -0.6838
vn 0.2147 0.6984 -0.6828
vn -0.0000 0.7134 0.7008
vn -0.0000 0.7135 0.7007
vn 0.5773 -0.5773 -0.5774
vn 0.5773 -0.5773 0.5774
vn -0.5773 -0.5773 0.5774
vn -0.5773 -0.5773 -0.5774
vn 1.0000 0.0006 -0.0000
vn 1.0000 -0.0006 -0.0000
vn -1.0000 -0.0006 -0.0000
vn -1.0000 0.0006 -0.0000
vn -0.0001 -0.5649 0.8252
vn -0.0000 -0.5648 0.8252
vn -0.8249 -0.5653 -0.0000
vn 0.7391 -0.6736 -0.0000
vn -0.9840 -0.1753 0.0326
vn -0.0000 0.0001 1.0000
vn -0.0000 -0.0001 1.0000
vn 0.5556 -0.8314 -0.0000
vn 0.7070 0.0159 0.7070
vn -0.5773 -0.5774 0.5774
vn -0.5459 -0.8378 -0.0000
vn 0.5459 -0.8378 -0.0000
vn 0.3611 -0.9325 -0.0000
vn -0.3611 -0.9325 -0.0000
vn -0.7045 0.7026 0.1002
vn 0.7079 0.7063 0.0003
vn 0.0004 0.7175 0.6966
vn -0.0000 0.7134 -0.7007
vn 0.2147 0.6984 0.6828
vn -0.0000 0.7151 -0.6991
vn 0.2145 0.6971 -0.6841
vn 0.0001 0.7137 0.7004
vt 0.083047 0.519755
vt 0.080829 0.524432
vt 0.080829 0.519536
vt 0.083047 0.488409
vt 0.080829 0.483732
vt 0.083047 0.483950
vt 0.016810 0.496386
vt 0.049721 0.500000
vt 0.016810 0.500000
vt 0.016810 0.733589
vt 0.049721 0.731943
vt 0.049721 0.733589
vt 0.049721 0.748039
vt 0.016810 0.744425
vt 0.049721 0.744425
vt 0.049721 0.722753
vt 0.016810 0.726445
vt 0.016810 0.722753
vt 0.016810 0.737441
vt 0.016810 0.709745
vt 0.049721 0.708100
vt 0.049721 0.709745
vt 0.016810 0.273633
vt 0.049721 0.269941
vt 0.049721 0.273633
vt 0.016810 0.262797
vt 0.049721 0.258945
vt 0.049721 0.262797
vt 0.016810 0.521672
vt 0.049721 0.517980
vt 0.049721 0.521672
vt 0.049721 0.714523
vt 0.016810 0.716168
vt 0.016810 0.714523
vt 0.016810 0.510836
vt 0.049721 0.506984
vt 0.049721 0.510836
vt 0.049721 0.474714
vt 0.016810 0.478407
vt 0.016810 0.474714
vt 0.049721 0.485550
vt 0.016810 0.489402
vt 0.016810 0.485550
vt 0.049721 0.726445
vt 0.016810 0.728091
vt 0.049721 0.281863
vt 0.016810 0.286641
vt 0.016810 0.281863
vt 0.049721 0.294709
vt 0.016810 0.299487
vt 0.016810 0.294709
vt 0.049721 0.307555
vt 0.016810 0.312333
vt 0.016810 0.307555
vt 0.049721 0.320401
vt 0.016810 0.325179
vt 0.016810 0.320401
vt 0.049721 0.333247
vt 0.016810 0.338025
vt 0.016810 0.333247
vt 0.049721 0.721107
vt 0.049721 0.346093
vt 0.016810 0.350870
vt 0.016810 0.346093
vt 0.049721 0.358939
vt 0.016810 0.363716
vt 0.016810 0.358939
vt 0.049721 0.371785
vt 0.016810 0.376562
vt 0.016810 0.371785
vt 0.049721 0.384631
vt 0.016810 0.389408
vt 0.016810 0.384631
vt 0.049721 0.494741
vt 0.049721 0.496386
vt 0.049721 0.397477
vt 0.016810 0.402254
vt 0.016810 0.397477
vt 0.049721 0.410323
vt 0.016810 0.415100
vt 0.016810 0.410323
vt 0.049721 0.423169
vt 0.016810 0.427946
vt 0.016810 0.423169
vt 0.268943 0.535360
vt 0.275415 0.535360
vt 0.288359 0.537589
vt 0.049721 0.436015
vt 0.016810 0.440792
vt 0.016810 0.436015
vt 0.049721 0.448861
vt 0.016810 0.453638
vt 0.016810 0.448861
vt 0.049721 0.461707
vt 0.016810 0.466484
vt 0.016810 0.461707
vt 0.049721 0.489402
vt 0.016810 0.491048
vt 0.016810 0.701677
vt 0.049721 0.696900
vt 0.049721 0.701677
vt 0.016810 0.688831
vt 0.049721 0.684054
vt 0.049721 0.688831
vt 0.016810 0.675985
vt 0.049721 0.671208
vt 0.049721 0.675985
vt 0.016810 0.663139
vt 0.049721 0.658362
vt 0.049721 0.663139
vt 0.049721 0.466484
vt 0.016810 0.468130
vt 0.016810 0.650293
vt 0.049721 0.645516
vt 0.049721 0.650293
vt 0.016810 0.637447
vt 0.049721 0.632670
vt 0.049721 0.637447
vt 0.049721 0.460061
vt 0.016810 0.624601
vt 0.049721 0.619824
vt 0.049721 0.624601
vt 0.049721 0.483905
vt 0.016810 0.611755
vt 0.049721 0.606978
vt 0.049721 0.611755
vt 0.016810 0.598909
vt 0.049721 0.594132
vt 0.049721 0.598909
vt 0.049721 0.453638
vt 0.016810 0.455284
vt 0.016810 0.586063
vt 0.049721 0.581286
vt 0.049721 0.586063
vt 0.016810 0.573218
vt 0.049721 0.568440
vt 0.049721 0.573218
vt 0.016810 0.560372
vt 0.049721 0.555594
vt 0.049721 0.560372
vt 0.049721 0.447215
vt 0.016810 0.547526
vt 0.049721 0.542748
vt 0.049721 0.547526
vt 0.016810 0.534680
vt 0.049721 0.529902
vt 0.049721 0.534680
vt 0.049721 0.468130
vt 0.016810 0.473068
vt 0.049721 0.728091
vt 0.016810 0.731943
vt 0.049721 0.739087
vt 0.016810 0.742780
vt 0.016810 0.739087
vt 0.016810 0.268295
vt 0.049721 0.264443
vt 0.049721 0.268295
vt 0.016810 0.257299
vt 0.049721 0.253607
vt 0.049721 0.257299
vt 0.016810 0.516334
vt 0.049721 0.512482
vt 0.049721 0.516334
vt 0.016810 0.505338
vt 0.049721 0.501646
vt 0.049721 0.505338
vt 0.049721 0.480052
vt 0.016810 0.483905
vt 0.016810 0.480052
vt 0.049721 0.491048
vt 0.016810 0.494741
vt 0.016810 0.528257
vt 0.049721 0.523318
vt 0.049721 0.528257
vt 0.049721 0.275279
vt 0.016810 0.280218
vt 0.016810 0.275279
vt 0.049721 0.288286
vt 0.016810 0.293064
vt 0.016810 0.288286
vt 0.049721 0.301132
vt 0.016810 0.305910
vt 0.016810 0.301132
vt 0.049721 0.313978
vt 0.016810 0.318756
vt 0.016810 0.313978
vt 0.049721 0.326824
vt 0.016810 0.331602
vt 0.016810 0.326824
vt 0.049721 0.339670
vt 0.016810 0.344447
vt 0.016810 0.339670
vt 0.049721 0.352516
vt 0.016810 0.357293
vt 0.016810 0.352516
vt 0.049721 0.365362
vt 0.016810 0.370139
vt 0.016810 0.365362
vt 0.049721 0.378208
vt 0.016810 0.382985
vt 0.016810 0.378208
vt 0.049721 0.391054
vt 0.016810 0.395831
vt 0.016810 0.391054
vt 0.049721 0.403900
vt 0.016810 0.408677
vt 0.016810 0.403900
vt 0.049721 0.416746
vt 0.016810 0.421523
vt 0.016810 0.416746
vt 0.049721 0.429592
vt 0.016810 0.434369
vt 0.016810 0.429592
vt 0.049721 0.442438
vt 0.016810 0.447215
vt 0.016810 0.442438
vt 0.049721 0.455284
vt 0.016810 0.460061
vt 0.016810 0.721107
vt 0.049721 0.716168
vt 0.016810 0.708100
vt 0.049721 0.703322
vt 0.016810 0.695254
vt 0.049721 0.690477
vt 0.049721 0.695254
vt 0.016810 0.682408
vt 0.049721 0.677631
vt 0.049721 0.682408
vt 0.016810 0.669562
vt 0.049721 0.664785
vt 0.049721 0.669562
vt 0.016810 0.656716
vt 0.049721 0.651939
vt 0.049721 0.656716
vt 0.016810 0.643870
vt 0.049721 0.639093
vt 0.049721 0.643870
vt 0.016810 0.631024
vt 0.049721 0.626247
vt 0.049721 0.631024
vt 0.016810 0.618178
vt 0.049721 0.613401
vt 0.049721 0.618178
vt 0.016810 0.605332
vt 0.049721 0.600555
vt 0.049721 0.605332
vt 0.016810 0.592486
vt 0.049721 0.587709
vt 0.049721 0.592486
vt 0.016810 0.579640
vt 0.049721 0.574863
vt 0.049721 0.579640
vt 0.016810 0.566795
vt 0.049721 0.562017
vt 0.049721 0.566795
vt 0.016810 0.553949
vt 0.049721 0.549171
vt 0.049721 0.553949
vt 0.016810 0.541103
vt 0.049721 0.536325
vt 0.049721 0.541103
vt 0.016810 0.703322
vt 0.016810 0.696900
vt 0.016810 0.690477
vt 0.049721 0.737441
vt 0.016810 0.684054
vt 0.288359 0.501785
vt 0.275415 0.499555
vt 0.281887 0.499555
vt 0.016810 0.677631
vt 0.016810 0.671208
vt 0.049721 0.742780
vt 0.016810 0.664785
vt 0.016810 0.658362
vt 0.016810 0.651939
vt 0.016810 0.645516
vt 0.016810 0.269941
vt 0.016810 0.639093
vt 0.049721 0.280218
vt 0.016810 0.632670
vt 0.049721 0.286641
vt 0.016810 0.626247
vt 0.016810 0.264443
vt 0.049721 0.293064
vt 0.016810 0.619824
vt 0.049721 0.299487
vt 0.016810 0.613401
vt 0.049721 0.305910
vt 0.016810 0.606978
vt 0.016810 0.258945
vt 0.049721 0.312333
vt 0.016810 0.600555
vt 0.280397 0.539982
vt 0.287070 0.540062
vt 0.286993 0.542423
vt 0.049721 0.318756
vt 0.016810 0.594132
vt 0.049721 0.325179
vt 0.016810 0.587709
vt 0.049721 0.251961
vt 0.016810 0.253607
vt 0.016810 0.251961
vt 0.049721 0.331602
vt 0.016810 0.581286
vt 0.049721 0.338025
vt 0.016810 0.574863
vt 0.016810 0.523318
vt 0.049721 0.344447
vt 0.016810 0.568440
vt 0.049721 0.350870
vt 0.016810 0.562017
vt 0.016810 0.517980
vt 0.049721 0.357293
vt 0.016810 0.555594
vt 0.049721 0.363716
vt 0.016810 0.549171
vt 0.049721 0.370139
vt 0.016810 0.542748
vt 0.016810 0.512482
vt 0.049721 0.376562
vt 0.016810 0.536325
vt 0.049721 0.382985
vt 0.016810 0.529902
vt 0.049721 0.389408
vt 0.016810 0.506984
vt 0.049721 0.395831
vt 0.049721 0.402254
vt 0.049721 0.408677
vt 0.016810 0.501646
vt 0.049721 0.415100
vt 0.049721 0.421523
vt 0.049721 0.473068
vt 0.049721 0.427946
vt 0.049721 0.434369
vt 0.049721 0.478407
vt 0.049721 0.440792
vt 0.290282 0.646769
vt 0.306638 0.657117
vt 0.300250 0.670817
vt 0.297931 0.575485
vt 0.294240 0.571909
vt 0.299070 0.573365
vt 0.301123 0.577908
vt 0.302939 0.576427
vt 0.303063 0.581391
vt 0.305252 0.580659
vt 0.303769 0.585478
vt 0.306098 0.585348
vt 0.303548 0.589743
vt 0.305836 0.590187
vt 0.302391 0.593573
vt 0.304390 0.594680
vt 0.300004 0.596722
vt 0.301503 0.598421
vt 0.296709 0.598887
vt 0.297582 0.600916
vt 0.292852 0.599952
vt 0.293238 0.602105
vt 0.286662 0.600416
vt 0.286774 0.602626
vt 0.280258 0.600548
vt 0.280291 0.602777
vt 0.273786 0.600585
vt 0.273795 0.602822
vt 0.267289 0.600595
vt 0.267292 0.602835
vt 0.260785 0.600598
vt 0.260786 0.602839
vt 0.254279 0.600599
vt 0.254279 0.602841
vt 0.247771 0.600599
vt 0.247771 0.602841
vt 0.241264 0.600600
vt 0.241264 0.602841
vt 0.234756 0.600599
vt 0.234756 0.602841
vt 0.228248 0.600599
vt 0.228248 0.602841
vt 0.221740 0.600599
vt 0.221740 0.602841
vt 0.215232 0.600599
vt 0.215232 0.602841
vt 0.208724 0.600599
vt 0.208724 0.602841
vt 0.202217 0.600599
vt 0.202217 0.602841
vt 0.195709 0.600599
vt 0.195709 0.602841
vt 0.189201 0.600599
vt 0.189201 0.602841
vt 0.182693 0.600599
vt 0.182693 0.602841
vt 0.176185 0.600599
vt 0.176185 0.602841
vt 0.169678 0.600599
vt 0.169678 0.602841
vt 0.163170 0.600599
vt 0.163170 0.602841
vt 0.156662 0.600599
vt 0.156662 0.602840
vt 0.150155 0.600599
vt 0.150155 0.602840
vt 0.143647 0.600599
vt 0.143647 0.602840
vt 0.137139 0.600598
vt 0.137139 0.602840
vt 0.130631 0.600597
vt 0.130631 0.602839
vt 0.124122 0.600595
vt 0.124121 0.602838
vt 0.117611 0.600586
vt 0.117606 0.602832
vt 0.111094 0.600559
vt 0.111079 0.602813
vt 0.104562 0.600477
vt 0.104512 0.602751
vt 0.097995 0.600219
vt 0.097834 0.602550
vt 0.091483 0.599558
vt 0.090982 0.601873
vt 0.087435 0.598390
vt 0.086416 0.600504
vt 0.084037 0.596274
vt 0.082390 0.597874
vt 0.081830 0.593049
vt 0.079719 0.593906
vt 0.080976 0.589025
vt 0.078645 0.589264
vt 0.081004 0.584701
vt 0.078661 0.584363
vt 0.081980 0.580777
vt 0.079912 0.579700
vt 0.084378 0.577560
vt 0.082842 0.575799
vt 0.087825 0.575394
vt 0.086963 0.573265
vt 0.091919 0.574357
vt 0.091537 0.572127
vt 0.290282 0.621808
vt 0.306638 0.632156
vt 0.300250 0.645856
vt 0.087744 0.567182
vt 0.091375 0.570613
vt 0.086764 0.569325
vt 0.084289 0.565129
vt 0.082670 0.566769
vt 0.082007 0.561940
vt 0.079908 0.562845
vt 0.081066 0.557922
vt 0.078733 0.558211
vt 0.081003 0.553585
vt 0.078645 0.553295
vt 0.081899 0.549627
vt 0.079800 0.548591
vt 0.084238 0.546348
vt 0.082657 0.544611
vt 0.087656 0.544102
vt 0.086746 0.541972
vt 0.091758 0.542994
vt 0.091345 0.540734
vt 0.104662 0.571265
vt 0.098099 0.571117
vt 0.098216 0.568857
vt 0.297941 0.543872
vt 0.294229 0.540336
vt 0.299087 0.541756
vt 0.301133 0.546346
vt 0.302962 0.544864
vt 0.303091 0.549834
vt 0.305284 0.549102
vt 0.303799 0.553930
vt 0.306130 0.553799
vt 0.303581 0.558200
vt 0.305871 0.558643
vt 0.302427 0.562034
vt 0.304427 0.563140
vt 0.300040 0.565186
vt 0.301542 0.566884
vt 0.296745 0.567354
vt 0.297620 0.569384
vt 0.292887 0.568423
vt 0.293275 0.570576
vt 0.280391 0.571508
vt 0.287070 0.571601
vt 0.286985 0.573965
vt 0.305978 0.483950
vt 0.308197 0.488627
vt 0.305978 0.488409
vt 0.308197 0.519536
vt 0.305978 0.524213
vt 0.305978 0.519755
vt 0.016810 0.748039
vt 0.049721 0.273634
vt 0.016810 0.273634
vt 0.049721 0.350871
vt 0.100666 0.470574
vt 0.120083 0.472804
vt 0.113611 0.472804
vt 0.016810 0.696899
vt 0.049721 0.344448
vt 0.049721 0.357294
vt 0.016810 0.690476
vt 0.049721 0.696899
vt 0.049721 0.690476
vt 0.197749 0.508608
vt 0.191277 0.508608
vt 0.089075 0.507397
vt 0.016810 0.742779
vt 0.097966 0.568896
vt 0.104475 0.571292
vt 0.097880 0.571185
vt 0.016810 0.344448
vt 0.016810 0.350871
vt 0.016810 0.357294
vt 0.016810 0.363717
vt 0.290282 0.622370
vt 0.303607 0.644174
vt 0.284273 0.647205
vt 0.293564 0.574920
vt 0.298426 0.573818
vt 0.297518 0.575881
vt 0.302346 0.576593
vt 0.300688 0.578224
vt 0.304960 0.580695
vt 0.302798 0.581633
vt 0.306001 0.585448
vt 0.303644 0.585705
vt 0.305844 0.590302
vt 0.303567 0.589985
vt 0.304574 0.594774
vt 0.302525 0.593843
vt 0.301875 0.598625
vt 0.300229 0.597044
vt 0.298005 0.601346
vt 0.296951 0.599313
vt 0.293533 0.602726
vt 0.293045 0.600467
vt 0.286853 0.603325
vt 0.286726 0.601037
vt 0.280256 0.603446
vt 0.280233 0.601192
vt 0.273734 0.603444
vt 0.273739 0.601203
vt 0.267234 0.603409
vt 0.267247 0.601173
vt 0.260743 0.603365
vt 0.260759 0.601130
vt 0.254255 0.603318
vt 0.254271 0.601083
vt 0.247767 0.603270
vt 0.247784 0.601036
vt 0.241280 0.603222
vt 0.241296 0.600988
vt 0.234793 0.603175
vt 0.234809 0.600941
vt 0.228308 0.603129
vt 0.228323 0.600896
vt 0.221828 0.603086
vt 0.221842 0.600855
vt 0.215353 0.603051
vt 0.215364 0.600819
vt 0.208878 0.603025
vt 0.208884 0.600793
vt 0.202398 0.603014
vt 0.202400 0.600778
vt 0.195905 0.603022
vt 0.195901 0.600784
vt 0.189406 0.603035
vt 0.189401 0.600796
vt 0.182905 0.603052
vt 0.182899 0.600812
vt 0.176401 0.603073
vt 0.176394 0.600832
vt 0.169890 0.603097
vt 0.169881 0.600854
vt 0.163377 0.603122
vt 0.163368 0.600878
vt 0.156864 0.603147
vt 0.156855 0.600904
vt 0.150351 0.603172
vt 0.150342 0.600929
vt 0.143837 0.603198
vt 0.143829 0.600954
vt 0.137325 0.603223
vt 0.137316 0.600980
vt 0.130813 0.603249
vt 0.130803 0.601006
vt 0.124304 0.603276
vt 0.124295 0.601034
vt 0.117796 0.603303
vt 0.117787 0.601061
vt 0.111284 0.603324
vt 0.111282 0.601081
vt 0.104761 0.603315
vt 0.104782 0.601071
vt 0.098216 0.603202
vt 0.098315 0.600960
vt 0.091628 0.602743
vt 0.092004 0.600504
vt 0.087035 0.601615
vt 0.087894 0.599477
vt 0.082894 0.599084
vt 0.084430 0.597313
vt 0.079944 0.595179
vt 0.082015 0.594094
vt 0.078675 0.590506
vt 0.081025 0.590160
vt 0.078645 0.585590
vt 0.080984 0.585822
vt 0.079709 0.580930
vt 0.081829 0.581784
vt 0.082377 0.576942
vt 0.084034 0.578542
vt 0.086408 0.574291
vt 0.087437 0.576409
vt 0.090985 0.572901
vt 0.091497 0.575224
vt 0.116036 0.672166
vt 0.102710 0.650362
vt 0.122044 0.647331
vt 0.091190 0.540732
vt 0.087740 0.544232
vt 0.086658 0.542179
vt 0.084453 0.546542
vt 0.082784 0.544962
vt 0.082171 0.549778
vt 0.080106 0.548855
vt 0.081141 0.553665
vt 0.078838 0.553344
vt 0.081037 0.558057
vt 0.078645 0.558285
vt 0.081788 0.562120
vt 0.079649 0.563096
vt 0.084018 0.565421
vt 0.082432 0.567126
vt 0.087345 0.567608
vt 0.086480 0.569723
vt 0.091407 0.568574
vt 0.091069 0.570842
vt 0.286588 0.542374
vt 0.280199 0.540015
vt 0.286694 0.540167
vt 0.293919 0.570458
vt 0.297544 0.566767
vt 0.298694 0.568910
vt 0.300924 0.564342
vt 0.302695 0.565930
vt 0.303125 0.560974
vt 0.305278 0.561793
vt 0.303868 0.557005
vt 0.306194 0.557152
vt 0.303640 0.552692
vt 0.305979 0.552268
vt 0.302550 0.548736
vt 0.304582 0.547632
vt 0.300189 0.545667
vt 0.301609 0.543918
vt 0.296789 0.543786
vt 0.297562 0.541708
vt 0.292812 0.542815
vt 0.293164 0.540641
vt 0.097865 0.572192
vt 0.104593 0.574277
vt 0.098038 0.574537
vt 0.922393 0.402113
vt 0.929825 0.455101
vt 0.916225 0.498006
vt 0.840042 0.519944
vt 0.829770 0.462748
vt 0.842873 0.416655
vt 0.849038 0.505007
vt 0.852951 0.414468
vt 0.856112 0.506229
vt 0.906319 0.500789
vt 0.914190 0.519639
vt 0.912401 0.413279
vt 0.901592 0.495081
vt 0.900727 0.425153
vt 0.900823 0.419296
vt 0.874047 0.481751
vt 0.886892 0.436059
vt 0.887045 0.483449
vt 0.871713 0.435364
vt 0.864849 0.441392
vt 0.859074 0.427465
vt 0.888811 0.482480
vt 0.895596 0.476649
vt 0.900927 0.490038
vt 0.872854 0.481277
vt 0.888076 0.436543
vt 0.858542 0.422057
vt 0.860857 0.492298
vt 0.860999 0.497988
vt 0.892235 0.475845
vt 0.897202 0.443027
vt 0.893550 0.443064
vt 0.867436 0.475019
vt 0.868286 0.442171
vt 0.863850 0.475117
vt 0.766903 0.530999
vt 0.756134 0.534666
vt 0.753859 0.529067
vt 0.723385 0.603007
vt 0.696137 0.622579
vt 0.704192 0.596971
vt 0.488939 0.422225
vt 0.467914 0.479927
vt 0.467914 0.422225
vt 0.442561 0.582129
vt 0.463586 0.500585
vt 0.463586 0.582129
vt 0.699940 0.405525
vt 0.706244 0.430813
vt 0.728930 0.585439
vt 0.710594 0.521778
vt 0.698310 0.522304
vt 0.701265 0.520006
vt 0.727564 0.582085
vt 0.709891 0.578850
vt 0.712420 0.576847
vt 0.783219 0.453306
vt 0.789281 0.452955
vt 0.696280 0.458123
vt 0.692545 0.458393
vt 0.764739 0.604423
vt 0.735748 0.610727
vt 0.742052 0.604423
vt 0.728930 0.604423
vt 0.699940 0.610727
vt 0.706244 0.604423
vt 0.742052 0.411829
vt 0.771043 0.405524
vt 0.764739 0.411829
vt 0.706244 0.411829
vt 0.735234 0.405524
vt 0.728930 0.411829
vt 0.735748 0.405525
vt 0.742052 0.430813
vt 0.764739 0.585439
vt 0.925929 0.345003
vt 0.924165 0.342722
vt 0.926849 0.341334
vt 0.914331 0.341410
vt 0.920447 0.350809
vt 0.915250 0.345080
vt 0.906009 0.343483
vt 0.902102 0.343864
vt 0.901343 0.341117
vt 0.944055 0.347270
vt 0.937360 0.338321
vt 0.940171 0.339194
vt 0.688773 0.645993
vt 0.709647 0.646688
vt 0.707967 0.652030
vt 0.467914 0.636029
vt 0.488939 0.619020
vt 0.488939 0.636029
vt 0.577674 0.400819
vt 0.635490 0.441592
vt 0.635490 0.523299
vt 0.463586 0.426027
vt 0.442561 0.443037
vt 0.442561 0.426027
vt 0.442561 0.639832
vt 0.463586 0.639832
vt 0.729085 0.584887
vt 0.488939 0.479927
vt 0.467914 0.561472
vt 0.910094 0.286925
vt 0.907213 0.332775
vt 0.909553 0.263136
vt 0.906797 0.351225
vt 0.944055 0.271425
vt 0.935273 0.263136
vt 0.920737 0.350725
vt 0.928760 0.273856
vt 0.917016 0.342799
vt 0.920447 0.263136
vt 0.921961 0.276655
vt 0.920737 0.263136
vt 0.923168 0.271149
vt 0.917933 0.270917
vt 0.917042 0.277025
vt 0.919401 0.276826
vt 0.940802 0.276700
vt 0.937278 0.278044
vt 0.940551 0.279602
vt 0.904162 0.281297
vt 0.899224 0.279233
vt 0.902875 0.282065
vt 0.923732 0.345365
vt 0.923078 0.342804
vt 0.917995 0.343072
vt 0.917446 0.345206
vt 0.941440 0.340146
vt 0.941170 0.342165
vt 0.902701 0.338830
vt 0.900798 0.339763
vt 0.940514 0.327148
vt 0.932586 0.287610
vt 0.937836 0.285864
vt 0.919609 0.333266
vt 0.914020 0.283248
vt 0.917488 0.330346
vt 0.910821 0.289584
vt 0.916001 0.289998
vt 0.938816 0.341945
vt 0.942844 0.331281
vt 0.937690 0.286766
vt 0.907340 0.271068
vt 0.907892 0.277995
vt 0.910094 0.278292
vt 0.913831 0.281099
vt 0.910384 0.279148
vt 0.913682 0.282207
vt 0.934248 0.280000
vt 0.931080 0.272003
vt 0.934262 0.277182
vt 0.927518 0.282035
vt 0.924137 0.277009
vt 0.927337 0.281241
vt 0.905101 0.341754
vt 0.903842 0.344917
vt 0.916007 0.338863
vt 0.913509 0.340503
vt 0.939136 0.335715
vt 0.936887 0.337432
vt 0.927761 0.340436
vt 0.925253 0.338760
vt 0.926953 0.334136
vt 0.921455 0.285821
vt 0.899383 0.330411
vt 0.901300 0.289515
vt 0.930394 0.331149
vt 0.924875 0.289886
vt 0.930024 0.289590
vt 0.912416 0.273866
vt 0.853731 0.256895
vt 0.854688 0.297135
vt 0.853731 0.298135
vt 0.856898 0.258260
vt 0.859810 0.298135
vt 0.858853 0.297135
vt 0.857421 0.297252
vt 0.859810 0.256895
vt 0.857742 0.258254
vt 0.859730 0.258710
vt 0.859730 0.296852
vt 0.855799 0.258254
vt 0.853811 0.296852
vt 0.856120 0.297252
vt 0.853811 0.258710
vt 0.857774 0.291654
vt 0.857280 0.321912
vt 0.857592 0.322441
vt 0.857747 0.292408
vt 0.856897 0.322441
vt 0.856742 0.292408
vt 0.856336 0.321920
vt 0.857209 0.321912
vt 0.856715 0.291654
vt 0.856888 0.321725
vt 0.856717 0.292660
vt 0.856336 0.292408
vt 0.857601 0.321725
vt 0.858153 0.321920
vt 0.857772 0.292660
vt 0.850559 0.298209
vt 0.852953 0.257780
vt 0.850559 0.256895
vt 0.853476 0.296841
vt 0.851518 0.257896
vt 0.850639 0.296390
vt 0.850639 0.258180
vt 0.868443 0.309594
vt 0.857554 0.306011
vt 0.857562 0.306034
vt 0.857620 0.306054
vt 0.868443 0.302408
vt 0.857670 0.306033
vt 0.846925 0.302540
vt 0.861450 0.358478
vt 0.858327 0.253611
vt 0.859496 0.254272
vt 0.859414 0.251703
vt 0.861368 0.361163
vt 0.859956 0.358456
vt 0.861450 0.253561
vt 0.861339 0.357566
vt 0.859186 0.291654
vt 0.859729 0.322099
vt 0.860032 0.321569
vt 0.859579 0.292407
vt 0.859163 0.321583
vt 0.859163 0.292401
vt 0.859707 0.321385
vt 0.930790 0.279134
vt 0.904011 0.273715
vt 0.862781 0.646506
vt 0.923810 0.641696
vt 0.442561 0.500585
vt 0.463586 0.443037
vt 0.488939 0.561472
vt 0.467914 0.619020
vt 0.715331 0.628616
vt 0.690453 0.640651
vt 0.577674 0.523605
vt 0.635490 0.605311
vt 0.594717 0.646085
vt 0.918504 0.914562
vt 0.855005 0.978061
vt 0.855005 0.914562
vt 0.918504 0.837097
vt 0.855005 0.900596
vt 0.855005 0.837097
vt 0.527429 0.949013
vt 0.550216 0.870124
vt 0.578642 0.899566
vt 0.995969 0.837097
vt 0.932470 0.900596
vt 0.932470 0.837097
vt 0.918504 0.682167
vt 0.855005 0.745666
vt 0.855005 0.682167
vt 0.918504 0.759632
vt 0.855005 0.823131
vt 0.855005 0.759632
vt 0.777540 0.900596
vt 0.777540 0.907579
vt 0.770557 0.900596
vt 0.918504 0.675184
vt 0.925487 0.682167
vt 0.777540 0.837097
vt 0.770557 0.837097
vt 0.777540 0.830114
vt 0.925487 0.745666
vt 0.918504 0.752649
vt 0.918504 0.745666
vt 0.841039 0.900596
vt 0.848022 0.900596
vt 0.841039 0.907579
vt 0.925487 0.914562
vt 0.918504 0.907579
vt 0.841039 0.837097
vt 0.841039 0.830114
vt 0.848022 0.837097
vt 0.925487 0.823131
vt 0.918504 0.830114
vt 0.918504 0.823131
vt 0.855005 0.675184
vt 0.925487 0.759632
vt 0.918504 0.900596
vt 0.925487 0.978061
vt 0.525092 0.795426
vt 0.549416 0.771941
vt 0.623186 0.799670
vt 0.674400 0.750223
vt 0.651613 0.829112
vt 0.676737 0.903810
vt 0.652413 0.927295
vt 0.366068 0.851403
vt 0.406498 0.851444
vt 0.368117 0.854198
vt 0.637153 0.952865
vt 0.654180 0.936426
vt 0.319782 0.925655
vt 0.319061 0.922783
vt 0.343990 0.937706
vt 0.685800 0.905896
vt 0.701060 0.880325
vt 0.702827 0.889457
vt 0.661477 0.929380
vt 0.678503 0.912941
vt 0.374709 0.874379
vt 0.346735 0.876554
vt 0.365344 0.867653
vt 0.375114 0.862611
vt 0.405867 0.862643
vt 0.376672 0.864738
vt 0.371099 0.863106
vt 0.359771 0.863684
vt 0.368570 0.860464
vt 0.371044 0.857867
vt 0.406531 0.857903
vt 0.372843 0.860321
vt 0.366130 0.857371
vt 0.353223 0.858030
vt 0.363249 0.854361
vt 0.375161 0.867151
vt 0.372969 0.864862
vt 0.367064 0.891175
vt 0.317285 0.909058
vt 0.338299 0.873955
vt 0.370577 0.871446
vt 0.356203 0.817127
vt 0.430758 0.815888
vt 0.367610 0.836539
vt 0.424320 0.835597
vt 0.362386 0.827783
vt 0.427824 0.826696
vt 0.365535 0.866873
vt 0.328760 0.869732
vt 0.337592 0.929344
vt 0.292377 0.930508
vt 0.304819 0.909725
vt 0.413186 0.883442
vt 0.397648 0.929595
vt 0.410954 0.886982
vt 0.399135 0.922088
vt 0.361532 0.889351
vt 0.371664 0.891477
vt 0.328525 0.906974
vt 0.349733 0.853709
vt 0.340187 0.910298
vt 0.340187 0.853709
vt 0.350111 0.853709
vt 0.359657 0.910298
vt 0.350111 0.910298
vt 0.331816 0.945351
vt 0.304423 0.935247
vt 0.307197 0.930614
vt 0.573740 0.748456
vt 0.540352 0.769855
vt 0.547650 0.762810
vt 0.346050 0.926277
vt 0.306365 0.927300
vt 0.335560 0.829432
vt 0.368571 0.860457
vt 0.412401 0.885989
vt 0.398763 0.926498
vt 0.380463 0.781571
vt 0.452521 0.783993
vt 0.386063 0.809494
vt 0.440874 0.811336
vt 0.383679 0.796575
vt 0.446926 0.798700
vt 0.353453 0.921897
vt 0.439998 0.806698
vt 0.402617 0.785233
vt 0.407256 0.784357
vt 0.451369 0.777895
vt 0.402226 0.749676
vt 0.408323 0.748524
vt 0.445915 0.793348
vt 0.402781 0.768580
vt 0.408133 0.767569
vt 0.293325 0.934284
vt 0.325150 0.950127
vt 0.335130 0.944519
vt 0.020871 0.924022
vt 0.071593 0.980611
vt 0.020871 0.980611
vt 0.101268 0.922069
vt 0.151990 0.978658
vt 0.101268 0.978658
vt 0.175805 0.918162
vt 0.226527 0.974751
vt 0.175805 0.974751
vt 0.456897 0.769794
vt 0.302641 0.982369
vt 0.316095 0.947915
vt 0.321374 0.951075
vt 0.369582 0.904431
vt 0.360036 0.853709
vt 0.369582 0.853709
vt 0.450767 0.786237
vt 0.290754 0.958081
vt 0.311831 0.933387
vt 0.295388 0.960854
vt 0.274592 0.965578
vt 0.298604 0.937444
vt 0.279871 0.968738
vt 0.290165 0.939563
vt 0.315374 0.972818
vt 0.327183 0.942578
vt 0.444203 0.800535
vt 0.363250 0.854354
vt 0.270816 0.817661
vt 0.325640 0.819007
vt 0.372970 0.864856
vt 0.302661 0.836946
vt 0.344362 0.837969
vt 0.622093 0.284091
vt 0.750696 0.219790
vt 0.750696 0.284091
vt 0.297015 0.174190
vt 0.202309 0.134033
vt 0.296863 0.133635
vt 0.622093 0.091188
vt 0.750696 0.026887
vt 0.750696 0.091188
vt 0.814997 0.091188
vt 0.814997 0.219790
vt 0.557792 0.219790
vt 0.622093 0.219790
vt 0.112466 0.174216
vt 0.112466 0.203680
vt 0.074783 0.203680
vt 0.677376 0.181477
vt 0.680789 0.184952
vt 0.074783 0.113182
vt 0.112466 0.141807
vt 0.074783 0.141807
vt 0.042555 0.174318
vt 0.071354 0.203701
vt 0.033539 0.233041
vt 0.074865 0.049250
vt 0.112374 0.080074
vt 0.074875 0.080074
vt 0.297736 0.079956
vt 0.206381 0.035887
vt 0.298548 0.037656
vt 0.080885 0.085308
vt 0.083169 0.083025
vt 0.074862 0.019786
vt 0.112384 0.049250
vt 0.203336 0.183358
vt 0.200948 0.230412
vt 0.195389 0.180133
vt 0.296869 0.127228
vt 0.202881 0.084563
vt 0.297585 0.086378
vt 0.198699 0.179993
vt 0.194474 0.130563
vt 0.104080 0.108526
vt 0.106363 0.106243
vt 0.112357 0.110599
vt 0.458733 0.151474
vt 0.463208 0.174554
vt 0.457471 0.161950
vt 0.198449 0.080808
vt 0.198719 0.030836
vt 0.197783 0.130525
vt 0.195050 0.080686
vt 0.504994 0.053781
vt 0.431307 0.069193
vt 0.428581 0.064523
vt 0.358698 0.062075
vt 0.421978 0.145343
vt 0.361742 0.207596
vt 0.095989 0.403228
vt 0.074478 0.358979
vt 0.095988 0.358979
vt 0.417525 0.076364
vt 0.411305 0.142245
vt 0.371926 0.158392
vt 0.399154 0.070815
vt 0.365349 0.158529
vt 0.095989 0.407581
vt 0.074480 0.447292
vt 0.074479 0.407581
vt 0.218249 0.383630
vt 0.255032 0.374057
vt 0.255032 0.383630
vt 0.357981 0.182035
vt 0.370917 0.172380
vt 0.405899 0.249117
vt 0.736302 0.129391
vt 0.732937 0.126026
vt 0.480169 0.213512
vt 0.436822 0.169735
vt 0.432000 0.152167
vt 0.458115 0.137726
vt 0.441700 0.134998
vt 0.458518 0.133446
vt 0.082814 0.384904
vt 0.090033 0.417999
vt 0.086704 0.418386
vt 0.470913 0.199554
vt 0.425047 0.148709
vt 0.470913 0.148708
vt 0.470912 0.092619
vt 0.425046 0.042412
vt 0.470911 0.042411
vt 0.095988 0.354626
vt 0.074478 0.314916
vt 0.095988 0.314914
vt 0.585523 0.298780
vt 0.572810 0.339405
vt 0.572810 0.333597
vt 0.470914 0.204555
vt 0.425049 0.250185
vt 0.425048 0.204556
vt 0.080032 0.313408
vt 0.081889 0.347873
vt 0.078416 0.347506
vt 0.470913 0.143707
vt 0.425047 0.098078
vt 0.470912 0.098076
vt 0.457990 0.205274
vt 0.416451 0.239856
vt 0.426567 0.213250
vt 0.080786 0.310136
vt 0.090456 0.280877
vt 0.084064 0.310835
vt 0.428653 0.119725
vt 0.424454 0.147820
vt 0.425554 0.118962
vt 0.463312 0.099800
vt 0.443923 0.027014
vt 0.482793 0.039591
vt 0.431472 0.165065
vt 0.397546 0.142906
vt 0.433169 0.162148
vt 0.377612 0.195820
vt 0.409270 0.190906
vt 0.435298 0.157772
vt 0.421679 0.093526
vt 0.460550 0.106102
vt 0.460336 0.204264
vt 0.078859 0.350834
vt 0.085720 0.380876
vt 0.082391 0.381264
vt 0.431462 0.172671
vt 0.450644 0.203519
vt 0.513534 0.205722
vt 0.456693 0.122810
vt 0.516842 0.059421
vt 0.464762 0.205292
vt 0.506238 0.239856
vt 0.463722 0.238526
vt 0.461076 0.238443
vt 0.459043 0.238508
vt 0.462187 0.340931
vt 0.447313 0.367462
vt 0.460044 0.340300
vt 0.341454 0.328528
vt 0.334011 0.329472
vt 0.337416 0.325739
vt 0.463418 0.326931
vt 0.478136 0.300273
vt 0.465455 0.327534
vt 0.456046 0.333277
vt 0.429325 0.318495
vt 0.456631 0.331063
vt 0.413560 0.191037
vt 0.469704 0.334559
vt 0.496386 0.349480
vt 0.469025 0.336736
vt 0.524099 0.374222
vt 0.536812 0.333597
vt 0.536812 0.339405
vt 0.467345 0.328534
vt 0.487763 0.307003
vt 0.468826 0.330204
vt 0.494703 0.316338
vt 0.469653 0.332299
vt 0.498308 0.327255
vt 0.469226 0.369559
vt 0.458125 0.369474
vt 0.464336 0.340994
vt 0.480179 0.366054
vt 0.466347 0.340217
vt 0.489586 0.359142
vt 0.467976 0.338737
vt 0.457586 0.329055
vt 0.436006 0.308850
vt 0.459129 0.327592
vt 0.445324 0.301909
vt 0.461140 0.326828
vt 0.456222 0.298350
vt 0.458094 0.339284
vt 0.437742 0.360668
vt 0.456723 0.337651
vt 0.430925 0.351311
vt 0.456108 0.335550
vt 0.427448 0.340483
vt 0.347990 0.346234
vt 0.342031 0.345653
vt 0.353563 0.344501
vt 0.353392 0.378831
vt 0.359352 0.379413
vt 0.347820 0.380564
vt 0.379586 0.325868
vt 0.408171 0.340953
vt 0.394606 0.354518
vt 0.345886 0.298243
vt 0.351832 0.293398
vt 0.351134 0.298372
vt 0.362864 0.321803
vt 0.364110 0.329013
vt 0.360427 0.325804
vt 0.330019 0.324126
vt 0.334528 0.321695
vt 0.333127 0.316678
vt 0.327931 0.310677
vt 0.333062 0.311265
vt 0.358870 0.332918
vt 0.356595 0.328481
vt 0.327995 0.317558
vt 0.351568 0.329612
vt 0.345781 0.334675
vt 0.346321 0.329705
vt 0.352336 0.334675
vt 0.341008 0.299305
vt 0.345257 0.293201
vt 0.363640 0.311468
vt 0.368796 0.317163
vt 0.363820 0.316758
vt 0.358094 0.295196
vt 0.356098 0.299599
vt 0.337073 0.302060
vt 0.338767 0.294850
vt 0.363286 0.298903
vt 0.359857 0.302338
vt 0.334337 0.306139
vt 0.333387 0.298658
vt 0.366782 0.304285
vt 0.362258 0.306449
vt 0.329700 0.304144
vt 0.339496 0.333062
vt 0.368595 0.310602
vt 0.367418 0.323512
vt 0.509462 0.052543
vt 0.428380 0.116405
vt 0.368568 0.052543
vt 0.439796 0.121547
vt 0.449257 0.150381
vt 0.371619 0.216839
vt 0.449214 0.150712
vt 0.506496 0.212382
vt 0.095987 0.310166
vt 0.074476 0.266473
vt 0.095986 0.266472
vt 0.255032 0.275476
vt 0.218249 0.285048
vt 0.218249 0.275476
vt 0.265855 0.372807
vt 0.256282 0.286298
vt 0.265855 0.286298
vt 0.207427 0.286298
vt 0.216999 0.372807
vt 0.207427 0.372807
vt 0.419882 0.067439
vt 0.426433 0.073943
vt 0.365590 0.165106
vt 0.427446 0.123637
vt 0.424917 0.123932
vt 0.376042 0.167556
vt 0.074478 0.354627
vt 0.083523 0.313370
vt 0.460763 0.205160
vt 0.432423 0.101548
vt 0.437298 0.176764
vt 0.432423 0.176538
vt 0.115885 0.203703
vt 0.116308 0.174613
vt 0.144541 0.174590
vt 0.429009 0.076188
vt 0.513697 0.069193
vt 0.451178 0.149042
vt 0.454733 0.120575
vt 0.454712 0.120931
vt 0.440641 0.167141
vt 0.429608 0.153146
vt 0.475348 0.217457
vt 0.095986 0.261724
vt 0.074478 0.310166
vt 0.425047 0.092620
vt 0.470911 0.036954
vt 0.086143 0.384517
vt 0.484247 0.032865
vt 0.445376 0.020286
vt 0.424441 0.087223
vt 0.087127 0.422026
vt 0.487570 0.097651
vt 0.493153 0.096185
vt 0.501107 0.141709
vt 0.256282 0.372807
vt 0.252015 0.289316
vt 0.221267 0.369790
vt 0.216999 0.286298
vt 0.221267 0.289316
vt 0.252015 0.369790
vt 0.218249 0.374057
vt 0.069373 0.148357
vt 0.069955 0.145181
vt 0.072470 0.147641
vt 0.114917 0.148015
vt 0.117420 0.145581
vt 0.117989 0.148735
vt 0.044811 0.147382
vt 0.041862 0.145276
vt 0.044348 0.144273
vt 0.145308 0.145752
vt 0.142375 0.147836
vt 0.142843 0.144751
vt 0.074783 0.145243
vt 0.112466 0.145243
vt 0.074892 0.110599
vt 0.148067 0.174304
vt 0.034047 0.203701
vt 0.029980 0.232976
vt 0.030545 0.203536
vt 0.152946 0.203807
vt 0.156419 0.203637
vt 0.039006 0.174021
vt 0.157138 0.232785
vt 0.153615 0.232869
vt 0.070989 0.174438
vt 0.074405 0.174304
vt 0.205524 0.226017
vt 0.206580 0.232361
vt 0.203017 0.176263
vt 0.202221 0.126919
vt 0.203124 0.077393
vt 0.298180 0.220657
vt 0.297167 0.180550
vt 0.395892 0.087375
vt 0.396872 0.216329
vt 0.383208 0.073725
vt 0.700316 0.386700
vt 0.735496 0.373358
vt 0.737045 0.377783
vt 0.083047 0.524213
vt 0.080829 0.488627
vt 0.083896 0.515489
vt 0.078645 0.519087
vt 0.079653 0.514187
vt 0.081836 0.514636
vt 0.086312 0.511873
vt 0.084736 0.510297
vt 0.083497 0.508443
vt 0.087837 0.505543
vt 0.089928 0.509457
vt 0.093975 0.506390
vt 0.093972 0.504160
vt 0.100663 0.504150
vt 0.094194 0.508608
vt 0.100666 0.506379
vt 0.107138 0.506379
vt 0.107138 0.504150
vt 0.113610 0.504150
vt 0.100666 0.508608
vt 0.107138 0.508608
vt 0.113610 0.506379
vt 0.113610 0.508608
vt 0.120083 0.508608
vt 0.120083 0.506379
vt 0.120083 0.504150
vt 0.126555 0.504150
vt 0.126555 0.508608
vt 0.126555 0.506379
vt 0.133027 0.506379
vt 0.133027 0.504150
vt 0.139499 0.504150
vt 0.139499 0.506379
vt 0.133027 0.508608
vt 0.139499 0.508608
vt 0.145971 0.506379
vt 0.145971 0.504150
vt 0.152444 0.504150
vt 0.145971 0.508608
vt 0.152444 0.506379
vt 0.158916 0.506379
vt 0.158916 0.504150
vt 0.165388 0.504150
vt 0.165388 0.506379
vt 0.152444 0.508608
vt 0.158916 0.508608
vt 0.171860 0.506379
vt 0.171860 0.504150
vt 0.178332 0.504150
vt 0.165388 0.508608
vt 0.178332 0.506379
vt 0.184804 0.506379
vt 0.184804 0.504150
vt 0.191277 0.504150
vt 0.191277 0.506379
vt 0.171860 0.508608
vt 0.178332 0.508608
vt 0.197749 0.506379
vt 0.197749 0.504150
vt 0.204221 0.504150
vt 0.184804 0.508608
vt 0.204221 0.506379
vt 0.210693 0.506379
vt 0.210693 0.504150
vt 0.217165 0.504150
vt 0.217165 0.506379
vt 0.223638 0.506379
vt 0.223638 0.504150
vt 0.230110 0.504150
vt 0.204221 0.508608
vt 0.230110 0.506379
vt 0.236582 0.506379
vt 0.236582 0.504150
vt 0.243054 0.504150
vt 0.243054 0.506379
vt 0.210693 0.508608
vt 0.217165 0.508608
vt 0.249526 0.506379
vt 0.249526 0.504150
vt 0.255998 0.504150
vt 0.223638 0.508608
vt 0.255998 0.506379
vt 0.262471 0.506379
vt 0.262471 0.504150
vt 0.268943 0.504150
vt 0.268943 0.506379
vt 0.230110 0.508608
vt 0.236582 0.508608
vt 0.275415 0.506379
vt 0.275415 0.504149
vt 0.281887 0.504149
vt 0.243054 0.508608
vt 0.281887 0.506379
vt 0.288359 0.506379
vt 0.288363 0.504150
vt 0.295054 0.504160
vt 0.295050 0.506390
vt 0.249526 0.508608
vt 0.299950 0.507397
vt 0.301189 0.505543
vt 0.305528 0.508443
vt 0.304290 0.510297
vt 0.255998 0.508608
vt 0.307189 0.514636
vt 0.309373 0.514187
vt 0.310380 0.519087
vt 0.262471 0.508608
vt 0.268943 0.508608
vt 0.308197 0.524432
vt 0.310380 0.524881
vt 0.309373 0.529781
vt 0.275415 0.508608
vt 0.281887 0.508608
vt 0.307189 0.529332
vt 0.304290 0.533671
vt 0.305528 0.535525
vt 0.301189 0.538425
vt 0.288359 0.508608
vt 0.294832 0.508608
vt 0.299950 0.536571
vt 0.295050 0.537578
vt 0.295054 0.539808
vt 0.288363 0.539818
vt 0.299097 0.509457
vt 0.302713 0.511873
vt 0.305130 0.515489
vt 0.281887 0.537589
vt 0.281887 0.539818
vt 0.275415 0.539818
vt 0.275415 0.537589
vt 0.268943 0.537589
vt 0.268943 0.539818
vt 0.262471 0.539818
vt 0.262471 0.537589
vt 0.255998 0.537589
vt 0.255998 0.539818
vt 0.249526 0.539818
vt 0.249526 0.537589
vt 0.243054 0.537589
vt 0.243054 0.539818
vt 0.236582 0.539818
vt 0.236582 0.537589
vt 0.230110 0.537589
vt 0.230110 0.539818
vt 0.223638 0.539818
vt 0.223638 0.537589
vt 0.217165 0.537589
vt 0.217165 0.539818
vt 0.210693 0.539818
vt 0.210693 0.537589
vt 0.204221 0.537589
vt 0.204221 0.539818
vt 0.197749 0.539818
vt 0.197749 0.537589
vt 0.191277 0.537589
vt 0.191277 0.539818
vt 0.184804 0.539818
vt 0.184804 0.537589
vt 0.178332 0.537589
vt 0.178332 0.539818
vt 0.171860 0.539818
vt 0.171860 0.537589
vt 0.165388 0.537589
vt 0.165388 0.539818
vt 0.158916 0.539818
vt 0.158916 0.537589
vt 0.152444 0.537589
vt 0.152444 0.539818
vt 0.145971 0.539818
vt 0.145971 0.537589
vt 0.139499 0.537589
vt 0.139499 0.539818
vt 0.133027 0.539818
vt 0.133027 0.537589
vt 0.126555 0.537589
vt 0.126555 0.539818
vt 0.120083 0.539818
vt 0.120083 0.537589
vt 0.113610 0.537589
vt 0.113610 0.539818
vt 0.107138 0.539818
vt 0.107138 0.537589
vt 0.100666 0.537589
vt 0.100663 0.539818
vt 0.093972 0.539808
vt 0.093975 0.537578
vt 0.089075 0.536571
vt 0.087837 0.538425
vt 0.083497 0.535525
vt 0.084736 0.533671
vt 0.081836 0.529332
vt 0.079653 0.529781
vt 0.078645 0.524881
vt 0.083896 0.528479
vt 0.086312 0.532095
vt 0.089928 0.534511
vt 0.094194 0.535360
vt 0.100666 0.535360
vt 0.107138 0.535360
vt 0.113610 0.535360
vt 0.120083 0.535360
vt 0.126555 0.535360
vt 0.133027 0.535360
vt 0.139499 0.535360
vt 0.145971 0.535360
vt 0.152444 0.535360
vt 0.158916 0.535360
vt 0.165388 0.535360
vt 0.171860 0.535360
vt 0.178332 0.535360
vt 0.184804 0.535360
vt 0.191277 0.535360
vt 0.197749 0.535360
vt 0.204221 0.535360
vt 0.210693 0.535360
vt 0.217165 0.535360
vt 0.223638 0.535360
vt 0.305130 0.528479
vt 0.230110 0.535360
vt 0.302713 0.532095
vt 0.299097 0.534511
vt 0.236582 0.535360
vt 0.243054 0.535360
vt 0.294832 0.535360
vt 0.249526 0.535360
vt 0.255998 0.535360
vt 0.288359 0.535360
vt 0.281887 0.535360
vt 0.262471 0.535360
vt 0.223638 0.470574
vt 0.223638 0.468345
vt 0.230110 0.468345
vt 0.230110 0.470574
vt 0.210693 0.468345
vt 0.217165 0.468345
vt 0.217165 0.470574
vt 0.210693 0.470574
vt 0.197749 0.468345
vt 0.204221 0.468345
vt 0.204221 0.470574
vt 0.197749 0.470574
vt 0.184804 0.468345
vt 0.191277 0.468345
vt 0.191277 0.470574
vt 0.184804 0.470574
vt 0.171860 0.468345
vt 0.178332 0.468345
vt 0.178332 0.470574
vt 0.171860 0.470574
vt 0.158916 0.468345
vt 0.165388 0.468345
vt 0.165388 0.470574
vt 0.158916 0.470574
vt 0.145971 0.468345
vt 0.152444 0.468345
vt 0.152444 0.470574
vt 0.145971 0.470574
vt 0.133027 0.468345
vt 0.139499 0.468345
vt 0.139499 0.470574
vt 0.133027 0.470574
vt 0.120083 0.468345
vt 0.126555 0.468345
vt 0.126555 0.470574
vt 0.120083 0.470574
vt 0.107138 0.468345
vt 0.113610 0.468345
vt 0.113610 0.470574
vt 0.107138 0.470574
vt 0.093972 0.468356
vt 0.100663 0.468345
vt 0.093975 0.470585
vt 0.083497 0.472638
vt 0.087837 0.469739
vt 0.089075 0.471592
vt 0.084736 0.474492
vt 0.078645 0.483283
vt 0.079653 0.478382
vt 0.081836 0.478831
vt 0.083896 0.479684
vt 0.086312 0.476068
vt 0.089928 0.473652
vt 0.094194 0.472804
vt 0.100666 0.472804
vt 0.107138 0.472804
vt 0.113610 0.472804
vt 0.126555 0.472804
vt 0.133027 0.472804
vt 0.139499 0.472804
vt 0.145971 0.472804
vt 0.152444 0.472804
vt 0.158916 0.472804
vt 0.165388 0.472804
vt 0.171860 0.472804
vt 0.236582 0.470574
vt 0.236582 0.468345
vt 0.243054 0.468345
vt 0.178332 0.472804
vt 0.184804 0.472804
vt 0.243054 0.470574
vt 0.191277 0.472804
vt 0.197749 0.472804
vt 0.249526 0.470574
vt 0.249526 0.468345
vt 0.255998 0.468345
vt 0.204221 0.472804
vt 0.255998 0.470574
vt 0.262471 0.470574
vt 0.262471 0.468345
vt 0.268943 0.468345
vt 0.268943 0.470574
vt 0.210693 0.472804
vt 0.217165 0.472804
vt 0.275415 0.470574
vt 0.275415 0.468345
vt 0.281887 0.468345
vt 0.223638 0.472804
vt 0.281887 0.470574
vt 0.288359 0.470574
vt 0.288363 0.468345
vt 0.295054 0.468356
vt 0.295050 0.470585
vt 0.230110 0.472804
vt 0.299950 0.471592
vt 0.301189 0.469739
vt 0.305528 0.472638
vt 0.304290 0.474492
vt 0.236582 0.472804
vt 0.307189 0.478831
vt 0.309373 0.478382
vt 0.310380 0.483283
vt 0.308197 0.483732
vt 0.243054 0.472804
vt 0.249526 0.472804
vt 0.310380 0.489076
vt 0.309373 0.493976
vt 0.255998 0.472804
vt 0.262471 0.472804
vt 0.307189 0.493527
vt 0.304290 0.497867
vt 0.305528 0.499720
vt 0.301189 0.502620
vt 0.268943 0.472804
vt 0.275415 0.472804
vt 0.299950 0.500766
vt 0.295050 0.501774
vt 0.295054 0.504003
vt 0.288363 0.504014
vt 0.281887 0.472804
vt 0.288359 0.472804
vt 0.294832 0.472804
vt 0.299097 0.473652
vt 0.281887 0.501785
vt 0.281887 0.504014
vt 0.275415 0.504014
vt 0.275415 0.501785
vt 0.302713 0.476068
vt 0.305130 0.479684
vt 0.268943 0.501785
vt 0.268943 0.504014
vt 0.262471 0.504014
vt 0.262471 0.501785
vt 0.255998 0.501785
vt 0.255998 0.504014
vt 0.249526 0.504014
vt 0.249526 0.501785
vt 0.243054 0.501785
vt 0.243054 0.504014
vt 0.236582 0.504014
vt 0.236582 0.501785
vt 0.230110 0.501785
vt 0.230110 0.504014
vt 0.223638 0.504014
vt 0.223638 0.501785
vt 0.217165 0.501785
vt 0.217165 0.504014
vt 0.210693 0.504014
vt 0.210693 0.501785
vt 0.204221 0.501785
vt 0.204221 0.504014
vt 0.197749 0.504014
vt 0.197749 0.501785
vt 0.191277 0.501785
vt 0.191277 0.504014
vt 0.184804 0.504014
vt 0.184804 0.501785
vt 0.178332 0.501785
vt 0.178332 0.504014
vt 0.171860 0.504014
vt 0.171860 0.501785
vt 0.165388 0.501785
vt 0.165388 0.504014
vt 0.158916 0.504014
vt 0.158916 0.501785
vt 0.152444 0.501785
vt 0.152444 0.504014
vt 0.145971 0.504014
vt 0.145971 0.501785
vt 0.139499 0.501785
vt 0.139499 0.504014
vt 0.133027 0.504014
vt 0.133027 0.501785
vt 0.126555 0.501785
vt 0.126555 0.504014
vt 0.120083 0.504014
vt 0.120083 0.501785
vt 0.113610 0.501785
vt 0.113610 0.504014
vt 0.107138 0.504014
vt 0.107138 0.501785
vt 0.100666 0.501785
vt 0.100663 0.504014
vt 0.093972 0.504003
vt 0.093975 0.501774
vt 0.089075 0.500766
vt 0.087837 0.502620
vt 0.083497 0.499720
vt 0.084736 0.497867
vt 0.081836 0.493527
vt 0.079653 0.493976
vt 0.078645 0.489076
vt 0.083896 0.492674
vt 0.086312 0.496291
vt 0.089928 0.498707
vt 0.094194 0.499555
vt 0.100666 0.499555
vt 0.107138 0.499555
vt 0.113610 0.499555
vt 0.120083 0.499555
vt 0.126555 0.499555
vt 0.133027 0.499555
vt 0.139499 0.499555
vt 0.145971 0.499555
vt 0.152444 0.499555
vt 0.158916 0.499555
vt 0.165388 0.499555
vt 0.171860 0.499555
vt 0.178332 0.499555
vt 0.184804 0.499555
vt 0.191277 0.499555
vt 0.197749 0.499555
vt 0.204221 0.499555
vt 0.210693 0.499555
vt 0.217165 0.499555
vt 0.223638 0.499555
vt 0.230110 0.499555
vt 0.305130 0.492674
vt 0.236582 0.499555
vt 0.243054 0.499555
vt 0.302713 0.496291
vt 0.249526 0.499555
vt 0.255998 0.499555
vt 0.299097 0.498707
vt 0.294832 0.499555
vt 0.262471 0.499555
vt 0.268943 0.499555
vt 0.288359 0.499555
vt 0.098204 0.542448
vt 0.098075 0.540177
vt 0.104694 0.542270
vt 0.104656 0.540018
vt 0.111196 0.542217
vt 0.111185 0.539973
vt 0.117700 0.542201
vt 0.117697 0.539960
vt 0.124205 0.542197
vt 0.124204 0.539956
vt 0.130710 0.542195
vt 0.130710 0.539955
vt 0.137215 0.542195
vt 0.137215 0.539955
vt 0.143720 0.542195
vt 0.143720 0.539954
vt 0.150225 0.542195
vt 0.150225 0.539954
vt 0.156729 0.542195
vt 0.156729 0.539954
vt 0.163234 0.542195
vt 0.163234 0.539954
vt 0.169739 0.542195
vt 0.169739 0.539954
vt 0.176244 0.542195
vt 0.176244 0.539954
vt 0.182749 0.542195
vt 0.182749 0.539954
vt 0.189254 0.542195
vt 0.189254 0.539954
vt 0.195759 0.542195
vt 0.195759 0.539954
vt 0.202264 0.542195
vt 0.202264 0.539954
vt 0.208769 0.542195
vt 0.208769 0.539954
vt 0.215274 0.542195
vt 0.215274 0.539954
vt 0.221779 0.542195
vt 0.221779 0.539954
vt 0.228284 0.542195
vt 0.228284 0.539954
vt 0.234789 0.542195
vt 0.234789 0.539954
vt 0.241294 0.542195
vt 0.241294 0.539954
vt 0.247799 0.542195
vt 0.247799 0.539954
vt 0.254305 0.542195
vt 0.254305 0.539954
vt 0.260811 0.542196
vt 0.260811 0.539954
vt 0.267320 0.542200
vt 0.267321 0.539956
vt 0.273835 0.542213
vt 0.273842 0.539961
vt 0.280373 0.542259
vt 0.293792 0.542810
vt 0.116036 0.671604
vt 0.110027 0.671604
vt 0.106067 0.670817
vt 0.102710 0.668573
vt 0.100467 0.665216
vt 0.099679 0.661256
vt 0.099679 0.657117
vt 0.100467 0.653157
vt 0.102710 0.649800
vt 0.106067 0.647557
vt 0.110027 0.646769
vt 0.116036 0.646769
vt 0.122044 0.671604
vt 0.122044 0.646769
vt 0.128053 0.671604
vt 0.134061 0.671604
vt 0.128053 0.646769
vt 0.134061 0.646769
vt 0.140069 0.671604
vt 0.146078 0.671604
vt 0.140070 0.646769
vt 0.146078 0.646769
vt 0.152086 0.671604
vt 0.158095 0.671604
vt 0.152086 0.646769
vt 0.158095 0.646769
vt 0.164103 0.671604
vt 0.170112 0.671604
vt 0.164103 0.646769
vt 0.170112 0.646769
vt 0.176120 0.671604
vt 0.182129 0.671604
vt 0.176120 0.646769
vt 0.182129 0.646769
vt 0.188137 0.671604
vt 0.194146 0.671604
vt 0.188137 0.646769
vt 0.194146 0.646769
vt 0.200154 0.671604
vt 0.206163 0.671604
vt 0.200154 0.646769
vt 0.206163 0.646769
vt 0.212171 0.671604
vt 0.218180 0.671604
vt 0.212171 0.646769
vt 0.218180 0.646769
vt 0.224188 0.671604
vt 0.230197 0.671604
vt 0.224188 0.646769
vt 0.230197 0.646769
vt 0.236205 0.671604
vt 0.242214 0.671604
vt 0.236205 0.646769
vt 0.242214 0.646769
vt 0.248222 0.671604
vt 0.254231 0.671604
vt 0.248222 0.646769
vt 0.254231 0.646769
vt 0.260239 0.671604
vt 0.266248 0.671604
vt 0.260239 0.646769
vt 0.266248 0.646769
vt 0.272256 0.671604
vt 0.278265 0.671604
vt 0.272256 0.646769
vt 0.278265 0.646769
vt 0.284273 0.671604
vt 0.296290 0.671604
vt 0.290282 0.671604
vt 0.284273 0.646769
vt 0.296290 0.646769
vt 0.300250 0.647557
vt 0.305850 0.665216
vt 0.303607 0.668573
vt 0.306638 0.661256
vt 0.303607 0.649800
vt 0.305850 0.653157
vt 0.293787 0.574378
vt 0.116036 0.646643
vt 0.110027 0.646643
vt 0.106067 0.645855
vt 0.102710 0.643612
vt 0.100467 0.640255
vt 0.099679 0.636295
vt 0.099679 0.632156
vt 0.100467 0.628196
vt 0.102710 0.624839
vt 0.106067 0.622596
vt 0.110027 0.621808
vt 0.116036 0.621808
vt 0.122044 0.646643
vt 0.122044 0.621808
vt 0.128053 0.646643
vt 0.134061 0.646643
vt 0.128053 0.621808
vt 0.134061 0.621808
vt 0.140069 0.646643
vt 0.146078 0.646643
vt 0.140069 0.621808
vt 0.146078 0.621808
vt 0.152086 0.646643
vt 0.158095 0.646643
vt 0.152086 0.621808
vt 0.158095 0.621808
vt 0.164103 0.646643
vt 0.170112 0.646643
vt 0.164103 0.621808
vt 0.170112 0.621808
vt 0.176120 0.646643
vt 0.182129 0.646643
vt 0.176120 0.621808
vt 0.182129 0.621808
vt 0.188137 0.646643
vt 0.194146 0.646643
vt 0.188137 0.621808
vt 0.194146 0.621808
vt 0.200154 0.646643
vt 0.206163 0.646643
vt 0.200154 0.621808
vt 0.206163 0.621808
vt 0.212171 0.646643
vt 0.218180 0.646643
vt 0.212171 0.621808
vt 0.218180 0.621808
vt 0.224188 0.646643
vt 0.230197 0.646643
vt 0.224188 0.621808
vt 0.230197 0.621808
vt 0.236205 0.646643
vt 0.242214 0.646643
vt 0.236205 0.621808
vt 0.242214 0.621808
vt 0.248222 0.646643
vt 0.254231 0.646643
vt 0.248222 0.621808
vt 0.254231 0.621808
vt 0.260239 0.646643
vt 0.266248 0.646643
vt 0.260239 0.621808
vt 0.266248 0.621808
vt 0.272256 0.646643
vt 0.278265 0.646643
vt 0.272256 0.621808
vt 0.278265 0.621808
vt 0.284273 0.646643
vt 0.296290 0.646643
vt 0.290282 0.646643
vt 0.284273 0.621808
vt 0.296290 0.621808
vt 0.300250 0.622596
vt 0.305850 0.640255
vt 0.303607 0.643612
vt 0.306638 0.636295
vt 0.303607 0.624839
vt 0.305850 0.628196
vt 0.091837 0.568274
vt 0.286694 0.568891
vt 0.286808 0.571102
vt 0.280288 0.569026
vt 0.280322 0.571257
vt 0.273809 0.569065
vt 0.273820 0.571303
vt 0.267312 0.569077
vt 0.267315 0.571317
vt 0.260809 0.569081
vt 0.260809 0.571321
vt 0.254304 0.569082
vt 0.254304 0.571323
vt 0.247799 0.569082
vt 0.247799 0.571323
vt 0.241294 0.569082
vt 0.241294 0.571323
vt 0.234789 0.569082
vt 0.234789 0.571323
vt 0.228284 0.569082
vt 0.228284 0.571323
vt 0.221779 0.569082
vt 0.221779 0.571323
vt 0.215274 0.569082
vt 0.215274 0.571323
vt 0.208769 0.569082
vt 0.208769 0.571323
vt 0.202264 0.569082
vt 0.202264 0.571323
vt 0.195759 0.569082
vt 0.195759 0.571323
vt 0.189254 0.569082
vt 0.189254 0.571323
vt 0.182749 0.569082
vt 0.182749 0.571322
vt 0.176244 0.569082
vt 0.176244 0.571322
vt 0.169739 0.569082
vt 0.169739 0.571322
vt 0.163234 0.569082
vt 0.163234 0.571322
vt 0.156729 0.569082
vt 0.156729 0.571322
vt 0.150224 0.569081
vt 0.150224 0.571322
vt 0.143720 0.569081
vt 0.143720 0.571322
vt 0.137215 0.569081
vt 0.137215 0.571322
vt 0.130710 0.569081
vt 0.130710 0.571321
vt 0.124205 0.569080
vt 0.124204 0.571321
vt 0.117700 0.569076
vt 0.117698 0.571317
vt 0.111196 0.569063
vt 0.111187 0.571306
vt 0.104695 0.569017
vt 0.098206 0.573882
vt 0.098100 0.571649
vt 0.104641 0.573751
vt 0.104611 0.571515
vt 0.111123 0.573715
vt 0.111114 0.571476
vt 0.117621 0.573705
vt 0.117619 0.571465
vt 0.124126 0.573702
vt 0.124125 0.571461
vt 0.130632 0.573701
vt 0.130632 0.571460
vt 0.137140 0.573701
vt 0.137139 0.571459
vt 0.143647 0.573701
vt 0.143647 0.571459
vt 0.150155 0.573701
vt 0.150155 0.571459
vt 0.156662 0.573701
vt 0.156662 0.571459
vt 0.163170 0.573700
vt 0.163170 0.571459
vt 0.169678 0.573700
vt 0.169678 0.571459
vt 0.176185 0.573700
vt 0.176185 0.571459
vt 0.182693 0.573700
vt 0.182693 0.571459
vt 0.189201 0.573700
vt 0.189201 0.571459
vt 0.195709 0.573700
vt 0.195709 0.571459
vt 0.202217 0.573700
vt 0.202217 0.571459
vt 0.208724 0.573700
vt 0.208724 0.571459
vt 0.215232 0.573700
vt 0.215232 0.571459
vt 0.221740 0.573700
vt 0.221740 0.571459
vt 0.228248 0.573700
vt 0.228248 0.571459
vt 0.234756 0.573700
vt 0.234756 0.571459
vt 0.241264 0.573700
vt 0.241264 0.571459
vt 0.247772 0.573701
vt 0.247772 0.571459
vt 0.254280 0.573701
vt 0.254280 0.571459
vt 0.260789 0.573703
vt 0.260790 0.571460
vt 0.267301 0.573709
vt 0.267304 0.571464
vt 0.273820 0.573728
vt 0.273829 0.571475
vt 0.280363 0.573787
vt 0.302714 0.496291
vt 0.305528 0.499721
vt 0.288360 0.501785
vt 0.288360 0.499555
vt 0.255999 0.501785
vt 0.255999 0.504014
vt 0.255999 0.499555
vt 0.217166 0.501785
vt 0.217166 0.504014
vt 0.217166 0.499555
vt 0.184805 0.504014
vt 0.184805 0.501785
vt 0.178333 0.501785
vt 0.178333 0.504014
vt 0.184805 0.499555
vt 0.145972 0.504014
vt 0.145972 0.501785
vt 0.178333 0.499555
vt 0.113611 0.501785
vt 0.113611 0.504014
vt 0.107139 0.504014
vt 0.145972 0.499555
vt 0.107139 0.501785
vt 0.093976 0.501774
vt 0.083497 0.499721
vt 0.079653 0.478383
vt 0.113611 0.499555
vt 0.107139 0.499555
vt 0.093976 0.470585
vt 0.089929 0.498707
vt 0.107139 0.470574
vt 0.107139 0.468345
vt 0.113611 0.468345
vt 0.113611 0.470574
vt 0.083048 0.488409
vt 0.083048 0.483950
vt 0.145972 0.470574
vt 0.145972 0.468345
vt 0.184805 0.470574
vt 0.184805 0.468345
vt 0.217166 0.468345
vt 0.217166 0.470574
vt 0.255999 0.468345
vt 0.255999 0.470574
vt 0.288360 0.470574
vt 0.309373 0.478383
vt 0.305130 0.479685
vt 0.302714 0.476068
vt 0.288360 0.472804
vt 0.255999 0.472804
vt 0.217166 0.472804
vt 0.184805 0.472804
vt 0.083896 0.479685
vt 0.089929 0.473652
vt 0.145972 0.472804
vt 0.107139 0.472804
vt 0.178333 0.504150
vt 0.178333 0.506379
vt 0.145972 0.504150
vt 0.145972 0.506379
vt 0.107139 0.504150
vt 0.113611 0.504150
vt 0.113611 0.506379
vt 0.107139 0.506379
vt 0.093976 0.506390
vt 0.087837 0.505544
vt 0.084736 0.533672
vt 0.100663 0.539819
vt 0.093976 0.537579
vt 0.184805 0.506379
vt 0.184805 0.504150
vt 0.113611 0.539819
vt 0.107139 0.539819
vt 0.107139 0.537589
vt 0.113611 0.537589
vt 0.126555 0.539819
vt 0.120083 0.539819
vt 0.139499 0.539819
vt 0.133027 0.539819
vt 0.152444 0.539819
vt 0.145972 0.539819
vt 0.145972 0.537589
vt 0.165388 0.539819
vt 0.158916 0.539819
vt 0.178333 0.539819
vt 0.171860 0.539819
vt 0.178333 0.537589
vt 0.191277 0.539819
vt 0.184805 0.539819
vt 0.184805 0.537589
vt 0.204221 0.539819
vt 0.197749 0.539819
vt 0.217166 0.539819
vt 0.210693 0.539819
vt 0.217166 0.537589
vt 0.230110 0.539819
vt 0.223638 0.539819
vt 0.243054 0.539819
vt 0.236582 0.539819
vt 0.255999 0.539819
vt 0.249526 0.539819
vt 0.255999 0.537589
vt 0.268943 0.539819
vt 0.262471 0.539819
vt 0.281887 0.539819
vt 0.275415 0.539819
vt 0.288363 0.539819
vt 0.288360 0.537589
vt 0.295050 0.537579
vt 0.304290 0.533672
vt 0.299097 0.534512
vt 0.288360 0.535360
vt 0.255999 0.535360
vt 0.217166 0.535360
vt 0.184805 0.535360
vt 0.178333 0.535360
vt 0.217166 0.504150
vt 0.217166 0.506379
vt 0.145972 0.535360
vt 0.255999 0.504150
vt 0.255999 0.506379
vt 0.113611 0.535360
vt 0.107139 0.535360
vt 0.275415 0.504150
vt 0.281887 0.504150
vt 0.288360 0.506379
vt 0.295054 0.504161
vt 0.089929 0.534512
vt 0.301189 0.505544
vt 0.083048 0.524213
vt 0.083048 0.519755
vt 0.089929 0.509457
vt 0.288360 0.508608
vt 0.107139 0.508608
vt 0.113611 0.508608
vt 0.255999 0.508608
vt 0.145972 0.508608
vt 0.217166 0.508608
vt 0.178333 0.508608
vt 0.184805 0.508608
vt 0.286769 0.568773
vt 0.293366 0.568034
vt 0.286926 0.571098
vt 0.280224 0.569000
vt 0.280266 0.571269
vt 0.273701 0.569065
vt 0.273713 0.571315
vt 0.267189 0.569084
vt 0.267192 0.571328
vt 0.260680 0.569089
vt 0.260681 0.571331
vt 0.254173 0.569090
vt 0.254173 0.571332
vt 0.247666 0.569091
vt 0.247666 0.571332
vt 0.241159 0.569091
vt 0.241159 0.571332
vt 0.234652 0.569091
vt 0.234652 0.571332
vt 0.228145 0.569091
vt 0.228145 0.571332
vt 0.221638 0.569091
vt 0.221638 0.571332
vt 0.215131 0.569091
vt 0.215131 0.571332
vt 0.208624 0.569091
vt 0.208624 0.571332
vt 0.202117 0.569091
vt 0.202117 0.571332
vt 0.195610 0.569091
vt 0.195610 0.571332
vt 0.189103 0.569091
vt 0.189103 0.571332
vt 0.182596 0.569091
vt 0.182596 0.571332
vt 0.176089 0.569091
vt 0.176089 0.571332
vt 0.169583 0.569091
vt 0.169583 0.571332
vt 0.163076 0.569091
vt 0.163076 0.571332
vt 0.156569 0.569091
vt 0.156569 0.571332
vt 0.150062 0.569091
vt 0.150062 0.571332
vt 0.143555 0.569091
vt 0.143555 0.571332
vt 0.137048 0.569091
vt 0.137048 0.571332
vt 0.130541 0.569090
vt 0.130541 0.571332
vt 0.124034 0.569090
vt 0.124033 0.571331
vt 0.117526 0.569086
vt 0.117524 0.571329
vt 0.111016 0.569075
vt 0.111009 0.571321
vt 0.104501 0.569035
vt 0.106067 0.623158
vt 0.110027 0.622370
vt 0.116036 0.622370
vt 0.122044 0.622370
vt 0.100467 0.628758
vt 0.102710 0.625401
vt 0.099679 0.636857
vt 0.099679 0.632718
vt 0.102710 0.644174
vt 0.100467 0.640817
vt 0.110027 0.647205
vt 0.106067 0.646418
vt 0.116036 0.647205
vt 0.128053 0.622370
vt 0.122044 0.647205
vt 0.134061 0.622370
vt 0.140070 0.622370
vt 0.128053 0.647205
vt 0.134061 0.647205
vt 0.146078 0.622370
vt 0.152087 0.622370
vt 0.140070 0.647205
vt 0.146078 0.647205
vt 0.158095 0.622370
vt 0.164104 0.622370
vt 0.152087 0.647205
vt 0.158095 0.647205
vt 0.170112 0.622370
vt 0.176121 0.622370
vt 0.164104 0.647205
vt 0.170112 0.647205
vt 0.182129 0.622370
vt 0.188138 0.622370
vt 0.176121 0.647205
vt 0.182129 0.647205
vt 0.194146 0.622370
vt 0.200155 0.622370
vt 0.188138 0.647205
vt 0.194146 0.647205
vt 0.206163 0.622370
vt 0.212172 0.622370
vt 0.200155 0.647205
vt 0.206163 0.647205
vt 0.218180 0.622370
vt 0.224189 0.622370
vt 0.212172 0.647205
vt 0.218180 0.647205
vt 0.230197 0.622370
vt 0.236205 0.622370
vt 0.224189 0.647205
vt 0.230197 0.647205
vt 0.242214 0.622370
vt 0.248222 0.622370
vt 0.236205 0.647205
vt 0.242214 0.647205
vt 0.254231 0.622370
vt 0.260239 0.622370
vt 0.248222 0.647205
vt 0.254231 0.647205
vt 0.266248 0.622370
vt 0.272256 0.622370
vt 0.260239 0.647205
vt 0.266248 0.647205
vt 0.278265 0.622370
vt 0.284273 0.622370
vt 0.272256 0.647205
vt 0.278265 0.647205
vt 0.296290 0.622370
vt 0.300250 0.623158
vt 0.303607 0.625401
vt 0.305851 0.628758
vt 0.306638 0.632718
vt 0.306638 0.636857
vt 0.305851 0.640817
vt 0.300250 0.646418
vt 0.296290 0.647205
vt 0.290282 0.647205
vt 0.293908 0.572691
vt 0.300250 0.671379
vt 0.296290 0.672166
vt 0.290282 0.672166
vt 0.284273 0.672166
vt 0.305851 0.665778
vt 0.303607 0.669136
vt 0.306638 0.657679
vt 0.306638 0.661819
vt 0.303607 0.650362
vt 0.305851 0.653719
vt 0.296290 0.647331
vt 0.300250 0.648119
vt 0.290282 0.647331
vt 0.278265 0.672166
vt 0.284273 0.647331
vt 0.272256 0.672166
vt 0.266248 0.672166
vt 0.278265 0.647331
vt 0.272256 0.647331
vt 0.260239 0.672166
vt 0.254231 0.672166
vt 0.266248 0.647331
vt 0.260239 0.647331
vt 0.248222 0.672166
vt 0.242214 0.672166
vt 0.254231 0.647331
vt 0.248222 0.647331
vt 0.236205 0.672166
vt 0.230197 0.672166
vt 0.242214 0.647331
vt 0.236205 0.647331
vt 0.224189 0.672166
vt 0.218180 0.672166
vt 0.230197 0.647331
vt 0.224189 0.647331
vt 0.212172 0.672166
vt 0.206163 0.672166
vt 0.218180 0.647331
vt 0.212172 0.647331
vt 0.200155 0.672166
vt 0.194146 0.672166
vt 0.206163 0.647331
vt 0.200155 0.647331
vt 0.188138 0.672166
vt 0.182129 0.672166
vt 0.194146 0.647331
vt 0.188138 0.647331
vt 0.176121 0.672166
vt 0.170112 0.672166
vt 0.182129 0.647331
vt 0.176121 0.647331
vt 0.164104 0.672166
vt 0.158095 0.672166
vt 0.170112 0.647331
vt 0.164104 0.647331
vt 0.152087 0.672166
vt 0.146078 0.672166
vt 0.158095 0.647331
vt 0.152087 0.647331
vt 0.140070 0.672166
vt 0.134061 0.672166
vt 0.146078 0.647331
vt 0.140070 0.647331
vt 0.128053 0.672166
vt 0.122044 0.672166
vt 0.134061 0.647331
vt 0.128053 0.647331
vt 0.110027 0.672166
vt 0.106067 0.671379
vt 0.102710 0.669136
vt 0.100467 0.665779
vt 0.099679 0.661819
vt 0.099679 0.657679
vt 0.100467 0.653719
vt 0.106067 0.648119
vt 0.110027 0.647331
vt 0.116036 0.647331
vt 0.091693 0.543053
vt 0.098051 0.542433
vt 0.097920 0.540165
vt 0.104521 0.542264
vt 0.104486 0.540015
vt 0.111022 0.542216
vt 0.111012 0.539972
vt 0.117528 0.542202
vt 0.117525 0.539960
vt 0.124035 0.542198
vt 0.124034 0.539956
vt 0.130541 0.542196
vt 0.130541 0.539955
vt 0.137048 0.542196
vt 0.137048 0.539955
vt 0.143555 0.542196
vt 0.143555 0.539955
vt 0.150062 0.542196
vt 0.150062 0.539955
vt 0.156569 0.542196
vt 0.156569 0.539955
vt 0.163076 0.542196
vt 0.163076 0.539955
vt 0.169583 0.542196
vt 0.169583 0.539955
vt 0.176089 0.542196
vt 0.176089 0.539955
vt 0.182596 0.542196
vt 0.182596 0.539955
vt 0.189103 0.542196
vt 0.189103 0.539955
vt 0.195610 0.542196
vt 0.195610 0.539955
vt 0.202117 0.542196
vt 0.202117 0.539955
vt 0.208624 0.542196
vt 0.208624 0.539955
vt 0.215131 0.542196
vt 0.215131 0.539955
vt 0.221638 0.542196
vt 0.221638 0.539955
vt 0.228145 0.542196
vt 0.228145 0.539955
vt 0.234652 0.542196
vt 0.234652 0.539955
vt 0.241159 0.542196
vt 0.241159 0.539955
vt 0.247666 0.542196
vt 0.247666 0.539955
vt 0.254172 0.542196
vt 0.254173 0.539955
vt 0.260679 0.542197
vt 0.260679 0.539956
vt 0.267184 0.542200
vt 0.267186 0.539959
vt 0.273684 0.542211
vt 0.273693 0.539972
vt 0.280168 0.542248
vt 0.287040 0.572357
vt 0.286953 0.574686
vt 0.280461 0.572264
vt 0.280429 0.574517
vt 0.273956 0.572193
vt 0.273934 0.574431
vt 0.267464 0.572136
vt 0.267446 0.574372
vt 0.260975 0.572085
vt 0.260958 0.574319
vt 0.254487 0.572035
vt 0.254470 0.574270
vt 0.247999 0.571986
vt 0.247982 0.574221
vt 0.241511 0.571937
vt 0.241494 0.574172
vt 0.235023 0.571886
vt 0.235005 0.574122
vt 0.228532 0.571830
vt 0.228510 0.574068
vt 0.222036 0.571758
vt 0.222002 0.574000
vt 0.215532 0.571628
vt 0.215495 0.573866
vt 0.209013 0.571543
vt 0.209002 0.573789
vt 0.202466 0.571559
vt 0.202457 0.573825
vt 0.195904 0.571468
vt 0.195886 0.573716
vt 0.189356 0.571468
vt 0.189366 0.573721
vt 0.182816 0.571531
vt 0.182844 0.573782
vt 0.176281 0.571629
vt 0.176306 0.573881
vt 0.169764 0.571679
vt 0.169778 0.573922
vt 0.163254 0.571711
vt 0.163264 0.573954
vt 0.156741 0.571738
vt 0.156750 0.573981
vt 0.150228 0.571763
vt 0.150237 0.574007
vt 0.143715 0.571788
vt 0.143724 0.574032
vt 0.137201 0.571813
vt 0.137209 0.574057
vt 0.130686 0.571835
vt 0.130693 0.574080
vt 0.124169 0.571849
vt 0.124170 0.574097
vt 0.117643 0.571838
vt 0.117655 0.574081
vt 0.111104 0.571920
vt 0.111135 0.574179
vt 0.104541 0.572004
vt 0.927110 0.512162
vt 0.830752 0.404734
vt 0.853162 0.524449
vt 0.905547 0.412332
vt 0.873482 0.434395
vt 0.770129 0.534720
vt 0.728930 0.430813
vt 0.735234 0.610727
vt 0.706244 0.585439
vt 0.707269 0.524950
vt 0.747903 0.374050
vt 0.750450 0.368025
vt 0.688773 0.391593
vt 0.692622 0.394234
vt 0.771043 0.610727
vt 0.764739 0.430813
vt 0.742052 0.585439
vt 0.577674 0.523299
vt 0.594717 0.400819
vt 0.900354 0.333917
vt 0.902621 0.283119
vt 0.934198 0.328379
vt 0.914608 0.334202
vt 0.919469 0.286101
vt 0.911060 0.331248
vt 0.938478 0.332304
vt 0.941819 0.288064
vt 0.921882 0.333058
vt 0.926773 0.283095
vt 0.904682 0.289929
vt 0.904093 0.330030
vt 0.923949 0.330226
vt 0.856643 0.258260
vt 0.858153 0.292408
vt 0.852631 0.296847
vt 0.846880 0.309575
vt 0.859194 0.292654
vt 0.577674 0.646085
vt 0.635490 0.523605
vt 0.918504 0.978061
vt 0.499002 0.919571
vt 0.995969 0.900596
vt 0.500769 0.818910
vt 0.702827 0.779665
vt 0.628089 0.950779
vt 0.327589 0.965103
vt 0.326868 0.962231
vt 0.341118 0.938427
vt 0.305533 0.949459
vt 0.302661 0.950180
vt 0.366138 0.857369
vt 0.439863 0.892274
vt 0.424325 0.938427
vt 0.375167 0.867149
vt 0.431246 0.893701
vt 0.419427 0.928807
vt 0.349733 0.910298
vt 0.359657 0.853709
vt 0.329042 0.949985
vt 0.564676 0.746371
vt 0.547079 0.728145
vt 0.545313 0.719014
vt 0.472342 0.789468
vt 0.481406 0.791554
vt 0.499002 0.809779
vt 0.516029 0.793340
vt 0.498432 0.775115
vt 0.496666 0.765983
vt 0.505729 0.768069
vt 0.523326 0.786294
vt 0.520989 0.742499
vt 0.530053 0.744585
vt 0.522756 0.751630
vt 0.298895 0.849467
vt 0.287441 0.828251
vt 0.324106 0.808217
vt 0.371106 0.863103
vt 0.435816 0.893741
vt 0.422178 0.934250
vt 0.270816 0.966526
vt 0.303589 0.986144
vt 0.287441 0.958913
vt 0.316206 0.976132
vt 0.071593 0.924022
vt 0.151990 0.922069
vt 0.226527 0.918162
vt 0.413851 0.740423
vt 0.297362 0.979209
vt 0.360036 0.904431
vt 0.412985 0.760458
vt 0.318214 0.956354
vt 0.310740 0.970045
vt 0.411460 0.778194
vt 0.283866 0.841832
vt 0.312590 0.794835
vt 0.312587 0.855331
vt 0.334436 0.819583
vt 0.622093 0.026887
vt 0.557792 0.091188
vt 0.074783 0.174216
vt 0.112466 0.233143
vt 0.074783 0.233143
vt 0.674529 0.124232
vt 0.677376 0.129501
vt 0.737587 0.188062
vt 0.732937 0.184952
vt 0.736302 0.181587
vt 0.112466 0.113182
vt 0.071347 0.233143
vt 0.080885 0.106243
vt 0.083169 0.108526
vt 0.078728 0.109272
vt 0.108413 0.082019
vt 0.104080 0.083025
vt 0.112387 0.019786
vt 0.197653 0.230388
vt 0.106363 0.085308
vt 0.455159 0.132623
vt 0.202247 0.031096
vt 0.434647 0.053781
vt 0.074479 0.403229
vt 0.357516 0.145719
vt 0.414169 0.070706
vt 0.095989 0.447292
vt 0.387849 0.247554
vt 0.365410 0.171824
vt 0.680789 0.126026
vt 0.513697 0.143757
vt 0.512563 0.149295
vt 0.441898 0.137506
vt 0.425048 0.199555
vt 0.557682 0.318469
vt 0.551939 0.318469
vt 0.528606 0.305761
vt 0.524099 0.298780
vt 0.585523 0.374222
vt 0.581016 0.367241
vt 0.557682 0.354532
vt 0.563472 0.353381
vt 0.568379 0.350102
vt 0.563472 0.319621
vt 0.571659 0.345194
vt 0.568379 0.322900
vt 0.571659 0.327808
vt 0.470914 0.250186
vt 0.425047 0.143707
vt 0.427252 0.209422
vt 0.087179 0.280176
vt 0.425057 0.145002
vt 0.435860 0.146099
vt 0.396322 0.145057
vt 0.398960 0.140013
vt 0.433324 0.163307
vt 0.082188 0.350448
vt 0.512017 0.206771
vt 0.467309 0.298350
vt 0.427421 0.329453
vt 0.498348 0.338409
vt 0.551939 0.354532
vt 0.546150 0.319621
vt 0.541242 0.322900
vt 0.546150 0.353381
vt 0.537963 0.327808
vt 0.541242 0.350102
vt 0.537963 0.345194
vt 0.334425 0.359799
vt 0.334425 0.365266
vt 0.332692 0.365437
vt 0.332692 0.359628
vt 0.333844 0.353839
vt 0.337123 0.348932
vt 0.347820 0.344501
vt 0.359352 0.345653
vt 0.364260 0.348932
vt 0.367539 0.353839
vt 0.368691 0.359628
vt 0.366958 0.359799
vt 0.365907 0.354516
vt 0.335476 0.354516
vt 0.363011 0.350181
vt 0.358676 0.347285
vt 0.338372 0.350181
vt 0.353392 0.346234
vt 0.342707 0.347285
vt 0.366958 0.365266
vt 0.368691 0.365437
vt 0.367539 0.371226
vt 0.364260 0.376134
vt 0.353563 0.380564
vt 0.342031 0.379413
vt 0.337123 0.376134
vt 0.333844 0.371226
vt 0.335476 0.370549
vt 0.365907 0.370549
vt 0.338372 0.374884
vt 0.342707 0.377780
vt 0.363011 0.374884
vt 0.347990 0.378831
vt 0.358676 0.377780
vt 0.389204 0.354518
vt 0.383920 0.353467
vt 0.379586 0.350571
vt 0.376690 0.346236
vt 0.375639 0.340953
vt 0.375639 0.335486
vt 0.376690 0.330203
vt 0.383920 0.322972
vt 0.389204 0.321921
vt 0.394606 0.321921
vt 0.399890 0.322972
vt 0.404224 0.325868
vt 0.407121 0.330203
vt 0.408171 0.335486
vt 0.407121 0.346236
vt 0.404224 0.350571
vt 0.399890 0.353467
vt 0.255032 0.285048
vt 0.374572 0.167236
vt 0.412353 0.144752
vt 0.438198 0.095788
vt 0.499512 0.095788
vt 0.500890 0.099346
vt 0.498723 0.101322
vt 0.437298 0.101322
vt 0.499512 0.182297
vt 0.438198 0.182297
vt 0.498723 0.176764
vt 0.500890 0.178739
vt 0.115902 0.233143
vt 0.074476 0.261724
vt 0.425045 0.036954
vt 0.090457 0.421640
vt 0.495619 0.139582
vt 0.490729 0.093817
vt 0.501524 0.138232
vt 0.112920 0.174471
vt 0.298548 0.227167
vt 0.404565 0.080365
vt 0.490202 0.088535
vt 0.392510 0.065706
vt 0.383208 0.207850
vt 0.502752 0.149026
vt 0.405978 0.196131
vt 0.395751 0.189634
vt 0.701884 0.390622
vt 0.908912 0.393166
vt 0.845654 0.393166
s 1
usemtl マテリアル.005
f 36/1/1 169/2/1 180/3/1
f 17/4/2 170/5/2 11/6/2
f 199/7/3 189/8/3 190/9/3
f 165/10/4 326/11/4 166/12/4
f 179/13/5 169/14/5 170/15/5
f 163/16/6 161/17/6 162/18/6
f 166/12/7 167/19/7 165/10/7
f 293/20/5 451/21/5 291/22/5
f 173/23/8 171/24/8 172/25/8
f 176/26/4 177/27/4 175/28/4
f 183/29/9 181/30/9 182/31/9
f 201/32/10 452/33/10 292/34/10
f 186/35/11 187/36/11 185/37/11
f 193/38/12 191/39/12 192/40/12
f 196/41/13 197/42/13 195/43/13
f 164/44/11 324/45/11 161/17/11
f 203/46/14 262/47/14 204/48/14
f 232/49/14 260/50/14 261/51/14
f 230/52/14 258/53/14 259/54/14
f 228/55/14 256/56/14 257/57/14
f 226/58/14 254/59/14 255/60/14
f 162/18/15 322/61/15 163/16/15
f 224/62/14 252/63/14 253/64/14
f 222/65/14 250/66/14 251/67/14
f 220/68/14 248/69/14 249/70/14
f 218/71/14 246/72/14 247/73/14
f 199/7/9 360/74/9 200/75/9
f 216/76/14 244/77/14 245/78/14
f 214/79/14 242/80/14 243/81/14
f 212/82/14 240/83/14 241/84/14
f 157/85/1 158/86/1 202/87/1
f 210/88/14 238/89/14 239/90/14
f 208/91/14 236/92/14 237/93/14
f 206/94/14 234/95/14 235/96/14
f 292/34/16 291/22/16 201/32/16
f 198/97/8 358/98/8 197/42/8
f 294/99/16 289/100/16 290/101/16
f 296/102/16 287/103/16 288/104/16
f 298/105/16 285/106/16 286/107/16
f 300/108/16 283/109/16 284/110/16
f 205/111/15 394/112/15 234/95/15
f 302/113/16 281/114/16 282/115/16
f 304/116/16 279/117/16 280/118/16
f 235/96/3 366/119/3 206/94/3
f 306/120/16 277/121/16 278/122/16
f 195/43/11 356/123/11 196/41/11
f 308/124/16 275/125/16 276/126/16
f 310/127/16 273/128/16 274/129/16
f 207/130/5 396/131/5 236/92/5
f 312/132/16 271/133/16 272/134/16
f 314/135/16 269/136/16 270/137/16
f 316/138/16 267/139/16 268/140/16
f 237/93/3 368/141/3 208/91/3
f 318/142/16 265/143/16 266/144/16
f 320/145/16 263/146/16 264/147/16
f 365/148/17 351/149/17 394/112/17
f 323/150/18 325/151/18 324/45/18
f 327/152/19 329/153/19 328/154/19
f 333/155/20 335/156/20 334/157/20
f 337/158/21 339/159/21 338/160/21
f 343/161/22 345/162/22 344/163/22
f 347/164/23 349/165/23 348/166/23
f 353/167/24 355/168/24 354/169/24
f 357/170/25 359/171/25 358/98/25
f 362/172/26 341/173/26 423/174/26
f 331/175/27 364/176/27 332/177/27
f 393/178/14 421/179/14 422/180/14
f 391/181/14 419/182/14 420/183/14
f 389/184/14 417/185/14 418/186/14
f 387/187/14 415/188/14 416/189/14
f 385/190/14 413/191/14 414/192/14
f 383/193/14 411/194/14 412/195/14
f 381/196/14 409/197/14 410/198/14
f 379/199/14 407/200/14 408/201/14
f 377/202/14 405/203/14 406/204/14
f 375/205/14 403/206/14 404/207/14
f 373/208/14 401/209/14 402/210/14
f 371/211/14 399/212/14 400/213/14
f 369/214/14 397/215/14 398/216/14
f 367/217/14 395/218/14 396/131/14
f 321/219/28 361/220/28 322/61/28
f 453/221/16 450/222/16 451/21/16
f 455/223/16 448/224/16 449/225/16
f 457/226/16 446/227/16 447/228/16
f 459/229/16 444/230/16 445/231/16
f 461/232/16 442/233/16 443/234/16
f 463/235/16 440/236/16 441/237/16
f 465/238/16 438/239/16 439/240/16
f 467/241/16 436/242/16 437/243/16
f 469/244/16 434/245/16 435/246/16
f 471/247/16 432/248/16 433/249/16
f 473/250/16 430/251/16 431/252/16
f 475/253/16 428/254/16 429/255/16
f 477/256/16 426/257/16 427/258/16
f 479/259/16 424/260/16 425/261/16
f 290/101/3 454/262/3 294/99/3
f 295/263/5 449/225/5 289/100/5
f 288/104/3 456/264/3 296/102/3
f 168/265/9 328/154/9 167/19/9
f 297/266/5 447/228/5 287/103/5
f 205/267/2 43/268/2 42/269/2
f 286/107/3 458/270/3 298/105/3
f 299/271/5 445/231/5 285/106/5
f 169/14/8 330/272/8 170/15/8
f 284/110/3 460/273/3 300/108/3
f 301/274/5 443/234/5 283/109/5
f 172/25/29 332/177/29 173/23/29
f 282/115/3 462/275/3 302/113/3
f 303/276/5 441/237/5 281/114/5
f 174/277/13 334/157/13 171/24/13
f 280/118/3 464/278/3 304/116/3
f 204/48/30 363/279/30 203/46/30
f 305/280/5 439/240/5 279/117/5
f 233/281/5 422/180/5 262/47/5
f 278/122/3 466/282/3 306/120/3
f 175/28/7 336/283/7 176/26/7
f 261/51/3 392/284/3 232/49/3
f 307/285/5 437/243/5 277/121/5
f 231/286/5 420/183/5 260/50/5
f 276/126/3 468/287/3 308/124/3
f 259/54/3 390/288/3 230/52/3
f 309/289/5 435/246/5 275/125/5
f 178/290/12 338/160/12 177/27/12
f 229/291/5 418/186/5 258/53/5
f 274/129/3 470/292/3 310/127/3
f 69/293/16 70/294/16 600/295/16
f 257/57/3 388/296/3 228/55/3
f 311/297/5 433/249/5 273/128/5
f 227/298/5 416/189/5 256/56/5
f 272/134/3 472/299/3 312/132/3
f 179/300/6 340/301/6 180/302/6
f 255/60/3 386/303/3 226/58/3
f 313/304/5 431/252/5 271/133/5
f 225/305/5 414/192/5 254/59/5
f 270/137/3 474/306/3 314/135/3
f 182/31/30 342/307/30 183/29/30
f 253/64/3 384/308/3 224/62/3
f 315/309/5 429/255/5 269/136/5
f 223/310/5 412/195/5 252/63/5
f 268/140/3 476/311/3 316/138/3
f 184/312/7 344/163/7 181/30/7
f 251/67/3 382/313/3 222/65/3
f 317/314/5 427/258/5 267/139/5
f 221/315/5 410/198/5 250/66/5
f 266/144/3 478/316/3 318/142/3
f 249/70/3 380/317/3 220/68/3
f 319/318/5 425/261/5 265/143/5
f 185/37/13 346/319/13 186/35/13
f 219/320/5 408/201/5 248/69/5
f 264/147/3 480/321/3 320/145/3
f 247/73/3 378/322/3 218/71/3
f 202/323/29 423/174/29 263/146/29
f 217/324/5 406/204/5 246/72/5
f 188/325/6 348/166/6 187/36/6
f 245/78/3 376/326/3 216/76/3
f 215/327/5 404/207/5 244/77/5
f 243/81/3 374/328/3 214/79/3
f 189/8/12 350/329/12 190/9/12
f 213/330/5 402/210/5 242/80/5
f 241/84/3 372/331/3 212/82/3
f 192/40/10 352/332/10 193/38/10
f 211/333/5 400/213/5 240/83/5
f 239/90/3 370/334/3 210/88/3
f 194/335/4 354/169/4 191/39/4
f 209/336/5 398/216/5 238/89/5
f 520/337/1 525/338/1 529/339/1
f 482/340/31 31/341/31 33/342/31
f 483/343/24 33/342/24 34/344/24
f 484/345/13 34/344/13 35/346/13
f 485/347/32 35/346/32 32/348/32
f 486/349/3 32/348/3 36/350/3
f 487/351/33 36/350/33 38/352/33
f 488/353/11 38/352/11 39/354/11
f 489/355/22 39/354/22 40/356/22
f 490/357/34 40/356/34 37/358/34
f 491/359/16 37/358/16 100/360/16
f 492/361/16 100/360/16 99/362/16
f 493/363/16 99/362/16 98/364/16
f 494/365/16 98/364/16 97/366/16
f 495/367/16 97/366/16 96/368/16
f 496/369/16 96/368/16 95/370/16
f 497/371/16 95/370/16 94/372/16
f 498/373/16 94/372/16 93/374/16
f 499/375/16 93/374/16 92/376/16
f 500/377/16 92/376/16 91/378/16
f 501/379/16 91/378/16 90/380/16
f 502/381/16 90/380/16 89/382/16
f 503/383/16 89/382/16 88/384/16
f 504/385/16 88/384/16 87/386/16
f 505/387/16 87/386/16 86/388/16
f 506/389/16 86/388/16 85/390/16
f 507/391/16 85/390/16 84/392/16
f 508/393/16 84/392/16 83/394/16
f 509/395/16 83/394/16 82/396/16
f 510/397/16 82/396/16 81/398/16
f 511/399/16 81/398/16 80/400/16
f 512/401/16 80/400/16 79/402/16
f 513/403/16 79/402/16 78/404/16
f 514/405/16 78/404/16 77/406/16
f 515/407/16 77/406/16 76/408/16
f 516/409/16 76/408/16 75/410/16
f 517/411/16 75/410/16 74/412/16
f 518/413/16 74/412/16 73/414/16
f 519/415/16 73/414/16 72/416/16
f 520/417/16 72/416/16 71/418/16
f 521/419/16 71/418/16 26/420/16
f 522/421/35 26/420/35 28/422/35
f 523/423/18 28/422/18 29/424/18
f 524/425/7 29/424/7 30/426/7
f 525/427/36 30/426/36 27/428/36
f 526/429/5 27/428/5 21/430/5
f 527/431/37 21/430/37 23/432/37
f 528/433/4 23/432/4 24/434/4
f 529/435/20 24/434/20 25/436/20
f 530/437/38 25/436/38 22/438/38
f 600/439/2 605/440/2 609/441/2
f 562/442/38 1/443/38 3/444/38
f 563/445/20 3/444/20 4/446/20
f 564/447/4 4/446/4 5/448/4
f 565/449/37 5/448/37 2/450/37
f 566/451/5 2/450/5 6/452/5
f 567/453/36 6/452/36 8/454/36
f 568/455/7 8/454/7 9/456/7
f 569/457/18 9/456/18 10/458/18
f 570/459/35 10/458/35 7/460/35
f 102/461/14 101/462/14 640/463/14
f 602/464/34 16/465/34 18/466/34
f 603/467/22 18/466/22 19/468/22
f 604/469/11 19/468/11 20/470/11
f 605/471/33 20/470/33 17/472/33
f 606/473/3 17/472/3 11/474/3
f 607/475/32 11/474/32 13/476/32
f 608/477/13 13/476/13 14/478/13
f 609/479/24 14/478/24 15/480/24
f 610/481/31 15/480/31 12/482/31
f 132/483/14 131/484/14 560/485/14
f 676/486/2 809/487/2 672/488/2
f 810/489/1 657/490/1 651/491/1
f 829/9/3 839/75/3 830/8/3
f 966/151/4 805/12/4 806/10/4
f 809/15/5 819/492/5 810/14/5
f 801/44/6 803/18/6 802/16/6
f 807/265/7 806/10/7 805/12/7
f 1091/221/5 933/22/5 931/20/5
f 811/277/8 813/493/8 812/494/8
f 817/290/4 816/28/4 815/26/4
f 821/312/9 823/31/9 822/29/9
f 1092/220/10 841/34/10 932/32/10
f 827/325/11 826/37/11 825/35/11
f 831/335/12 833/40/12 832/38/12
f 837/97/13 836/43/13 835/41/13
f 964/150/11 804/17/11 801/44/11
f 902/281/14 843/48/14 844/46/14
f 900/286/14 872/51/14 901/49/14
f 898/291/14 870/54/14 899/52/14
f 896/298/14 868/57/14 897/55/14
f 894/305/14 866/60/14 895/58/14
f 962/219/15 802/16/15 803/18/15
f 892/495/14 864/64/14 893/62/14
f 890/315/14 862/67/14 891/65/14
f 888/320/14 860/70/14 889/68/14
f 886/324/14 858/73/14 887/71/14
f 1000/171/9 839/75/9 840/7/9
f 884/327/14 856/78/14 885/76/14
f 882/330/14 854/81/14 883/79/14
f 880/333/14 852/84/14 881/82/14
f 874/496/2 714/497/2 713/498/2
f 878/336/14 850/90/14 879/88/14
f 876/130/14 848/93/14 877/91/14
f 874/111/14 846/96/14 875/94/14
f 931/20/16 932/32/16 841/34/16
f 998/170/8 838/42/8 837/97/8
f 929/499/16 934/101/16 930/99/16
f 927/266/16 936/104/16 928/102/16
f 925/271/16 938/107/16 926/105/16
f 923/274/16 940/110/16 924/108/16
f 1034/148/15 845/95/15 874/111/15
f 921/276/16 942/115/16 922/113/16
f 919/280/16 944/118/16 920/116/16
f 1006/218/3 875/94/3 846/96/3
f 917/285/16 946/122/16 918/120/16
f 996/168/11 835/41/11 836/43/11
f 915/289/16 948/126/16 916/124/16
f 913/297/16 950/129/16 914/127/16
f 1036/217/5 847/92/5 876/130/5
f 911/304/16 952/134/16 912/132/16
f 909/309/16 954/137/16 910/135/16
f 907/314/16 956/140/16 908/138/16
f 1008/215/3 877/91/3 848/93/3
f 905/318/16 958/144/16 906/142/16
f 903/323/16 960/147/16 904/145/16
f 991/332/17 1005/112/17 1034/148/17
f 965/11/18 963/45/18 964/150/18
f 969/272/19 967/154/19 968/152/19
f 975/283/20 973/157/20 974/155/20
f 979/301/21 977/160/21 978/158/21
f 985/319/22 983/163/22 984/161/22
f 989/329/23 987/166/23 988/164/23
f 995/123/24 993/169/24 994/167/24
f 999/74/25 997/98/25 998/170/25
f 981/307/26 1002/174/26 1063/172/26
f 1004/279/27 971/177/27 972/175/27
f 1061/284/14 1033/180/14 1062/178/14
f 1059/288/14 1031/183/14 1060/181/14
f 1057/296/14 1029/186/14 1058/184/14
f 1055/303/14 1027/189/14 1056/187/14
f 1053/500/14 1025/192/14 1054/190/14
f 1051/501/14 1023/195/14 1052/193/14
f 1049/317/14 1021/198/14 1050/196/14
f 1047/322/14 1019/201/14 1048/199/14
f 1045/326/14 1017/204/14 1046/202/14
f 1043/328/14 1015/207/14 1044/205/14
f 1041/331/14 1013/210/14 1042/208/14
f 1039/334/14 1011/213/14 1040/211/14
f 1037/141/14 1009/216/14 1038/214/14
f 1035/119/14 1007/131/14 1036/217/14
f 1001/33/28 961/61/28 962/219/28
f 1090/262/16 1093/21/16 1091/221/16
f 1088/502/16 1095/225/16 1089/223/16
f 1086/270/16 1097/228/16 1087/226/16
f 1084/273/16 1099/231/16 1085/229/16
f 1082/275/16 1101/234/16 1083/232/16
f 1080/278/16 1103/237/16 1081/235/16
f 1078/282/16 1105/240/16 1079/238/16
f 1076/287/16 1107/243/16 1077/241/16
f 1074/292/16 1109/246/16 1075/244/16
f 1072/299/16 1111/249/16 1073/247/16
f 1070/306/16 1113/252/16 1071/250/16
f 1068/311/16 1115/255/16 1069/253/16
f 1066/316/16 1117/258/16 1067/256/16
f 1064/321/16 1119/261/16 1065/259/16
f 1094/222/3 930/99/3 934/101/3
f 1089/223/5 935/503/5 929/499/5
f 1096/504/3 928/102/3 936/104/3
f 968/152/9 808/19/9 807/265/9
f 1087/226/5 937/103/5 927/266/5
f 756/505/1 755/506/1 821/507/1
f 1098/227/3 926/105/3 938/107/3
f 1085/229/5 939/106/5 925/271/5
f 970/508/8 809/15/8 810/14/8
f 1100/230/3 924/108/3 940/110/3
f 1083/232/5 941/109/5 923/274/5
f 972/175/29 812/494/29 813/493/29
f 1102/233/3 922/113/3 942/115/3
f 1081/235/5 943/114/5 921/276/5
f 974/155/13 814/24/13 811/277/13
f 1104/236/3 920/116/3 944/118/3
f 1003/176/30 844/46/30 843/48/30
f 1079/238/5 945/117/5 919/280/5
f 1062/178/5 873/47/5 902/281/5
f 1106/239/3 918/120/3 946/122/3
f 976/156/7 815/26/7 816/28/7
f 1032/179/3 901/49/3 872/51/3
f 1077/241/5 947/121/5 917/285/5
f 1060/181/5 871/50/5 900/286/5
f 1108/242/3 916/124/3 948/126/3
f 1030/182/3 899/52/3 870/54/3
f 1075/244/5 949/125/5 915/289/5
f 978/158/12 818/27/12 817/290/12
f 1058/184/5 869/53/5 898/291/5
f 1110/245/3 914/127/3 950/129/3
f 1211/509/16 682/510/16 681/511/16
f 1028/185/3 897/55/3 868/57/3
f 1073/247/5 951/128/5 913/297/5
f 1056/187/5 867/56/5 896/298/5
f 1112/248/3 912/132/3 952/134/3
f 980/159/6 819/302/6 820/300/6
f 1026/188/3 895/58/3 866/60/3
f 1071/250/5 953/133/5 911/304/5
f 1054/190/5 865/59/5 894/305/5
f 1114/251/3 910/135/3 954/137/3
f 982/173/30 822/29/30 823/31/30
f 1024/512/3 893/62/3 864/64/3
f 1069/253/5 955/136/5 909/309/5
f 1052/193/5 863/513/5 892/495/5
f 1116/254/3 908/138/3 956/140/3
f 984/161/7 824/30/7 821/312/7
f 1022/514/3 891/65/3 862/67/3
f 1067/256/5 957/139/5 907/314/5
f 1050/196/5 861/515/5 890/315/5
f 1118/257/3 906/142/3 958/144/3
f 1020/197/3 889/68/3 860/70/3
f 1065/259/5 959/143/5 905/318/5
f 986/162/13 825/35/13 826/37/13
f 1048/199/5 859/69/5 888/320/5
f 1120/260/3 904/145/3 960/147/3
f 1018/200/3 887/71/3 858/73/3
f 1063/172/29 842/146/29 903/323/29
f 1046/202/5 857/72/5 886/324/5
f 988/164/6 828/36/6 827/325/6
f 1016/203/3 885/76/3 856/78/3
f 1044/205/5 855/77/5 884/327/5
f 1014/206/3 883/79/3 854/81/3
f 990/165/12 829/9/12 830/8/12
f 1042/208/5 853/80/5 882/330/5
f 1012/209/3 881/82/3 852/84/3
f 992/149/10 832/38/10 833/40/10
f 1040/211/5 851/83/5 880/333/5
f 1010/212/3 879/88/3 850/90/3
f 994/167/4 834/39/4 831/335/4
f 1038/214/5 849/89/5 878/336/5
f 1171/516/2 1163/517/2 1159/518/2
f 671/519/31 1122/520/31 673/521/31
f 673/521/24 1123/522/24 674/523/24
f 674/523/13 1124/524/13 675/525/13
f 675/525/32 1125/526/32 672/527/32
f 672/527/3 1126/528/3 676/529/3
f 676/529/33 1127/530/33 678/531/33
f 678/531/11 1128/532/11 679/533/11
f 679/533/22 1129/534/22 680/535/22
f 680/535/34 1130/536/34 677/537/34
f 677/537/16 1131/538/16 740/539/16
f 740/539/16 1132/540/16 739/541/16
f 739/541/16 1133/542/16 738/543/16
f 738/543/16 1134/544/16 737/545/16
f 737/545/16 1135/546/16 736/547/16
f 736/547/16 1136/548/16 735/549/16
f 735/549/16 1137/550/16 734/551/16
f 734/551/16 1138/552/16 733/553/16
f 733/553/16 1139/554/16 732/555/16
f 732/555/16 1140/556/16 731/557/16
f 731/557/16 1141/558/16 730/559/16
f 730/559/16 1142/560/16 729/561/16
f 729/561/16 1143/562/16 728/563/16
f 728/563/16 1144/564/16 727/565/16
f 727/565/16 1145/566/16 726/567/16
f 726/567/16 1146/568/16 725/569/16
f 725/569/16 1147/570/16 724/571/16
f 724/571/16 1148/572/16 723/573/16
f 723/573/16 1149/574/16 722/575/16
f 722/575/16 1150/576/16 721/577/16
f 721/577/16 1151/578/16 720/579/16
f 720/579/16 1152/580/16 719/581/16
f 719/581/16 1153/582/16 718/583/16
f 718/583/16 1154/584/16 717/585/16
f 717/585/16 1155/586/16 716/587/16
f 716/587/16 1156/588/16 715/589/16
f 715/589/16 1157/590/16 714/591/16
f 714/591/16 1158/592/16 713/593/16
f 713/593/16 1159/594/16 712/595/16
f 712/595/16 1160/596/16 711/597/16
f 711/597/16 1161/598/16 666/599/16
f 666/599/35 1162/600/35 668/601/35
f 668/601/18 1163/602/18 669/603/18
f 669/603/7 1164/604/7 670/605/7
f 670/605/36 1165/606/36 667/607/36
f 667/607/5 1166/608/5 661/609/5
f 661/609/37 1167/610/37 663/611/37
f 663/611/4 1168/612/4 664/613/4
f 664/613/20 1169/614/20 665/615/20
f 665/615/38 1170/616/38 662/617/38
f 1251/618/1 1243/619/1 1239/620/1
f 641/621/38 1202/622/38 643/623/38
f 643/623/20 1203/624/20 644/625/20
f 644/625/4 1204/626/4 645/627/4
f 645/627/37 1205/628/37 642/629/37
f 642/629/5 1206/630/5 646/631/5
f 646/631/36 1207/632/36 648/633/36
f 648/633/7 1208/634/7 649/635/7
f 649/635/18 1209/636/18 650/637/18
f 650/637/35 1210/638/35 647/639/35
f 1251/640/14 769/641/14 770/642/14
f 656/643/34 1242/644/34 658/645/34
f 658/645/22 1243/646/22 659/647/22
f 659/647/11 1244/648/11 660/649/11
f 660/649/33 1245/650/33 657/651/33
f 657/651/3 1246/652/3 651/653/3
f 651/653/32 1247/654/32 653/655/32
f 653/655/13 1248/656/13 654/657/13
f 654/657/24 1249/658/24 655/659/24
f 655/659/31 1250/660/31 652/661/31
f 1171/662/14 799/663/14 800/664/14
f 1282/665/2 1321/666/2 1283/667/2
f 1288/668/1 1322/669/1 1285/670/1
f 1287/671/16 1294/672/16 1289/673/16
f 1290/674/5 1291/675/5 1289/673/5
f 1290/674/16 1281/676/16 1283/667/16
f 1312/677/2 1304/678/2 1311/679/2
f 1306/680/16 1308/681/16 1307/682/16
f 1299/683/3 1318/684/3 1303/685/3
f 1297/686/5 1320/687/5 1302/688/5
f 1299/683/1 1306/680/1 1298/689/1
f 1297/686/2 1308/681/2 1300/690/2
f 1310/691/1 1301/692/1 1309/693/1
f 1300/690/16 1315/694/16 1297/686/16
f 1302/688/14 1319/695/14 1304/678/14
f 1304/678/3 1316/696/3 1300/690/3
f 1301/692/5 1314/697/5 1298/689/5
f 1298/689/16 1313/698/16 1299/683/16
f 1303/685/14 1317/699/14 1301/692/14
f 1284/700/5 1348/701/5 1291/702/5
f 1371/703/14 1443/704/14 1370/705/14
f 1350/706/5 1369/707/5 1349/708/5
f 1372/709/14 1440/710/14 1371/711/14
f 1352/712/14 1423/713/14 1422/714/14
f 1292/715/5 1347/716/5 1288/717/5
f 1324/718/5 1350/719/5 1323/720/5
f 1350/719/2 1292/715/2 1323/720/2
f 1348/701/1 1324/718/1 1291/702/1
f 1321/721/2 1352/722/2 1284/700/2
f 1322/723/1 1347/716/1 1349/724/1
f 1328/725/14 1346/726/14 1401/727/14
f 1403/728/14 1345/729/14 1326/730/14
f 1398/731/14 1349/732/14 1329/733/14
f 1325/734/14 1351/735/14 1400/736/14
f 1350/737/14 1427/738/14 1426/739/14
f 1435/740/14 1359/741/14 1436/742/14
f 1431/743/14 1408/744/14 1432/745/14
f 1354/746/14 1430/747/14 1411/748/14
f 1409/749/14 1434/750/14 1356/751/14
f 1334/752/3 1439/753/3 1331/754/3
f 1330/755/3 1444/756/3 1334/757/3
f 1332/758/2 1442/759/2 1372/760/2
f 1331/761/3 1441/762/3 1332/763/3
f 1352/764/5 1371/711/5 1351/765/5
f 1351/766/5 1370/705/5 1350/719/5
f 1370/767/14 1437/768/14 1369/707/14
f 1415/769/3 1430/747/3 1417/770/3
f 1354/746/2 1421/771/2 1429/772/2
f 1356/751/5 1401/773/5 1409/749/5
f 1434/750/1 1328/774/1 1356/751/1
f 1406/775/3 1329/776/3 1359/741/3
f 1364/777/3 1400/778/3 1408/744/3
f 1342/779/2 1398/780/2 1335/781/2
f 1336/782/1 1424/783/1 1344/784/1
f 1327/785/2 1425/786/2 1341/787/2
f 1343/788/1 1403/789/1 1333/790/1
f 1361/791/2 1435/740/2 1360/792/2
f 1362/793/1 1408/744/1 1363/794/1
f 1367/795/2 1409/749/2 1355/796/2
f 1357/797/1 1430/747/1 1368/798/1
f 1381/799/3 1418/800/3 1382/801/3
f 1432/745/1 1396/802/1 1391/803/1
f 1393/804/5 1420/805/5 1394/806/5
f 1433/807/2 1384/808/2 1379/809/2
f 1338/810/3 1422/811/3 1404/812/3
f 1399/813/5 1423/814/5 1337/815/5
f 1402/816/3 1426/817/3 1339/818/3
f 1340/819/5 1427/820/5 1397/821/5
f 1412/822/3 1429/772/3 1353/823/3
f 1365/824/5 1432/745/5 1407/825/5
f 1366/826/3 1433/807/3 1410/827/3
f 1405/828/5 1436/742/5 1358/829/5
f 1406/775/2 1390/830/2 1385/831/2
f 1377/832/1 1422/811/1 1378/833/1
f 1413/834/5 1388/835/5 1419/836/5
f 1431/743/2 1325/837/2 1364/777/2
f 1375/838/5 1355/839/5 1380/840/5
f 1379/841/5 1333/842/5 1376/843/5
f 1343/844/16 1327/845/16 1341/846/16
f 1343/844/3 1383/847/3 1378/848/3
f 1378/848/14 1379/841/14 1376/843/14
f 1380/840/16 1377/849/16 1375/838/16
f 1367/850/3 1377/849/3 1384/851/3
f 1355/839/14 1368/852/14 1367/850/14
f 1340/853/16 1402/854/16 1339/855/16
f 1339/855/1 1388/856/1 1340/853/1
f 1366/857/1 1387/858/1 1381/859/1
f 1410/860/14 1358/861/14 1366/857/14
f 1387/858/16 1414/862/16 1381/859/16
f 1410/860/2 1413/863/2 1405/864/2
f 1418/865/14 1388/856/14 1382/866/14
f 1402/854/2 1419/867/2 1418/865/2
f 1336/868/16 1342/869/16 1335/870/16
f 1391/871/3 1335/870/3 1389/872/3
f 1342/869/5 1395/873/5 1385/874/5
f 1385/874/14 1391/871/14 1389/872/14
f 1392/875/16 1386/876/16 1390/877/16
f 1392/875/3 1361/878/3 1363/879/3
f 1360/880/14 1363/879/14 1361/878/14
f 1386/876/5 1362/881/5 1360/880/5
f 1373/882/2 1337/883/2 1394/884/2
f 1399/885/16 1338/886/16 1404/887/16
f 1373/882/14 1420/888/14 1415/889/14
f 1420/888/1 1404/887/1 1415/889/1
f 1416/890/16 1374/891/16 1417/892/16
f 1393/893/2 1353/894/2 1374/891/2
f 1353/894/14 1407/895/14 1412/896/14
f 1417/892/1 1407/895/1 1416/890/1
f 1359/741/1 1428/897/1 1436/742/1
f 1411/748/5 1326/898/5 1354/746/5
f 1323/899/14 1291/675/14 1324/900/14
f 1442/901/39 1439/902/39 1440/710/39
f 1443/903/39 1438/904/39 1437/768/39
f 1440/905/39 1444/906/39 1443/704/39
f 1349/907/1 1437/908/1 1438/909/1
f 1469/910/3 1454/911/3 1467/912/3
f 1475/913/1 1466/914/1 1473/915/1
f 1482/916/2 1450/917/2 1452/918/2
f 1462/919/14 1468/920/14 1474/921/14
f 1458/922/2 1460/923/2 1455/924/2
f 1463/925/5 1472/926/5 1461/927/5
f 1453/928/40 1454/929/40 1455/930/40
f 1456/931/41 1457/932/41 1458/922/41
f 1459/933/42 1460/934/42 1461/935/42
f 1462/936/43 1463/937/43 1464/938/43
f 1465/939/44 1466/940/44 1467/941/44
f 1468/942/45 1469/910/45 1470/943/45
f 1471/944/46 1472/945/46 1473/946/46
f 1474/947/47 1475/948/47 1476/949/47
f 1453/928/48 1460/934/48 1459/933/48
f 1456/931/49 1455/924/49 1454/950/49
f 1462/936/50 1458/922/50 1457/932/50
f 1461/927/51 1464/938/51 1463/925/51
f 1459/933/52 1472/945/52 1471/944/52
f 1474/947/53 1463/925/53 1462/951/53
f 1473/915/54 1476/949/54 1475/913/54
f 1471/944/55 1466/914/55 1465/939/55
f 1468/920/56 1475/913/56 1474/921/56
f 1467/912/57 1470/952/57 1469/910/57
f 1465/939/58 1454/929/58 1453/928/58
f 1457/953/39 1469/910/39 1468/942/39
f 1471/944/16 1453/928/16 1459/933/16
f 1491/954/5 1492/955/5 1446/956/5
f 1483/957/1 1448/958/1 1446/956/1
f 1489/959/3 1490/960/3 1452/918/3
f 1446/956/16 1452/918/16 1450/917/16
f 1449/961/5 1500/962/5 1479/963/5
f 1451/964/14 1490/960/14 1478/965/14
f 1532/966/59 1544/967/59 1543/968/59
f 1477/969/14 1484/970/14 1447/971/14
f 1481/972/14 1489/959/14 1487/973/14
f 1496/974/60 1511/975/60 1499/976/60
f 1480/977/5 1495/978/5 1445/979/5
f 1487/980/3 1502/981/3 1481/982/3
f 1488/983/5 1504/984/5 1485/985/5
f 1478/986/3 1494/987/3 1451/988/3
f 1447/989/3 1499/976/3 1477/990/3
f 1513/991/61 1522/992/61 1514/993/61
f 1501/994/60 1514/993/60 1502/981/60
f 1498/995/62 1512/996/62 1500/962/62
f 1497/997/62 1507/998/62 1495/978/62
f 1503/999/62 1516/1000/62 1504/984/62
f 1493/1001/60 1506/1002/60 1494/987/60
f 1517/1003/63 1542/1004/63 1518/1005/63
f 1512/1006/1 1517/1007/1 1493/1001/1
f 1507/1008/1 1519/1009/1 1496/974/1
f 1505/1010/61 1518/1005/61 1506/1002/61
f 1508/1011/61 1520/1012/61 1511/975/61
f 1523/1013/1 1556/1014/1 1547/1015/1
f 1524/1016/2 1555/1017/2 1531/1018/2
f 1533/1019/64 1558/1020/64 1534/1021/64
f 1483/1022/14 1485/1023/14 1480/1024/14
f 1521/1025/63 1546/1026/63 1522/992/63
f 1514/993/2 1515/1027/2 1481/1028/2
f 1516/1029/1 1521/1030/1 1501/994/1
f 1510/1031/65 1538/1032/65 1512/996/65
f 1509/1033/65 1536/1034/65 1507/998/65
f 1515/1035/65 1540/1036/65 1516/1000/65
f 1519/1037/63 1544/967/63 1520/1012/63
f 1524/1038/59 1535/1039/59 1523/1040/59
f 1526/1041/59 1537/1042/59 1525/1043/59
f 1528/1044/59 1539/1045/59 1527/1046/59
f 1530/1047/59 1542/1004/59 1541/1048/59
f 1534/1021/59 1546/1026/59 1545/1049/59
f 1554/1050/59 1550/1051/59 1549/1052/59
f 1558/1053/59 1552/1054/59 1551/1055/59
f 1556/1056/59 1548/1057/59 1547/1058/59
f 1525/1043/66 1550/1059/66 1526/1041/66
f 1526/1060/2 1553/1061/2 1529/1062/2
f 1531/1063/64 1556/1064/64 1532/1065/64
f 1527/1046/66 1552/1066/66 1528/1044/66
f 1527/1067/1 1558/1068/1 1551/1069/1
f 1525/1070/1 1554/1071/1 1549/1072/1
f 1529/1062/64 1554/1073/64 1530/1047/64
f 1528/1074/2 1557/1075/2 1533/1019/2
f 1523/1040/66 1548/1076/66 1524/1038/66
f 1451/1077/2 1542/1078/2 1510/1079/2
f 1477/1080/2 1544/1081/2 1509/1082/2
f 1562/1083/5 1564/1084/5 1561/1085/5
f 1797/1086/3 1810/1087/3 1798/1088/3
f 1566/1089/3 1559/1090/3 1565/1091/3
f 1564/1084/16 1559/1092/16 1561/1093/16
f 1562/1094/14 1566/1089/14 1563/1095/14
f 1774/1096/16 1782/1097/16 1778/1098/16
f 1763/1099/1 1764/1100/1 1563/1095/1
f 1785/1101/1 1769/1102/1 1766/1103/1
f 1791/1104/5 1777/1105/5 1764/1106/5
f 1775/1107/67 1789/1108/67 1792/1109/67
f 1802/1110/5 1804/1111/5 1793/1112/5
f 1802/1113/14 1792/1109/14 1801/1114/14
f 1763/1115/14 1779/1116/14 1775/1107/14
f 1807/1117/1 1805/1118/1 1568/1119/1
f 1799/1120/2 1813/1121/2 1801/1122/2
f 1810/1087/3 1808/1123/3 1569/1124/3
f 1796/1125/14 1797/1126/14 1786/1127/14
f 1570/1128/68 1571/1129/68 1567/1130/68
f 1804/1111/5 1814/1131/5 1567/1132/5
f 1813/1121/2 1811/1133/2 1570/1134/2
f 1567/1135/69 1674/1136/69 1673/1137/69
f 1741/1138/16 1744/1139/16 1737/1140/16
f 1682/1141/16 1683/1142/16 1679/1143/16
f 1672/1144/16 1679/1145/16 1675/1146/16
f 1568/1147/70 1672/1144/70 1678/1148/70
f 1681/1149/1 1714/1150/1 1685/1151/1
f 1576/1152/2 1749/1153/2 1574/1154/2
f 1569/1155/71 1677/1156/71 1572/1157/71
f 1755/1158/1 1756/1159/1 1565/1091/1
f 1706/1160/72 1703/1161/72 1708/1162/73
f 1701/1163/74 1710/1164/75 1702/1165/74
f 1716/1166/14 1722/1167/14 1717/1168/14
f 1686/1169/16 1687/1170/16 1683/1171/16
f 1712/1172/14 1717/1173/14 1713/1174/14
f 1680/1175/2 1711/1176/2 1707/1177/2
f 1588/1178/3 1601/1179/3 1606/1180/3
f 1685/1181/1 1718/1182/1 1689/1183/1
f 1690/1184/76 1691/1185/76 1687/1186/76
f 1684/1187/2 1715/1188/2 1711/1189/2
f 1578/1190/2 1582/1191/2 1580/1192/2
f 1689/1193/1 1721/1194/1 1693/1195/1
f 1574/1196/5 1743/1197/5 1745/1198/5
f 1720/1199/77 1726/1200/77 1722/1201/77
f 1577/1202/78 1696/1203/78 1691/1204/78
f 1580/1192/16 1581/1205/16 1579/1206/16
f 1692/1207/2 1724/1208/2 1719/1209/2
f 1577/1202/3 1694/1210/3 1578/1190/3
f 1688/1211/2 1719/1212/2 1715/1213/2
f 1585/1214/14 1578/1190/14 1586/1215/14
f 1728/1216/14 1735/1217/14 1729/1218/14
f 1693/1219/1 1725/1220/1 1698/1221/1
f 1578/1190/79 1697/1222/79 1584/1223/79
f 1590/1224/2 1646/1225/2 1600/1226/2
f 1620/1227/80 1653/1228/80 1619/1229/80
f 1607/1230/1 1631/1231/1 1594/1232/1
f 1601/1233/14 1641/1234/14 1606/1235/14
f 1579/1206/1 1577/1202/1 1587/1236/1
f 1595/1237/16 1640/1238/16 1589/1239/16
f 1585/1240/3 1595/1241/3 1589/1242/3
f 1631/1231/81 1597/1243/81 1594/1232/81
f 1632/1244/82 1598/1245/82 1597/1243/82
f 1633/1246/83 1599/1247/83 1598/1245/83
f 1634/1248/84 1595/1237/84 1599/1247/84
f 1590/1224/85 1636/1249/85 1637/1250/85
f 1593/1251/86 1638/1252/86 1636/1249/86
f 1592/1253/87 1639/1254/87 1638/1252/87
f 1591/1255/88 1640/1238/88 1639/1254/88
f 1641/1234/89 1608/1256/90 1606/1235/90
f 1642/1257/91 1609/1258/91 1608/1256/91
f 1643/1259/92 1610/1260/92 1609/1258/92
f 1644/1261/93 1607/1230/93 1610/1260/93
f 1646/1225/94 1603/1262/94 1600/1226/94
f 1647/1263/95 1604/1264/80 1603/1262/80
f 1648/1265/96 1605/1266/96 1604/1264/96
f 1649/1267/97 1601/1233/98 1605/1266/98
f 1617/1268/3 1632/1269/3 1645/1270/3
f 1622/1271/3 1647/1272/3 1637/1273/3
f 1653/1274/3 1670/1275/3 1666/1276/3
f 1611/1277/1 1666/1278/1 1622/1279/1
f 1630/1280/87 1663/1281/87 1629/1282/87
f 1619/1229/99 1654/1283/99 1618/1284/99
f 1616/1285/14 1660/1286/14 1612/1287/14
f 1629/1282/100 1664/1288/100 1628/1289/101
f 1618/1284/102 1655/1290/102 1616/1285/102
f 1626/1291/2 1651/1292/2 1617/1293/2
f 1628/1289/103 1665/1294/103 1626/1291/103
f 1613/1295/93 1657/1296/93 1611/1277/93
f 1621/1297/16 1661/1298/16 1627/1299/16
f 1622/1279/81 1667/1300/81 1625/1301/81
f 1614/1302/104 1656/1303/104 1613/1295/104
f 1625/1301/82 1668/1304/82 1624/1305/82
f 1615/1306/105 1658/1307/105 1614/1302/105
f 1624/1305/83 1669/1308/83 1623/1309/83
f 1612/1287/106 1659/1310/106 1615/1306/106
f 1617/1293/94 1652/1311/94 1620/1227/94
f 1623/1309/84 1670/1312/84 1621/1297/84
f 1627/1299/88 1662/1313/88 1630/1280/88
f 1730/1314/2 1746/1315/2 1740/1316/2
f 1576/1317/5 1735/1217/5 1733/1318/5
f 1738/1319/1 1732/1320/1 1727/1321/1
f 1708/1322/14 1713/1323/14 1709/1324/14
f 1573/1325/1 1751/1326/1 1575/1327/1
f 1574/1328/16 1748/1329/16 1573/1330/16
f 1575/1331/14 1754/1332/14 1576/1333/14
f 1672/1144/107 1674/1334/107 1671/1335/107
f 1675/1146/108 1677/1336/108 1678/1148/108
f 1672/1144/55 1681/1337/55 1682/1338/55
f 1679/1145/48 1676/1339/48 1675/1146/48
f 1685/1151/55 1682/1141/55 1681/1149/55
f 1680/1175/48 1683/1142/48 1684/1340/48
f 1687/1170/48 1684/1187/48 1683/1171/48
f 1689/1183/55 1686/1169/55 1685/1181/55
f 1691/1185/109 1688/1211/109 1687/1186/109
f 1689/1193/110 1694/1341/110 1690/1184/110
f 1693/1219/111 1697/1222/111 1694/1342/111
f 1696/1203/112 1692/1207/112 1691/1204/112
f 1723/1343/3 1582/1344/3 1726/1345/3
f 1781/1346/3 1773/1347/3 1790/1348/3
f 1710/1164/1 1671/1349/1 1571/1350/1
f 1731/1351/5 1732/1320/5 1733/1318/5
f 1734/1352/5 1735/1217/5 1736/1353/5
f 1704/1354/14 1701/1163/14 1706/1160/14
f 1676/1339/2 1707/1355/2 1705/1356/2
f 1713/1323/75 1710/1357/75 1709/1324/75
f 1712/1358/73 1707/1177/73 1711/1176/73
f 1716/1359/113 1711/1189/73 1715/1188/114
f 1717/1173/115 1714/1360/75 1713/1174/75
f 1720/1361/114 1715/1213/114 1719/1212/116
f 1721/1362/117 1726/1200/118 1725/1363/119
f 1719/1209/120 1723/1364/121 1720/1199/120
f 1722/1167/122 1718/1365/122 1717/1168/115
f 1732/1320/56 1728/1216/56 1727/1321/56
f 1730/1314/50 1735/1217/50 1734/1352/50
f 1744/1139/55 1738/1319/55 1737/1140/55
f 1741/1138/48 1746/1315/48 1745/1198/48
f 1572/1366/3 1741/1367/3 1739/1368/3
f 1749/1369/52 1747/1370/52 1748/1329/52
f 1753/1371/53 1751/1372/53 1752/1373/53
f 1750/1374/123 1754/1375/124 1753/1371/124
f 1751/1326/125 1747/1370/126 1752/1373/125
f 1750/1374/5 1752/1373/5 1747/1370/5
f 1765/1376/127 1766/1377/127 1767/1378/127
f 1768/1379/128 1769/1380/128 1770/1381/128
f 1783/1382/129 1784/1383/129 1785/1384/129
f 1786/1385/130 1787/1386/130 1788/1387/130
f 1766/1377/54 1783/1382/54 1785/1384/54
f 1767/1388/55 1769/1102/55 1768/1389/55
f 1786/1127/131 1785/1101/131 1784/1390/131
f 1787/1386/57 1769/1380/57 1788/1387/57
f 1787/1386/132 1789/1391/133 1790/1348/134
f 1776/1392/135 1763/1393/136 1775/1394/135
f 1780/1395/137 1789/1391/138 1779/1396/139
f 1783/1382/140 1792/1397/141 1784/1383/142
f 1773/1347/58 1781/1346/58 1782/1097/58
f 1776/1392/143 1792/1397/144 1791/1104/145
f 1780/1395/146 1758/1398/147 1757/1399/147
f 1777/1105/52 1772/1400/52 1771/1401/52
f 1803/1402/148 1804/1403/148 1805/1118/148
f 1806/1404/149 1807/1117/149 1808/1123/149
f 1809/1405/150 1810/1087/150 1811/1133/150
f 1812/1406/151 1813/1121/151 1814/1131/151
f 1813/1121/51 1802/1110/51 1801/1122/51
f 1794/1407/54 1804/1403/54 1803/1402/54
f 1797/1086/57 1807/1117/57 1806/1404/57
f 1810/1087/49 1799/1120/49 1798/1088/49
f 1794/1407/1 1807/1117/1 1796/1408/1
f 1706/1409/3 1727/1410/3 1729/1411/3
f 1334/1412/3 1331/1413/3 1296/1414/3
f 1311/679/3 1310/691/3 1294/672/3
f 36/1/1 32/1415/1 169/2/1
f 17/4/2 179/1416/2 170/5/2
f 199/7/3 200/75/3 189/8/3
f 165/10/4 325/151/4 326/11/4
f 179/13/5 180/492/5 169/14/5
f 163/16/6 164/44/6 161/17/6
f 166/12/7 168/265/7 167/19/7
f 293/20/5 453/221/5 451/21/5
f 173/23/8 174/277/8 171/24/8
f 176/26/4 178/290/4 177/27/4
f 183/29/9 184/312/9 181/30/9
f 201/32/10 361/220/10 452/33/10
f 186/35/11 188/325/11 187/36/11
f 193/38/12 194/335/12 191/39/12
f 196/41/13 198/97/13 197/42/13
f 164/44/11 323/150/11 324/45/11
f 203/46/14 233/281/14 262/47/14
f 232/49/14 231/286/14 260/50/14
f 230/52/14 229/291/14 258/53/14
f 228/55/14 227/298/14 256/56/14
f 226/58/14 225/305/14 254/59/14
f 162/18/15 321/219/15 322/61/15
f 224/62/14 223/310/14 252/63/14
f 222/65/14 221/315/14 250/66/14
f 220/68/14 219/320/14 248/69/14
f 218/71/14 217/324/14 246/72/14
f 199/7/9 359/171/9 360/74/9
f 216/76/14 215/327/14 244/77/14
f 214/79/14 213/330/14 242/80/14
f 212/82/14 211/333/14 240/83/14
f 38/1417/1 36/1/1 180/3/1
f 180/3/1 340/1418/1 337/1419/1
f 180/3/1 337/1419/1 178/1420/1
f 39/1421/1 38/1417/1 180/3/1
f 39/1421/1 180/3/1 178/1420/1
f 176/1422/1 336/1423/1 333/1424/1
f 39/1421/1 178/1420/1 176/1422/1
f 40/1425/1 39/1421/1 176/1422/1
f 176/1422/1 333/1424/1 174/507/1
f 173/1426/1 332/1427/1 364/1428/1
f 176/1422/1 174/507/1 173/1426/1
f 37/1429/1 40/1425/1 176/1422/1
f 37/1429/1 176/1422/1 173/1426/1
f 173/1426/1 364/1428/1 204/1430/152
f 262/1431/1 422/1432/1 421/1433/1
f 173/1426/1 204/1430/152 262/1431/1
f 100/1434/1 37/1429/1 173/1426/1
f 99/1435/1 100/1434/1 173/1426/1
f 262/1431/1 421/1433/1 261/1436/1
f 99/1435/1 173/1426/1 262/1431/1
f 98/1437/1 99/1435/1 262/1431/1
f 98/1437/1 262/1431/1 261/1436/1
f 97/1438/1 98/1437/1 261/1436/1
f 260/1439/1 420/1440/1 419/1441/1
f 97/1438/1 261/1436/1 260/1439/1
f 96/1442/1 97/1438/1 260/1439/1
f 260/1439/1 419/1441/1 259/1443/1
f 258/1444/1 418/1445/1 417/1446/1
f 96/1442/1 260/1439/1 259/1443/1
f 258/1444/1 417/1446/1 257/1447/1
f 96/1442/1 259/1443/1 258/1444/1
f 95/1448/1 96/1442/1 258/1444/1
f 95/1448/1 258/1444/1 257/1447/1
f 94/1449/1 95/1448/1 257/1447/1
f 256/1450/1 416/1451/1 415/1452/1
f 94/1449/1 257/1447/1 256/1450/1
f 93/1453/1 94/1449/1 256/1450/1
f 256/1450/1 415/1452/1 255/1454/1
f 254/1455/1 414/1456/1 413/1457/1
f 93/1453/1 256/1450/1 255/1454/1
f 254/1455/1 413/1457/1 253/1458/1
f 93/1453/1 255/1454/1 254/1455/1
f 92/1459/1 93/1453/1 254/1455/1
f 92/1459/1 254/1455/1 253/1458/1
f 91/1460/1 92/1459/1 253/1458/1
f 252/1461/1 412/1462/1 411/1463/1
f 91/1460/1 253/1458/1 252/1461/1
f 90/1464/1 91/1460/1 252/1461/1
f 252/1461/1 411/1463/1 251/1465/1
f 250/1466/1 410/1467/1 409/1468/1
f 90/1464/1 252/1461/1 251/1465/1
f 250/1466/1 409/1468/1 249/1469/1
f 90/1464/1 251/1465/1 250/1466/1
f 89/1470/1 90/1464/1 250/1466/1
f 89/1470/1 250/1466/1 249/1469/1
f 88/1471/1 89/1470/1 249/1469/1
f 248/1472/1 408/1473/1 407/1474/1
f 88/1471/1 249/1469/1 248/1472/1
f 87/1475/1 88/1471/1 248/1472/1
f 248/1472/1 407/1474/1 247/1476/1
f 246/1477/1 406/1478/1 405/1479/1
f 87/1475/1 248/1472/1 247/1476/1
f 246/1477/1 405/1479/1 245/1480/1
f 87/1475/1 247/1476/1 246/1477/1
f 86/506/1 87/1475/1 246/1477/1
f 86/506/1 246/1477/1 245/1480/1
f 85/505/1 86/506/1 245/1480/1
f 244/1481/1 404/1482/1 403/1483/1
f 85/505/1 245/1480/1 244/1481/1
f 84/1484/1 85/505/1 244/1481/1
f 244/1481/1 403/1483/1 243/1485/1
f 242/1486/1 402/1487/1 401/1488/1
f 84/1484/1 244/1481/1 243/1485/1
f 242/1486/1 401/1488/1 241/1489/1
f 84/1484/1 243/1485/1 242/1486/1
f 83/1490/1 84/1484/1 242/1486/1
f 83/1490/1 242/1486/1 241/1489/1
f 82/1491/1 83/1490/1 241/1489/1
f 240/1492/1 400/1493/1 399/1494/1
f 82/1491/1 241/1489/1 240/1492/1
f 81/1495/1 82/1491/1 240/1492/1
f 240/1492/1 399/1494/1 239/1496/1
f 238/1497/1 398/1498/1 397/1499/1
f 81/1495/1 240/1492/1 239/1496/1
f 238/1497/1 397/1499/1 237/1500/1
f 81/1495/1 239/1496/1 238/1497/1
f 80/1501/1 81/1495/1 238/1497/1
f 80/1501/1 238/1497/1 237/1500/1
f 79/1502/1 80/1501/1 237/1500/1
f 236/1503/1 396/1504/1 395/1505/1
f 79/1502/1 237/1500/1 236/1503/1
f 78/1506/1 79/1502/1 236/1503/1
f 236/1503/1 395/1505/1 235/1507/1
f 234/1508/1 394/1509/1 351/1510/1
f 78/1506/1 236/1503/1 235/1507/1
f 234/1508/1 351/1510/1 192/1511/1
f 78/1506/1 235/1507/1 234/1508/1
f 77/1512/1 78/1506/1 234/1508/1
f 234/1508/1 192/1511/1 191/1513/1
f 191/1513/1 354/1514/1 355/1515/1
f 191/1513/1 355/1515/1 195/1516/1
f 77/1512/1 234/1508/1 191/1513/1
f 76/1517/1 77/1512/1 191/1513/1
f 191/1513/1 195/1516/1 197/1518/1
f 197/1518/1 358/1519/1 359/1520/1
f 197/1518/1 359/1520/1 199/489/1
f 75/1521/1 76/1517/1 191/1513/1
f 74/1522/1 75/1521/1 191/1513/1
f 191/1513/1 197/1518/1 199/489/1
f 190/1523/1 350/1524/1 347/1525/1
f 73/1526/1 74/1522/1 191/1513/1
f 72/1527/1 73/1526/1 191/1513/1
f 190/1523/1 347/1525/1 188/1528/1
f 186/1529/1 346/1530/1 343/1531/1
f 190/1523/1 188/1528/1 186/1529/1
f 71/1532/1 72/1527/1 191/1513/1
f 26/1533/1 71/1532/1 191/1513/1
f 199/489/1 190/1523/1 186/1529/1
f 186/1529/1 343/1531/1 184/1534/1
f 183/1535/1 342/1536/1 362/1537/1
f 186/1529/1 184/1534/1 183/1535/1
f 28/1538/1 26/1533/1 191/1513/1
f 29/1539/1 28/1538/1 191/1513/1
f 186/1529/1 183/1535/1 362/1537/1
f 186/1529/1 362/1537/1 202/87/1
f 29/1539/1 191/1513/1 199/489/1
f 30/1540/1 29/1539/1 199/489/1
f 320/1541/1 480/1542/1 479/1543/1
f 320/1541/1 479/1543/1 319/1544/1
f 27/491/1 30/1540/1 199/489/1
f 21/490/1 27/491/1 199/489/1
f 318/1545/1 478/1546/1 477/1547/1
f 318/1545/1 477/1547/1 317/1548/1
f 316/1549/1 476/1550/1 475/1551/1
f 316/1549/1 475/1551/1 315/1552/1
f 314/1553/1 474/1554/1 473/1555/1
f 314/1553/1 473/1555/1 313/1556/1
f 312/1557/1 472/1558/1 471/1559/1
f 312/1557/1 471/1559/1 311/1560/1
f 310/1561/1 470/1562/1 469/1563/1
f 310/1561/1 469/1563/1 309/1564/1
f 308/1565/1 468/1566/1 467/1567/1
f 308/1565/1 467/1567/1 307/1568/1
f 306/1569/1 466/1570/1 465/1571/1
f 306/1569/1 465/1571/1 305/1572/1
f 304/1573/1 464/1574/1 463/1575/1
f 304/1573/1 463/1575/1 303/1576/1
f 302/1577/1 462/1578/1 461/1579/1
f 302/1577/1 461/1579/1 301/1580/1
f 300/1581/1 460/1582/1 459/1583/1
f 300/1581/1 459/1583/1 299/1584/1
f 298/1585/1 458/1586/1 457/1587/1
f 298/1585/1 457/1587/1 297/1588/1
f 296/1589/1 456/1590/1 455/1591/1
f 296/1589/1 455/1591/1 295/1592/1
f 294/1593/1 454/1594/1 453/1595/1
f 294/1593/1 453/1595/1 293/1596/1
f 292/1597/153 452/1598/1 321/1599/1
f 292/1597/153 321/1599/1 162/1600/1
f 293/1596/1 292/1597/153 162/1600/1
f 161/1601/1 324/1602/1 325/1603/1
f 293/1596/1 162/1600/1 161/1601/1
f 294/1593/1 293/1596/1 161/1601/1
f 161/1601/1 325/1603/1 165/1604/1
f 167/1605/1 328/1606/1 329/1607/1
f 161/1601/1 165/1604/1 167/1605/1
f 295/1592/1 294/1593/1 161/1601/1
f 296/1589/1 295/1592/1 161/1601/1
f 161/1601/1 167/1605/1 329/1607/1
f 329/1607/1 169/2/1 32/1415/1
f 329/1607/1 32/1415/1 35/1608/1
f 297/1588/1 296/1589/1 161/1601/1
f 298/1585/1 297/1588/1 161/1601/1
f 161/1601/1 329/1607/1 35/1608/1
f 161/1601/1 35/1608/1 34/1609/1
f 299/1584/1 298/1585/1 161/1601/1
f 300/1581/1 299/1584/1 161/1601/1
f 161/1601/1 34/1609/1 33/1610/1
f 161/1601/1 33/1610/1 31/1611/1
f 301/1580/1 300/1581/1 161/1601/1
f 302/1577/1 301/1580/1 161/1601/1
f 161/1601/1 31/1611/1 131/1612/1
f 161/1601/1 131/1612/1 132/1613/1
f 303/1576/1 302/1577/1 161/1601/1
f 304/1573/1 303/1576/1 161/1601/1
f 161/1601/1 132/1613/1 133/1614/1
f 161/1601/1 133/1614/1 134/1615/1
f 305/1572/1 304/1573/1 161/1601/1
f 306/1569/1 305/1572/1 161/1601/1
f 161/1601/1 134/1615/1 135/1616/1
f 161/1601/1 135/1616/1 136/1617/1
f 307/1568/1 306/1569/1 161/1601/1
f 308/1565/1 307/1568/1 161/1601/1
f 161/1601/1 136/1617/1 137/1618/1
f 161/1601/1 137/1618/1 138/1619/1
f 309/1564/1 308/1565/1 161/1601/1
f 310/1561/1 309/1564/1 161/1601/1
f 161/1601/1 138/1619/1 139/1620/1
f 161/1601/1 139/1620/1 140/1621/1
f 311/1560/1 310/1561/1 161/1601/1
f 312/1557/1 311/1560/1 161/1601/1
f 161/1601/1 140/1621/1 141/1622/1
f 161/1601/1 141/1622/1 142/1623/1
f 313/1556/1 312/1557/1 161/1601/1
f 314/1553/1 313/1556/1 161/1601/1
f 161/1601/1 142/1623/1 143/1624/1
f 161/1601/1 143/1624/1 144/1625/1
f 315/1552/1 314/1553/1 161/1601/1
f 316/1549/1 315/1552/1 161/1601/1
f 161/1601/1 144/1625/1 145/1626/1
f 161/1601/1 145/1626/1 146/1627/1
f 317/1548/1 316/1549/1 161/1601/1
f 318/1545/1 317/1548/1 161/1601/1
f 161/1601/1 146/1627/1 147/1628/1
f 161/1601/1 147/1628/1 148/1629/1
f 319/1544/1 318/1545/1 161/1601/1
f 320/1541/1 319/1544/1 161/1601/1
f 161/1601/1 148/1629/1 149/1630/1
f 161/1601/1 149/1630/1 150/1631/1
f 202/87/1 320/1541/1 161/1601/1
f 21/490/1 199/489/1 186/1529/1
f 23/1632/1 21/490/1 186/1529/1
f 202/87/1 161/1601/1 150/1631/1
f 202/87/1 150/1631/1 151/1633/1
f 24/1634/1 23/1632/1 186/1529/1
f 25/1635/1 24/1634/1 186/1529/1
f 202/87/1 151/1633/1 152/1636/1
f 202/87/1 152/1636/1 153/1637/1
f 25/1635/1 186/1529/1 202/87/1
f 22/1638/1 25/1635/1 202/87/1
f 202/87/1 153/1637/1 154/1639/1
f 202/87/1 154/1639/1 155/1640/1
f 160/1641/1 22/1638/1 202/87/1
f 159/1642/1 160/1641/1 202/87/1
f 202/87/1 155/1640/1 156/1643/1
f 202/87/1 156/1643/1 157/85/1
f 158/86/1 159/1642/1 202/87/1
f 210/88/14 209/336/14 238/89/14
f 208/91/14 207/130/14 236/92/14
f 206/94/14 205/111/14 234/95/14
f 292/34/16 293/20/16 291/22/16
f 198/97/8 357/170/8 358/98/8
f 294/99/16 295/263/16 289/100/16
f 296/102/16 297/266/16 287/103/16
f 298/105/16 299/271/16 285/106/16
f 300/108/16 301/274/16 283/109/16
f 205/111/15 365/148/15 394/112/15
f 302/113/16 303/276/16 281/114/16
f 304/116/16 305/280/16 279/117/16
f 235/96/3 395/218/3 366/119/3
f 306/120/16 307/285/16 277/121/16
f 195/43/11 355/168/11 356/123/11
f 308/124/16 309/289/16 275/125/16
f 310/127/16 311/297/16 273/128/16
f 207/130/5 367/217/5 396/131/5
f 312/132/16 313/304/16 271/133/16
f 314/135/16 315/309/16 269/136/16
f 316/138/16 317/314/16 267/139/16
f 237/93/3 397/215/3 368/141/3
f 318/142/16 319/318/16 265/143/16
f 320/145/16 202/323/16 263/146/16
f 365/148/17 352/332/17 351/149/17
f 323/150/18 326/11/18 325/151/18
f 327/152/19 330/272/19 329/153/19
f 333/155/20 336/283/20 335/156/20
f 337/158/21 340/301/21 339/159/21
f 343/161/22 346/319/22 345/162/22
f 347/164/23 350/329/23 349/165/23
f 353/167/24 356/123/24 355/168/24
f 357/170/25 360/74/25 359/171/25
f 362/172/26 342/307/26 341/173/26
f 331/175/27 363/279/27 364/176/27
f 393/178/14 392/284/14 421/179/14
f 391/181/14 390/288/14 419/182/14
f 389/184/14 388/296/14 417/185/14
f 387/187/14 386/303/14 415/188/14
f 385/190/14 384/308/14 413/191/14
f 383/193/14 382/313/14 411/194/14
f 381/196/14 380/317/14 409/197/14
f 379/199/14 378/322/14 407/200/14
f 377/202/14 376/326/14 405/203/14
f 375/205/14 374/328/14 403/206/14
f 373/208/14 372/331/14 401/209/14
f 371/211/14 370/334/14 399/212/14
f 369/214/14 368/141/14 397/215/14
f 367/217/14 366/119/14 395/218/14
f 321/219/28 452/33/28 361/220/28
f 453/221/16 454/262/16 450/222/16
f 455/223/16 456/264/16 448/224/16
f 457/226/16 458/270/16 446/227/16
f 459/229/16 460/273/16 444/230/16
f 461/232/16 462/275/16 442/233/16
f 463/235/16 464/278/16 440/236/16
f 465/238/16 466/282/16 438/239/16
f 467/241/16 468/287/16 436/242/16
f 469/244/16 470/292/16 434/245/16
f 471/247/16 472/299/16 432/248/16
f 473/250/16 474/306/16 430/251/16
f 475/253/16 476/311/16 428/254/16
f 477/256/16 478/316/16 426/257/16
f 479/259/16 480/321/16 424/260/16
f 290/101/3 450/222/3 454/262/3
f 295/263/5 455/223/5 449/225/5
f 288/104/3 448/224/3 456/264/3
f 168/265/9 327/152/9 328/154/9
f 297/266/5 457/226/5 447/228/5
f 273/1644/2 433/1645/2 432/1646/2
f 273/1644/2 432/1646/2 272/1647/2
f 435/1648/2 434/1649/2 274/1650/2
f 275/1651/2 435/1648/2 274/1650/2
f 437/1652/2 436/1653/2 276/1654/2
f 277/1655/2 437/1652/2 276/1654/2
f 439/1656/2 438/1657/2 278/1658/2
f 279/1659/2 439/1656/2 278/1658/2
f 441/1660/2 440/1661/2 280/1662/2
f 281/1663/2 441/1660/2 280/1662/2
f 443/1664/2 442/1665/2 282/1666/2
f 283/1667/2 443/1664/2 282/1666/2
f 445/1668/2 444/1669/2 284/1670/2
f 285/1671/2 445/1668/2 284/1670/2
f 447/1672/2 446/1673/2 286/1674/2
f 287/1675/2 447/1672/2 286/1674/2
f 449/1676/2 448/1677/2 288/1678/2
f 289/1679/2 449/1676/2 288/1678/2
f 451/1680/2 450/1681/2 290/1682/2
f 291/1683/2 451/1680/2 290/1682/2
f 322/1684/2 361/1685/2 201/496/2
f 163/1686/2 322/1684/2 201/496/2
f 326/1687/2 323/1688/2 164/1689/2
f 164/1689/2 163/1686/2 201/496/2
f 164/1689/2 201/496/2 291/1683/2
f 166/1690/2 326/1687/2 164/1689/2
f 330/1691/2 327/1692/2 168/1693/2
f 168/1693/2 166/1690/2 164/1689/2
f 164/1689/2 291/1683/2 290/1682/2
f 164/1689/2 290/1682/2 289/1679/2
f 330/1691/2 168/1693/2 164/1689/2
f 11/6/2 170/5/2 330/1691/2
f 13/1694/2 11/6/2 330/1691/2
f 164/1689/2 289/1679/2 288/1678/2
f 164/1689/2 288/1678/2 287/1675/2
f 13/1694/2 330/1691/2 164/1689/2
f 14/1695/2 13/1694/2 164/1689/2
f 164/1689/2 287/1675/2 286/1674/2
f 164/1689/2 286/1674/2 285/1671/2
f 15/1696/2 14/1695/2 164/1689/2
f 12/1697/2 15/1696/2 164/1689/2
f 164/1689/2 285/1671/2 284/1670/2
f 164/1689/2 284/1670/2 283/1667/2
f 130/1698/2 12/1697/2 164/1689/2
f 129/1699/2 130/1698/2 164/1689/2
f 164/1689/2 283/1667/2 282/1666/2
f 164/1689/2 282/1666/2 281/1663/2
f 128/1700/2 129/1699/2 164/1689/2
f 127/497/2 128/1700/2 164/1689/2
f 164/1689/2 281/1663/2 280/1662/2
f 164/1689/2 280/1662/2 279/1659/2
f 126/1701/2 127/497/2 164/1689/2
f 125/1702/2 126/1701/2 164/1689/2
f 164/1689/2 279/1659/2 278/1658/2
f 164/1689/2 278/1658/2 277/1655/2
f 124/1703/2 125/1702/2 164/1689/2
f 123/1704/2 124/1703/2 164/1689/2
f 164/1689/2 277/1655/2 276/1654/2
f 164/1689/2 276/1654/2 275/1651/2
f 122/1705/2 123/1704/2 164/1689/2
f 121/1706/2 122/1705/2 164/1689/2
f 164/1689/2 275/1651/2 274/1650/2
f 164/1689/2 274/1650/2 273/1644/2
f 120/1707/2 121/1706/2 164/1689/2
f 119/1708/2 120/1707/2 164/1689/2
f 164/1689/2 273/1644/2 272/1647/2
f 271/1709/2 431/1710/2 430/1711/2
f 164/1689/2 272/1647/2 271/1709/2
f 118/1712/2 119/1708/2 164/1689/2
f 117/1713/2 118/1712/2 164/1689/2
f 271/1709/2 430/1711/2 270/1714/2
f 117/1713/2 164/1689/2 271/1709/2
f 116/1715/2 117/1713/2 271/1709/2
f 116/1715/2 271/1709/2 270/1714/2
f 115/1716/2 116/1715/2 270/1714/2
f 269/1717/2 429/1718/2 428/1719/2
f 115/1716/2 270/1714/2 269/1717/2
f 114/1720/2 115/1716/2 269/1717/2
f 269/1717/2 428/1719/2 268/1721/2
f 267/1722/2 427/1723/2 426/1724/2
f 114/1720/2 269/1717/2 268/1721/2
f 267/1722/2 426/1724/2 266/1725/2
f 114/1720/2 268/1721/2 267/1722/2
f 113/1726/2 114/1720/2 267/1722/2
f 113/1726/2 267/1722/2 266/1725/2
f 112/1727/2 113/1726/2 266/1725/2
f 265/1728/2 425/1729/2 424/1730/2
f 112/1727/2 266/1725/2 265/1728/2
f 111/1731/2 112/1727/2 265/1728/2
f 265/1728/2 424/1730/2 264/1732/2
f 263/1733/2 423/1734/2 341/1735/2
f 111/1731/2 265/1728/2 264/1732/2
f 263/1733/2 341/1735/2 182/1736/2
f 111/1731/2 264/1732/2 263/1733/2
f 110/1737/2 111/1731/2 263/1733/2
f 263/1733/2 182/1736/2 181/1738/2
f 181/1738/2 344/1739/2 345/1740/2
f 181/1738/2 345/1740/2 185/1741/2
f 110/1737/2 263/1733/2 181/1738/2
f 109/1742/2 110/1737/2 181/1738/2
f 181/1738/2 185/1741/2 187/1743/2
f 187/1743/2 348/1744/2 349/1745/2
f 187/1743/2 349/1745/2 189/1746/2
f 108/1747/2 109/1742/2 181/1738/2
f 107/1748/2 108/1747/2 181/1738/2
f 181/1738/2 187/1743/2 189/1746/2
f 200/487/2 360/1749/2 357/1750/2
f 106/1751/2 107/1748/2 181/1738/2
f 105/1752/2 106/1751/2 181/1738/2
f 200/487/2 357/1750/2 198/1753/2
f 196/1754/2 356/1755/2 353/1756/2
f 200/487/2 198/1753/2 196/1754/2
f 104/1757/2 105/1752/2 181/1738/2
f 103/1758/2 104/1757/2 181/1738/2
f 189/1746/2 200/487/2 196/1754/2
f 196/1754/2 353/1756/2 194/1759/2
f 193/1760/2 352/1761/2 365/1762/2
f 196/1754/2 194/1759/2 193/1760/2
f 102/1763/2 103/1758/2 181/1738/2
f 101/1764/2 102/1763/2 181/1738/2
f 196/1754/2 193/1760/2 365/1762/2
f 196/1754/2 365/1762/2 205/267/2
f 1/1765/2 101/1764/2 181/1738/2
f 3/1766/2 1/1765/2 181/1738/2
f 206/1767/2 366/1768/2 367/1769/2
f 206/1767/2 367/1769/2 207/1770/2
f 4/1771/2 3/1766/2 181/1738/2
f 5/1772/2 4/1771/2 181/1738/2
f 208/1773/2 368/1774/2 369/1775/2
f 208/1773/2 369/1775/2 209/1776/2
f 210/1777/2 370/1778/2 371/1779/2
f 210/1777/2 371/1779/2 211/1780/2
f 212/1781/2 372/1782/2 373/1783/2
f 212/1781/2 373/1783/2 213/1784/2
f 214/1785/2 374/1786/2 375/1787/2
f 214/1785/2 375/1787/2 215/1788/2
f 216/1789/2 376/1790/2 377/1791/2
f 216/1789/2 377/1791/2 217/1792/2
f 218/1793/2 378/1794/2 379/1795/2
f 218/1793/2 379/1795/2 219/1796/2
f 220/1797/2 380/1798/2 381/1799/2
f 220/1797/2 381/1799/2 221/1800/2
f 222/1801/2 382/1802/2 383/1803/2
f 222/1801/2 383/1803/2 223/1804/2
f 224/1805/2 384/1806/2 385/1807/2
f 224/1805/2 385/1807/2 225/1808/2
f 226/1809/2 386/1810/2 387/1811/2
f 226/1809/2 387/1811/2 227/1812/2
f 228/1813/2 388/1814/2 389/1815/2
f 228/1813/2 389/1815/2 229/1816/2
f 230/1817/2 390/1818/2 391/1819/2
f 230/1817/2 391/1819/2 231/1820/2
f 232/1821/2 392/1822/2 393/1823/2
f 232/1821/2 393/1823/2 233/1824/2
f 203/1825/2 363/1826/2 331/1827/2
f 203/1825/2 331/1827/2 172/1828/2
f 233/1824/2 203/1825/2 172/1828/2
f 171/1829/2 334/1830/2 335/1831/2
f 233/1824/2 172/1828/2 171/1829/2
f 232/1821/2 233/1824/2 171/1829/2
f 171/1829/2 335/1831/2 175/1832/2
f 177/1833/2 338/1834/2 339/1835/2
f 171/1829/2 175/1832/2 177/1833/2
f 231/1820/2 232/1821/2 171/1829/2
f 230/1817/2 231/1820/2 171/1829/2
f 171/1829/2 177/1833/2 339/1835/2
f 339/1835/2 179/1416/2 17/4/2
f 339/1835/2 17/4/2 20/1836/2
f 229/1816/2 230/1817/2 171/1829/2
f 228/1813/2 229/1816/2 171/1829/2
f 171/1829/2 339/1835/2 20/1836/2
f 171/1829/2 20/1836/2 19/1837/2
f 227/1812/2 228/1813/2 171/1829/2
f 226/1809/2 227/1812/2 171/1829/2
f 171/1829/2 19/1837/2 18/1838/2
f 171/1829/2 18/1838/2 16/1839/2
f 225/1808/2 226/1809/2 171/1829/2
f 224/1805/2 225/1808/2 171/1829/2
f 171/1829/2 16/1839/2 70/1840/2
f 171/1829/2 70/1840/2 69/1841/2
f 223/1804/2 224/1805/2 171/1829/2
f 222/1801/2 223/1804/2 171/1829/2
f 171/1829/2 69/1841/2 68/1842/2
f 171/1829/2 68/1842/2 67/1843/2
f 221/1800/2 222/1801/2 171/1829/2
f 220/1797/2 221/1800/2 171/1829/2
f 171/1829/2 67/1843/2 66/1844/2
f 171/1829/2 66/1844/2 65/1845/2
f 219/1796/2 220/1797/2 171/1829/2
f 218/1793/2 219/1796/2 171/1829/2
f 171/1829/2 65/1845/2 64/1846/2
f 171/1829/2 64/1846/2 63/1847/2
f 217/1792/2 218/1793/2 171/1829/2
f 216/1789/2 217/1792/2 171/1829/2
f 171/1829/2 63/1847/2 62/1848/2
f 171/1829/2 62/1848/2 61/1849/2
f 215/1788/2 216/1789/2 171/1829/2
f 214/1785/2 215/1788/2 171/1829/2
f 171/1829/2 61/1849/2 60/1850/2
f 171/1829/2 60/1850/2 59/1851/2
f 213/1784/2 214/1785/2 171/1829/2
f 212/1781/2 213/1784/2 171/1829/2
f 171/1829/2 59/1851/2 58/1852/2
f 171/1829/2 58/1852/2 57/1853/2
f 211/1780/2 212/1781/2 171/1829/2
f 210/1777/2 211/1780/2 171/1829/2
f 171/1829/2 57/1853/2 56/1854/2
f 171/1829/2 56/1854/2 55/1855/2
f 209/1776/2 210/1777/2 171/1829/2
f 208/1773/2 209/1776/2 171/1829/2
f 171/1829/2 55/1855/2 54/1856/2
f 171/1829/2 54/1856/2 53/1857/2
f 207/1770/2 208/1773/2 171/1829/2
f 206/1767/2 207/1770/2 171/1829/2
f 171/1829/2 53/1857/2 52/1858/2
f 171/1829/2 52/1858/2 51/1859/2
f 205/267/2 206/1767/2 171/1829/2
f 5/1772/2 181/1738/2 189/1746/2
f 2/486/2 5/1772/2 189/1746/2
f 205/267/2 171/1829/2 51/1859/2
f 205/267/2 51/1859/2 50/1860/2
f 6/488/2 2/486/2 189/1746/2
f 8/1861/2 6/488/2 189/1746/2
f 205/267/2 50/1860/2 49/1862/2
f 205/267/2 49/1862/2 48/1863/2
f 8/1861/2 189/1746/2 196/1754/2
f 9/1864/2 8/1861/2 196/1754/2
f 205/267/2 48/1863/2 47/1865/2
f 205/267/2 47/1865/2 46/1866/2
f 10/1867/2 9/1864/2 196/1754/2
f 7/1868/2 10/1867/2 196/1754/2
f 205/267/2 46/1866/2 45/1869/2
f 205/267/2 45/1869/2 44/1870/2
f 7/1868/2 196/1754/2 205/267/2
f 41/1871/2 7/1868/2 205/267/2
f 205/267/2 44/1870/2 43/268/2
f 42/269/2 41/1871/2 205/267/2
f 286/107/3 446/227/3 458/270/3
f 299/271/5 459/229/5 445/231/5
f 169/14/8 329/153/8 330/272/8
f 284/110/3 444/230/3 460/273/3
f 301/274/5 461/232/5 443/234/5
f 172/25/29 331/175/29 332/177/29
f 282/115/3 442/233/3 462/275/3
f 303/276/5 463/235/5 441/237/5
f 174/277/13 333/155/13 334/157/13
f 280/118/3 440/236/3 464/278/3
f 204/48/30 364/176/30 363/279/30
f 305/280/5 465/238/5 439/240/5
f 233/281/5 393/178/5 422/180/5
f 278/122/3 438/239/3 466/282/3
f 175/28/7 335/156/7 336/283/7
f 261/51/3 421/179/3 392/284/3
f 307/285/5 467/241/5 437/243/5
f 231/286/5 391/181/5 420/183/5
f 276/126/3 436/242/3 468/287/3
f 259/54/3 419/182/3 390/288/3
f 309/289/5 469/244/5 435/246/5
f 178/290/12 337/158/12 338/160/12
f 229/291/5 389/184/5 418/186/5
f 274/129/3 434/245/3 470/292/3
f 571/1872/16 570/459/16 7/460/16
f 571/1872/16 7/460/16 41/1873/16
f 572/1874/16 571/1872/16 41/1873/16
f 572/1874/16 41/1873/16 42/1875/16
f 573/1876/16 572/1874/16 42/1875/16
f 573/1876/16 42/1875/16 43/1877/16
f 574/1878/16 573/1876/16 43/1877/16
f 574/1878/16 43/1877/16 44/1879/16
f 575/1880/16 574/1878/16 44/1879/16
f 575/1880/16 44/1879/16 45/1881/16
f 576/1882/16 575/1880/16 45/1881/16
f 576/1882/16 45/1881/16 46/1883/16
f 577/1884/16 576/1882/16 46/1883/16
f 577/1884/16 46/1883/16 47/1885/16
f 578/1886/16 577/1884/16 47/1885/16
f 578/1886/16 47/1885/16 48/1887/16
f 579/1888/16 578/1886/16 48/1887/16
f 579/1888/16 48/1887/16 49/1889/16
f 580/1890/16 579/1888/16 49/1889/16
f 580/1890/16 49/1889/16 50/1891/16
f 581/1892/16 580/1890/16 50/1891/16
f 581/1892/16 50/1891/16 51/1893/16
f 582/1894/16 581/1892/16 51/1893/16
f 582/1894/16 51/1893/16 52/1895/16
f 583/1896/16 582/1894/16 52/1895/16
f 583/1896/16 52/1895/16 53/1897/16
f 584/1898/16 583/1896/16 53/1897/16
f 584/1898/16 53/1897/16 54/1899/16
f 585/1900/16 584/1898/16 54/1899/16
f 585/1900/16 54/1899/16 55/1901/16
f 586/1902/16 585/1900/16 55/1901/16
f 586/1902/16 55/1901/16 56/1903/16
f 587/1904/16 586/1902/16 56/1903/16
f 587/1904/16 56/1903/16 57/1905/16
f 588/1906/16 587/1904/16 57/1905/16
f 588/1906/16 57/1905/16 58/1907/16
f 589/1908/16 588/1906/16 58/1907/16
f 589/1908/16 58/1907/16 59/1909/16
f 590/1910/16 589/1908/16 59/1909/16
f 590/1910/16 59/1909/16 60/1911/16
f 591/1912/16 590/1910/16 60/1911/16
f 591/1912/16 60/1911/16 61/1913/16
f 592/1914/16 591/1912/16 61/1913/16
f 592/1914/16 61/1913/16 62/1915/16
f 593/1916/16 592/1914/16 62/1915/16
f 593/1916/16 62/1915/16 63/1917/16
f 594/1918/16 593/1916/16 63/1917/16
f 594/1918/16 63/1917/16 64/1919/16
f 595/1920/16 594/1918/16 64/1919/16
f 595/1920/16 64/1919/16 65/1921/16
f 596/1922/16 595/1920/16 65/1921/16
f 596/1922/16 65/1921/16 66/1923/16
f 597/1924/16 596/1922/16 66/1923/16
f 597/1924/16 66/1923/16 67/1925/16
f 598/1926/16 597/1924/16 67/1925/16
f 598/1926/16 67/1925/16 68/1927/16
f 599/1928/16 598/1926/16 68/1927/16
f 599/1928/16 68/1927/16 69/293/16
f 16/465/16 601/1929/16 600/295/16
f 600/295/16 599/1928/16 69/293/16
f 70/294/16 16/465/16 600/295/16
f 257/57/3 417/185/3 388/296/3
f 311/297/5 471/247/5 433/249/5
f 227/298/5 387/187/5 416/189/5
f 272/134/3 432/248/3 472/299/3
f 179/300/6 339/159/6 340/301/6
f 255/60/3 415/188/3 386/303/3
f 313/304/5 473/250/5 431/252/5
f 225/305/5 385/190/5 414/192/5
f 270/137/3 430/251/3 474/306/3
f 182/31/30 341/173/30 342/307/30
f 253/64/3 413/191/3 384/308/3
f 315/309/5 475/253/5 429/255/5
f 223/310/5 383/193/5 412/195/5
f 268/140/3 428/254/3 476/311/3
f 184/312/7 343/161/7 344/163/7
f 251/67/3 411/194/3 382/313/3
f 317/314/5 477/256/5 427/258/5
f 221/315/5 381/196/5 410/198/5
f 266/144/3 426/257/3 478/316/3
f 249/70/3 409/197/3 380/317/3
f 319/318/5 479/259/5 425/261/5
f 185/37/13 345/162/13 346/319/13
f 219/320/5 379/199/5 408/201/5
f 264/147/3 424/260/3 480/321/3
f 247/73/3 407/200/3 378/322/3
f 202/323/29 362/172/29 423/174/29
f 217/324/5 377/202/5 406/204/5
f 188/325/6 347/164/6 348/166/6
f 245/78/3 405/203/3 376/326/3
f 215/327/5 375/205/5 404/207/5
f 243/81/3 403/206/3 374/328/3
f 189/8/12 349/165/12 350/329/12
f 213/330/5 373/208/5 402/210/5
f 241/84/3 401/209/3 372/331/3
f 192/40/10 351/149/10 352/332/10
f 211/333/5 371/211/5 400/213/5
f 239/90/3 399/212/3 370/334/3
f 194/335/4 353/167/4 354/169/4
f 209/336/5 369/214/5 398/216/5
f 560/1930/1 481/1931/1 482/1932/1
f 482/1932/1 483/1933/1 484/1934/1
f 484/1934/1 485/1935/1 486/1936/1
f 486/1936/1 487/1937/1 488/1938/1
f 488/1938/1 489/1939/1 490/1940/1
f 488/1938/1 490/1940/1 491/1941/1
f 484/1934/1 486/1936/1 488/1938/1
f 560/1930/1 482/1932/1 484/1934/1
f 559/1942/1 560/1930/1 484/1934/1
f 484/1934/1 488/1938/1 491/1941/1
f 484/1934/1 491/1941/1 492/1943/1
f 558/1944/1 559/1942/1 484/1934/1
f 557/1945/1 558/1944/1 484/1934/1
f 484/1934/1 492/1943/1 493/1946/1
f 484/1934/1 493/1946/1 494/1947/1
f 556/1948/1 557/1945/1 484/1934/1
f 555/1949/1 556/1948/1 484/1934/1
f 484/1934/1 494/1947/1 495/1950/1
f 484/1934/1 495/1950/1 496/1951/1
f 554/1952/1 555/1949/1 484/1934/1
f 553/1953/1 554/1952/1 484/1934/1
f 484/1934/1 496/1951/1 497/1954/1
f 484/1934/1 497/1954/1 498/1955/1
f 552/1956/1 553/1953/1 484/1934/1
f 551/1957/1 552/1956/1 484/1934/1
f 484/1934/1 498/1955/1 499/1958/1
f 484/1934/1 499/1958/1 500/1959/1
f 550/1960/1 551/1957/1 484/1934/1
f 549/1961/1 550/1960/1 484/1934/1
f 484/1934/1 500/1959/1 501/1962/1
f 484/1934/1 501/1962/1 502/1963/1
f 548/1964/1 549/1961/1 484/1934/1
f 547/1965/1 548/1964/1 484/1934/1
f 484/1934/1 502/1963/1 503/1966/1
f 484/1934/1 503/1966/1 504/1967/1
f 546/1968/1 547/1965/1 484/1934/1
f 545/1969/1 546/1968/1 484/1934/1
f 484/1934/1 504/1967/1 505/1970/1
f 484/1934/1 505/1970/1 506/1971/1
f 544/1972/1 545/1969/1 484/1934/1
f 543/1973/1 544/1972/1 484/1934/1
f 484/1934/1 506/1971/1 507/1974/1
f 484/1934/1 507/1974/1 508/1975/1
f 542/1976/1 543/1973/1 484/1934/1
f 541/1977/1 542/1976/1 484/1934/1
f 484/1934/1 508/1975/1 509/1978/1
f 484/1934/1 509/1978/1 510/1979/1
f 540/1980/1 541/1977/1 484/1934/1
f 539/1981/1 540/1980/1 484/1934/1
f 484/1934/1 510/1979/1 511/1982/1
f 484/1934/1 511/1982/1 512/1983/1
f 538/1984/1 539/1981/1 484/1934/1
f 537/1985/1 538/1984/1 484/1934/1
f 484/1934/1 512/1983/1 513/1986/1
f 484/1934/1 513/1986/1 514/1987/1
f 536/1988/1 537/1985/1 484/1934/1
f 535/1989/1 536/1988/1 484/1934/1
f 484/1934/1 514/1987/1 515/1990/1
f 484/1934/1 515/1990/1 516/1991/1
f 534/1992/1 535/1989/1 484/1934/1
f 533/1993/1 534/1992/1 484/1934/1
f 484/1934/1 516/1991/1 517/1994/1
f 484/1934/1 517/1994/1 518/1995/1
f 532/1996/1 533/1993/1 484/1934/1
f 529/339/1 530/1997/1 531/1998/1
f 531/1998/1 532/1996/1 484/1934/1
f 484/1934/1 518/1995/1 519/1999/1
f 520/337/1 521/2000/1 522/2001/1
f 484/1934/1 519/1999/1 520/337/1
f 529/339/1 531/1998/1 484/1934/1
f 527/2002/1 528/2003/1 529/339/1
f 525/338/1 526/2004/1 527/2002/1
f 523/2005/1 524/2006/1 525/338/1
f 520/337/1 522/2001/1 523/2005/1
f 529/339/1 484/1934/1 520/337/1
f 525/338/1 527/2002/1 529/339/1
f 520/337/1 523/2005/1 525/338/1
f 482/340/31 481/2007/31 31/341/31
f 483/343/24 482/340/24 33/342/24
f 484/345/13 483/343/13 34/344/13
f 485/347/32 484/345/32 35/346/32
f 486/349/3 485/347/3 32/348/3
f 487/351/33 486/349/33 36/350/33
f 488/353/11 487/351/11 38/352/11
f 489/355/22 488/353/22 39/354/22
f 490/357/34 489/355/34 40/356/34
f 491/359/16 490/357/16 37/358/16
f 492/361/16 491/359/16 100/360/16
f 493/363/16 492/361/16 99/362/16
f 494/365/16 493/363/16 98/364/16
f 495/367/16 494/365/16 97/366/16
f 496/369/16 495/367/16 96/368/16
f 497/371/16 496/369/16 95/370/16
f 498/373/16 497/371/16 94/372/16
f 499/375/16 498/373/16 93/374/16
f 500/377/16 499/375/16 92/376/16
f 501/379/16 500/377/16 91/378/16
f 502/381/16 501/379/16 90/380/16
f 503/383/16 502/381/16 89/382/16
f 504/385/16 503/383/16 88/384/16
f 505/387/16 504/385/16 87/386/16
f 506/389/16 505/387/16 86/388/16
f 507/391/16 506/389/16 85/390/16
f 508/393/16 507/391/16 84/392/16
f 509/395/16 508/393/16 83/394/16
f 510/397/16 509/395/16 82/396/16
f 511/399/16 510/397/16 81/398/16
f 512/401/16 511/399/16 80/400/16
f 513/403/16 512/401/16 79/402/16
f 514/405/16 513/403/16 78/404/16
f 515/407/16 514/405/16 77/406/16
f 516/409/16 515/407/16 76/408/16
f 517/411/16 516/409/16 75/410/16
f 518/413/16 517/411/16 74/412/16
f 519/415/16 518/413/16 73/414/16
f 520/417/16 519/415/16 72/416/16
f 521/419/16 520/417/16 71/418/16
f 522/421/35 521/419/35 26/420/35
f 523/423/18 522/421/18 28/422/18
f 524/425/7 523/423/7 29/424/7
f 525/427/36 524/425/36 30/426/36
f 526/429/5 525/427/5 27/428/5
f 527/431/37 526/429/37 21/430/37
f 528/433/4 527/431/4 23/432/4
f 529/435/20 528/433/20 24/434/20
f 530/437/38 529/435/38 25/436/38
f 640/2008/2 561/2009/2 562/2010/2
f 562/2010/2 563/2011/2 564/2012/2
f 564/2012/2 565/2013/2 566/2014/2
f 566/2014/2 567/2015/2 568/2016/2
f 568/2016/2 569/2017/2 570/2018/2
f 568/2016/2 570/2018/2 571/2019/2
f 564/2012/2 566/2014/2 568/2016/2
f 640/2008/2 562/2010/2 564/2012/2
f 639/2020/2 640/2008/2 564/2012/2
f 564/2012/2 568/2016/2 571/2019/2
f 564/2012/2 571/2019/2 572/2021/2
f 638/2022/2 639/2020/2 564/2012/2
f 637/2023/2 638/2022/2 564/2012/2
f 564/2012/2 572/2021/2 573/2024/2
f 564/2012/2 573/2024/2 574/2025/2
f 636/2026/2 637/2023/2 564/2012/2
f 635/2027/2 636/2026/2 564/2012/2
f 564/2012/2 574/2025/2 575/2028/2
f 564/2012/2 575/2028/2 576/2029/2
f 634/2030/2 635/2027/2 564/2012/2
f 633/2031/2 634/2030/2 564/2012/2
f 564/2012/2 576/2029/2 577/2032/2
f 564/2012/2 577/2032/2 578/2033/2
f 632/2034/2 633/2031/2 564/2012/2
f 631/2035/2 632/2034/2 564/2012/2
f 564/2012/2 578/2033/2 579/2036/2
f 564/2012/2 579/2036/2 580/2037/2
f 630/2038/2 631/2035/2 564/2012/2
f 629/2039/2 630/2038/2 564/2012/2
f 564/2012/2 580/2037/2 581/2040/2
f 564/2012/2 581/2040/2 582/2041/2
f 628/2042/2 629/2039/2 564/2012/2
f 627/2043/2 628/2042/2 564/2012/2
f 564/2012/2 582/2041/2 583/2044/2
f 564/2012/2 583/2044/2 584/2045/2
f 626/2046/2 627/2043/2 564/2012/2
f 625/2047/2 626/2046/2 564/2012/2
f 564/2012/2 584/2045/2 585/2048/2
f 564/2012/2 585/2048/2 586/2049/2
f 624/2050/2 625/2047/2 564/2012/2
f 623/2051/2 624/2050/2 564/2012/2
f 564/2012/2 586/2049/2 587/2052/2
f 564/2012/2 587/2052/2 588/2053/2
f 622/2054/2 623/2051/2 564/2012/2
f 621/2055/2 622/2054/2 564/2012/2
f 564/2012/2 588/2053/2 589/2056/2
f 564/2012/2 589/2056/2 590/2057/2
f 620/2058/2 621/2055/2 564/2012/2
f 619/2059/2 620/2058/2 564/2012/2
f 564/2012/2 590/2057/2 591/2060/2
f 564/2012/2 591/2060/2 592/2061/2
f 618/2062/2 619/2059/2 564/2012/2
f 617/2063/2 618/2062/2 564/2012/2
f 564/2012/2 592/2061/2 593/2064/2
f 564/2012/2 593/2064/2 594/2065/2
f 616/2066/2 617/2063/2 564/2012/2
f 615/2067/2 616/2066/2 564/2012/2
f 564/2012/2 594/2065/2 595/2068/2
f 564/2012/2 595/2068/2 596/2069/2
f 614/2070/2 615/2067/2 564/2012/2
f 613/2071/2 614/2070/2 564/2012/2
f 564/2012/2 596/2069/2 597/2072/2
f 564/2012/2 597/2072/2 598/2073/2
f 612/2074/2 613/2071/2 564/2012/2
f 609/441/2 610/2075/2 611/2076/2
f 611/2076/2 612/2074/2 564/2012/2
f 564/2012/2 598/2073/2 599/2077/2
f 600/439/2 601/2078/2 602/2079/2
f 564/2012/2 599/2077/2 600/439/2
f 609/441/2 611/2076/2 564/2012/2
f 607/2080/2 608/2081/2 609/441/2
f 605/440/2 606/2082/2 607/2080/2
f 603/2083/2 604/2084/2 605/440/2
f 600/439/2 602/2079/2 603/2083/2
f 609/441/2 564/2012/2 600/439/2
f 605/440/2 607/2080/2 609/441/2
f 600/439/2 603/2083/2 605/440/2
f 562/442/38 561/2085/38 1/443/38
f 563/445/20 562/442/20 3/444/20
f 564/447/4 563/445/4 4/446/4
f 565/449/37 564/447/37 5/448/37
f 566/451/5 565/449/5 2/450/5
f 567/453/36 566/451/36 6/452/36
f 568/455/7 567/453/7 8/454/7
f 569/457/18 568/455/18 9/456/18
f 570/459/35 569/457/35 10/458/35
f 611/2086/14 610/481/14 12/482/14
f 611/2086/14 12/482/14 130/2087/14
f 612/2088/14 611/2086/14 130/2087/14
f 612/2088/14 130/2087/14 129/2089/14
f 613/2090/14 612/2088/14 129/2089/14
f 613/2090/14 129/2089/14 128/2091/14
f 614/2092/14 613/2090/14 128/2091/14
f 614/2092/14 128/2091/14 127/2093/14
f 615/2094/14 614/2092/14 127/2093/14
f 615/2094/14 127/2093/14 126/2095/14
f 616/2096/14 615/2094/14 126/2095/14
f 616/2096/14 126/2095/14 125/2097/14
f 617/2098/14 616/2096/14 125/2097/14
f 617/2098/14 125/2097/14 124/2099/14
f 618/2100/14 617/2098/14 124/2099/14
f 618/2100/14 124/2099/14 123/2101/14
f 619/2102/14 618/2100/14 123/2101/14
f 619/2102/14 123/2101/14 122/2103/14
f 620/2104/14 619/2102/14 122/2103/14
f 620/2104/14 122/2103/14 121/2105/14
f 621/2106/14 620/2104/14 121/2105/14
f 621/2106/14 121/2105/14 120/2107/14
f 622/2108/14 621/2106/14 120/2107/14
f 622/2108/14 120/2107/14 119/2109/14
f 623/2110/14 622/2108/14 119/2109/14
f 623/2110/14 119/2109/14 118/2111/14
f 624/2112/14 623/2110/14 118/2111/14
f 624/2112/14 118/2111/14 117/2113/14
f 625/2114/14 624/2112/14 117/2113/14
f 625/2114/14 117/2113/14 116/2115/14
f 626/2116/14 625/2114/14 116/2115/14
f 626/2116/14 116/2115/14 115/2117/14
f 627/2118/14 626/2116/14 115/2117/14
f 627/2118/14 115/2117/14 114/2119/14
f 628/2120/14 627/2118/14 114/2119/14
f 628/2120/14 114/2119/14 113/2121/14
f 629/2122/14 628/2120/14 113/2121/14
f 629/2122/14 113/2121/14 112/2123/14
f 630/2124/14 629/2122/14 112/2123/14
f 630/2124/14 112/2123/14 111/2125/14
f 631/2126/14 630/2124/14 111/2125/14
f 631/2126/14 111/2125/14 110/2127/14
f 632/2128/14 631/2126/14 110/2127/14
f 632/2128/14 110/2127/14 109/2129/14
f 633/2130/14 632/2128/14 109/2129/14
f 633/2130/14 109/2129/14 108/2131/14
f 634/2132/14 633/2130/14 108/2131/14
f 634/2132/14 108/2131/14 107/2133/14
f 635/2134/14 634/2132/14 107/2133/14
f 635/2134/14 107/2133/14 106/2135/14
f 636/2136/14 635/2134/14 106/2135/14
f 636/2136/14 106/2135/14 105/2137/14
f 637/2138/14 636/2136/14 105/2137/14
f 637/2138/14 105/2137/14 104/2139/14
f 638/2140/14 637/2138/14 104/2139/14
f 638/2140/14 104/2139/14 103/2141/14
f 639/2142/14 638/2140/14 103/2141/14
f 639/2142/14 103/2141/14 102/461/14
f 1/443/14 561/2085/14 640/463/14
f 640/463/14 639/2142/14 102/461/14
f 101/462/14 1/443/14 640/463/14
f 602/464/34 601/1929/34 16/465/34
f 603/467/22 602/464/22 18/466/22
f 604/469/11 603/467/11 19/468/11
f 605/471/33 604/469/33 20/470/33
f 606/473/3 605/471/3 17/472/3
f 607/475/32 606/473/32 11/474/32
f 608/477/13 607/475/13 13/476/13
f 609/479/24 608/477/24 14/478/24
f 610/481/31 609/479/31 15/480/31
f 531/2143/14 530/437/14 22/438/14
f 531/2143/14 22/438/14 160/2144/14
f 532/2145/14 531/2143/14 160/2144/14
f 532/2145/14 160/2144/14 159/2146/14
f 533/2147/14 532/2145/14 159/2146/14
f 533/2147/14 159/2146/14 158/2148/14
f 534/2149/14 533/2147/14 158/2148/14
f 534/2149/14 158/2148/14 157/2150/14
f 535/2151/14 534/2149/14 157/2150/14
f 535/2151/14 157/2150/14 156/2152/14
f 536/2153/14 535/2151/14 156/2152/14
f 536/2153/14 156/2152/14 155/2154/14
f 537/2155/14 536/2153/14 155/2154/14
f 537/2155/14 155/2154/14 154/2156/14
f 538/2157/14 537/2155/14 154/2156/14
f 538/2157/14 154/2156/14 153/2158/14
f 539/2159/14 538/2157/14 153/2158/14
f 539/2159/14 153/2158/14 152/2160/14
f 540/2161/14 539/2159/14 152/2160/14
f 540/2161/14 152/2160/14 151/2162/14
f 541/2163/14 540/2161/14 151/2162/14
f 541/2163/14 151/2162/14 150/2164/14
f 542/2165/14 541/2163/14 150/2164/14
f 542/2165/14 150/2164/14 149/2166/14
f 543/2167/14 542/2165/14 149/2166/14
f 543/2167/14 149/2166/14 148/2168/14
f 544/2169/14 543/2167/14 148/2168/14
f 544/2169/14 148/2168/14 147/2170/14
f 545/2171/14 544/2169/14 147/2170/14
f 545/2171/14 147/2170/14 146/2172/14
f 546/2173/14 545/2171/14 146/2172/14
f 546/2173/14 146/2172/14 145/2174/14
f 547/2175/14 546/2173/14 145/2174/14
f 547/2175/14 145/2174/14 144/2176/14
f 548/2177/14 547/2175/14 144/2176/14
f 548/2177/14 144/2176/14 143/2178/14
f 549/2179/14 548/2177/14 143/2178/14
f 549/2179/14 143/2178/14 142/2180/14
f 550/2181/14 549/2179/14 142/2180/14
f 550/2181/14 142/2180/14 141/2182/14
f 551/2183/14 550/2181/14 141/2182/14
f 551/2183/14 141/2182/14 140/2184/14
f 552/2185/14 551/2183/14 140/2184/14
f 552/2185/14 140/2184/14 139/2186/14
f 553/2187/14 552/2185/14 139/2186/14
f 553/2187/14 139/2186/14 138/2188/14
f 554/2189/14 553/2187/14 138/2188/14
f 554/2189/14 138/2188/14 137/2190/14
f 555/2191/14 554/2189/14 137/2190/14
f 555/2191/14 137/2190/14 136/2192/14
f 556/2193/14 555/2191/14 136/2192/14
f 556/2193/14 136/2192/14 135/2194/14
f 557/2195/14 556/2193/14 135/2194/14
f 557/2195/14 135/2194/14 134/2196/14
f 558/2197/14 557/2195/14 134/2196/14
f 558/2197/14 134/2196/14 133/2198/14
f 559/2199/14 558/2197/14 133/2198/14
f 559/2199/14 133/2198/14 132/483/14
f 31/341/14 481/2007/14 560/485/14
f 560/485/14 559/2199/14 132/483/14
f 131/484/14 31/341/14 560/485/14
f 676/486/2 820/1746/2 809/487/2
f 810/489/1 819/1523/1 657/490/1
f 829/9/3 840/7/3 839/75/3
f 966/151/4 965/11/4 805/12/4
f 809/15/5 820/13/5 819/492/5
f 801/44/6 804/17/6 803/18/6
f 807/265/7 808/19/7 806/10/7
f 1091/221/5 1093/21/5 933/22/5
f 811/277/8 814/24/8 813/493/8
f 817/290/4 818/27/4 816/28/4
f 821/312/9 824/30/9 823/31/9
f 1092/220/10 1001/33/10 841/34/10
f 827/325/11 828/36/11 826/37/11
f 831/335/12 834/39/12 833/40/12
f 837/97/13 838/42/13 836/43/13
f 964/150/11 963/45/11 804/17/11
f 902/281/14 873/47/14 843/48/14
f 900/286/14 871/50/14 872/51/14
f 898/291/14 869/53/14 870/54/14
f 896/298/14 867/56/14 868/57/14
f 894/305/14 865/59/14 866/60/14
f 962/219/15 961/61/15 802/16/15
f 892/495/14 863/513/14 864/64/14
f 890/315/14 861/515/14 862/67/14
f 888/320/14 859/69/14 860/70/14
f 886/324/14 857/72/14 858/73/14
f 1000/171/9 999/74/9 839/75/9
f 884/327/14 855/77/14 856/78/14
f 882/330/14 853/80/14 854/81/14
f 880/333/14 851/83/14 852/84/14
f 675/1861/2 672/488/2 809/487/2
f 809/487/2 969/1749/2 968/1750/2
f 809/487/2 968/1750/2 807/1753/2
f 674/2200/2 675/1861/2 809/487/2
f 674/2200/2 809/487/2 807/1753/2
f 805/1754/2 965/2201/2 964/1756/2
f 674/2200/2 807/1753/2 805/1754/2
f 673/1867/2 674/2200/2 805/1754/2
f 805/1754/2 964/1756/2 801/1759/2
f 802/1760/2 961/1761/2 1092/1762/2
f 805/1754/2 801/1759/2 802/1760/2
f 671/1868/2 673/1867/2 805/1754/2
f 671/1868/2 805/1754/2 802/1760/2
f 802/1760/2 1092/1762/2 932/2202/154
f 933/1767/2 1093/1768/2 1094/1769/2
f 802/1760/2 932/2202/154 933/1767/2
f 771/2203/2 671/1868/2 802/1760/2
f 772/269/2 771/2203/2 802/1760/2
f 933/1767/2 1094/1769/2 934/1770/2
f 772/269/2 802/1760/2 933/1767/2
f 773/268/2 772/269/2 933/1767/2
f 773/268/2 933/1767/2 934/1770/2
f 774/1870/2 773/268/2 934/1770/2
f 935/1773/2 1095/1774/2 1096/1775/2
f 774/1870/2 934/1770/2 935/1773/2
f 775/1869/2 774/1870/2 935/1773/2
f 935/1773/2 1096/1775/2 936/1776/2
f 937/2204/2 1097/2205/2 1098/1779/2
f 775/1869/2 935/1773/2 936/1776/2
f 937/2204/2 1098/1779/2 938/1780/2
f 775/1869/2 936/1776/2 937/2204/2
f 776/2206/2 775/1869/2 937/2204/2
f 776/2206/2 937/2204/2 938/1780/2
f 777/1865/2 776/2206/2 938/1780/2
f 939/1781/2 1099/1782/2 1100/1783/2
f 777/1865/2 938/1780/2 939/1781/2
f 778/1863/2 777/1865/2 939/1781/2
f 939/1781/2 1100/1783/2 940/1784/2
f 941/1785/2 1101/1786/2 1102/1787/2
f 778/1863/2 939/1781/2 940/1784/2
f 941/1785/2 1102/1787/2 942/1788/2
f 778/1863/2 940/1784/2 941/1785/2
f 779/1862/2 778/1863/2 941/1785/2
f 779/1862/2 941/1785/2 942/1788/2
f 780/1860/2 779/1862/2 942/1788/2
f 943/2207/2 1103/2208/2 1104/1791/2
f 780/1860/2 942/1788/2 943/2207/2
f 781/1859/2 780/1860/2 943/2207/2
f 943/2207/2 1104/1791/2 944/1792/2
f 945/1793/2 1105/1794/2 1106/1795/2
f 781/1859/2 943/2207/2 944/1792/2
f 945/1793/2 1106/1795/2 946/1796/2
f 781/1859/2 944/1792/2 945/1793/2
f 782/2209/2 781/1859/2 945/1793/2
f 782/2209/2 945/1793/2 946/1796/2
f 783/1857/2 782/2209/2 946/1796/2
f 947/1797/2 1107/1798/2 1108/2210/2
f 783/1857/2 946/1796/2 947/1797/2
f 784/1856/2 783/1857/2 947/1797/2
f 947/1797/2 1108/2210/2 948/2211/2
f 949/2212/2 1109/2213/2 1110/1803/2
f 784/1856/2 947/1797/2 948/2211/2
f 949/2212/2 1110/1803/2 950/1804/2
f 784/1856/2 948/2211/2 949/2212/2
f 785/1855/2 784/1856/2 949/2212/2
f 785/1855/2 949/2212/2 950/1804/2
f 786/1854/2 785/1855/2 950/1804/2
f 951/1805/2 1111/1806/2 1112/1807/2
f 786/1854/2 950/1804/2 951/1805/2
f 787/2214/2 786/1854/2 951/1805/2
f 951/1805/2 1112/1807/2 952/1808/2
f 953/1809/2 1113/1810/2 1114/2215/2
f 787/2214/2 951/1805/2 952/1808/2
f 953/1809/2 1114/2215/2 954/2216/2
f 787/2214/2 952/1808/2 953/1809/2
f 788/2217/2 787/2214/2 953/1809/2
f 788/2217/2 953/1809/2 954/2216/2
f 789/1851/2 788/2217/2 954/2216/2
f 955/1813/2 1115/1814/2 1116/1815/2
f 789/1851/2 954/2216/2 955/1813/2
f 790/1850/2 789/1851/2 955/1813/2
f 955/1813/2 1116/1815/2 956/1816/2
f 957/1817/2 1117/1818/2 1118/1819/2
f 790/1850/2 955/1813/2 956/1816/2
f 957/1817/2 1118/1819/2 958/1820/2
f 790/1850/2 956/1816/2 957/1817/2
f 791/1849/2 790/1850/2 957/1817/2
f 791/1849/2 957/1817/2 958/1820/2
f 792/1848/2 791/1849/2 958/1820/2
f 959/2218/2 1119/2219/2 1120/2220/2
f 792/1848/2 958/1820/2 959/2218/2
f 793/2221/2 792/1848/2 959/2218/2
f 959/2218/2 1120/2220/2 960/2222/2
f 842/1825/2 1002/1826/2 982/1827/2
f 793/2221/2 959/2218/2 960/2222/2
f 842/1825/2 982/1827/2 823/2223/2
f 793/2221/2 960/2222/2 842/1825/2
f 794/1846/2 793/2221/2 842/1825/2
f 842/1825/2 823/2223/2 824/1829/2
f 824/1829/2 983/1830/2 986/2224/2
f 824/1829/2 986/2224/2 826/1832/2
f 794/1846/2 842/1825/2 824/1829/2
f 795/1845/2 794/1846/2 824/1829/2
f 824/1829/2 826/1832/2 828/1833/2
f 828/1833/2 987/1834/2 990/1835/2
f 828/1833/2 990/1835/2 830/1416/2
f 796/1844/2 795/1845/2 824/1829/2
f 797/1843/2 796/1844/2 824/1829/2
f 824/1829/2 828/1833/2 830/1416/2
f 839/5/2 999/1691/2 998/2225/2
f 798/2226/2 797/1843/2 824/1829/2
f 799/2227/2 798/2226/2 824/1829/2
f 839/5/2 998/2225/2 837/1693/2
f 835/1690/2 995/1687/2 994/1688/2
f 839/5/2 837/1693/2 835/1690/2
f 800/1840/2 799/2227/2 824/1829/2
f 662/1839/2 800/1840/2 824/1829/2
f 830/1416/2 839/5/2 835/1690/2
f 835/1690/2 994/1688/2 831/1689/2
f 832/2228/2 991/1684/2 1034/1685/2
f 835/1690/2 831/1689/2 832/2228/2
f 665/2229/2 662/1839/2 824/1829/2
f 664/1837/2 665/2229/2 824/1829/2
f 835/1690/2 832/2228/2 1034/1685/2
f 835/1690/2 1034/1685/2 874/496/2
f 664/1837/2 824/1829/2 830/1416/2
f 663/1836/2 664/1837/2 830/1416/2
f 875/2230/2 1035/2231/2 1036/2232/2
f 875/2230/2 1036/2232/2 876/2233/2
f 661/2234/2 663/1836/2 830/1416/2
f 667/2235/2 661/2234/2 830/1416/2
f 877/1679/2 1037/1676/2 1038/1677/2
f 877/1679/2 1038/1677/2 878/1678/2
f 879/1675/2 1039/1672/2 1040/1673/2
f 879/1675/2 1040/1673/2 880/1674/2
f 881/2236/2 1041/2237/2 1042/1669/2
f 881/2236/2 1042/1669/2 882/1670/2
f 883/1667/2 1043/1664/2 1044/1665/2
f 883/1667/2 1044/1665/2 884/1666/2
f 885/1663/2 1045/1660/2 1046/1661/2
f 885/1663/2 1046/1661/2 886/1662/2
f 887/2238/2 1047/2239/2 1048/1657/2
f 887/2238/2 1048/1657/2 888/1658/2
f 889/1655/2 1049/1652/2 1050/1653/2
f 889/1655/2 1050/1653/2 890/1654/2
f 891/1651/2 1051/1648/2 1052/2240/2
f 891/1651/2 1052/2240/2 892/2241/2
f 893/1644/2 1053/1645/2 1054/1646/2
f 893/1644/2 1054/1646/2 894/1647/2
f 895/1709/2 1055/1710/2 1056/1711/2
f 895/1709/2 1056/1711/2 896/1714/2
f 897/1717/2 1057/1718/2 1058/2242/2
f 897/1717/2 1058/2242/2 898/2243/2
f 899/1722/2 1059/1723/2 1060/1724/2
f 899/1722/2 1060/1724/2 900/1725/2
f 901/1728/2 1061/1729/2 1062/1730/2
f 901/1728/2 1062/1730/2 902/1732/2
f 844/2244/155 1004/1734/2 972/1735/2
f 844/2244/155 972/1735/2 813/1736/2
f 902/1732/2 844/2244/155 813/1736/2
f 814/1738/2 973/1739/2 976/1740/2
f 902/1732/2 813/1736/2 814/1738/2
f 901/1728/2 902/1732/2 814/1738/2
f 814/1738/2 976/1740/2 816/1741/2
f 818/1743/2 977/2245/2 980/1745/2
f 814/1738/2 816/1741/2 818/1743/2
f 900/1725/2 901/1728/2 814/1738/2
f 899/1722/2 900/1725/2 814/1738/2
f 814/1738/2 818/1743/2 980/1745/2
f 980/1745/2 820/1746/2 676/486/2
f 980/1745/2 676/486/2 678/2246/2
f 898/2243/2 899/1722/2 814/1738/2
f 897/1717/2 898/2243/2 814/1738/2
f 814/1738/2 980/1745/2 678/2246/2
f 814/1738/2 678/2246/2 679/2247/2
f 896/1714/2 897/1717/2 814/1738/2
f 895/1709/2 896/1714/2 814/1738/2
f 814/1738/2 679/2247/2 680/1766/2
f 814/1738/2 680/1766/2 677/1765/2
f 894/1647/2 895/1709/2 814/1738/2
f 893/1644/2 894/1647/2 814/1738/2
f 814/1738/2 677/1765/2 740/2248/2
f 814/1738/2 740/2248/2 739/1763/2
f 892/2241/2 893/1644/2 814/1738/2
f 891/1651/2 892/2241/2 814/1738/2
f 814/1738/2 739/1763/2 738/1758/2
f 814/1738/2 738/1758/2 737/1757/2
f 890/1654/2 891/1651/2 814/1738/2
f 889/1655/2 890/1654/2 814/1738/2
f 814/1738/2 737/1757/2 736/1752/2
f 814/1738/2 736/1752/2 735/2249/2
f 888/1658/2 889/1655/2 814/1738/2
f 887/2238/2 888/1658/2 814/1738/2
f 814/1738/2 735/2249/2 734/1748/2
f 814/1738/2 734/1748/2 733/1747/2
f 886/1662/2 887/2238/2 814/1738/2
f 885/1663/2 886/1662/2 814/1738/2
f 814/1738/2 733/1747/2 732/1742/2
f 814/1738/2 732/1742/2 731/1737/2
f 884/1666/2 885/1663/2 814/1738/2
f 883/1667/2 884/1666/2 814/1738/2
f 814/1738/2 731/1737/2 730/1731/2
f 814/1738/2 730/1731/2 729/2250/2
f 882/1670/2 883/1667/2 814/1738/2
f 881/2236/2 882/1670/2 814/1738/2
f 814/1738/2 729/2250/2 728/1726/2
f 814/1738/2 728/1726/2 727/1720/2
f 880/1674/2 881/2236/2 814/1738/2
f 879/1675/2 880/1674/2 814/1738/2
f 814/1738/2 727/1720/2 726/1716/2
f 814/1738/2 726/1716/2 725/1715/2
f 878/1678/2 879/1675/2 814/1738/2
f 877/1679/2 878/1678/2 814/1738/2
f 814/1738/2 725/1715/2 724/2251/2
f 814/1738/2 724/2251/2 723/1712/2
f 876/2233/2 877/1679/2 814/1738/2
f 875/2230/2 876/2233/2 814/1738/2
f 814/1738/2 723/1712/2 722/1708/2
f 814/1738/2 722/1708/2 721/1707/2
f 874/496/2 875/2230/2 814/1738/2
f 667/2235/2 830/1416/2 835/1690/2
f 670/2252/2 667/2235/2 835/1690/2
f 874/496/2 814/1738/2 721/1707/2
f 874/496/2 721/1707/2 720/1706/2
f 669/1695/2 670/2252/2 835/1690/2
f 668/2253/2 669/1695/2 835/1690/2
f 874/496/2 720/1706/2 719/1705/2
f 874/496/2 719/1705/2 718/2254/2
f 668/2253/2 835/1690/2 874/496/2
f 666/1697/2 668/2253/2 874/496/2
f 874/496/2 718/2254/2 717/1703/2
f 874/496/2 717/1703/2 716/1702/2
f 711/1698/2 666/1697/2 874/496/2
f 712/2255/2 711/1698/2 874/496/2
f 874/496/2 716/1702/2 715/1701/2
f 874/496/2 715/1701/2 714/497/2
f 713/498/2 712/2255/2 874/496/2
f 878/336/14 849/89/14 850/90/14
f 876/130/14 847/92/14 848/93/14
f 874/111/14 845/95/14 846/96/14
f 931/20/16 933/22/16 932/32/16
f 998/170/8 997/98/8 838/42/8
f 929/499/16 935/503/16 934/101/16
f 927/266/16 937/103/16 936/104/16
f 925/271/16 939/106/16 938/107/16
f 923/274/16 941/109/16 940/110/16
f 1034/148/15 1005/112/15 845/95/15
f 921/276/16 943/114/16 942/115/16
f 919/280/16 945/117/16 944/118/16
f 1006/218/3 1035/119/3 875/94/3
f 917/285/16 947/121/16 946/122/16
f 996/168/11 995/123/11 835/41/11
f 915/289/16 949/125/16 948/126/16
f 913/297/16 951/128/16 950/129/16
f 1036/217/5 1007/131/5 847/92/5
f 911/304/16 953/133/16 952/134/16
f 909/309/16 955/136/16 954/137/16
f 907/314/16 957/139/16 956/140/16
f 1008/215/3 1037/141/3 877/91/3
f 905/318/16 959/143/16 958/144/16
f 903/323/16 842/146/16 960/147/16
f 991/332/17 992/149/17 1005/112/17
f 965/11/18 966/151/18 963/45/18
f 969/272/19 970/508/19 967/154/19
f 975/283/20 976/156/20 973/157/20
f 979/301/21 980/159/21 977/160/21
f 985/319/22 986/162/22 983/163/22
f 989/329/23 990/165/23 987/166/23
f 995/123/24 996/168/24 993/169/24
f 999/74/25 1000/171/25 997/98/25
f 981/307/26 982/173/26 1002/174/26
f 1004/279/27 1003/176/27 971/177/27
f 1061/284/14 1032/179/14 1033/180/14
f 1059/288/14 1030/182/14 1031/183/14
f 1057/296/14 1028/185/14 1029/186/14
f 1055/303/14 1026/188/14 1027/189/14
f 1053/500/14 1024/512/14 1025/192/14
f 1051/501/14 1022/514/14 1023/195/14
f 1049/317/14 1020/197/14 1021/198/14
f 1047/322/14 1018/200/14 1019/201/14
f 1045/326/14 1016/203/14 1017/204/14
f 1043/328/14 1014/206/14 1015/207/14
f 1041/331/14 1012/209/14 1013/210/14
f 1039/334/14 1010/212/14 1011/213/14
f 1037/141/14 1008/215/14 1009/216/14
f 1035/119/14 1006/218/14 1007/131/14
f 1001/33/28 1092/220/28 961/61/28
f 1090/262/16 1094/222/16 1093/21/16
f 1088/502/16 1096/504/16 1095/225/16
f 1086/270/16 1098/227/16 1097/228/16
f 1084/273/16 1100/230/16 1099/231/16
f 1082/275/16 1102/233/16 1101/234/16
f 1080/278/16 1104/236/16 1103/237/16
f 1078/282/16 1106/239/16 1105/240/16
f 1076/287/16 1108/242/16 1107/243/16
f 1074/292/16 1110/245/16 1109/246/16
f 1072/299/16 1112/248/16 1111/249/16
f 1070/306/16 1114/251/16 1113/252/16
f 1068/311/16 1116/254/16 1115/255/16
f 1066/316/16 1118/257/16 1117/258/16
f 1064/321/16 1120/260/16 1119/261/16
f 1094/222/3 1090/262/3 930/99/3
f 1089/223/5 1095/225/5 935/503/5
f 1096/504/3 1088/502/3 928/102/3
f 968/152/9 967/154/9 808/19/9
f 1087/226/5 1097/228/5 937/103/5
f 914/1461/1 1074/1462/1 1075/2256/1
f 914/1461/1 1075/2256/1 915/2257/1
f 1072/1456/1 1073/1457/1 913/1458/1
f 912/1455/1 1072/1456/1 913/1458/1
f 1070/2258/1 1071/1452/1 911/1454/1
f 910/2259/1 1070/2258/1 911/1454/1
f 1068/1445/1 1069/1446/1 909/1447/1
f 908/1444/1 1068/1445/1 909/1447/1
f 1066/1440/1 1067/1441/1 907/1443/1
f 906/1439/1 1066/1440/1 907/1443/1
f 1064/2260/1 1065/2261/1 905/2262/1
f 904/2263/1 1064/2260/1 905/2262/1
f 981/1427/1 1063/1428/1 903/1430/1
f 822/2264/1 981/1427/1 903/1430/1
f 985/1423/1 984/2265/1 821/507/1
f 821/507/1 822/2264/1 903/1430/1
f 821/507/1 903/1430/1 904/2263/1
f 825/1422/1 985/1423/1 821/507/1
f 989/1418/1 988/1419/1 827/1420/1
f 827/1420/1 825/1422/1 821/507/1
f 821/507/1 904/2263/1 905/2262/1
f 821/507/1 905/2262/1 906/1439/1
f 989/1418/1 827/1420/1 821/507/1
f 829/3/1 989/1418/1 821/507/1
f 821/507/1 906/1439/1 907/1443/1
f 821/507/1 907/1443/1 908/1444/1
f 997/1606/1 1000/1607/1 840/2/1
f 838/1605/1 997/1606/1 840/2/1
f 821/507/1 908/1444/1 909/1447/1
f 821/507/1 909/1447/1 910/2259/1
f 838/1605/1 840/2/1 829/3/1
f 993/1602/1 996/1603/1 836/2266/1
f 836/2266/1 838/1605/1 829/3/1
f 821/507/1 910/2259/1 911/1454/1
f 821/507/1 911/1454/1 912/1455/1
f 834/1601/1 993/1602/1 836/2266/1
f 1005/2267/1 992/1599/1 833/2268/1
f 833/2268/1 834/1601/1 836/2266/1
f 821/507/1 912/1455/1 913/1458/1
f 821/507/1 913/1458/1 914/1461/1
f 1005/2267/1 833/2268/1 836/2266/1
f 845/1597/1 1005/2267/1 836/2266/1
f 821/507/1 914/1461/1 915/2257/1
f 916/2269/1 1076/2270/1 1077/1468/1
f 821/507/1 915/2257/1 916/2269/1
f 1007/2271/1 1006/2272/1 846/2273/1
f 847/2274/1 1007/2271/1 846/2273/1
f 916/2269/1 1077/1468/1 917/1469/1
f 918/1472/1 1078/1473/1 1079/1474/1
f 821/507/1 916/2269/1 917/1469/1
f 918/1472/1 1079/1474/1 919/1476/1
f 821/507/1 917/1469/1 918/1472/1
f 1009/2275/1 1008/2276/1 848/1592/1
f 849/1589/1 1009/2275/1 848/1592/1
f 1011/2277/1 1010/2278/1 850/1588/1
f 851/1585/1 1011/2277/1 850/1588/1
f 1013/2279/1 1012/2280/1 852/2281/1
f 853/1581/1 1013/2279/1 852/2281/1
f 1015/2282/1 1014/2283/1 854/1580/1
f 855/1577/1 1015/2282/1 854/1580/1
f 1017/2284/1 1016/2285/1 856/1576/1
f 857/2286/1 1017/2284/1 856/1576/1
f 1019/2287/1 1018/2288/1 858/2289/1
f 859/1569/1 1019/2287/1 858/2289/1
f 1021/2290/1 1020/2291/1 860/1568/1
f 861/1565/1 1021/2290/1 860/1568/1
f 1023/2292/1 1022/2293/1 862/1564/1
f 863/2294/1 1023/2292/1 862/1564/1
f 1025/2295/1 1024/2296/1 864/1560/1
f 865/1557/1 1025/2295/1 864/1560/1
f 1027/2297/1 1026/2298/1 866/1556/1
f 867/1553/1 1027/2297/1 866/1556/1
f 1029/2299/1 1028/2300/1 868/1552/1
f 869/2301/1 1029/2299/1 868/1552/1
f 1031/2302/1 1030/2303/1 870/1548/1
f 871/1545/1 1031/2302/1 870/1548/1
f 1033/2304/1 1032/2305/1 872/1544/1
f 873/1541/1 1033/2304/1 872/1544/1
f 971/1536/1 1003/2306/1 843/2307/1
f 812/2308/1 971/1536/1 843/2307/1
f 812/2308/1 843/2307/1 873/1541/1
f 975/1530/1 974/1531/1 811/1534/1
f 811/1534/1 812/2308/1 873/1541/1
f 811/1534/1 873/1541/1 872/1544/1
f 815/2309/1 975/1530/1 811/1534/1
f 979/1524/1 978/1525/1 817/1528/1
f 817/1528/1 815/2309/1 811/1534/1
f 811/1534/1 872/1544/1 871/1545/1
f 811/1534/1 871/1545/1 870/1548/1
f 979/1524/1 817/1528/1 811/1534/1
f 657/490/1 819/1523/1 979/1524/1
f 660/1632/1 657/490/1 979/1524/1
f 811/1534/1 870/1548/1 869/2301/1
f 811/1534/1 869/2301/1 868/1552/1
f 660/1632/1 979/1524/1 811/1534/1
f 659/1634/1 660/1632/1 811/1534/1
f 811/1534/1 868/1552/1 867/1553/1
f 811/1534/1 867/1553/1 866/1556/1
f 658/2310/1 659/1634/1 811/1534/1
f 656/1638/1 658/2310/1 811/1534/1
f 811/1534/1 866/1556/1 865/1557/1
f 811/1534/1 865/1557/1 864/1560/1
f 710/2311/1 656/1638/1 811/1534/1
f 709/1642/1 710/2311/1 811/1534/1
f 811/1534/1 864/1560/1 863/2294/1
f 811/1534/1 863/2294/1 862/1564/1
f 708/86/1 709/1642/1 811/1534/1
f 707/85/1 708/86/1 811/1534/1
f 811/1534/1 862/1564/1 861/1565/1
f 811/1534/1 861/1565/1 860/1568/1
f 706/1643/1 707/85/1 811/1534/1
f 705/2312/1 706/1643/1 811/1534/1
f 811/1534/1 860/1568/1 859/1569/1
f 811/1534/1 859/1569/1 858/2289/1
f 704/1639/1 705/2312/1 811/1534/1
f 703/1637/1 704/1639/1 811/1534/1
f 811/1534/1 858/2289/1 857/2286/1
f 811/1534/1 857/2286/1 856/1576/1
f 702/1636/1 703/1637/1 811/1534/1
f 701/1633/1 702/1636/1 811/1534/1
f 811/1534/1 856/1576/1 855/1577/1
f 811/1534/1 855/1577/1 854/1580/1
f 700/1631/1 701/1633/1 811/1534/1
f 699/2313/1 700/1631/1 811/1534/1
f 811/1534/1 854/1580/1 853/1581/1
f 811/1534/1 853/1581/1 852/2281/1
f 698/1629/1 699/2313/1 811/1534/1
f 697/1628/1 698/1629/1 811/1534/1
f 811/1534/1 852/2281/1 851/1585/1
f 811/1534/1 851/1585/1 850/1588/1
f 696/1627/1 697/1628/1 811/1534/1
f 695/1626/1 696/1627/1 811/1534/1
f 811/1534/1 850/1588/1 849/1589/1
f 811/1534/1 849/1589/1 848/1592/1
f 694/2314/1 695/1626/1 811/1534/1
f 693/2315/1 694/2314/1 811/1534/1
f 811/1534/1 848/1592/1 847/2274/1
f 811/1534/1 847/2274/1 846/2273/1
f 692/1623/1 693/2315/1 811/1534/1
f 691/1622/1 692/1623/1 811/1534/1
f 811/1534/1 846/2273/1 845/1597/1
f 821/507/1 918/1472/1 919/1476/1
f 920/1477/1 1080/1478/1 1081/2316/1
f 821/507/1 919/1476/1 920/1477/1
f 691/1622/1 811/1534/1 845/1597/1
f 690/1621/1 691/1622/1 845/1597/1
f 920/1477/1 1081/2316/1 921/2317/1
f 922/1481/1 1082/1482/1 1083/1483/1
f 821/507/1 920/1477/1 921/2317/1
f 922/1481/1 1083/1483/1 923/1485/1
f 821/507/1 921/2317/1 922/1481/1
f 689/1620/1 690/1621/1 845/1597/1
f 688/2318/1 689/1620/1 845/1597/1
f 821/507/1 922/1481/1 923/1485/1
f 924/1486/1 1084/1487/1 1085/1488/1
f 821/507/1 923/1485/1 924/1486/1
f 687/1618/1 688/2318/1 845/1597/1
f 686/1617/1 687/1618/1 845/1597/1
f 924/1486/1 1085/1488/1 925/1489/1
f 926/1492/1 1086/1493/1 1087/2319/1
f 821/507/1 924/1486/1 925/1489/1
f 926/1492/1 1087/2319/1 927/2320/1
f 821/507/1 925/1489/1 926/1492/1
f 685/1616/1 686/1617/1 845/1597/1
f 684/1615/1 685/1616/1 845/1597/1
f 821/507/1 926/1492/1 927/2320/1
f 928/1497/1 1088/1498/1 1089/1499/1
f 821/507/1 927/2320/1 928/1497/1
f 683/2321/1 684/1615/1 845/1597/1
f 682/2322/1 683/2321/1 845/1597/1
f 928/1497/1 1089/1499/1 929/1500/1
f 930/1503/1 1090/2323/1 1091/2324/1
f 821/507/1 928/1497/1 929/1500/1
f 930/1503/1 1091/2324/1 931/1507/1
f 821/507/1 929/1500/1 930/1503/1
f 681/1612/1 682/2322/1 845/1597/1
f 647/1611/1 681/1612/1 845/1597/1
f 821/507/1 930/1503/1 931/1507/1
f 841/2325/1 1001/1509/1 962/2326/1
f 821/507/1 931/1507/1 841/2325/1
f 647/1611/1 845/1597/1 836/2266/1
f 650/2327/1 647/1611/1 836/2266/1
f 841/2325/1 962/2326/1 803/1511/1
f 804/1513/1 963/2328/1 966/1515/1
f 841/2325/1 803/1511/1 804/1513/1
f 649/1609/1 650/2327/1 836/2266/1
f 648/1608/1 649/1609/1 836/2266/1
f 821/507/1 841/2325/1 804/1513/1
f 804/1513/1 966/1515/1 806/1516/1
f 808/1518/1 967/1519/1 970/1520/1
f 804/1513/1 806/1516/1 808/1518/1
f 648/1608/1 836/2266/1 829/3/1
f 646/2329/1 648/1608/1 829/3/1
f 804/1513/1 808/1518/1 970/1520/1
f 970/1520/1 810/489/1 651/491/1
f 970/1520/1 651/491/1 653/1540/1
f 642/2330/1 646/2329/1 829/3/1
f 645/1417/1 642/2330/1 829/3/1
f 804/1513/1 970/1520/1 653/1540/1
f 804/1513/1 653/1540/1 654/1539/1
f 645/1417/1 829/3/1 821/507/1
f 644/1421/1 645/1417/1 821/507/1
f 804/1513/1 654/1539/1 655/1538/1
f 804/1513/1 655/1538/1 652/1533/1
f 643/2331/1 644/1421/1 821/507/1
f 641/1429/1 643/2331/1 821/507/1
f 821/507/1 804/1513/1 652/1533/1
f 821/507/1 652/1533/1 770/2332/1
f 741/1434/1 641/1429/1 821/507/1
f 742/2333/1 741/1434/1 821/507/1
f 821/507/1 770/2332/1 769/1527/1
f 821/507/1 769/1527/1 768/1526/1
f 743/2334/1 742/2333/1 821/507/1
f 744/1438/1 743/2334/1 821/507/1
f 821/507/1 768/1526/1 767/1522/1
f 821/507/1 767/1522/1 766/1521/1
f 745/1442/1 744/1438/1 821/507/1
f 746/1448/1 745/1442/1 821/507/1
f 821/507/1 766/1521/1 765/2335/1
f 821/507/1 765/2335/1 764/1512/1
f 747/1449/1 746/1448/1 821/507/1
f 748/2336/1 747/1449/1 821/507/1
f 821/507/1 764/1512/1 763/1506/1
f 821/507/1 763/1506/1 762/1502/1
f 749/1459/1 748/2336/1 821/507/1
f 750/1460/1 749/1459/1 821/507/1
f 821/507/1 762/1502/1 761/1501/1
f 821/507/1 761/1501/1 760/1495/1
f 751/1464/1 750/1460/1 821/507/1
f 752/1470/1 751/1464/1 821/507/1
f 821/507/1 760/1495/1 759/2337/1
f 821/507/1 759/2337/1 758/1490/1
f 753/2338/1 752/1470/1 821/507/1
f 754/2339/1 753/2338/1 821/507/1
f 821/507/1 758/1490/1 757/1484/1
f 821/507/1 757/1484/1 756/505/1
f 755/506/1 754/2339/1 821/507/1
f 1098/227/3 1086/270/3 926/105/3
f 1085/229/5 1099/231/5 939/106/5
f 970/508/8 969/272/8 809/15/8
f 1100/230/3 1084/273/3 924/108/3
f 1083/232/5 1101/234/5 941/109/5
f 972/175/29 971/177/29 812/494/29
f 1102/233/3 1082/275/3 922/113/3
f 1081/235/5 1103/237/5 943/114/5
f 974/155/13 973/157/13 814/24/13
f 1104/236/3 1080/278/3 920/116/3
f 1003/176/30 1004/279/30 844/46/30
f 1079/238/5 1105/240/5 945/117/5
f 1062/178/5 1033/180/5 873/47/5
f 1106/239/3 1078/282/3 918/120/3
f 976/156/7 975/283/7 815/26/7
f 1032/179/3 1061/284/3 901/49/3
f 1077/241/5 1107/243/5 947/121/5
f 1060/181/5 1031/183/5 871/50/5
f 1108/242/3 1076/287/3 916/124/3
f 1030/182/3 1059/288/3 899/52/3
f 1075/244/5 1109/246/5 949/125/5
f 978/158/12 977/160/12 818/27/12
f 1058/184/5 1029/186/5 869/53/5
f 1110/245/3 1074/292/3 914/127/3
f 1240/2340/16 1241/2341/16 656/643/16
f 1240/2340/16 656/643/16 710/2342/16
f 1239/2343/16 1240/2340/16 710/2342/16
f 1239/2343/16 710/2342/16 709/2344/16
f 1238/2345/16 1239/2343/16 709/2344/16
f 1238/2345/16 709/2344/16 708/2346/16
f 1237/2347/16 1238/2345/16 708/2346/16
f 1237/2347/16 708/2346/16 707/2348/16
f 1236/2349/16 1237/2347/16 707/2348/16
f 1236/2349/16 707/2348/16 706/2350/16
f 1235/2351/16 1236/2349/16 706/2350/16
f 1235/2351/16 706/2350/16 705/2352/16
f 1234/2353/16 1235/2351/16 705/2352/16
f 1234/2353/16 705/2352/16 704/2354/16
f 1233/2355/16 1234/2353/16 704/2354/16
f 1233/2355/16 704/2354/16 703/2356/16
f 1232/2357/16 1233/2355/16 703/2356/16
f 1232/2357/16 703/2356/16 702/2358/16
f 1231/2359/16 1232/2357/16 702/2358/16
f 1231/2359/16 702/2358/16 701/2360/16
f 1230/2361/16 1231/2359/16 701/2360/16
f 1230/2361/16 701/2360/16 700/2362/16
f 1229/2363/16 1230/2361/16 700/2362/16
f 1229/2363/16 700/2362/16 699/2364/16
f 1228/2365/16 1229/2363/16 699/2364/16
f 1228/2365/16 699/2364/16 698/2366/16
f 1227/2367/16 1228/2365/16 698/2366/16
f 1227/2367/16 698/2366/16 697/2368/16
f 1226/2369/16 1227/2367/16 697/2368/16
f 1226/2369/16 697/2368/16 696/2370/16
f 1225/2371/16 1226/2369/16 696/2370/16
f 1225/2371/16 696/2370/16 695/2372/16
f 1224/2373/16 1225/2371/16 695/2372/16
f 1224/2373/16 695/2372/16 694/2374/16
f 1223/2375/16 1224/2373/16 694/2374/16
f 1223/2375/16 694/2374/16 693/2376/16
f 1222/2377/16 1223/2375/16 693/2376/16
f 1222/2377/16 693/2376/16 692/2378/16
f 1221/2379/16 1222/2377/16 692/2378/16
f 1221/2379/16 692/2378/16 691/2380/16
f 1220/2381/16 1221/2379/16 691/2380/16
f 1220/2381/16 691/2380/16 690/2382/16
f 1219/2383/16 1220/2381/16 690/2382/16
f 1219/2383/16 690/2382/16 689/2384/16
f 1218/2385/16 1219/2383/16 689/2384/16
f 1218/2385/16 689/2384/16 688/2386/16
f 1217/2387/16 1218/2385/16 688/2386/16
f 1217/2387/16 688/2386/16 687/2388/16
f 1216/2389/16 1217/2387/16 687/2388/16
f 1216/2389/16 687/2388/16 686/2390/16
f 1215/2391/16 1216/2389/16 686/2390/16
f 1215/2391/16 686/2390/16 685/2392/16
f 1214/2393/16 1215/2391/16 685/2392/16
f 1214/2393/16 685/2392/16 684/2394/16
f 1213/2395/16 1214/2393/16 684/2394/16
f 1213/2395/16 684/2394/16 683/2396/16
f 1212/2397/16 1213/2395/16 683/2396/16
f 1212/2397/16 683/2396/16 682/510/16
f 647/639/16 1210/638/16 1211/509/16
f 1211/509/16 1212/2397/16 682/510/16
f 681/511/16 647/639/16 1211/509/16
f 1028/185/3 1057/296/3 897/55/3
f 1073/247/5 1111/249/5 951/128/5
f 1056/187/5 1027/189/5 867/56/5
f 1112/248/3 1072/299/3 912/132/3
f 980/159/6 979/301/6 819/302/6
f 1026/188/3 1055/303/3 895/58/3
f 1071/250/5 1113/252/5 953/133/5
f 1054/190/5 1025/192/5 865/59/5
f 1114/251/3 1070/306/3 910/135/3
f 982/173/30 981/307/30 822/29/30
f 1024/512/3 1053/500/3 893/62/3
f 1069/253/5 1115/255/5 955/136/5
f 1052/193/5 1023/195/5 863/513/5
f 1116/254/3 1068/311/3 908/138/3
f 984/161/7 983/163/7 824/30/7
f 1022/514/3 1051/501/3 891/65/3
f 1067/256/5 1117/258/5 957/139/5
f 1050/196/5 1021/198/5 861/515/5
f 1118/257/3 1066/316/3 906/142/3
f 1020/197/3 1049/317/3 889/68/3
f 1065/259/5 1119/261/5 959/143/5
f 986/162/13 985/319/13 825/35/13
f 1048/199/5 1019/201/5 859/69/5
f 1120/260/3 1064/321/3 904/145/3
f 1018/200/3 1047/322/3 887/71/3
f 1063/172/29 1002/174/29 842/146/29
f 1046/202/5 1017/204/5 857/72/5
f 988/164/6 987/166/6 828/36/6
f 1016/203/3 1045/326/3 885/76/3
f 1044/205/5 1015/207/5 855/77/5
f 1014/206/3 1043/328/3 883/79/3
f 990/165/12 989/329/12 829/9/12
f 1042/208/5 1013/210/5 853/80/5
f 1012/209/3 1041/331/3 881/82/3
f 992/149/10 991/332/10 832/38/10
f 1040/211/5 1011/213/5 851/83/5
f 1010/212/3 1039/334/3 879/88/3
f 994/167/4 993/169/4 834/39/4
f 1038/214/5 1009/216/5 849/89/5
f 1122/2398/2 1121/2399/2 1200/2400/2
f 1122/2398/2 1200/2400/2 1199/2401/2
f 1124/2402/2 1123/2403/2 1122/2398/2
f 1126/2404/2 1125/2405/2 1124/2402/2
f 1128/2406/2 1127/2407/2 1126/2404/2
f 1130/2408/2 1129/2409/2 1128/2406/2
f 1131/2410/2 1130/2408/2 1128/2406/2
f 1128/2406/2 1126/2404/2 1124/2402/2
f 1124/2402/2 1122/2398/2 1199/2401/2
f 1124/2402/2 1199/2401/2 1198/2411/2
f 1131/2410/2 1128/2406/2 1124/2402/2
f 1132/2412/2 1131/2410/2 1124/2402/2
f 1124/2402/2 1198/2411/2 1197/2413/2
f 1124/2402/2 1197/2413/2 1196/2414/2
f 1133/2415/2 1132/2412/2 1124/2402/2
f 1134/2416/2 1133/2415/2 1124/2402/2
f 1124/2402/2 1196/2414/2 1195/2417/2
f 1124/2402/2 1195/2417/2 1194/2418/2
f 1135/2419/2 1134/2416/2 1124/2402/2
f 1136/2420/2 1135/2419/2 1124/2402/2
f 1124/2402/2 1194/2418/2 1193/2421/2
f 1124/2402/2 1193/2421/2 1192/2422/2
f 1137/2423/2 1136/2420/2 1124/2402/2
f 1138/2424/2 1137/2423/2 1124/2402/2
f 1124/2402/2 1192/2422/2 1191/2425/2
f 1124/2402/2 1191/2425/2 1190/2426/2
f 1139/2427/2 1138/2424/2 1124/2402/2
f 1140/2428/2 1139/2427/2 1124/2402/2
f 1124/2402/2 1190/2426/2 1189/2429/2
f 1124/2402/2 1189/2429/2 1188/2430/2
f 1141/2431/2 1140/2428/2 1124/2402/2
f 1142/2432/2 1141/2431/2 1124/2402/2
f 1124/2402/2 1188/2430/2 1187/2433/2
f 1124/2402/2 1187/2433/2 1186/2434/2
f 1143/2435/2 1142/2432/2 1124/2402/2
f 1144/2436/2 1143/2435/2 1124/2402/2
f 1124/2402/2 1186/2434/2 1185/2437/2
f 1124/2402/2 1185/2437/2 1184/2438/2
f 1145/2439/2 1144/2436/2 1124/2402/2
f 1146/2440/2 1145/2439/2 1124/2402/2
f 1124/2402/2 1184/2438/2 1183/2441/2
f 1124/2402/2 1183/2441/2 1182/2442/2
f 1147/2443/2 1146/2440/2 1124/2402/2
f 1148/2444/2 1147/2443/2 1124/2402/2
f 1124/2402/2 1182/2442/2 1181/2445/2
f 1124/2402/2 1181/2445/2 1180/2446/2
f 1149/2447/2 1148/2444/2 1124/2402/2
f 1150/2448/2 1149/2447/2 1124/2402/2
f 1124/2402/2 1180/2446/2 1179/2449/2
f 1124/2402/2 1179/2449/2 1178/2450/2
f 1151/2451/2 1150/2448/2 1124/2402/2
f 1152/2452/2 1151/2451/2 1124/2402/2
f 1124/2402/2 1178/2450/2 1177/2453/2
f 1124/2402/2 1177/2453/2 1176/2454/2
f 1153/2455/2 1152/2452/2 1124/2402/2
f 1154/2456/2 1153/2455/2 1124/2402/2
f 1124/2402/2 1176/2454/2 1175/2457/2
f 1124/2402/2 1175/2457/2 1174/2458/2
f 1155/2459/2 1154/2456/2 1124/2402/2
f 1156/2460/2 1155/2459/2 1124/2402/2
f 1124/2402/2 1174/2458/2 1173/2461/2
f 1124/2402/2 1173/2461/2 1172/2462/2
f 1157/2463/2 1156/2460/2 1124/2402/2
f 1158/2464/2 1157/2463/2 1124/2402/2
f 1124/2402/2 1172/2462/2 1171/516/2
f 1171/516/2 1170/2465/2 1169/2466/2
f 1169/2466/2 1168/2467/2 1167/2468/2
f 1167/2468/2 1166/2469/2 1165/2470/2
f 1165/2470/2 1164/2471/2 1163/517/2
f 1163/517/2 1162/2472/2 1161/2473/2
f 1163/517/2 1161/2473/2 1160/2474/2
f 1167/2468/2 1165/2470/2 1163/517/2
f 1171/516/2 1169/2466/2 1167/2468/2
f 1158/2464/2 1124/2402/2 1171/516/2
f 1163/517/2 1160/2474/2 1159/518/2
f 1159/518/2 1158/2464/2 1171/516/2
f 1171/516/2 1167/2468/2 1163/517/2
f 671/519/31 1121/2475/31 1122/520/31
f 673/521/24 1122/520/24 1123/522/24
f 674/523/13 1123/522/13 1124/524/13
f 675/525/32 1124/524/32 1125/526/32
f 672/527/3 1125/526/3 1126/528/3
f 676/529/33 1126/528/33 1127/530/33
f 678/531/11 1127/530/11 1128/532/11
f 679/533/22 1128/532/22 1129/534/22
f 680/535/34 1129/534/34 1130/536/34
f 677/537/16 1130/536/16 1131/538/16
f 740/539/16 1131/538/16 1132/540/16
f 739/541/16 1132/540/16 1133/542/16
f 738/543/16 1133/542/16 1134/544/16
f 737/545/16 1134/544/16 1135/546/16
f 736/547/16 1135/546/16 1136/548/16
f 735/549/16 1136/548/16 1137/550/16
f 734/551/16 1137/550/16 1138/552/16
f 733/553/16 1138/552/16 1139/554/16
f 732/555/16 1139/554/16 1140/556/16
f 731/557/16 1140/556/16 1141/558/16
f 730/559/16 1141/558/16 1142/560/16
f 729/561/16 1142/560/16 1143/562/16
f 728/563/16 1143/562/16 1144/564/16
f 727/565/16 1144/564/16 1145/566/16
f 726/567/16 1145/566/16 1146/568/16
f 725/569/16 1146/568/16 1147/570/16
f 724/571/16 1147/570/16 1148/572/16
f 723/573/16 1148/572/16 1149/574/16
f 722/575/16 1149/574/16 1150/576/16
f 721/577/16 1150/576/16 1151/578/16
f 720/579/16 1151/578/16 1152/580/16
f 719/581/16 1152/580/16 1153/582/16
f 718/583/16 1153/582/16 1154/584/16
f 717/585/16 1154/584/16 1155/586/16
f 716/587/16 1155/586/16 1156/588/16
f 715/589/16 1156/588/16 1157/590/16
f 714/591/16 1157/590/16 1158/592/16
f 713/593/16 1158/592/16 1159/594/16
f 712/595/16 1159/594/16 1160/596/16
f 711/597/16 1160/596/16 1161/598/16
f 666/599/35 1161/598/35 1162/600/35
f 668/601/18 1162/600/18 1163/602/18
f 669/603/7 1163/602/7 1164/604/7
f 670/605/36 1164/604/36 1165/606/36
f 667/607/5 1165/606/5 1166/608/5
f 661/609/37 1166/608/37 1167/610/37
f 663/611/4 1167/610/4 1168/612/4
f 664/613/20 1168/612/20 1169/614/20
f 665/615/38 1169/614/38 1170/616/38
f 1202/2476/1 1201/2477/1 1280/2478/1
f 1202/2476/1 1280/2478/1 1279/2479/1
f 1204/2480/1 1203/2481/1 1202/2476/1
f 1206/2482/1 1205/2483/1 1204/2480/1
f 1208/2484/1 1207/2485/1 1206/2482/1
f 1210/2486/1 1209/2487/1 1208/2484/1
f 1211/2488/1 1210/2486/1 1208/2484/1
f 1208/2484/1 1206/2482/1 1204/2480/1
f 1204/2480/1 1202/2476/1 1279/2479/1
f 1204/2480/1 1279/2479/1 1278/2489/1
f 1211/2488/1 1208/2484/1 1204/2480/1
f 1212/2490/1 1211/2488/1 1204/2480/1
f 1204/2480/1 1278/2489/1 1277/2491/1
f 1204/2480/1 1277/2491/1 1276/2492/1
f 1213/2493/1 1212/2490/1 1204/2480/1
f 1214/2494/1 1213/2493/1 1204/2480/1
f 1204/2480/1 1276/2492/1 1275/2495/1
f 1204/2480/1 1275/2495/1 1274/2496/1
f 1215/2497/1 1214/2494/1 1204/2480/1
f 1216/2498/1 1215/2497/1 1204/2480/1
f 1204/2480/1 1274/2496/1 1273/2499/1
f 1204/2480/1 1273/2499/1 1272/2500/1
f 1217/2501/1 1216/2498/1 1204/2480/1
f 1218/2502/1 1217/2501/1 1204/2480/1
f 1204/2480/1 1272/2500/1 1271/2503/1
f 1204/2480/1 1271/2503/1 1270/2504/1
f 1219/2505/1 1218/2502/1 1204/2480/1
f 1220/2506/1 1219/2505/1 1204/2480/1
f 1204/2480/1 1270/2504/1 1269/2507/1
f 1204/2480/1 1269/2507/1 1268/2508/1
f 1221/2509/1 1220/2506/1 1204/2480/1
f 1222/2510/1 1221/2509/1 1204/2480/1
f 1204/2480/1 1268/2508/1 1267/2511/1
f 1204/2480/1 1267/2511/1 1266/2512/1
f 1223/2513/1 1222/2510/1 1204/2480/1
f 1224/2514/1 1223/2513/1 1204/2480/1
f 1204/2480/1 1266/2512/1 1265/2515/1
f 1204/2480/1 1265/2515/1 1264/2516/1
f 1225/2517/1 1224/2514/1 1204/2480/1
f 1226/2518/1 1225/2517/1 1204/2480/1
f 1204/2480/1 1264/2516/1 1263/2519/1
f 1204/2480/1 1263/2519/1 1262/2520/1
f 1227/2521/1 1226/2518/1 1204/2480/1
f 1228/2522/1 1227/2521/1 1204/2480/1
f 1204/2480/1 1262/2520/1 1261/2523/1
f 1204/2480/1 1261/2523/1 1260/2524/1
f 1229/2525/1 1228/2522/1 1204/2480/1
f 1230/2526/1 1229/2525/1 1204/2480/1
f 1204/2480/1 1260/2524/1 1259/2527/1
f 1204/2480/1 1259/2527/1 1258/2528/1
f 1231/2529/1 1230/2526/1 1204/2480/1
f 1232/2530/1 1231/2529/1 1204/2480/1
f 1204/2480/1 1258/2528/1 1257/2531/1
f 1204/2480/1 1257/2531/1 1256/2532/1
f 1233/2533/1 1232/2530/1 1204/2480/1
f 1234/2534/1 1233/2533/1 1204/2480/1
f 1204/2480/1 1256/2532/1 1255/2535/1
f 1204/2480/1 1255/2535/1 1254/2536/1
f 1235/2537/1 1234/2534/1 1204/2480/1
f 1236/2538/1 1235/2537/1 1204/2480/1
f 1204/2480/1 1254/2536/1 1253/2539/1
f 1204/2480/1 1253/2539/1 1252/2540/1
f 1237/2541/1 1236/2538/1 1204/2480/1
f 1238/2542/1 1237/2541/1 1204/2480/1
f 1204/2480/1 1252/2540/1 1251/618/1
f 1251/618/1 1250/2543/1 1249/2544/1
f 1249/2544/1 1248/2545/1 1247/2546/1
f 1247/2546/1 1246/2547/1 1245/2548/1
f 1245/2548/1 1244/2549/1 1243/619/1
f 1243/619/1 1242/2550/1 1241/2551/1
f 1243/619/1 1241/2551/1 1240/2552/1
f 1247/2546/1 1245/2548/1 1243/619/1
f 1251/618/1 1249/2544/1 1247/2546/1
f 1238/2542/1 1204/2480/1 1251/618/1
f 1243/619/1 1240/2552/1 1239/620/1
f 1239/620/1 1238/2542/1 1251/618/1
f 1251/618/1 1247/2546/1 1243/619/1
f 641/621/38 1201/2553/38 1202/622/38
f 643/623/20 1202/622/20 1203/624/20
f 644/625/4 1203/624/4 1204/626/4
f 645/627/37 1204/626/37 1205/628/37
f 642/629/5 1205/628/5 1206/630/5
f 646/631/36 1206/630/36 1207/632/36
f 648/633/7 1207/632/7 1208/634/7
f 649/635/18 1208/634/18 1209/636/18
f 650/637/35 1209/636/35 1210/638/35
f 1280/2554/14 1201/2553/14 641/621/14
f 1280/2554/14 641/621/14 741/2555/14
f 1279/2556/14 1280/2554/14 741/2555/14
f 1279/2556/14 741/2555/14 742/2557/14
f 1278/2558/14 1279/2556/14 742/2557/14
f 1278/2558/14 742/2557/14 743/2559/14
f 1277/2560/14 1278/2558/14 743/2559/14
f 1277/2560/14 743/2559/14 744/2561/14
f 1276/2562/14 1277/2560/14 744/2561/14
f 1276/2562/14 744/2561/14 745/2563/14
f 1275/2564/14 1276/2562/14 745/2563/14
f 1275/2564/14 745/2563/14 746/2565/14
f 1274/2566/14 1275/2564/14 746/2565/14
f 1274/2566/14 746/2565/14 747/2567/14
f 1273/2568/14 1274/2566/14 747/2567/14
f 1273/2568/14 747/2567/14 748/2569/14
f 1272/2570/14 1273/2568/14 748/2569/14
f 1272/2570/14 748/2569/14 749/2571/14
f 1271/2572/14 1272/2570/14 749/2571/14
f 1271/2572/14 749/2571/14 750/2573/14
f 1270/2574/14 1271/2572/14 750/2573/14
f 1270/2574/14 750/2573/14 751/2575/14
f 1269/2576/14 1270/2574/14 751/2575/14
f 1269/2576/14 751/2575/14 752/2577/14
f 1268/2578/14 1269/2576/14 752/2577/14
f 1268/2578/14 752/2577/14 753/2579/14
f 1267/2580/14 1268/2578/14 753/2579/14
f 1267/2580/14 753/2579/14 754/2581/14
f 1266/2582/14 1267/2580/14 754/2581/14
f 1266/2582/14 754/2581/14 755/2583/14
f 1265/2584/14 1266/2582/14 755/2583/14
f 1265/2584/14 755/2583/14 756/2585/14
f 1264/2586/14 1265/2584/14 756/2585/14
f 1264/2586/14 756/2585/14 757/2587/14
f 1263/2588/14 1264/2586/14 757/2587/14
f 1263/2588/14 757/2587/14 758/2589/14
f 1262/2590/14 1263/2588/14 758/2589/14
f 1262/2590/14 758/2589/14 759/2591/14
f 1261/2592/14 1262/2590/14 759/2591/14
f 1261/2592/14 759/2591/14 760/2593/14
f 1260/2594/14 1261/2592/14 760/2593/14
f 1260/2594/14 760/2593/14 761/2595/14
f 1259/2596/14 1260/2594/14 761/2595/14
f 1259/2596/14 761/2595/14 762/2597/14
f 1258/2598/14 1259/2596/14 762/2597/14
f 1258/2598/14 762/2597/14 763/2599/14
f 1257/2600/14 1258/2598/14 763/2599/14
f 1257/2600/14 763/2599/14 764/2601/14
f 1256/2602/14 1257/2600/14 764/2601/14
f 1256/2602/14 764/2601/14 765/2603/14
f 1255/2604/14 1256/2602/14 765/2603/14
f 1255/2604/14 765/2603/14 766/2605/14
f 1254/2606/14 1255/2604/14 766/2605/14
f 1254/2606/14 766/2605/14 767/2607/14
f 1253/2608/14 1254/2606/14 767/2607/14
f 1253/2608/14 767/2607/14 768/2609/14
f 1252/2610/14 1253/2608/14 768/2609/14
f 1252/2610/14 768/2609/14 769/641/14
f 652/661/14 1250/660/14 1251/640/14
f 1251/640/14 1252/2610/14 769/641/14
f 770/642/14 652/661/14 1251/640/14
f 656/643/34 1241/2341/34 1242/644/34
f 658/645/22 1242/644/22 1243/646/22
f 659/647/11 1243/646/11 1244/648/11
f 660/649/33 1244/648/33 1245/650/33
f 657/651/3 1245/650/3 1246/652/3
f 651/653/32 1246/652/32 1247/654/32
f 653/655/13 1247/654/13 1248/656/13
f 654/657/24 1248/656/24 1249/658/24
f 655/659/31 1249/658/31 1250/660/31
f 1200/2611/14 1121/2475/14 671/519/14
f 1200/2611/14 671/519/14 771/2612/14
f 1199/2613/14 1200/2611/14 771/2612/14
f 1199/2613/14 771/2612/14 772/2614/14
f 1198/2615/14 1199/2613/14 772/2614/14
f 1198/2615/14 772/2614/14 773/2616/14
f 1197/2617/14 1198/2615/14 773/2616/14
f 1197/2617/14 773/2616/14 774/2618/14
f 1196/2619/14 1197/2617/14 774/2618/14
f 1196/2619/14 774/2618/14 775/2620/14
f 1195/2621/14 1196/2619/14 775/2620/14
f 1195/2621/14 775/2620/14 776/2622/14
f 1194/2623/14 1195/2621/14 776/2622/14
f 1194/2623/14 776/2622/14 777/2624/14
f 1193/2625/14 1194/2623/14 777/2624/14
f 1193/2625/14 777/2624/14 778/2626/14
f 1192/2627/14 1193/2625/14 778/2626/14
f 1192/2627/14 778/2626/14 779/2628/14
f 1191/2629/14 1192/2627/14 779/2628/14
f 1191/2629/14 779/2628/14 780/2630/14
f 1190/2631/14 1191/2629/14 780/2630/14
f 1190/2631/14 780/2630/14 781/2632/14
f 1189/2633/14 1190/2631/14 781/2632/14
f 1189/2633/14 781/2632/14 782/2634/14
f 1188/2635/14 1189/2633/14 782/2634/14
f 1188/2635/14 782/2634/14 783/2636/14
f 1187/2637/14 1188/2635/14 783/2636/14
f 1187/2637/14 783/2636/14 784/2638/14
f 1186/2639/14 1187/2637/14 784/2638/14
f 1186/2639/14 784/2638/14 785/2640/14
f 1185/2641/14 1186/2639/14 785/2640/14
f 1185/2641/14 785/2640/14 786/2642/14
f 1184/2643/14 1185/2641/14 786/2642/14
f 1184/2643/14 786/2642/14 787/2644/14
f 1183/2645/14 1184/2643/14 787/2644/14
f 1183/2645/14 787/2644/14 788/2646/14
f 1182/2647/14 1183/2645/14 788/2646/14
f 1182/2647/14 788/2646/14 789/2648/14
f 1181/2649/14 1182/2647/14 789/2648/14
f 1181/2649/14 789/2648/14 790/2650/14
f 1180/2651/14 1181/2649/14 790/2650/14
f 1180/2651/14 790/2650/14 791/2652/14
f 1179/2653/14 1180/2651/14 791/2652/14
f 1179/2653/14 791/2652/14 792/2654/14
f 1178/2655/14 1179/2653/14 792/2654/14
f 1178/2655/14 792/2654/14 793/2656/14
f 1177/2657/14 1178/2655/14 793/2656/14
f 1177/2657/14 793/2656/14 794/2658/14
f 1176/2659/14 1177/2657/14 794/2658/14
f 1176/2659/14 794/2658/14 795/2660/14
f 1175/2661/14 1176/2659/14 795/2660/14
f 1175/2661/14 795/2660/14 796/2662/14
f 1174/2663/14 1175/2661/14 796/2662/14
f 1174/2663/14 796/2662/14 797/2664/14
f 1173/2665/14 1174/2663/14 797/2664/14
f 1173/2665/14 797/2664/14 798/2666/14
f 1172/2667/14 1173/2665/14 798/2666/14
f 1172/2667/14 798/2666/14 799/663/14
f 662/617/14 1170/616/14 1171/662/14
f 1171/662/14 1172/2667/14 799/663/14
f 800/664/14 662/617/14 1171/662/14
f 1283/667/2 1281/676/2 1282/665/2
f 1321/666/2 1284/2668/2 1283/667/2
f 1285/670/1 1287/671/1 1288/668/1
f 1322/669/1 1286/2669/1 1285/670/1
f 1287/671/16 1285/670/16 1294/672/16
f 1309/693/5 1306/680/5 1307/682/5
f 1309/693/5 1307/682/5 1312/677/5
f 1288/668/5 1287/671/5 1289/673/5
f 1289/673/5 1309/693/5 1312/677/5
f 1290/674/5 1283/667/5 1284/2668/5
f 1289/673/5 1312/677/5 1290/674/5
f 1292/2670/5 1288/668/5 1289/673/5
f 1290/674/5 1284/2668/5 1291/675/5
f 1291/675/5 1292/2670/5 1289/673/5
f 1290/674/16 1293/2671/16 1281/676/16
f 1293/2671/2 1290/674/2 1312/677/2
f 1312/677/2 1307/682/2 1297/686/2
f 1312/677/2 1297/686/2 1302/688/2
f 1311/679/2 1293/2671/2 1312/677/2
f 1300/690/2 1308/681/2 1311/679/2
f 1312/677/2 1302/688/2 1304/678/2
f 1304/678/2 1300/690/2 1311/679/2
f 1306/680/16 1305/2672/16 1308/681/16
f 1299/683/3 1313/698/3 1318/684/3
f 1297/686/5 1315/694/5 1320/687/5
f 1299/683/1 1305/2672/1 1306/680/1
f 1297/686/2 1307/682/2 1308/681/2
f 1289/673/1 1294/672/1 1310/691/1
f 1310/691/1 1305/2672/1 1299/683/1
f 1310/691/1 1299/683/1 1303/685/1
f 1309/693/1 1289/673/1 1310/691/1
f 1298/689/1 1306/680/1 1309/693/1
f 1310/691/1 1303/685/1 1301/692/1
f 1301/692/1 1298/689/1 1309/693/1
f 1300/690/16 1316/696/16 1315/694/16
f 1302/688/14 1320/687/14 1319/695/14
f 1304/678/3 1319/695/3 1316/696/3
f 1301/692/5 1317/699/5 1314/697/5
f 1298/689/16 1314/697/16 1313/698/16
f 1303/685/14 1318/684/14 1317/699/14
f 1284/700/5 1345/2673/5 1348/701/5
f 1371/703/14 1440/905/14 1443/704/14
f 1350/706/5 1370/767/5 1369/707/5
f 1372/709/14 1442/901/14 1440/710/14
f 1326/730/14 1345/729/14 1352/712/14
f 1352/712/14 1325/734/14 1423/713/14
f 1424/2674/14 1400/736/14 1351/735/14
f 1424/2674/14 1351/735/14 1348/2675/14
f 1348/2675/14 1403/728/14 1422/714/14
f 1421/2676/14 1326/730/14 1352/712/14
f 1424/2674/14 1348/2675/14 1422/714/14
f 1422/714/14 1421/2676/14 1352/712/14
f 1423/713/14 1424/2674/14 1422/714/14
f 1292/715/5 1346/2677/5 1347/716/5
f 1324/718/5 1351/766/5 1350/719/5
f 1350/719/2 1346/2677/2 1292/715/2
f 1348/701/1 1351/766/1 1324/718/1
f 1321/721/2 1282/2678/2 1332/2679/2
f 1352/722/2 1345/2673/2 1284/700/2
f 1321/721/2 1332/2679/2 1352/722/2
f 1330/2680/1 1286/2681/1 1322/723/1
f 1322/723/1 1288/717/1 1347/716/1
f 1349/724/1 1330/2680/1 1322/723/1
f 1328/725/14 1347/2682/14 1346/726/14
f 1403/728/14 1348/2675/14 1345/729/14
f 1398/731/14 1350/737/14 1349/732/14
f 1325/734/14 1352/712/14 1351/735/14
f 1401/727/14 1346/726/14 1350/737/14
f 1350/737/14 1398/731/14 1427/738/14
f 1428/2683/14 1329/733/14 1349/732/14
f 1428/2683/14 1349/732/14 1347/2682/14
f 1347/2682/14 1328/725/14 1426/739/14
f 1425/2684/14 1401/727/14 1350/737/14
f 1428/2683/14 1347/2682/14 1426/739/14
f 1426/739/14 1425/2684/14 1350/737/14
f 1427/738/14 1428/2683/14 1426/739/14
f 1435/740/14 1406/775/14 1359/741/14
f 1431/743/14 1364/777/14 1408/744/14
f 1354/746/14 1429/772/14 1430/747/14
f 1409/749/14 1433/807/14 1434/750/14
f 1334/752/3 1444/906/3 1439/753/3
f 1330/755/3 1438/904/3 1444/756/3
f 1372/760/2 1352/2685/2 1332/758/2
f 1332/758/2 1441/2686/2 1442/759/2
f 1331/761/3 1439/902/3 1441/762/3
f 1352/764/5 1372/709/5 1371/711/5
f 1351/766/5 1371/703/5 1370/705/5
f 1370/767/14 1443/903/14 1437/768/14
f 1374/2687/3 1353/823/3 1429/772/3
f 1429/772/3 1421/771/3 1338/810/3
f 1429/772/3 1338/810/3 1373/2688/3
f 1374/2687/3 1429/772/3 1373/2688/3
f 1415/769/3 1404/812/3 1422/811/3
f 1374/2687/3 1373/2688/3 1415/769/3
f 1430/747/3 1412/822/3 1417/770/3
f 1417/770/3 1374/2687/3 1415/769/3
f 1415/769/3 1422/811/3 1430/747/3
f 1354/746/2 1326/898/2 1421/771/2
f 1356/751/5 1328/774/5 1401/773/5
f 1434/750/1 1426/817/1 1328/774/1
f 1406/775/3 1398/780/3 1329/776/3
f 1364/777/3 1325/837/3 1400/778/3
f 1342/779/2 1427/820/2 1398/780/2
f 1336/782/1 1400/778/1 1424/783/1
f 1327/785/2 1401/773/2 1425/786/2
f 1343/788/1 1422/811/1 1403/789/1
f 1361/791/2 1406/775/2 1435/740/2
f 1362/793/1 1432/745/1 1408/744/1
f 1367/795/2 1433/807/2 1409/749/2
f 1357/797/1 1411/748/1 1430/747/1
f 1339/818/3 1426/817/3 1434/750/3
f 1434/750/3 1366/826/3 1381/799/3
f 1414/2689/3 1410/827/3 1433/807/3
f 1414/2689/3 1433/807/3 1425/786/3
f 1425/786/3 1402/816/3 1418/800/3
f 1382/801/3 1339/818/3 1434/750/3
f 1414/2689/3 1425/786/3 1418/800/3
f 1382/801/3 1434/750/3 1381/799/3
f 1381/799/3 1414/2689/3 1418/800/3
f 1344/784/1 1424/783/1 1432/745/1
f 1432/745/1 1362/793/1 1396/802/1
f 1392/2690/1 1363/794/1 1408/744/1
f 1392/2690/1 1408/744/1 1400/778/1
f 1400/778/1 1336/782/1 1391/803/1
f 1395/2691/1 1344/784/1 1432/745/1
f 1392/2690/1 1400/778/1 1391/803/1
f 1391/803/1 1395/2691/1 1432/745/1
f 1396/802/1 1392/2690/1 1391/803/1
f 1337/815/5 1423/814/5 1431/743/5
f 1431/743/5 1365/824/5 1393/804/5
f 1416/2692/5 1407/825/5 1432/745/5
f 1416/2692/5 1432/745/5 1424/783/5
f 1424/783/5 1399/813/5 1420/805/5
f 1394/806/5 1337/815/5 1431/743/5
f 1416/2692/5 1424/783/5 1420/805/5
f 1394/806/5 1431/743/5 1393/804/5
f 1393/804/5 1416/2692/5 1420/805/5
f 1341/787/2 1425/786/2 1433/807/2
f 1433/807/2 1367/795/2 1384/808/2
f 1380/2693/2 1355/796/2 1409/749/2
f 1380/2693/2 1409/749/2 1401/773/2
f 1401/773/2 1327/785/2 1379/809/2
f 1383/2694/2 1341/787/2 1433/807/2
f 1380/2693/2 1401/773/2 1379/809/2
f 1379/809/2 1383/2694/2 1433/807/2
f 1384/808/2 1380/2693/2 1379/809/2
f 1338/810/3 1421/771/3 1422/811/3
f 1399/813/5 1424/783/5 1423/814/5
f 1402/816/3 1425/786/3 1426/817/3
f 1340/819/5 1428/897/5 1427/820/5
f 1412/822/3 1430/747/3 1429/772/3
f 1365/824/5 1431/743/5 1432/745/5
f 1366/826/3 1434/750/3 1433/807/3
f 1405/828/5 1435/740/5 1436/742/5
f 1335/781/2 1398/780/2 1406/775/2
f 1406/775/2 1361/791/2 1390/830/2
f 1386/2695/2 1360/792/2 1435/740/2
f 1386/2695/2 1435/740/2 1427/820/2
f 1427/820/2 1342/779/2 1385/831/2
f 1389/2696/2 1335/781/2 1406/775/2
f 1386/2695/2 1427/820/2 1385/831/2
f 1385/831/2 1389/2696/2 1406/775/2
f 1390/830/2 1386/2695/2 1385/831/2
f 1376/2697/1 1333/790/1 1403/789/1
f 1403/789/1 1411/748/1 1357/797/1
f 1403/789/1 1357/797/1 1375/2698/1
f 1376/2697/1 1403/789/1 1375/2698/1
f 1377/832/1 1368/798/1 1430/747/1
f 1376/2697/1 1375/2698/1 1377/832/1
f 1422/811/1 1343/788/1 1378/833/1
f 1378/833/1 1376/2697/1 1377/832/1
f 1377/832/1 1430/747/1 1422/811/1
f 1397/821/5 1427/820/5 1435/740/5
f 1435/740/5 1405/828/5 1413/834/5
f 1387/2699/5 1358/829/5 1436/742/5
f 1387/2699/5 1436/742/5 1428/897/5
f 1428/897/5 1340/819/5 1388/835/5
f 1419/836/5 1397/821/5 1435/740/5
f 1387/2699/5 1428/897/5 1388/835/5
f 1419/836/5 1435/740/5 1413/834/5
f 1413/834/5 1387/2699/5 1388/835/5
f 1431/743/2 1423/814/2 1325/837/2
f 1375/838/5 1357/2700/5 1355/839/5
f 1379/841/5 1327/845/5 1333/842/5
f 1343/844/16 1333/842/16 1327/845/16
f 1343/844/3 1341/846/3 1383/847/3
f 1378/848/14 1383/847/14 1379/841/14
f 1380/840/16 1384/851/16 1377/849/16
f 1367/850/3 1368/852/3 1377/849/3
f 1355/839/14 1357/2700/14 1368/852/14
f 1340/853/16 1397/2701/16 1402/854/16
f 1339/855/1 1382/866/1 1388/856/1
f 1366/857/1 1358/861/1 1387/858/1
f 1410/860/14 1405/864/14 1358/861/14
f 1387/858/16 1413/863/16 1414/862/16
f 1410/860/2 1414/862/2 1413/863/2
f 1418/865/14 1419/867/14 1388/856/14
f 1402/854/2 1397/2701/2 1419/867/2
f 1336/868/16 1344/2702/16 1342/869/16
f 1391/871/3 1336/868/3 1335/870/3
f 1342/869/5 1344/2702/5 1395/873/5
f 1385/874/14 1395/873/14 1391/871/14
f 1392/875/16 1396/2703/16 1386/876/16
f 1392/875/3 1390/877/3 1361/878/3
f 1360/880/14 1362/881/14 1363/879/14
f 1386/876/5 1396/2703/5 1362/881/5
f 1373/882/2 1338/886/2 1337/883/2
f 1399/885/16 1337/883/16 1338/886/16
f 1373/882/14 1394/884/14 1420/888/14
f 1420/888/1 1399/885/1 1404/887/1
f 1416/890/16 1393/893/16 1374/891/16
f 1393/893/2 1365/2704/2 1353/894/2
f 1353/894/14 1365/2704/14 1407/895/14
f 1417/892/1 1412/896/1 1407/895/1
f 1359/741/1 1329/776/1 1428/897/1
f 1411/748/5 1403/789/5 1326/898/5
f 1323/899/14 1292/2670/14 1291/675/14
f 1442/901/39 1441/762/39 1439/902/39
f 1443/903/39 1444/756/39 1438/904/39
f 1440/905/39 1439/753/39 1444/906/39
f 1438/909/1 1330/2705/1 1349/907/1
f 1349/907/1 1369/2706/1 1437/908/1
f 1469/910/3 1456/2707/3 1454/911/3
f 1475/913/1 1470/952/1 1466/914/1
f 1482/916/2 1486/2708/2 1450/917/2
f 1462/919/14 1457/2709/14 1468/920/14
f 1458/922/2 1464/938/2 1460/923/2
f 1463/925/5 1476/949/5 1472/926/5
f 1453/928/48 1455/930/48 1460/934/48
f 1456/931/49 1458/922/49 1455/924/49
f 1462/936/50 1464/938/50 1458/922/50
f 1461/927/51 1460/923/51 1464/938/51
f 1459/933/52 1461/935/52 1472/945/52
f 1474/947/53 1476/949/53 1463/925/53
f 1473/915/54 1472/926/54 1476/949/54
f 1471/944/55 1473/915/55 1466/914/55
f 1468/920/56 1470/952/56 1475/913/56
f 1467/912/57 1466/914/57 1470/952/57
f 1465/939/58 1467/941/58 1454/929/58
f 1457/953/39 1456/2707/39 1469/910/39
f 1471/944/16 1465/939/16 1453/928/16
f 1446/956/5 1450/917/5 1486/2710/5
f 1446/956/5 1486/2710/5 1491/954/5
f 1492/955/5 1483/1022/5 1446/956/5
f 1483/957/1 1484/2711/1 1448/958/1
f 1452/918/3 1448/958/3 1484/970/3
f 1452/918/3 1484/970/3 1489/959/3
f 1490/960/3 1482/2712/3 1452/918/3
f 1446/956/16 1448/958/16 1452/918/16
f 1449/961/5 1498/995/5 1500/962/5
f 1451/964/14 1482/2712/14 1490/960/14
f 1536/2713/59 1524/2714/59 1531/2715/59
f 1532/966/59 1523/2716/59 1535/2717/59
f 1543/968/59 1536/2713/59 1531/2715/59
f 1532/966/59 1535/2717/59 1544/967/59
f 1543/968/59 1531/2715/59 1532/966/59
f 1477/969/14 1489/959/14 1484/970/14
f 1481/972/14 1490/960/14 1489/959/14
f 1496/974/60 1508/1011/60 1511/975/60
f 1480/977/5 1497/997/5 1495/978/5
f 1487/980/3 1501/994/3 1502/981/3
f 1488/983/5 1503/999/5 1504/984/5
f 1478/986/3 1493/1001/3 1494/987/3
f 1447/989/3 1496/974/3 1499/976/3
f 1513/991/61 1521/1025/61 1522/992/61
f 1501/994/60 1513/991/60 1514/993/60
f 1498/995/62 1510/1031/62 1512/996/62
f 1497/997/62 1509/1033/62 1507/998/62
f 1503/999/62 1515/1035/62 1516/1000/62
f 1493/1001/60 1505/1010/60 1506/1002/60
f 1517/1003/63 1541/1048/63 1542/1004/63
f 1493/1001/1 1478/2718/1 1479/963/1
f 1493/1001/1 1479/963/1 1500/962/1
f 1517/1007/1 1505/1010/1 1493/1001/1
f 1538/2719/1 1541/2720/1 1517/1007/1
f 1493/1001/1 1500/962/1 1512/1006/1
f 1512/1006/1 1538/2719/1 1517/1007/1
f 1496/974/1 1447/2721/1 1445/979/1
f 1496/974/1 1445/979/1 1495/978/1
f 1519/1009/1 1508/1011/1 1496/974/1
f 1536/2722/1 1543/2723/1 1519/1009/1
f 1496/974/1 1495/978/1 1507/1008/1
f 1507/1008/1 1536/2722/1 1519/1009/1
f 1505/1010/61 1517/1003/61 1518/1005/61
f 1508/1011/61 1519/1037/61 1520/1012/61
f 1523/1013/1 1532/2724/1 1556/1014/1
f 1524/1016/2 1548/2725/2 1555/1017/2
f 1533/1019/64 1557/2726/64 1558/1020/64
f 1445/2727/14 1447/2728/14 1484/2729/14
f 1486/2710/14 1482/2730/14 1451/2731/14
f 1486/2710/14 1451/2731/14 1449/2732/14
f 1491/954/14 1486/2710/14 1449/2732/14
f 1479/2733/14 1478/2734/14 1490/2735/14
f 1491/954/14 1449/2732/14 1479/2733/14
f 1492/955/14 1491/954/14 1479/2733/14
f 1479/2733/14 1490/2735/14 1481/2736/14
f 1479/2733/14 1481/2736/14 1488/2737/14
f 1483/1022/14 1492/955/14 1479/2733/14
f 1445/2727/14 1484/2729/14 1483/1022/14
f 1489/2738/14 1477/2739/14 1480/1024/14
f 1480/1024/14 1445/2727/14 1483/1022/14
f 1483/1022/14 1479/2733/14 1488/2737/14
f 1485/1023/14 1487/2740/14 1489/2738/14
f 1483/1022/14 1488/2737/14 1485/1023/14
f 1485/1023/14 1489/2738/14 1480/1024/14
f 1521/1025/63 1545/1049/63 1546/1026/63
f 1481/1028/2 1502/981/2 1514/993/2
f 1514/993/2 1522/2741/2 1546/2742/2
f 1546/2742/2 1539/2743/2 1515/1027/2
f 1503/999/2 1488/983/2 1481/1028/2
f 1514/993/2 1546/2742/2 1515/1027/2
f 1515/1027/2 1503/999/2 1481/1028/2
f 1501/994/1 1487/2744/1 1485/985/1
f 1501/994/1 1485/985/1 1504/984/1
f 1521/1030/1 1513/991/1 1501/994/1
f 1540/2745/1 1545/2746/1 1521/1030/1
f 1501/994/1 1504/984/1 1516/1029/1
f 1516/1029/1 1540/2745/1 1521/1030/1
f 1510/1031/65 1537/1042/65 1538/1032/65
f 1509/1033/65 1535/1039/65 1536/1034/65
f 1515/1035/65 1539/1045/65 1540/1036/65
f 1519/1037/63 1543/968/63 1544/967/63
f 1524/1038/59 1536/1034/59 1535/1039/59
f 1526/1041/59 1538/1032/59 1537/1042/59
f 1528/1044/59 1540/1036/59 1539/1045/59
f 1530/1047/59 1525/1070/59 1537/2747/59
f 1541/1048/59 1538/2748/59 1526/1060/59
f 1541/1048/59 1526/1060/59 1529/1062/59
f 1530/1047/59 1537/2747/59 1542/1004/59
f 1541/1048/59 1529/1062/59 1530/1047/59
f 1534/1021/59 1527/1067/59 1539/2749/59
f 1545/1049/59 1540/2750/59 1528/1074/59
f 1545/1049/59 1528/1074/59 1533/1019/59
f 1534/1021/59 1539/2749/59 1546/1026/59
f 1545/1049/59 1533/1019/59 1534/1021/59
f 1554/1050/59 1553/2751/59 1550/1051/59
f 1558/1053/59 1557/2752/59 1552/1054/59
f 1556/1056/59 1555/2753/59 1548/1057/59
f 1525/1043/66 1549/2754/66 1550/1059/66
f 1526/1060/2 1550/2755/2 1553/1061/2
f 1531/1063/64 1555/2756/64 1556/1064/64
f 1527/1046/66 1551/2757/66 1552/1066/66
f 1527/1067/1 1534/1021/1 1558/1068/1
f 1525/1070/1 1530/1047/1 1554/1071/1
f 1529/1062/64 1553/2758/64 1554/1073/64
f 1528/1074/2 1552/2759/2 1557/1075/2
f 1523/1040/66 1547/2760/66 1548/1076/66
f 1498/995/2 1449/961/2 1451/1077/2
f 1451/1077/2 1494/987/2 1506/1002/2
f 1506/1002/2 1518/2761/2 1542/1078/2
f 1542/1078/2 1537/2762/2 1510/1079/2
f 1510/1079/2 1498/995/2 1451/1077/2
f 1451/1077/2 1506/1002/2 1542/1078/2
f 1497/997/2 1480/977/2 1477/1080/2
f 1477/1080/2 1499/976/2 1511/975/2
f 1511/975/2 1520/2763/2 1544/1081/2
f 1544/1081/2 1535/2764/2 1509/1082/2
f 1509/1082/2 1497/997/2 1477/1080/2
f 1477/1080/2 1511/975/2 1544/1081/2
f 1562/1083/5 1563/1095/5 1564/1084/5
f 1797/1086/3 1806/1404/3 1810/1087/3
f 1566/1089/3 1560/2765/3 1559/1090/3
f 1564/1084/16 1565/1091/16 1559/1092/16
f 1562/1094/14 1560/2766/14 1566/1089/14
f 1771/2767/16 1767/1388/16 1768/1389/16
f 1771/2767/16 1768/1389/16 1774/1096/16
f 1755/2768/16 1761/2769/16 1778/1098/16
f 1778/1098/16 1771/2767/16 1774/1096/16
f 1782/1097/16 1755/2768/16 1778/1098/16
f 1566/1089/1 1759/2770/1 1758/2771/1
f 1566/1089/1 1758/2771/1 1763/1099/1
f 1762/2772/1 1564/1084/1 1563/1095/1
f 1760/2773/1 1761/2774/1 1762/2772/1
f 1764/1100/1 1760/2773/1 1762/2772/1
f 1563/1095/1 1566/1089/1 1763/1099/1
f 1764/1100/1 1762/2772/1 1563/1095/1
f 1785/1101/1 1788/2775/1 1769/1102/1
f 1791/1104/5 1783/1382/5 1765/1376/5
f 1791/1104/5 1765/1376/5 1772/1400/5
f 1764/1106/5 1776/1392/5 1791/1104/5
f 1777/1105/5 1760/2776/5 1764/1106/5
f 1791/1104/5 1772/1400/5 1777/1105/5
f 1775/1107/67 1779/1116/67 1789/1108/67
f 1802/1110/5 1812/1406/5 1804/1111/5
f 1793/2777/14 1794/2778/14 1795/2779/14
f 1795/2779/14 1784/1390/14 1792/1109/14
f 1792/1109/14 1789/1108/14 1800/2780/14
f 1800/2780/14 1799/2781/14 1801/1114/14
f 1802/1113/14 1793/2777/14 1795/2779/14
f 1792/1109/14 1800/2780/14 1801/1114/14
f 1802/1113/14 1795/2779/14 1792/1109/14
f 1763/1115/14 1758/2782/14 1779/1116/14
f 1568/1119/1 1808/1123/1 1807/1117/1
f 1807/1117/1 1803/1402/1 1805/1118/1
f 1805/1118/1 1567/2783/1 1568/1119/1
f 1799/1120/2 1809/1405/2 1813/1121/2
f 1569/1124/3 1811/1133/3 1810/1087/3
f 1810/1087/3 1806/1404/3 1808/1123/3
f 1808/1123/3 1568/1119/3 1569/1124/3
f 1784/1390/14 1795/2779/14 1794/2778/14
f 1784/1390/14 1794/2778/14 1796/1125/14
f 1800/2780/14 1789/1108/14 1786/1127/14
f 1798/2784/14 1799/2781/14 1800/2780/14
f 1797/1126/14 1798/2784/14 1800/2780/14
f 1786/1127/14 1784/1390/14 1796/1125/14
f 1797/1126/14 1800/2780/14 1786/1127/14
f 1570/1128/68 1572/2785/68 1571/1129/68
f 1567/1132/5 1805/2786/5 1804/1111/5
f 1804/1111/5 1812/1406/5 1814/1131/5
f 1814/1131/5 1570/1134/5 1567/1132/5
f 1570/1134/2 1814/1131/2 1813/1121/2
f 1813/1121/2 1809/1405/2 1811/1133/2
f 1811/1133/2 1569/1124/2 1570/1134/2
f 1673/1137/69 1568/2787/69 1567/1135/69
f 1567/1135/69 1571/1350/69 1674/1136/69
f 1741/1138/16 1745/1198/16 1744/1139/16
f 1682/1141/16 1686/2788/16 1683/1142/16
f 1672/1144/16 1682/1338/16 1679/1145/16
f 1678/1148/70 1569/2789/70 1568/1147/70
f 1568/1147/70 1673/2790/156 1672/1144/70
f 1672/1144/70 1675/1146/157 1678/1148/70
f 1681/1149/1 1710/2791/1 1714/1150/1
f 1576/1152/2 1754/1375/2 1749/1153/2
f 1572/1157/71 1570/2792/71 1569/1155/71
f 1569/1155/71 1678/2793/158 1677/1156/71
f 1564/1084/1 1762/2772/1 1761/2774/1
f 1564/1084/1 1761/2774/1 1755/1158/1
f 1759/2770/1 1566/1089/1 1565/1091/1
f 1757/2794/1 1758/2771/1 1759/2770/1
f 1756/1159/1 1757/2794/1 1759/2770/1
f 1565/1091/1 1564/1084/1 1755/1158/1
f 1756/1159/1 1759/2770/1 1565/1091/1
s 0
f 1708/1162/14 1704/1354/14 1706/1160/14
s 1
f 1706/1160/72 1705/1356/72 1703/1161/72
f 1703/1161/72 1707/1355/73 1708/1162/73
f 1700/2795/74 1699/2796/74 1701/1163/74
f 1701/1163/74 1709/2797/75 1710/1164/75
f 1702/1165/74 1700/2795/74 1701/1163/74
f 1716/1166/14 1720/1361/14 1722/1167/14
f 1686/1169/16 1690/2798/16 1687/1170/16
f 1712/1172/14 1716/1359/14 1717/1173/14
f 1680/1175/2 1684/1340/2 1711/1176/2
f 1607/2799/3 1594/2800/3 1596/2801/3
f 1596/2801/3 1586/2802/3 1588/1178/3
f 1588/1178/3 1587/2803/3 1602/2804/3
f 1602/2804/3 1600/2805/3 1603/2806/3
f 1602/2804/3 1603/2806/3 1604/2807/3
f 1607/2799/3 1596/2801/3 1588/1178/3
f 1610/2808/3 1607/2799/3 1588/1178/3
f 1602/2804/3 1604/2807/3 1605/2809/3
f 1602/2804/3 1605/2809/3 1601/1179/3
f 1609/2810/3 1610/2808/3 1588/1178/3
f 1608/2811/3 1609/2810/3 1588/1178/3
f 1588/1178/3 1602/2804/3 1601/1179/3
f 1606/1180/3 1608/2811/3 1588/1178/3
f 1685/1181/1 1714/2812/1 1718/1182/1
f 1690/1184/76 1694/1341/76 1691/1185/76
f 1684/1187/2 1688/2813/2 1715/1188/2
f 1580/1192/2 1588/2814/2 1586/1215/2
f 1578/1190/2 1584/1223/2 1582/1191/2
f 1580/1192/2 1586/1215/2 1578/1190/2
f 1689/1193/1 1718/2815/1 1721/1194/1
f 1573/2816/5 1575/2817/5 1733/1318/5
f 1733/1318/5 1732/1320/5 1743/1197/5
f 1743/1197/5 1744/1139/5 1745/1198/5
f 1745/1198/5 1746/1315/5 1734/1352/5
f 1734/1352/5 1736/1353/5 1576/1317/5
f 1734/1352/5 1576/1317/5 1574/1196/5
f 1573/2816/5 1733/1318/5 1743/1197/5
f 1745/1198/5 1734/1352/5 1574/1196/5
f 1574/1196/5 1573/2816/5 1743/1197/5
f 1720/1199/77 1723/1364/77 1726/1200/77
f 1577/1202/159 1583/2818/159 1696/1203/159
f 1579/1206/16 1587/1236/16 1588/2814/16
f 1580/1192/16 1582/1191/16 1581/1205/16
f 1579/1206/16 1588/2814/16 1580/1192/16
f 1692/1207/2 1695/2819/2 1724/1208/2
f 1577/1202/3 1691/2820/3 1694/1210/3
f 1688/1211/2 1692/2821/2 1719/1212/2
f 1585/1214/14 1577/1202/14 1578/1190/14
f 1728/1216/14 1731/1351/14 1735/1217/14
f 1693/1219/1 1721/2822/1 1725/1220/1
f 1578/1190/160 1694/1342/160 1697/1222/160
f 1590/1224/2 1637/1250/2 1646/1225/2
f 1620/1227/80 1652/1311/80 1653/1228/80
f 1607/1230/1 1645/2823/1 1631/1231/1
f 1601/1233/14 1650/2824/14 1641/1234/14
f 1579/1206/1 1581/1205/1 1583/2818/1
f 1577/1202/1 1585/1214/1 1587/1236/1
f 1579/1206/1 1583/2818/1 1577/1202/1
f 1595/1237/16 1635/2825/16 1640/1238/16
f 1590/2826/3 1600/2805/3 1602/2804/3
f 1602/2804/3 1587/2803/3 1585/1240/3
f 1585/1240/3 1586/2802/3 1596/2801/3
f 1596/2801/3 1594/2800/3 1597/2827/3
f 1596/2801/3 1597/2827/3 1598/2828/3
f 1590/2826/3 1602/2804/3 1585/1240/3
f 1593/2829/3 1590/2826/3 1585/1240/3
f 1596/2801/3 1598/2828/3 1599/2830/3
f 1596/2801/3 1599/2830/3 1595/1241/3
f 1592/2831/3 1593/2829/3 1585/1240/3
f 1591/2832/3 1592/2831/3 1585/1240/3
f 1585/1240/3 1596/2801/3 1595/1241/3
f 1589/1242/3 1591/2832/3 1585/1240/3
f 1631/1231/81 1632/1244/81 1597/1243/81
f 1632/1244/82 1633/1246/82 1598/1245/82
f 1633/1246/83 1634/1248/83 1599/1247/83
f 1634/1248/84 1635/2825/84 1595/1237/84
f 1590/1224/85 1593/1251/85 1636/1249/85
f 1593/1251/86 1592/1253/86 1638/1252/86
f 1592/1253/87 1591/1255/87 1639/1254/87
f 1591/1255/88 1589/1239/88 1640/1238/88
f 1641/1234/89 1642/1257/89 1608/1256/90
f 1642/1257/91 1643/1259/91 1609/1258/91
f 1643/1259/92 1644/1261/92 1610/1260/92
f 1644/1261/93 1645/2823/93 1607/1230/93
f 1646/1225/94 1647/1263/94 1603/1262/94
f 1647/1263/95 1648/1265/95 1604/1264/80
f 1648/1265/96 1649/1267/96 1605/1266/96
f 1649/1267/97 1650/2824/97 1601/1233/98
f 1616/2833/3 1612/2834/3 1640/2835/3
f 1640/2835/3 1635/2836/3 1634/2837/3
f 1634/2837/3 1633/2838/3 1632/1269/3
f 1632/1269/3 1631/2839/3 1645/1270/3
f 1645/1270/3 1644/2840/3 1643/2841/3
f 1643/2841/3 1642/2842/3 1641/2843/3
f 1641/2843/3 1627/2844/3 1630/2845/161
f 1643/2841/3 1641/2843/3 1630/2845/161
f 1616/2833/3 1640/2835/3 1634/2837/3
f 1618/2846/3 1616/2833/3 1634/2837/3
f 1643/2841/3 1630/2845/161 1629/2847/3
f 1643/2841/3 1629/2847/3 1628/2848/3
f 1619/2849/161 1618/2846/3 1634/2837/3
f 1619/2849/161 1634/2837/3 1632/1269/3
f 1645/1270/3 1643/2841/3 1628/2848/3
f 1645/1270/3 1628/2848/3 1626/2850/3
f 1620/2851/3 1619/2849/161 1632/1269/3
f 1645/1270/3 1626/2850/3 1617/1268/3
f 1617/1268/3 1620/2851/3 1632/1269/3
f 1621/2852/3 1627/2844/3 1641/2843/3
f 1641/2843/3 1650/2853/3 1649/2854/3
f 1649/2854/3 1648/2855/3 1647/1272/3
f 1647/1272/3 1646/2856/3 1637/1273/3
f 1637/1273/3 1636/2857/3 1638/2858/3
f 1638/2858/3 1639/2859/3 1640/2835/3
f 1640/2835/3 1612/2834/3 1615/2860/3
f 1638/2858/3 1640/2835/3 1615/2860/3
f 1621/2852/3 1641/2843/3 1649/2854/3
f 1623/2861/3 1621/2852/3 1649/2854/3
f 1638/2858/3 1615/2860/3 1614/2862/3
f 1638/2858/3 1614/2862/3 1613/2863/3
f 1624/2864/3 1623/2861/3 1649/2854/3
f 1624/2864/3 1649/2854/3 1647/1272/3
f 1637/1273/3 1638/2858/3 1613/2863/3
f 1637/1273/3 1613/2863/3 1611/2865/3
f 1625/2866/3 1624/2864/3 1647/1272/3
f 1637/1273/3 1611/2865/3 1622/1271/3
f 1622/1271/3 1625/2866/3 1647/1272/3
f 1666/1276/3 1657/2867/3 1656/2868/3
f 1656/2868/3 1658/2869/3 1659/2870/3
f 1659/2870/3 1660/2871/3 1655/2872/3
f 1655/2872/3 1654/2873/162 1653/1274/3
f 1653/1274/3 1652/2874/3 1651/2875/3
f 1651/2875/3 1665/2876/3 1664/2877/3
f 1664/2877/3 1663/2878/3 1662/2879/3
f 1662/2879/3 1661/2880/3 1670/1275/3
f 1670/1275/3 1669/2881/161 1668/2882/3
f 1668/2882/3 1667/2883/3 1666/1276/3
f 1666/1276/3 1656/2868/3 1659/2870/3
f 1659/2870/3 1655/2872/3 1653/1274/3
f 1653/1274/3 1651/2875/3 1664/2877/3
f 1664/2877/3 1662/2879/3 1670/1275/3
f 1670/1275/3 1668/2882/3 1666/1276/3
f 1666/1276/3 1659/2870/3 1653/1274/3
f 1653/1274/3 1664/2877/3 1670/1275/3
f 1611/1277/1 1657/1296/1 1666/1278/1
f 1630/1280/87 1662/1313/87 1663/1281/87
f 1619/1229/99 1653/1228/99 1654/1283/99
f 1616/1285/14 1655/1290/14 1660/1286/14
f 1629/1282/100 1663/1281/86 1664/1288/100
f 1618/1284/102 1654/1283/102 1655/1290/102
f 1626/1291/2 1665/1294/2 1651/1292/2
f 1628/1289/103 1664/1288/103 1665/1294/103
f 1613/1295/93 1656/1303/93 1657/1296/93
f 1621/1297/16 1670/1312/16 1661/1298/16
f 1622/1279/81 1666/1278/81 1667/1300/81
f 1614/1302/104 1658/1307/104 1656/1303/104
f 1625/1301/82 1667/1300/82 1668/1304/82
f 1615/1306/105 1659/1310/105 1658/1307/105
f 1624/1305/83 1668/1304/163 1669/1308/83
f 1612/1287/106 1660/1286/106 1659/1310/106
f 1617/1293/94 1651/1292/94 1652/1311/94
f 1623/1309/84 1669/1308/84 1670/1312/84
f 1627/1299/88 1661/1298/88 1662/1313/88
f 1730/1314/2 1734/1352/2 1746/1315/2
f 1733/1318/5 1575/2817/5 1576/1317/5
f 1576/1317/5 1736/1353/5 1735/1217/5
f 1735/1217/5 1731/1351/5 1733/1318/5
f 1738/1319/1 1743/1197/1 1732/1320/1
f 1708/1322/14 1712/1358/14 1713/1323/14
f 1573/1325/1 1748/2884/1 1751/1326/1
f 1574/1328/16 1749/1369/16 1748/1329/16
f 1575/1331/14 1751/1372/14 1754/1332/14
f 1672/1144/164 1673/2790/164 1674/1334/164
f 1675/1146/165 1676/2885/165 1677/1336/165
f 1672/1144/55 1671/1349/55 1681/1337/55
f 1679/1145/48 1680/2886/48 1676/1339/48
f 1685/1151/55 1686/2788/55 1682/1141/55
f 1680/1175/48 1679/1143/48 1683/1142/48
f 1687/1170/48 1688/2813/48 1684/1187/48
f 1689/1183/55 1690/2798/55 1686/1169/55
f 1691/1185/166 1692/2821/166 1688/1211/166
f 1689/1193/167 1693/1195/167 1694/1341/167
f 1693/1219/168 1698/1221/168 1697/1222/168
f 1696/1203/169 1695/2819/169 1692/1207/169
f 1723/1343/3 1724/2887/3 1695/2888/3
f 1695/2888/3 1696/2889/3 1583/2890/3
f 1695/2888/3 1583/2890/3 1581/2891/3
f 1698/2892/3 1725/2893/3 1726/1345/3
f 1584/2894/3 1697/2895/3 1698/2892/3
f 1582/1344/3 1584/2894/3 1698/2892/3
f 1723/1343/3 1695/2888/3 1581/2891/3
f 1582/1344/3 1698/2892/3 1726/1345/3
f 1723/1343/3 1581/2891/3 1582/1344/3
f 1780/1395/3 1757/1399/3 1756/2896/3
f 1780/1395/3 1756/2896/3 1781/1346/3
f 1770/1381/3 1787/1386/3 1790/1348/3
f 1790/1348/3 1780/1395/3 1781/1346/3
f 1773/1347/3 1770/1381/3 1790/1348/3
f 1700/2795/1 1702/1165/1 1710/1164/1
f 1710/1164/1 1681/1337/1 1671/1349/1
f 1671/1349/1 1674/1136/1 1571/1350/1
f 1571/1350/1 1700/2795/1 1710/1164/1
f 1704/1354/14 1708/1162/14 1709/2797/14
f 1701/1163/14 1699/2796/14 1706/1160/14
f 1704/1354/14 1709/2797/14 1701/1163/14
f 1705/1356/2 1572/1157/2 1677/1156/2
f 1676/1339/2 1680/2886/2 1707/1355/2
f 1705/1356/2 1677/1156/2 1676/1339/2
f 1707/1355/2 1703/1161/2 1705/1356/2
f 1713/1323/75 1714/2897/75 1710/1357/75
f 1712/1358/73 1708/1322/73 1707/1177/73
f 1716/1359/113 1712/1172/73 1711/1189/73
f 1717/1173/115 1718/2898/122 1714/1360/75
f 1720/1361/114 1716/1166/113 1715/1213/114
f 1721/1362/117 1722/1201/117 1726/1200/118
f 1719/1209/120 1724/1208/170 1723/1364/121
f 1722/1167/122 1721/2899/171 1718/1365/122
f 1732/1320/56 1731/1351/56 1728/1216/56
f 1730/1314/50 1729/1218/50 1735/1217/50
f 1744/1139/55 1743/1197/55 1738/1319/55
f 1741/1138/48 1740/1316/48 1746/1315/48
f 1739/1368/3 1571/2900/3 1572/1366/3
f 1572/1366/3 1742/2901/3 1741/1367/3
f 1741/1367/3 1737/2902/3 1739/1368/3
f 1749/1369/52 1750/1374/52 1747/1370/52
f 1753/1371/53 1754/1332/53 1751/1372/53
f 1750/1374/123 1749/1153/123 1754/1375/124
f 1751/1326/125 1748/2884/126 1747/1370/126
f 1750/1374/5 1753/1371/5 1752/1373/5
f 1766/1377/54 1765/1376/54 1783/1382/54
f 1767/1388/55 1766/1103/55 1769/1102/55
f 1786/1127/131 1788/2775/131 1785/1101/131
f 1787/1386/57 1770/1381/57 1769/1380/57
f 1787/1386/132 1786/1385/172 1789/1391/133
f 1776/1392/135 1764/1106/173 1763/1393/136
f 1780/1395/137 1790/1348/174 1789/1391/138
f 1783/1382/140 1791/1104/175 1792/1397/141
f 1774/2903/58 1768/1379/58 1770/1381/58
f 1774/2903/58 1770/1381/58 1773/1347/58
f 1756/2896/58 1755/2768/58 1782/1097/58
f 1782/1097/58 1774/2903/58 1773/1347/58
f 1781/1346/58 1756/2896/58 1782/1097/58
f 1776/1392/143 1775/1394/176 1792/1397/144
f 1780/1395/146 1779/1396/177 1758/1398/147
f 1778/1098/52 1761/2769/52 1760/2776/52
f 1778/1098/52 1760/2776/52 1777/1105/52
f 1765/1376/52 1767/1378/52 1771/1401/52
f 1771/1401/52 1778/1098/52 1777/1105/52
f 1772/1400/52 1765/1376/52 1771/1401/52
f 1813/1121/51 1812/1406/51 1802/1110/51
f 1794/1407/54 1793/2904/54 1804/1403/54
f 1797/1086/57 1796/1408/57 1807/1117/57
f 1810/1087/49 1809/1405/49 1799/1120/49
f 1794/1407/1 1803/1402/1 1807/1117/1
f 1742/2901/3 1572/1366/3 1705/2905/3
f 1740/2906/3 1741/1367/3 1742/2901/3
f 1729/1411/3 1730/2907/3 1740/2906/3
f 1727/1410/3 1728/2908/3 1729/1411/3
f 1739/1368/3 1737/2902/3 1738/2909/3
f 1700/2910/3 1571/2900/3 1739/1368/3
f 1700/2910/3 1739/1368/3 1738/2909/3
f 1729/1411/3 1740/2906/3 1742/2901/3
f 1729/1411/3 1742/2901/3 1705/2905/3
f 1700/2910/3 1738/2909/3 1727/1410/3
f 1699/2911/3 1700/2910/3 1727/1410/3
f 1729/1411/3 1705/2905/3 1706/1409/3
f 1706/1409/3 1699/2911/3 1727/1410/3
f 1295/2912/3 1286/2681/3 1330/2680/3
f 1295/2912/3 1330/2680/3 1334/1412/3
f 1332/2679/3 1282/2678/3 1296/1414/3
f 1296/1414/3 1295/2912/3 1334/1412/3
f 1331/1413/3 1332/2679/3 1296/1414/3
f 1296/2913/3 1282/665/3 1281/676/3
f 1296/2913/3 1281/676/3 1293/2671/3
f 1285/670/3 1286/2669/3 1295/2914/3
f 1295/2914/3 1296/2913/3 1293/2671/3
f 1311/679/3 1308/681/3 1305/2672/3
f 1295/2914/3 1293/2671/3 1311/679/3
f 1294/672/3 1285/670/3 1295/2914/3
f 1311/679/3 1305/2672/3 1310/691/3
f 1294/672/3 1295/2914/3 1311/679/3
