# Blender 5.2.0 LTS
# www.blender.org
mtllib field.mtl
o ステージ
v -500.000000 0.000000 500.000000
v 500.000000 0.000000 500.000000
v -500.000000 0.000000 -500.000000
v 500.000000 0.000000 -500.000000
v -500.000000 0.000000 0.000000
v 0.000000 0.000000 500.000000
v 500.000000 0.000000 0.000000
v 0.000000 0.000000 -500.000000
v 0.000000 0.000000 0.000000
v -500.000000 0.000000 250.000000
v 250.000000 0.000000 500.000000
v 500.000000 0.000000 -250.000000
v -250.000000 0.000000 -500.000000
v -500.000000 0.000000 -250.000000
v -250.000000 0.000000 500.000000
v 500.000000 0.000000 250.000000
v 250.000000 0.000000 -500.000000
v 0.000000 0.000000 -250.000000
v 0.000000 0.000000 250.000000
v 250.000000 0.000000 0.000000
v -500.000000 0.000000 375.000000
v 375.000000 0.000000 500.000000
v 500.000000 0.000000 -375.000000
v -375.000000 0.000000 -500.000000
v -500.000000 0.000000 -125.000000
v -125.000000 0.000000 500.000000
v 500.000000 0.000000 125.000000
v 125.000000 0.000000 -500.000000
v 0.000000 0.000000 125.000000
v 125.000000 0.000000 0.000000
v -500.000000 0.000000 125.000000
v 125.000000 0.000000 500.000000
v 500.000000 0.000000 -125.000000
v -125.000000 0.000000 -500.000000
v -500.000000 0.000000 -375.000000
v -375.000000 0.000000 500.000000
v 500.000000 0.000000 375.000000
v 375.000000 0.000000 -500.000000
v 0.000000 0.000000 -125.000000
v 0.000000 0.000000 375.000000
v -125.000000 0.000000 0.000000
v 375.000000 0.000000 0.000000
v 250.000000 0.000000 125.000000
v 250.000000 0.000000 -125.000000
v 125.000000 0.000000 -250.000000
v 125.000000 0.000000 -125.000000
v -125.000000 0.000000 -125.000000
v 125.000000 0.000000 125.000000
v -125.000000 0.000000 125.000000
v -500.000000 0.000000 437.500000
v 437.500000 0.000000 500.000000
v 500.000000 0.000000 -437.500000
v -437.500000 0.000000 -500.000000
v -500.000000 0.000000 -62.500000
v -62.500000 0.000000 500.000000
v 500.000000 0.000000 62.500000
v 62.500000 0.000000 -500.000000
v 0.000000 0.000000 62.500000
v 62.500000 0.000000 0.000000
v -500.000000 0.000000 187.500000
v 187.500000 0.000000 500.000000
v 500.000000 0.000000 -187.500000
v -187.500000 0.000000 -500.000000
v -500.000000 0.000000 -312.500000
v -312.500000 0.000000 500.000000
v 500.000000 0.000000 312.500000
v 312.500000 0.000000 -500.000000
v 0.000000 0.000000 -187.500000
v 0.000000 0.000000 312.500000
v 312.500000 0.000000 0.000000
v 250.000000 0.000000 62.500000
v 62.500000 0.000000 250.000000
v 62.500000 0.000000 -250.000000
v -500.000000 0.000000 312.500000
v 312.500000 0.000000 500.000000
v 500.000000 0.000000 -312.500000
v -312.500000 0.000000 -500.000000
v -500.000000 0.000000 -187.500000
v -187.500000 0.000000 500.000000
v 500.000000 0.000000 187.500000
v 187.500000 0.000000 -500.000000
v 0.000000 0.000000 -312.500000
v 0.000000 0.000000 187.500000
v 187.500000 0.000000 0.000000
v -500.000000 0.000000 62.500000
v 62.500000 0.000000 500.000000
v 500.000000 0.000000 -62.500000
v -62.500000 0.000000 -500.000000
v -500.000000 0.000000 -437.500000
v -437.500000 0.000000 500.000000
v 500.000000 0.000000 437.500000
v 437.500000 0.000000 -500.000000
v 0.000000 0.000000 -62.500000
v 0.000000 0.000000 437.500000
v -62.500000 0.000000 0.000000
v 437.500000 0.000000 0.000000
v -62.500000 0.000000 250.000000
v -62.500000 0.000000 -250.000000
v 250.000000 0.000000 -62.500000
v 187.500000 0.000000 -250.000000
v 375.000000 0.000000 -62.500000
v 312.500000 0.000000 -125.000000
v 125.000000 0.000000 -187.500000
v 125.000000 0.000000 -62.500000
v 62.500000 0.000000 -125.000000
v 187.500000 0.000000 -125.000000
v 125.000000 0.000000 -312.500000
v 62.500000 0.000000 -375.000000
v -125.000000 0.000000 -187.500000
v -125.000000 0.000000 -62.500000
v -62.500000 0.000000 -125.000000
v -62.500000 0.000000 375.000000
v 62.500000 0.000000 375.000000
v 125.000000 0.000000 62.500000
v 125.000000 0.000000 187.500000
v 62.500000 0.000000 125.000000
v 187.500000 0.000000 125.000000
v 375.000000 0.000000 62.500000
v -125.000000 0.000000 62.500000
v -125.000000 0.000000 187.500000
v -62.500000 0.000000 125.000000
v -62.500000 0.000000 187.500000
v 312.500000 0.000000 62.500000
v 187.500000 0.000000 187.500000
v 62.500000 0.000000 187.500000
v 62.500000 0.000000 62.500000
v 62.500000 0.000000 437.500000
v 62.500000 0.000000 312.500000
v -62.500000 0.000000 437.500000
v -62.500000 0.000000 -62.500000
v 62.500000 0.000000 -312.500000
v 62.500000 0.000000 -437.500000
v 187.500000 0.000000 -62.500000
v 62.500000 0.000000 -62.500000
v 62.500000 0.000000 -187.500000
v 437.500000 0.000000 -62.500000
v 312.500000 0.000000 -62.500000
v 187.500000 0.000000 -187.500000
v -62.500000 0.000000 -187.500000
v -62.500000 0.000000 312.500000
v 187.500000 0.000000 62.500000
v -62.500000 0.000000 62.500000
v -500.000000 0.000000 468.750000
v 468.750000 0.000000 500.000000
v 500.000000 0.000000 -468.750000
v -468.750000 0.000000 -500.000000
v -500.000000 0.000000 -31.250000
v -31.250000 0.000000 500.000000
v 500.000000 0.000000 31.250000
v 31.250000 0.000000 -500.000000
v 0.000000 0.000000 31.250000
v 31.250000 0.000000 0.000000
v -500.000000 0.000000 218.750000
v 218.750000 0.000000 500.000000
v 500.000000 0.000000 -218.750000
v -218.750000 0.000000 -500.000000
v -500.000000 0.000000 -281.250000
v -281.250000 0.000000 500.000000
v 500.000000 0.000000 281.250000
v 281.250000 0.000000 -500.000000
v 0.000000 0.000000 -218.750000
v 0.000000 0.000000 281.250000
v 281.250000 0.000000 0.000000
v 250.000000 0.000000 31.250000
v 31.250000 0.000000 250.000000
v 31.250000 0.000000 -250.000000
v -500.000000 0.000000 343.750000
v 343.750000 0.000000 500.000000
v 500.000000 0.000000 -343.750000
v -343.750000 0.000000 -500.000000
v -500.000000 0.000000 -156.250000
v -156.250000 0.000000 500.000000
v 500.000000 0.000000 156.250000
v 156.250000 0.000000 -500.000000
v 0.000000 0.000000 156.250000
v 156.250000 0.000000 0.000000
v -500.000000 0.000000 93.750000
v 93.750000 0.000000 500.000000
v 500.000000 0.000000 -93.750000
v -93.750000 0.000000 -500.000000
v -500.000000 0.000000 -406.250000
v -406.250000 0.000000 500.000000
v 500.000000 0.000000 406.250000
v 406.250000 0.000000 -500.000000
v 0.000000 0.000000 -93.750000
v 0.000000 0.000000 406.250000
v -93.750000 0.000000 0.000000
v 406.250000 0.000000 0.000000
v -93.750000 0.000000 250.000000
v 250.000000 0.000000 -93.750000
v 156.250000 0.000000 -250.000000
v 281.250000 0.000000 -125.000000
v 125.000000 0.000000 -218.750000
v 125.000000 0.000000 -93.750000
v 31.250000 0.000000 -125.000000
v 156.250000 0.000000 -125.000000
v 31.250000 0.000000 -375.000000
v -125.000000 0.000000 -93.750000
v -93.750000 0.000000 -125.000000
v 31.250000 0.000000 375.000000
v 125.000000 0.000000 31.250000
v 125.000000 0.000000 156.250000
v 31.250000 0.000000 125.000000
v 156.250000 0.000000 125.000000
v 375.000000 0.000000 31.250000
v -125.000000 0.000000 31.250000
v -125.000000 0.000000 156.250000
v -93.750000 0.000000 125.000000
v -500.000000 0.000000 406.250000
v 406.250000 0.000000 500.000000
v 500.000000 0.000000 -406.250000
v -406.250000 0.000000 -500.000000
v -500.000000 0.000000 -93.750000
v -93.750000 0.000000 500.000000
v 500.000000 0.000000 93.750000
v 93.750000 0.000000 -500.000000
v 0.000000 0.000000 93.750000
v 93.750000 0.000000 0.000000
v -500.000000 0.000000 156.250000
v 156.250000 0.000000 500.000000
v 500.000000 0.000000 -156.250000
v -156.250000 0.000000 -500.000000
v -500.000000 0.000000 -343.750000
v -343.750000 0.000000 500.000000
v 500.000000 0.000000 343.750000
v 343.750000 0.000000 -500.000000
v 0.000000 0.000000 -156.250000
v 0.000000 0.000000 343.750000
v -156.250000 0.000000 0.000000
v 343.750000 0.000000 0.000000
v 250.000000 0.000000 93.750000
v 93.750000 0.000000 250.000000
v 250.000000 0.000000 -156.250000
v 93.750000 0.000000 -250.000000
v -500.000000 0.000000 281.250000
v 281.250000 0.000000 500.000000
v 500.000000 0.000000 -281.250000
v -281.250000 0.000000 -500.000000
v -500.000000 0.000000 -218.750000
v -218.750000 0.000000 500.000000
v 500.000000 0.000000 218.750000
v 218.750000 0.000000 -500.000000
v 0.000000 0.000000 -281.250000
v 0.000000 0.000000 218.750000
v 218.750000 0.000000 0.000000
v -500.000000 0.000000 31.250000
v 31.250000 0.000000 500.000000
v 500.000000 0.000000 -31.250000
v -31.250000 0.000000 -500.000000
v -500.000000 0.000000 -468.750000
v -468.750000 0.000000 500.000000
v 500.000000 0.000000 468.750000
v 468.750000 0.000000 -500.000000
v 0.000000 0.000000 -31.250000
v 0.000000 0.000000 468.750000
v -31.250000 0.000000 0.000000
v 468.750000 0.000000 0.000000
v -31.250000 0.000000 250.000000
v -31.250000 0.000000 -250.000000
v 250.000000 0.000000 -31.250000
v 375.000000 0.000000 -31.250000
v 343.750000 0.000000 -125.000000
v 125.000000 0.000000 -156.250000
v 125.000000 0.000000 -31.250000
v 93.750000 0.000000 -125.000000
v 218.750000 0.000000 -125.000000
v 125.000000 0.000000 -281.250000
v 93.750000 0.000000 -375.000000
v -125.000000 0.000000 -156.250000
v -125.000000 0.000000 -31.250000
v -156.250000 0.000000 -125.000000
v -31.250000 0.000000 -125.000000
v -31.250000 0.000000 375.000000
v 93.750000 0.000000 375.000000
v 125.000000 0.000000 93.750000
v 125.000000 0.000000 218.750000
v 93.750000 0.000000 125.000000
v 218.750000 0.000000 125.000000
v -125.000000 0.000000 93.750000
v -125.000000 0.000000 218.750000
v -156.250000 0.000000 125.000000
v -31.250000 0.000000 125.000000
v -62.500000 0.000000 156.250000
v -62.500000 0.000000 218.750000
v -93.750000 0.000000 187.500000
v -31.250000 0.000000 187.500000
v -156.250000 0.000000 187.500000
v -156.250000 0.000000 62.500000
v 312.500000 0.000000 31.250000
v 312.500000 0.000000 93.750000
v 281.250000 0.000000 62.500000
v 343.750000 0.000000 62.500000
v 187.500000 0.000000 156.250000
v 156.250000 0.000000 187.500000
v 62.500000 0.000000 156.250000
v 62.500000 0.000000 218.750000
v 31.250000 0.000000 187.500000
v 93.750000 0.000000 187.500000
v 62.500000 0.000000 31.250000
v 62.500000 0.000000 93.750000
v 31.250000 0.000000 62.500000
v 93.750000 0.000000 62.500000
v 62.500000 0.000000 406.250000
v 62.500000 0.000000 468.750000
v 31.250000 0.000000 437.500000
v 93.750000 0.000000 437.500000
v 62.500000 0.000000 281.250000
v 62.500000 0.000000 343.750000
v 31.250000 0.000000 312.500000
v 93.750000 0.000000 312.500000
v -62.500000 0.000000 406.250000
v -62.500000 0.000000 468.750000
v -31.250000 0.000000 437.500000
v -62.500000 0.000000 -93.750000
v -62.500000 0.000000 -31.250000
v -93.750000 0.000000 -62.500000
v -31.250000 0.000000 -62.500000
v -156.250000 0.000000 -62.500000
v 62.500000 0.000000 -343.750000
v 62.500000 0.000000 -281.250000
v 31.250000 0.000000 -312.500000
v 93.750000 0.000000 -312.500000
v 62.500000 0.000000 -468.750000
v 62.500000 0.000000 -406.250000
v 31.250000 0.000000 -437.500000
v 93.750000 0.000000 -437.500000
v 187.500000 0.000000 -93.750000
v 187.500000 0.000000 -31.250000
v 156.250000 0.000000 -62.500000
v 218.750000 0.000000 -62.500000
v 62.500000 0.000000 -93.750000
v 62.500000 0.000000 -31.250000
v 31.250000 0.000000 -62.500000
v 93.750000 0.000000 -62.500000
v 62.500000 0.000000 -218.750000
v 62.500000 0.000000 -156.250000
v 31.250000 0.000000 -187.500000
v 93.750000 0.000000 -187.500000
v 437.500000 0.000000 -31.250000
v 406.250000 0.000000 -62.500000
v 468.750000 0.000000 -62.500000
v 312.500000 0.000000 -93.750000
v 312.500000 0.000000 -31.250000
v 281.250000 0.000000 -62.500000
v 343.750000 0.000000 -62.500000
v 187.500000 0.000000 -218.750000
v 187.500000 0.000000 -156.250000
v 156.250000 0.000000 -187.500000
v 218.750000 0.000000 -187.500000
v -62.500000 0.000000 -218.750000
v -62.500000 0.000000 -156.250000
v -93.750000 0.000000 -187.500000
v -31.250000 0.000000 -187.500000
v -62.500000 0.000000 281.250000
v -62.500000 0.000000 343.750000
v -31.250000 0.000000 312.500000
v 187.500000 0.000000 31.250000
v 187.500000 0.000000 93.750000
v 156.250000 0.000000 62.500000
v 218.750000 0.000000 62.500000
v 437.500000 0.000000 31.250000
v -62.500000 0.000000 31.250000
v -62.500000 0.000000 93.750000
v -93.750000 0.000000 62.500000
v -31.250000 0.000000 62.500000
v -31.250000 0.000000 93.750000
v -93.750000 0.000000 93.750000
v -93.750000 0.000000 31.250000
v 406.250000 0.000000 31.250000
v 218.750000 0.000000 93.750000
v 156.250000 0.000000 93.750000
v 156.250000 0.000000 31.250000
v -31.250000 0.000000 343.750000
v -31.250000 0.000000 -156.250000
v -93.750000 0.000000 -156.250000
v -93.750000 0.000000 -218.750000
v 218.750000 0.000000 -156.250000
v 156.250000 0.000000 -156.250000
v 156.250000 0.000000 -218.750000
v 281.250000 0.000000 -156.250000
v 343.750000 0.000000 -31.250000
v 281.250000 0.000000 -31.250000
v 281.250000 0.000000 -93.750000
v 468.750000 0.000000 -31.250000
v 406.250000 0.000000 -31.250000
v 93.750000 0.000000 -156.250000
v 31.250000 0.000000 -156.250000
v 31.250000 0.000000 -218.750000
v 93.750000 0.000000 -31.250000
v 31.250000 0.000000 -31.250000
v 31.250000 0.000000 -93.750000
v 218.750000 0.000000 -31.250000
v 156.250000 0.000000 -31.250000
v 156.250000 0.000000 -93.750000
v 93.750000 0.000000 -406.250000
v 31.250000 0.000000 -406.250000
v 31.250000 0.000000 -468.750000
v 93.750000 0.000000 -281.250000
v 31.250000 0.000000 -281.250000
v 31.250000 0.000000 -343.750000
v 156.250000 0.000000 -281.250000
v -156.250000 0.000000 -156.250000
v -156.250000 0.000000 -31.250000
v -31.250000 0.000000 -31.250000
v -93.750000 0.000000 -31.250000
v -93.750000 0.000000 -93.750000
v -31.250000 0.000000 468.750000
v 93.750000 0.000000 343.750000
v 31.250000 0.000000 343.750000
v 31.250000 0.000000 281.250000
v 93.750000 0.000000 468.750000
v 31.250000 0.000000 468.750000
v 31.250000 0.000000 406.250000
v 93.750000 0.000000 93.750000
v 31.250000 0.000000 93.750000
v 31.250000 0.000000 31.250000
v 93.750000 0.000000 218.750000
v 31.250000 0.000000 218.750000
v 31.250000 0.000000 156.250000
v 156.250000 0.000000 156.250000
v 281.250000 0.000000 93.750000
v 281.250000 0.000000 31.250000
v -156.250000 0.000000 93.750000
v -31.250000 0.000000 218.750000
v -93.750000 0.000000 218.750000
v -93.750000 0.000000 156.250000
v -31.250000 0.000000 -281.250000
v -31.250000 0.000000 156.250000
v -156.250000 0.000000 156.250000
v -156.250000 0.000000 31.250000
v 343.750000 0.000000 31.250000
v 93.750000 0.000000 156.250000
v 93.750000 0.000000 31.250000
v 93.750000 0.000000 406.250000
v 93.750000 0.000000 281.250000
v -31.250000 0.000000 406.250000
v -31.250000 0.000000 -93.750000
v -156.250000 0.000000 -93.750000
v 93.750000 0.000000 -343.750000
v 93.750000 0.000000 -468.750000
v 218.750000 0.000000 -93.750000
v 93.750000 0.000000 -93.750000
v 93.750000 0.000000 -218.750000
v 343.750000 0.000000 -93.750000
v -31.250000 0.000000 -218.750000
v -31.250000 0.000000 281.250000
v 218.750000 0.000000 31.250000
v 468.750000 0.000000 31.250000
v -31.250000 0.000000 31.250000
v 31.250000 31.903557 -500.000000
v 0.000000 31.903557 -500.000000
v 0.000000 31.903557 -468.750000
v 281.073853 212.828766 281.250000
v -218.750000 31.903557 0.000000
v -250.000000 31.903557 0.000000
v 281.073853 212.828766 343.750000
v 250.000000 31.903557 250.000000
v 281.250000 31.903557 250.000000
v -250.000000 31.903557 31.250000
v 343.573853 212.828766 343.750000
v -343.926147 212.828766 218.750000
v -281.426147 212.828766 218.750000
v -468.926147 212.828766 156.250000
v -468.926147 212.828766 218.750000
v -406.426147 212.828766 218.750000
v -468.926147 212.828766 31.250000
v -468.926147 212.828766 93.750000
v -218.750000 31.903557 -250.000000
v -406.426147 212.828766 93.750000
v 250.000000 31.903557 -218.750000
v 250.000000 31.903557 -250.000000
v 281.250000 31.903557 -250.000000
v -125.000000 31.903557 500.000000
v 156.250000 31.903557 -500.000000
v 125.000000 31.903557 -500.000000
v 0.000000 31.903557 -343.750000
v 0.000000 31.903557 -375.000000
v -343.750000 31.903557 0.000000
v -375.000000 31.903557 0.000000
v 93.750000 31.903557 500.000000
v 125.000000 31.903557 500.000000
v 500.000000 31.903557 -93.750000
v 500.000000 31.903557 -125.000000
v 250.000000 31.903557 156.250000
v 250.000000 31.903557 125.000000
v -343.926147 212.828766 406.250000
v -343.926147 212.828766 468.750000
v 156.250000 31.903557 250.000000
v 125.000000 31.903557 250.000000
v -281.426147 212.828766 468.750000
v -468.926147 212.828766 406.250000
v -250.000000 31.903557 156.250000
v -250.000000 31.903557 125.000000
v -468.926147 212.828766 468.750000
v -406.426147 212.828766 468.750000
v -468.926147 212.828766 281.250000
v -468.926147 212.828766 343.750000
v -93.750000 31.903557 250.000000
v -125.000000 31.903557 250.000000
v -406.426147 212.828766 343.750000
v -218.926163 212.828766 406.250000
v -250.000000 31.903557 -93.750000
v -250.000000 31.903557 -125.000000
v -218.926163 212.828766 468.750000
v -218.926163 212.828766 343.750000
v -93.750000 31.903557 -250.000000
v -125.000000 31.903557 -250.000000
v -343.926147 212.828766 -343.750000
v -343.926147 212.828766 -281.250000
v -281.426147 212.828766 -281.250000
v -468.926147 212.828766 -343.750000
v 375.000000 31.903557 -218.750000
v 375.000000 31.903557 -93.750000
v 375.000000 31.903557 -125.000000
v 406.250000 31.903557 -125.000000
v 125.000000 31.903557 -468.750000
v 125.000000 31.903557 -343.750000
v 125.000000 31.903557 -375.000000
v 31.250000 31.903557 -375.000000
v 156.250000 31.903557 -375.000000
v -125.000000 31.903557 -218.750000
v -218.750000 31.903557 -125.000000
v -468.926147 212.828766 -281.250000
v -375.000000 31.903557 -93.750000
v -375.000000 31.903557 -125.000000
v -406.426147 212.828766 -281.250000
v -343.750000 31.903557 -125.000000
v -468.926147 212.828766 -468.750000
v -468.926147 212.828766 -406.250000
v -406.426147 212.828766 -406.250000
v -468.926147 212.828766 -93.750000
v -468.926147 212.828766 -31.250000
v -125.000000 31.903557 281.250000
v -125.000000 31.903557 406.250000
v -125.000000 31.903557 375.000000
v -468.926147 212.828766 -218.750000
v -93.750000 31.903557 375.000000
v -468.926147 212.828766 -156.250000
v -406.426147 212.828766 -156.250000
v 406.073853 212.828766 -218.750000
v 218.573837 212.828766 -406.250000
v -343.926147 212.828766 -218.750000
v -375.000000 31.903557 31.250000
v -343.926147 212.828766 -468.750000
v -375.000000 31.903557 125.000000
v -343.926147 212.828766 -406.250000
v -343.750000 31.903557 125.000000
v -281.426147 212.828766 -406.250000
v -343.926147 212.828766 281.250000
v -343.926147 212.828766 343.750000
v -281.426147 212.828766 343.750000
v 406.073853 212.828766 281.250000
v 125.000000 31.903557 281.250000
v 125.000000 31.903557 406.250000
v 125.000000 31.903557 375.000000
v 156.250000 31.903557 375.000000
v 406.073853 212.828766 343.750000
v 375.000000 31.903557 125.000000
v 281.250000 31.903557 125.000000
v 406.250000 31.903557 125.000000
v -218.750000 31.903557 125.000000
v 468.573853 212.828766 343.750000
v -125.000000 31.903557 -343.750000
v -93.926155 212.828766 -468.750000
v 406.073853 212.828766 -468.750000
v -93.750000 31.903557 -375.000000
v 406.073853 212.828766 -406.250000
v 468.573853 212.828766 -406.250000
v 218.573837 212.828766 -437.500000
v -187.676163 212.828766 343.750000
v -312.676147 212.828766 218.750000
v -93.750000 31.903557 500.000000
v -62.500000 31.903557 500.000000
v 500.000000 31.903557 62.500000
v 0.000000 31.903557 -406.250000
v 0.000000 31.903557 -437.500000
v 281.073853 212.828766 312.500000
v 343.573853 212.828766 187.500000
v 156.250000 31.903557 500.000000
v 500.000000 31.903557 -156.250000
v -156.250000 31.903557 0.000000
v -187.500000 31.903557 0.000000
v 281.073853 212.828766 -312.500000
v -250.176163 212.828766 218.750000
v 218.573837 212.828766 -500.000000
v 249.823837 212.828766 500.000000
v -250.000000 31.903557 93.750000
v -250.000000 31.903557 62.500000
v 249.823837 212.828766 343.750000
v 281.073853 212.828766 -375.000000
v -375.176147 212.828766 156.250000
v -375.176147 212.828766 -187.500000
v -156.250000 31.903557 250.000000
v -187.500000 31.903557 250.000000
v 468.573853 212.828766 -437.500000
v 406.073853 212.828766 -437.500000
v -250.000000 31.903557 -156.250000
v -250.000000 31.903557 -187.500000
v 437.323853 212.828766 -437.500000
v 437.323853 212.828766 -406.250000
v -156.250000 31.903557 -250.000000
v -187.500000 31.903557 -250.000000
v 437.323853 212.828766 -468.750000
v 468.573853 212.828766 312.500000
v 250.000000 31.903557 -156.250000
v 250.000000 31.903557 -187.500000
v 343.750000 31.903557 -250.000000
v 312.500000 31.903557 -250.000000
v 0.000000 31.903557 -281.250000
v 0.000000 31.903557 -312.500000
v -281.250000 31.903557 0.000000
v -312.500000 31.903557 0.000000
v -31.250000 31.903557 -500.000000
v 250.000000 31.903557 218.750000
v 250.000000 31.903557 187.500000
v 406.073853 212.828766 312.500000
v 437.323853 212.828766 312.500000
v 218.750000 31.903557 250.000000
v 187.500000 31.903557 250.000000
v 437.323853 212.828766 343.750000
v 437.323853 212.828766 281.250000
v -281.426147 212.828766 312.500000
v -250.000000 31.903557 187.500000
v -343.926147 212.828766 312.500000
v -312.676147 212.828766 312.500000
v -312.676147 212.828766 343.750000
v -312.676147 212.828766 281.250000
v -281.426147 212.828766 -437.500000
v -343.926147 212.828766 -437.500000
v -250.000000 31.903557 -31.250000
v -250.000000 31.903557 -62.500000
v -312.676147 212.828766 -437.500000
v -312.676147 212.828766 -406.250000
v -31.250000 31.903557 -250.000000
v -62.500000 31.903557 -250.000000
v -312.676147 212.828766 -468.750000
v 437.323853 212.828766 -218.750000
v 218.750000 31.903557 -250.000000
v 187.500000 31.903557 -250.000000
v -406.426147 212.828766 -187.500000
v -468.926147 212.828766 -187.500000
v 375.000000 31.903557 -156.250000
v 375.000000 31.903557 -187.500000
v 343.750000 31.903557 -125.000000
v 312.500000 31.903557 -125.000000
v 468.750000 31.903557 -125.000000
v 437.500000 31.903557 -125.000000
v 125.000000 31.903557 -406.250000
v 125.000000 31.903557 -437.500000
v 125.000000 31.903557 -281.250000
v 125.000000 31.903557 -312.500000
v 218.750000 31.903557 -375.000000
v 187.500000 31.903557 -375.000000
v -125.000000 31.903557 -156.250000
v -125.000000 31.903557 -187.500000
v -156.250000 31.903557 -125.000000
v -187.500000 31.903557 -125.000000
v -437.676147 212.828766 -187.500000
v -437.676147 212.828766 -156.250000
v -375.000000 31.903557 -31.250000
v -375.000000 31.903557 -62.500000
v -437.676147 212.828766 -218.750000
v -468.926147 212.828766 -62.500000
v -281.250000 31.903557 -125.000000
v -312.500000 31.903557 -125.000000
v -437.676147 212.828766 -62.500000
v -437.676147 212.828766 -31.250000
v -437.676147 212.828766 -93.750000
v -406.426147 212.828766 -437.500000
v -468.926147 212.828766 -437.500000
v -437.676147 212.828766 -437.500000
v -437.676147 212.828766 -406.250000
v -437.676147 212.828766 -468.750000
v -125.000000 31.903557 343.750000
v -125.000000 31.903557 312.500000
v -125.000000 31.903557 468.750000
v -125.000000 31.903557 437.500000
v -406.426147 212.828766 -312.500000
v -468.926147 212.828766 -312.500000
v -437.676147 212.828766 -312.500000
v -437.676147 212.828766 -281.250000
v -437.676147 212.828766 -343.750000
v -281.426147 212.828766 -312.500000
v -343.926147 212.828766 -312.500000
v -312.676147 212.828766 -312.500000
v -312.676147 212.828766 -281.250000
v -312.676147 212.828766 -343.750000
v -375.000000 31.903557 93.750000
v -375.000000 31.903557 62.500000
v -218.926163 212.828766 312.500000
v -218.926163 212.828766 437.500000
v -187.676163 212.828766 437.500000
v -187.676163 212.828766 468.750000
v -281.250000 31.903557 125.000000
v -312.500000 31.903557 125.000000
v -187.676163 212.828766 375.000000
v -187.676163 212.828766 406.250000
v -406.426147 212.828766 312.500000
v -468.926147 212.828766 312.500000
v -437.676147 212.828766 312.500000
v -437.676147 212.828766 343.750000
v -437.676147 212.828766 281.250000
v -406.426147 212.828766 437.500000
v 125.000000 31.903557 343.750000
v 125.000000 31.903557 312.500000
v 125.000000 31.903557 468.750000
v 125.000000 31.903557 437.500000
v -468.926147 212.828766 437.500000
v -437.676147 212.828766 437.500000
v 125.000000 31.903557 218.750000
v 125.000000 31.903557 187.500000
v 218.750000 31.903557 125.000000
v 187.500000 31.903557 125.000000
v 375.000000 31.903557 93.750000
v 375.000000 31.903557 62.500000
v -437.676147 212.828766 468.750000
v -437.676147 212.828766 406.250000
v 343.750000 31.903557 125.000000
v 312.500000 31.903557 125.000000
v -281.426147 212.828766 437.500000
v -343.926147 212.828766 437.500000
v -125.000000 31.903557 218.750000
v -125.000000 31.903557 187.500000
v -156.250000 31.903557 125.000000
v -187.500000 31.903557 125.000000
v -312.676147 212.828766 437.500000
v -312.676147 212.828766 468.750000
v -125.000000 31.903557 -281.250000
v -125.000000 31.903557 -312.500000
v -312.676147 212.828766 406.250000
v -406.426147 212.828766 62.500000
v -31.250000 31.903557 -375.000000
v -62.500000 31.903557 -375.000000
v -468.926147 212.828766 62.500000
v -437.676147 212.828766 62.500000
v -437.676147 212.828766 93.750000
v -437.676147 212.828766 0.000000
v -437.676147 212.828766 31.250000
v -406.426147 212.828766 187.500000
v -468.926147 212.828766 187.500000
v -437.676147 212.828766 187.500000
v -437.676147 212.828766 218.750000
v -437.676147 212.828766 156.250000
v -343.926147 212.828766 187.500000
v 343.573853 212.828766 312.500000
v 312.323853 212.828766 312.500000
v 312.323853 212.828766 343.750000
v 312.323853 212.828766 281.250000
v 343.573853 212.828766 437.500000
v 281.073853 212.828766 437.500000
v 312.323853 212.828766 437.500000
v 312.323853 212.828766 468.750000
v 312.323853 212.828766 406.250000
v 468.573853 212.828766 437.500000
v 406.073853 212.828766 437.500000
v 437.323853 212.828766 437.500000
v -62.500000 31.903557 -343.750000
v -62.500000 31.903557 -281.250000
v -62.500000 31.903557 -312.500000
v -93.750000 31.903557 -312.500000
v -31.250000 31.903557 -312.500000
v 437.323853 212.828766 468.750000
v -187.500000 31.903557 -281.250000
v 437.323853 212.828766 406.250000
v 468.573853 212.828766 187.500000
v -156.250000 31.903557 -312.500000
v 406.073853 212.828766 187.500000
v 437.323853 212.828766 187.500000
v 437.323853 212.828766 218.750000
v 437.323853 212.828766 156.250000
v -156.426163 212.828766 -437.500000
v -187.500000 31.903557 156.250000
v -187.500000 31.903557 218.750000
v -187.500000 31.903557 187.500000
v -218.750000 31.903557 187.500000
v -156.250000 31.903557 187.500000
v -187.500000 31.903557 31.250000
v -187.500000 31.903557 93.750000
v -187.500000 31.903557 62.500000
v -218.750000 31.903557 62.500000
v -156.250000 31.903557 62.500000
v -218.926163 212.828766 -437.500000
v -187.676163 212.828766 -437.500000
v -187.676163 212.828766 -406.250000
v -187.676163 212.828766 -468.750000
v -187.676163 212.828766 -312.500000
v -156.426163 212.828766 -312.500000
v -218.926163 212.828766 -312.500000
v -187.676163 212.828766 -343.750000
v 281.250000 31.903557 187.500000
v 343.573853 212.828766 -437.500000
v 312.500000 31.903557 93.750000
v 312.500000 31.903557 62.500000
v 343.750000 31.903557 62.500000
v 187.500000 31.903557 156.250000
v 187.500000 31.903557 218.750000
v 187.500000 31.903557 187.500000
v 156.250000 31.903557 187.500000
v 218.750000 31.903557 187.500000
v 281.073853 212.828766 -437.500000
v 312.323853 212.828766 -437.500000
v 312.323853 212.828766 -406.250000
v 156.250000 31.903557 437.500000
v 312.323853 212.828766 -468.750000
v 343.573853 212.828766 -312.500000
v 312.323853 212.828766 -312.500000
v 312.323853 212.828766 -281.250000
v 312.323853 212.828766 -343.750000
v 468.573853 212.828766 -312.500000
v 406.073853 212.828766 -312.500000
v 437.323853 212.828766 -312.500000
v 437.323853 212.828766 -281.250000
v 437.323853 212.828766 -343.750000
v 437.323853 212.828766 -375.000000
v 468.573853 212.828766 -375.000000
v 312.323853 212.828766 -375.000000
v 343.573853 212.828766 -375.000000
v 374.823853 212.828766 -312.500000
v 374.823853 212.828766 -281.250000
v -312.500000 31.903557 156.250000
v 374.823853 212.828766 -437.500000
v -312.500000 31.903557 187.500000
v 374.823853 212.828766 -406.250000
v -281.250000 31.903557 187.500000
v -187.676163 212.828766 -375.000000
v -156.426163 212.828766 -375.000000
v -125.176155 212.828766 -437.500000
v -125.176155 212.828766 -406.250000
v 437.323853 212.828766 125.000000
v 468.573853 212.828766 125.000000
v 374.823853 212.828766 187.500000
v 374.823853 212.828766 218.750000
v 437.323853 212.828766 375.000000
v 468.573853 212.828766 375.000000
v 312.323853 212.828766 375.000000
v 343.573853 212.828766 375.000000
v 374.823853 212.828766 437.500000
v 374.823853 212.828766 468.750000
v 374.823853 212.828766 312.500000
v 374.823853 212.828766 343.750000
v -437.676147 212.828766 125.000000
v -406.426147 212.828766 125.000000
v -375.176147 212.828766 187.500000
v -375.176147 212.828766 218.750000
v -312.676147 212.828766 375.000000
v -281.426147 212.828766 375.000000
v -437.676147 212.828766 375.000000
v -406.426147 212.828766 375.000000
v -375.176147 212.828766 437.500000
v -62.500000 31.903557 406.250000
v -62.500000 31.903557 375.000000
v -62.500000 31.903557 468.750000
v -62.500000 31.903557 437.500000
v -93.750000 31.903557 437.500000
v -375.176147 212.828766 468.750000
v -375.176147 212.828766 312.500000
v -375.176147 212.828766 343.750000
v -312.676147 212.828766 -375.000000
v -281.426147 212.828766 -375.000000
v -187.500000 31.903557 281.250000
v -437.676147 212.828766 -375.000000
v -406.426147 212.828766 -375.000000
v -375.176147 212.828766 -312.500000
v -156.250000 31.903557 312.500000
v -375.176147 212.828766 -281.250000
v -375.176147 212.828766 -437.500000
v -375.176147 212.828766 -406.250000
v -437.676147 212.828766 -125.000000
v -406.426147 212.828766 -125.000000
v 437.323853 212.828766 -250.000000
v 468.573853 212.828766 -250.000000
v -312.676147 212.828766 -250.000000
v -281.426147 212.828766 -250.000000
v -250.176163 212.828766 -312.500000
v -250.176163 212.828766 -281.250000
v -312.676147 212.828766 250.000000
v -281.426147 212.828766 250.000000
v -250.176163 212.828766 437.500000
v -250.176163 212.828766 468.750000
v -312.500000 31.903557 -93.750000
v -312.500000 31.903557 -31.250000
v -312.500000 31.903557 -62.500000
v -343.750000 31.903557 -62.500000
v -281.250000 31.903557 -62.500000
v 437.323853 212.828766 250.000000
v 468.573853 212.828766 250.000000
v 249.823837 212.828766 437.500000
v 249.823837 212.828766 468.750000
v 437.323853 212.828766 -500.000000
v 468.573853 212.828766 -500.000000
v 499.823853 212.828766 437.500000
v 499.823853 212.828766 468.750000
v -437.676147 212.828766 500.000000
v -468.926147 212.828766 500.000000
v -187.500000 31.903557 -93.750000
v -187.500000 31.903557 -31.250000
v -187.500000 31.903557 -62.500000
v -218.750000 31.903557 -62.500000
v -156.250000 31.903557 -62.500000
v -187.500000 31.903557 -218.750000
v -187.500000 31.903557 -156.250000
v -187.500000 31.903557 -187.500000
v -218.750000 31.903557 -187.500000
v -156.250000 31.903557 -187.500000
v 187.500000 31.903557 -343.750000
v 187.500000 31.903557 -281.250000
v 187.500000 31.903557 -312.500000
v 156.250000 31.903557 -312.500000
v 218.750000 31.903557 -312.500000
v 31.250000 31.903557 -312.500000
v 31.250000 31.903557 -437.500000
v 437.500000 31.903557 -93.750000
v 406.250000 31.903557 -62.500000
v 375.000000 31.903557 -62.500000
v 468.750000 31.903557 -62.500000
v 437.500000 31.903557 -62.500000
v 312.500000 31.903557 -218.750000
v 312.500000 31.903557 -156.250000
v 312.500000 31.903557 -187.500000
v 281.250000 31.903557 -187.500000
v 343.750000 31.903557 -187.500000
v -500.176147 212.828766 -437.500000
v 437.500000 31.903557 -156.250000
v -500.176147 212.828766 -468.750000
v -500.176147 212.828766 62.500000
v -500.176147 212.828766 31.250000
v 187.500000 31.903557 -218.750000
v 218.750000 31.903557 -187.500000
v 187.500000 31.903557 -187.500000
v 499.823853 212.828766 187.500000
v 187.500000 31.903557 -406.250000
v 187.500000 31.903557 -437.500000
v 156.250000 31.903557 -437.500000
v 499.823853 212.828766 218.750000
v -62.500000 31.903557 -218.750000
v -93.750000 31.903557 -187.500000
v -187.676163 212.828766 500.000000
v -312.500000 31.903557 -156.250000
v -312.500000 31.903557 -187.500000
v -218.926163 212.828766 500.000000
v -281.250000 31.903557 -187.500000
v -500.176147 212.828766 -187.500000
v -500.176147 212.828766 -218.750000
v -312.676147 212.828766 -500.000000
v -281.426147 212.828766 -500.000000
v 499.823853 212.828766 -312.500000
v -62.500000 31.903557 281.250000
v -62.500000 31.903557 250.000000
v -62.500000 31.903557 343.750000
v -62.500000 31.903557 312.500000
v -93.750000 31.903557 312.500000
v 499.823853 212.828766 -281.250000
v 312.323853 212.828766 500.000000
v 281.073853 212.828766 500.000000
v -500.176147 212.828766 312.500000
v -500.176147 212.828766 281.250000
v -312.500000 31.903557 31.250000
v -312.500000 31.903557 93.750000
v -312.500000 31.903557 62.500000
v -343.750000 31.903557 62.500000
v -281.250000 31.903557 62.500000
v 249.823837 212.828766 -437.500000
v 249.823837 212.828766 -406.250000
v -437.676147 212.828766 -250.000000
v -406.426147 212.828766 -250.000000
v -250.176163 212.828766 -437.500000
v 187.500000 31.903557 281.250000
v 187.500000 31.903557 343.750000
v 187.500000 31.903557 312.500000
v 156.250000 31.903557 312.500000
v -250.176163 212.828766 -406.250000
v -437.676147 212.828766 250.000000
v 437.500000 31.903557 62.500000
v 406.250000 31.903557 62.500000
v 468.750000 31.903557 62.500000
v -62.500000 31.903557 -468.750000
v -62.500000 31.903557 -406.250000
v -62.500000 31.903557 -437.500000
v -406.426147 212.828766 250.000000
v -31.250000 31.903557 -437.500000
v -250.176163 212.828766 312.500000
v -250.176163 212.828766 343.750000
v 312.323853 212.828766 250.000000
v 343.573853 212.828766 250.000000
v 312.323853 212.828766 -500.000000
v 500.000000 31.903557 31.250000
v 500.000000 31.903557 -62.500000
v 156.250000 31.903557 -250.000000
v 281.250000 31.903557 -125.000000
v 375.000000 31.903557 31.250000
v 93.750000 31.903557 -500.000000
v 250.000000 31.903557 93.750000
v 93.750000 31.903557 250.000000
v 93.750000 31.903557 -375.000000
v 93.750000 31.903557 375.000000
v 93.750000 31.903557 437.500000
v 93.750000 31.903557 312.500000
v 93.750000 31.903557 -312.500000
v 93.750000 31.903557 -437.500000
v 343.750000 31.903557 -62.500000
v 437.500000 31.903557 31.250000
v 343.573853 212.828766 -500.000000
v 499.823853 212.828766 312.500000
v 499.823853 212.828766 343.750000
v -31.250000 31.903557 -406.250000
v -312.676147 212.828766 500.000000
v -343.926147 212.828766 500.000000
v -500.176147 212.828766 -312.500000
v 406.250000 31.903557 93.750000
v 406.250000 31.903557 31.250000
v -500.176147 212.828766 -343.750000
v 156.250000 31.903557 343.750000
v 156.250000 31.903557 281.250000
v -187.676163 212.828766 -500.000000
v -156.426163 212.828766 -500.000000
v -500.176147 212.828766 187.500000
v -281.250000 31.903557 93.750000
v -343.750000 31.903557 93.750000
v -343.750000 31.903557 31.250000
v -500.176147 212.828766 156.250000
v -500.176147 212.828766 -62.500000
v -500.176147 212.828766 -93.750000
v -93.750000 31.903557 343.750000
v -93.750000 31.903557 281.250000
v -437.676147 212.828766 -500.000000
v -406.426147 212.828766 -500.000000
v 499.823853 212.828766 -437.500000
v -281.250000 31.903557 -156.250000
v -343.750000 31.903557 -156.250000
v 499.823853 212.828766 -406.250000
v -93.750000 31.903557 -218.750000
v 437.323853 212.828766 500.000000
v 156.250000 31.903557 -406.250000
v 156.250000 31.903557 -468.750000
v 218.750000 31.903557 -156.250000
v 468.750000 31.903557 -156.250000
v 406.250000 31.903557 -156.250000
v 406.073853 212.828766 500.000000
v 343.750000 31.903557 -156.250000
v 281.250000 31.903557 -156.250000
v 281.250000 31.903557 -218.750000
v 406.250000 31.903557 -93.750000
v 93.750000 31.903557 -406.250000
v 31.250000 31.903557 -406.250000
v 31.250000 31.903557 -468.750000
v 31.250000 31.903557 -343.750000
v 218.750000 31.903557 -281.250000
v 156.250000 31.903557 -281.250000
v 156.250000 31.903557 -343.750000
v -156.250000 31.903557 -156.250000
v -218.750000 31.903557 -156.250000
v -218.750000 31.903557 -218.750000
v -156.250000 31.903557 -31.250000
v -218.750000 31.903557 -31.250000
v -218.750000 31.903557 -93.750000
v -500.176147 212.828766 437.500000
v -500.176147 212.828766 406.250000
v 406.073853 212.828766 -375.000000
v 374.823853 212.828766 -375.000000
v 374.823853 212.828766 -343.750000
v 374.823853 212.828766 -468.750000
v -281.250000 31.903557 -31.250000
v -343.750000 31.903557 -31.250000
v -343.750000 31.903557 -93.750000
v -218.926163 212.828766 -375.000000
v -125.176155 212.828766 -468.750000
v 406.073853 212.828766 375.000000
v 281.073853 212.828766 375.000000
v 374.823853 212.828766 375.000000
v 374.823853 212.828766 406.250000
v 374.823853 212.828766 281.250000
v -468.926147 212.828766 125.000000
v -343.926147 212.828766 375.000000
v -468.926147 212.828766 375.000000
v -375.176147 212.828766 375.000000
v -375.176147 212.828766 406.250000
v -375.176147 212.828766 281.250000
v -218.926163 212.828766 375.000000
v -343.926147 212.828766 -375.000000
v -93.750000 31.903557 468.750000
v -93.750000 31.903557 406.250000
v -468.926147 212.828766 -375.000000
v -375.176147 212.828766 -375.000000
v -375.176147 212.828766 -343.750000
v -375.176147 212.828766 -468.750000
v -468.926147 212.828766 -125.000000
v -375.176147 212.828766 -218.750000
v 374.823853 212.828766 -250.000000
v 406.073853 212.828766 -250.000000
v -375.176147 212.828766 -250.000000
v -343.926147 212.828766 -250.000000
v -250.176163 212.828766 -375.000000
v -250.176163 212.828766 -343.750000
v -375.176147 212.828766 250.000000
v -343.926147 212.828766 250.000000
v -250.176163 212.828766 375.000000
v -250.176163 212.828766 406.250000
v 374.823853 212.828766 250.000000
v -343.750000 31.903557 156.250000
v 406.073853 212.828766 250.000000
v 249.823837 212.828766 375.000000
v 249.823837 212.828766 406.250000
v 374.823853 212.828766 -500.000000
v 406.073853 212.828766 -500.000000
v 499.823853 212.828766 375.000000
v 499.823853 212.828766 406.250000
v -375.176147 212.828766 500.000000
v -406.426147 212.828766 500.000000
v 93.750000 31.903557 343.750000
v 93.750000 31.903557 468.750000
v -500.176147 212.828766 -375.000000
v 156.250000 31.903557 468.750000
v 156.250000 31.903557 406.250000
v 93.750000 31.903557 218.750000
v 218.750000 31.903557 218.750000
v 156.250000 31.903557 218.750000
v 343.750000 31.903557 93.750000
v 281.250000 31.903557 93.750000
v -500.176147 212.828766 -406.250000
v 281.250000 31.903557 218.750000
v 281.250000 31.903557 156.250000
v -125.176155 212.828766 -500.000000
v -93.926155 212.828766 -500.000000
v -500.176147 212.828766 125.000000
v -156.250000 31.903557 93.750000
v -218.750000 31.903557 93.750000
v -218.750000 31.903557 31.250000
v -156.250000 31.903557 218.750000
v -218.750000 31.903557 218.750000
v -218.750000 31.903557 156.250000
v -93.750000 31.903557 218.750000
v -500.176147 212.828766 93.750000
v 499.823853 212.828766 125.000000
v 499.823853 212.828766 156.250000
v -156.250000 31.903557 -281.250000
v -500.176147 212.828766 -125.000000
v -500.176147 212.828766 -156.250000
v -31.250000 31.903557 -281.250000
v -93.750000 31.903557 -281.250000
v -93.750000 31.903557 -343.750000
v -375.176147 212.828766 -500.000000
v -343.926147 212.828766 -500.000000
v 499.823853 212.828766 -375.000000
v 499.823853 212.828766 -343.750000
v 374.823853 212.828766 500.000000
v 343.573853 212.828766 500.000000
v -500.176147 212.828766 375.000000
v -500.176147 212.828766 343.750000
v 249.823837 212.828766 -468.750000
v -468.926147 212.828766 -250.000000
v -250.176163 212.828766 -468.750000
v -468.926147 212.828766 250.000000
v -31.250000 31.903557 -343.750000
v -250.176163 212.828766 250.000000
v -250.176163 212.828766 281.250000
v -156.250000 31.903557 156.250000
v -156.250000 31.903557 31.250000
v 249.823837 212.828766 -500.000000
v 281.073853 212.828766 -500.000000
v 218.750000 31.903557 156.250000
v 499.823853 212.828766 250.000000
v 93.750000 31.903557 406.250000
v 93.750000 31.903557 281.250000
v 499.823853 212.828766 281.250000
v -250.176163 212.828766 500.000000
v -281.426147 212.828766 500.000000
v -281.250000 31.903557 156.250000
v -500.176147 212.828766 -250.000000
v -500.176147 212.828766 -281.250000
v -250.176163 212.828766 -500.000000
v -218.926163 212.828766 -500.000000
v 499.823853 212.828766 -250.000000
v 499.823853 212.828766 -218.750000
v -156.250000 31.903557 281.250000
v -500.176147 212.828766 250.000000
v -500.176147 212.828766 218.750000
v -468.926147 212.828766 0.000000
v -281.250000 31.903557 -93.750000
v -500.176147 212.828766 0.000000
v -500.176147 212.828766 -31.250000
v -156.250000 31.903557 -93.750000
v -156.250000 31.903557 -218.750000
v 218.750000 31.903557 -343.750000
v 93.750000 31.903557 -343.750000
v 93.750000 31.903557 -468.750000
v 468.750000 31.903557 -93.750000
v 343.750000 31.903557 -93.750000
v 343.750000 31.903557 -218.750000
v -500.176147 212.828766 -500.000000
v 218.750000 31.903557 -218.750000
v -468.926147 212.828766 -500.000000
v 499.823853 212.828766 -500.000000
v 499.823853 212.828766 -468.750000
v 499.823853 212.828766 500.000000
v -281.250000 31.903557 31.250000
v 468.573853 212.828766 500.000000
v -500.176147 212.828766 500.000000
v 468.750000 31.903557 31.250000
v -31.250000 31.903557 -468.750000
v -500.176147 212.828766 468.750000
v 218.573837 119.454300 500.000000
v 249.823837 119.454300 500.000000
v 499.823853 119.454300 -218.750000
v 249.823837 119.454300 281.250000
v 249.823837 119.454300 250.000000
v 281.073853 119.454300 250.000000
v -250.176163 119.454300 281.250000
v -250.176163 119.454300 250.000000
v -218.926163 119.454300 250.000000
v -250.176163 119.454300 -218.750000
v -250.176163 119.454300 -250.000000
v -218.926163 119.454300 -250.000000
v 281.073853 119.454300 -250.000000
v 249.823837 119.454300 -250.000000
v -156.426163 119.454300 500.000000
v -125.176155 119.454300 500.000000
v 499.823853 119.454300 125.000000
v -93.926155 119.454300 -500.000000
v 249.823837 119.454300 406.250000
v 249.823837 119.454300 375.000000
v -343.926147 119.454300 -250.000000
v 249.823837 119.454300 -343.750000
v 249.823837 119.454300 -375.000000
v 406.073853 119.454300 -250.000000
v 374.823853 119.454300 -250.000000
v 374.823853 119.454300 -218.750000
v -375.176147 119.454300 -218.750000
v -375.176147 119.454300 -93.750000
v -375.176147 119.454300 -125.000000
v -343.926147 119.454300 -125.000000
v -125.176155 119.454300 406.250000
v -125.176155 119.454300 375.000000
v -375.176147 119.454300 31.250000
v -375.176147 119.454300 0.000000
v -375.176147 119.454300 156.250000
v -375.176147 119.454300 125.000000
v -343.926147 119.454300 125.000000
v 374.823853 119.454300 156.250000
v 374.823853 119.454300 125.000000
v 406.073853 119.454300 125.000000
v -125.176155 119.454300 -468.750000
v -125.176155 119.454300 -343.750000
v -125.176155 119.454300 -375.000000
v -93.926155 119.454300 -375.000000
v 281.073853 119.454300 -375.000000
v 499.823853 119.454300 93.750000
v 499.823853 119.454300 62.500000
v -406.426147 119.454300 0.000000
v -437.676147 119.454300 0.000000
v 156.073837 119.454300 500.000000
v 187.323837 119.454300 500.000000
v 499.823853 119.454300 -156.250000
v 499.823853 119.454300 -187.500000
v 249.823837 119.454300 343.750000
v 249.823837 119.454300 312.500000
v 343.573853 119.454300 250.000000
v 312.323853 119.454300 250.000000
v -250.176163 119.454300 312.500000
v 249.823837 119.454300 -406.250000
v 343.573853 119.454300 -250.000000
v 312.323853 119.454300 -250.000000
v -187.676163 119.454300 500.000000
v 218.573837 119.454300 -500.000000
v 187.323837 119.454300 -500.000000
v -31.426159 119.454300 -500.000000
v -62.676159 119.454300 -500.000000
v 249.823837 119.454300 468.750000
v 249.823837 119.454300 437.500000
v 218.573837 119.454300 250.000000
v 187.323837 119.454300 250.000000
v -250.176163 119.454300 218.750000
v -250.176163 119.454300 187.500000
v -250.176163 119.454300 -281.250000
v -281.426147 119.454300 -250.000000
v -312.676147 119.454300 -250.000000
v 249.823837 119.454300 -281.250000
v 249.823837 119.454300 -312.500000
v 374.823853 119.454300 -156.250000
v 374.823853 119.454300 -187.500000
v 218.573837 119.454300 -375.000000
v 187.323837 119.454300 -375.000000
v -375.176147 119.454300 -156.250000
v -375.176147 119.454300 -187.500000
v -375.176147 119.454300 -31.250000
v -375.176147 119.454300 -62.500000
v -406.426147 119.454300 -125.000000
v -125.176155 119.454300 343.750000
v -125.176155 119.454300 312.500000
v -125.176155 119.454300 468.750000
v -125.176155 119.454300 437.500000
v -156.426163 119.454300 375.000000
v -187.676163 119.454300 375.000000
v -375.176147 119.454300 93.750000
v -375.176147 119.454300 62.500000
v -375.176147 119.454300 187.500000
v -406.426147 119.454300 125.000000
v 218.573837 119.454300 375.000000
v 187.323837 119.454300 375.000000
v 374.823853 119.454300 187.500000
v 343.573853 119.454300 125.000000
v 312.323853 119.454300 125.000000
v 468.573853 119.454300 125.000000
v 437.323853 119.454300 125.000000
v -125.176155 119.454300 -406.250000
v -125.176155 119.454300 -437.500000
v -156.426163 119.454300 -375.000000
v 374.823853 119.454300 -281.250000
v 312.323853 119.454300 -281.250000
v 312.323853 119.454300 -312.500000
v 281.073853 119.454300 -312.500000
v -187.676163 119.454300 -281.250000
v -187.676163 119.454300 -312.500000
v -218.926163 119.454300 -312.500000
v -156.426163 119.454300 -312.500000
v -218.926163 119.454300 187.500000
v 437.323853 119.454300 156.250000
v 406.073853 119.454300 187.500000
v 312.323853 119.454300 156.250000
v 312.323853 119.454300 218.750000
v 312.323853 119.454300 187.500000
v 343.573853 119.454300 187.500000
v 187.323837 119.454300 406.250000
v 187.323837 119.454300 468.750000
v 187.323837 119.454300 437.500000
v 218.573837 119.454300 437.500000
v 312.323853 119.454300 281.250000
v 281.073853 119.454300 312.500000
v -312.676147 119.454300 218.750000
v -312.676147 119.454300 187.500000
v -343.926147 119.454300 187.500000
v -281.426147 119.454300 187.500000
v -437.676147 119.454300 31.250000
v -437.676147 119.454300 62.500000
v -406.426147 119.454300 62.500000
v -187.676163 119.454300 406.250000
v -187.676163 119.454300 468.750000
v -187.676163 119.454300 437.500000
v -156.426163 119.454300 437.500000
v -187.676163 119.454300 281.250000
v -187.676163 119.454300 250.000000
v -187.676163 119.454300 343.750000
v -187.676163 119.454300 312.500000
v -218.926163 119.454300 312.500000
v -156.426163 119.454300 312.500000
v -437.676147 119.454300 -93.750000
v -437.676147 119.454300 -31.250000
v -437.676147 119.454300 -62.500000
v -406.426147 119.454300 -62.500000
v -406.426147 119.454300 -187.500000
v -218.926163 119.454300 -187.500000
v -250.176163 119.454300 -187.500000
v 437.323853 119.454300 -218.750000
v 437.323853 119.454300 -156.250000
v 437.323853 119.454300 -187.500000
v 406.073853 119.454300 -187.500000
v 468.573853 119.454300 -187.500000
v 187.323837 119.454300 -468.750000
v 187.323837 119.454300 -406.250000
v 187.323837 119.454300 -437.500000
v 218.573837 119.454300 -437.500000
v -312.676147 119.454300 -218.750000
v -312.676147 119.454300 -156.250000
v -312.676147 119.454300 -187.500000
v -343.926147 119.454300 -187.500000
v -281.426147 119.454300 -187.500000
v 187.323837 119.454300 281.250000
v 187.323837 119.454300 343.750000
v 187.323837 119.454300 312.500000
v 218.573837 119.454300 312.500000
v 437.323853 119.454300 93.750000
v 437.323853 119.454300 62.500000
v 468.573853 119.454300 62.500000
v -62.676159 119.454300 -468.750000
v -62.676159 119.454300 -406.250000
v -62.676159 119.454300 -437.500000
v -93.926155 119.454300 -437.500000
v -187.676163 119.454300 -250.000000
v 156.073837 119.454300 -500.000000
v 156.073837 119.454300 375.000000
v 281.073853 119.454300 125.000000
v -125.176155 119.454300 -312.500000
v -62.676159 119.454300 -375.000000
v 218.573837 119.454300 -250.000000
v -187.676163 119.454300 218.750000
v 281.073853 119.454300 187.500000
v 156.073837 119.454300 437.500000
v -312.676147 119.454300 156.250000
v 218.573837 119.454300 -312.500000
v 156.073837 119.454300 -437.500000
v 406.073853 119.454300 62.500000
v -93.926155 119.454300 -406.250000
v -93.926155 119.454300 -468.750000
v 468.573853 119.454300 93.750000
v 406.073853 119.454300 93.750000
v 218.573837 119.454300 343.750000
v 156.073837 119.454300 343.750000
v -343.926147 119.454300 -156.250000
v -343.926147 119.454300 -218.750000
v 218.573837 119.454300 -406.250000
v 156.073837 119.454300 -468.750000
v 468.573853 119.454300 -156.250000
v 406.073853 119.454300 -156.250000
v 406.073853 119.454300 -218.750000
v 218.573837 119.454300 -281.250000
v -218.926163 119.454300 -218.750000
v -406.426147 119.454300 -156.250000
v -406.426147 119.454300 -31.250000
v -281.426147 119.454300 -281.250000
v -156.426163 119.454300 343.750000
v -218.926163 119.454300 343.750000
v -218.926163 119.454300 281.250000
v -156.426163 119.454300 468.750000
v -406.426147 119.454300 93.750000
v -281.426147 119.454300 218.750000
v -343.926147 119.454300 218.750000
v -343.926147 119.454300 156.250000
v 281.073853 119.454300 343.750000
v 281.073853 119.454300 281.250000
v 218.573837 119.454300 468.750000
v 156.073837 119.454300 468.750000
v 156.073837 119.454300 406.250000
v 343.573853 119.454300 218.750000
v 281.073853 119.454300 218.750000
v 281.073853 119.454300 156.250000
v 406.073853 119.454300 156.250000
v -218.926163 119.454300 218.750000
v -156.426163 119.454300 -406.250000
v -156.426163 119.454300 -281.250000
v -218.926163 119.454300 -281.250000
v -93.926155 119.454300 -343.750000
v 281.073853 119.454300 -406.250000
v 343.573853 119.454300 -281.250000
v 281.073853 119.454300 -281.250000
v 281.073853 119.454300 -343.750000
v -156.426163 119.454300 -343.750000
v 343.573853 119.454300 156.250000
v 218.573837 119.454300 406.250000
v -406.426147 119.454300 156.250000
v -406.426147 119.454300 31.250000
v -156.426163 119.454300 406.250000
v -156.426163 119.454300 281.250000
v -406.426147 119.454300 -93.750000
v 218.573837 119.454300 -343.750000
v 343.573853 119.454300 -218.750000
v 468.573853 119.454300 -218.750000
v 218.573837 119.454300 -468.750000
v -281.426147 119.454300 -218.750000
v 218.573837 119.454300 281.250000
v -31.426159 119.454300 -468.750000
v 343.573853 212.828766 468.750000
v 281.073853 212.828766 468.750000
v 281.073853 212.828766 406.250000
v 468.573853 212.828766 468.750000
v 406.073853 212.828766 468.750000
v 406.073853 212.828766 406.250000
v 343.573853 212.828766 218.750000
v 468.573853 212.828766 218.750000
v 406.073853 212.828766 218.750000
v 406.073853 212.828766 156.250000
v -156.426163 212.828766 -406.250000
v -218.926163 212.828766 -406.250000
v -218.926163 212.828766 -468.750000
v -218.926163 212.828766 -281.250000
v -218.926163 212.828766 -343.750000
v 343.573853 212.828766 -406.250000
v 281.073853 212.828766 -406.250000
v 281.073853 212.828766 -468.750000
v 343.573853 212.828766 -281.250000
v 281.073853 212.828766 -343.750000
v 468.573853 212.828766 -281.250000
v 406.073853 212.828766 -281.250000
v 406.073853 212.828766 -343.750000
v 468.573853 212.828766 -343.750000
v 343.573853 212.828766 -343.750000
v 343.573853 212.828766 -468.750000
v -156.426163 212.828766 -343.750000
v -156.426163 212.828766 -468.750000
v 468.573853 212.828766 156.250000
v 468.573853 212.828766 406.250000
v 343.573853 212.828766 406.250000
v 343.573853 212.828766 281.250000
v -406.426147 212.828766 156.250000
v -281.426147 212.828766 406.250000
v -406.426147 212.828766 406.250000
v -406.426147 212.828766 281.250000
v -281.426147 212.828766 -343.750000
v -406.426147 212.828766 -343.750000
v -406.426147 212.828766 -468.750000
v -406.426147 212.828766 -93.750000
v -406.426147 212.828766 -218.750000
v 468.573853 212.828766 -218.750000
v 218.573837 212.828766 -468.750000
v -281.426147 212.828766 -468.750000
v -281.426147 212.828766 281.250000
v 468.573853 212.828766 281.250000
v 468.573853 212.828766 -468.750000
v 109.375000 31.903557 500.000000
v 125.000000 31.903557 484.375000
v 93.750000 31.903557 484.375000
v 109.375000 31.903557 468.750000
v 109.375000 31.903557 484.375000
v -1000.000000 0.000000 468.750000
v -853.553345 0.000000 853.553345
v 468.750000 0.000000 1000.000000
v 853.553345 0.000000 853.553345
v 1000.000000 0.000000 -468.750000
v 853.553345 0.000000 -853.553345
v -468.750000 0.000000 -1000.000000
v -853.553345 0.000000 -853.553345
v -1000.000000 0.000000 -31.250000
v -1000.000000 0.000000 0.000000
v 31.250000 0.000000 -1000.000000
v 0.000000 0.000000 -1000.000000
v -1000.000000 0.000000 218.750000
v -1000.000000 0.000000 250.000000
v 218.750000 0.000000 1000.000000
v 250.000000 0.000000 1000.000000
v 1000.000000 0.000000 -218.750000
v 1000.000000 0.000000 -250.000000
v -218.750000 0.000000 -1000.000000
v -250.000000 0.000000 -1000.000000
v -1000.000000 0.000000 -281.250000
v -1000.000000 0.000000 -250.000000
v -281.250000 0.000000 1000.000000
v -250.000000 0.000000 1000.000000
v 1000.000000 0.000000 281.250000
v 1000.000000 0.000000 250.000000
v 281.250000 0.000000 -1000.000000
v 250.000000 0.000000 -1000.000000
v -1000.000000 0.000000 343.750000
v -1000.000000 0.000000 375.000000
v 343.750000 0.000000 1000.000000
v 375.000000 0.000000 1000.000000
v 1000.000000 0.000000 -343.750000
v 1000.000000 0.000000 -375.000000
v -343.750000 0.000000 -1000.000000
v -375.000000 0.000000 -1000.000000
v -1000.000000 0.000000 -156.250000
v -1000.000000 0.000000 -125.000000
v -156.250000 0.000000 1000.000000
v -125.000000 0.000000 1000.000000
v 1000.000000 0.000000 156.250000
v 1000.000000 0.000000 125.000000
v 156.250000 0.000000 -1000.000000
v 125.000000 0.000000 -1000.000000
v -1000.000000 0.000000 93.750000
v -1000.000000 0.000000 125.000000
v 93.750000 0.000000 1000.000000
v 125.000000 0.000000 1000.000000
v 1000.000000 0.000000 -93.750000
v 1000.000000 0.000000 -125.000000
v -93.750000 0.000000 -1000.000000
v -125.000000 0.000000 -1000.000000
v -1000.000000 0.000000 -406.250000
v -1000.000000 0.000000 -375.000000
v -406.250000 0.000000 1000.000000
v -375.000000 0.000000 1000.000000
v 1000.000000 0.000000 406.250000
v 1000.000000 0.000000 375.000000
v 406.250000 0.000000 -1000.000000
v 375.000000 0.000000 -1000.000000
v -1000.000000 0.000000 406.250000
v -1000.000000 0.000000 437.500000
v 406.250000 0.000000 1000.000000
v 437.500000 0.000000 1000.000000
v 1000.000000 0.000000 -406.250000
v 1000.000000 0.000000 -437.500000
v -406.250000 0.000000 -1000.000000
v -437.500000 0.000000 -1000.000000
v -1000.000000 0.000000 -93.750000
v -1000.000000 0.000000 -62.500000
v -93.750000 0.000000 1000.000000
v -62.500000 0.000000 1000.000000
v 1000.000000 0.000000 93.750000
v 1000.000000 0.000000 62.500000
v -1000.000000 0.000000 156.250000
v -1000.000000 0.000000 187.500000
v 156.250000 0.000000 1000.000000
v 187.500000 0.000000 1000.000000
v 1000.000000 0.000000 -156.250000
v 1000.000000 0.000000 -187.500000
v -156.250000 0.000000 -1000.000000
v -187.500000 0.000000 -1000.000000
v -1000.000000 0.000000 -343.750000
v -1000.000000 0.000000 -312.500000
v -343.750000 0.000000 1000.000000
v -312.500000 0.000000 1000.000000
v 1000.000000 0.000000 343.750000
v 1000.000000 0.000000 312.500000
v 343.750000 0.000000 -1000.000000
v 312.500000 0.000000 -1000.000000
v -1000.000000 0.000000 281.250000
v -1000.000000 0.000000 312.500000
v 281.250000 0.000000 1000.000000
v 312.500000 0.000000 1000.000000
v 1000.000000 0.000000 -281.250000
v 1000.000000 0.000000 -312.500000
v -281.250000 0.000000 -1000.000000
v -312.500000 0.000000 -1000.000000
v -1000.000000 0.000000 -218.750000
v -1000.000000 0.000000 -187.500000
v -218.750000 0.000000 1000.000000
v -187.500000 0.000000 1000.000000
v 1000.000000 0.000000 218.750000
v 1000.000000 0.000000 187.500000
v 218.750000 0.000000 -1000.000000
v 187.500000 0.000000 -1000.000000
v -1000.000000 0.000000 31.250000
v -1000.000000 0.000000 62.500000
v -31.250000 0.000000 -1000.000000
v -62.500000 0.000000 -1000.000000
v -999.999634 -0.502986 -469.079620
v -999.999634 -0.502986 -437.170380
v -468.750000 0.000000 1000.000000
v -437.500000 0.000000 1000.000000
v 1000.000000 0.000000 468.750000
v 1000.000000 0.000000 437.500000
v 468.750000 0.000000 -1000.000000
v 437.500000 0.000000 -1000.000000
v 1000.000000 0.000000 31.250000
v 1000.000000 0.000000 -62.500000
v 93.750000 0.000000 -1000.000000
v 1000.000000 31.903557 -62.500000
v -999.999756 31.400570 62.500000
v 187.500000 31.903557 -1000.000000
v 999.999756 32.406544 187.500000
v -187.500000 31.903557 1000.000000
v -999.999756 31.400570 -187.500000
v -312.500000 31.903557 -1000.000000
v 999.999756 32.406544 -312.500000
v 312.500000 31.903557 1000.000000
v -999.999756 31.400570 312.500000
v 406.250000 31.903557 -1000.000000
v 375.000000 31.903557 -1000.000000
v 343.750000 31.903557 -1000.000000
v 999.999756 32.406544 406.250000
v 999.999756 32.406544 375.000000
v 999.999756 32.406544 343.750000
v -406.250000 31.903557 1000.000000
v -375.000000 31.903557 1000.000000
v -343.750000 31.903557 1000.000000
v -999.999756 31.400570 -406.250000
v -999.999756 31.400570 -375.000000
v -999.999756 31.400570 -343.750000
v -93.750000 31.903557 -1000.000000
v -125.000000 31.903557 -1000.000000
v -156.250000 31.903557 -1000.000000
v 1000.000000 31.903557 -93.750000
v 1000.000000 31.903557 -125.000000
v 999.999878 32.238880 -156.250000
v 93.750000 31.903557 1000.000000
v 125.000000 31.903557 1000.000000
v 156.250000 31.903557 1000.000000
v -999.999756 31.400570 93.750000
v -999.999756 31.400570 125.000000
v -999.999756 31.400570 156.250000
v 156.250000 31.903557 -1000.000000
v 125.000000 31.903557 -1000.000000
v 999.999756 32.406544 156.250000
v 999.999756 32.406544 125.000000
v 999.999756 32.406544 93.750000
v -156.250000 31.903557 1000.000000
v -125.000000 31.903557 1000.000000
v -93.750000 31.903557 1000.000000
v -999.999756 31.400570 -156.250000
v -999.999756 31.400570 -125.000000
v -999.999756 31.400570 -93.750000
v -343.750000 31.903557 -1000.000000
v -375.000000 31.903557 -1000.000000
v -406.250000 31.903557 -1000.000000
v 999.999756 32.406544 -343.750000
v 999.999756 32.406544 -375.000000
v 312.500000 31.903557 -1000.000000
v 999.999756 32.406544 -406.250000
v 343.750000 31.903557 1000.000000
v 375.000000 31.903557 1000.000000
v 999.999756 32.406544 312.500000
v 406.250000 31.903557 1000.000000
v -999.999756 31.400570 343.750000
v -999.999756 31.400570 375.000000
v -312.500000 31.903557 1000.000000
v -999.999756 31.400570 406.250000
v 93.750000 31.903557 -1000.000000
v -999.999756 31.400570 -312.500000
v -187.500000 31.903557 -1000.000000
v 999.999756 32.406544 -187.500000
v 187.500000 31.903557 1000.000000
v -999.999756 31.400570 187.500000
v 999.999878 32.238880 62.500000
v -999.999756 31.400570 -62.500000
v -437.500000 31.903557 -1000.000000
v 999.999756 32.406544 -437.500000
v 437.500000 31.903557 1000.000000
v -999.999756 31.400570 437.500000
v 281.250000 31.903557 -1000.000000
v 999.999756 32.406544 281.250000
v -281.250000 31.903557 1000.000000
v -999.999756 31.400570 -281.250000
v -218.750000 31.903557 -1000.000000
v 1000.000000 31.903557 31.250000
v 999.999756 32.406544 -218.750000
v 218.750000 31.903557 1000.000000
v -999.999756 31.400570 218.750000
v -999.999756 31.400570 31.250000
v 0.000000 31.903557 -1000.000000
v 250.000000 31.903557 -1000.000000
v 218.750000 31.903557 -1000.000000
v 31.250000 31.903557 -1000.000000
v 999.999756 32.406544 250.000000
v 999.999756 32.406544 218.750000
v -999.999756 31.400570 -31.250000
v -999.999756 31.400570 0.000000
v -250.000000 31.903557 1000.000000
v -218.750000 31.903557 1000.000000
v -62.500000 31.903557 1000.000000
v -468.750000 31.903557 -1000.000000
v -853.440063 31.548006 -853.666504
v -999.999756 31.400570 -250.000000
v -999.999756 31.400570 -218.750000
v 999.999756 32.406544 -468.750000
v 853.666260 32.259335 -853.440369
v -250.000000 31.903557 -1000.000000
v -281.250000 31.903557 -1000.000000
v 468.750000 31.903557 1000.000000
v 853.666260 32.259335 853.440369
v 999.999756 32.406544 -250.000000
v 999.999756 32.406544 -281.250000
v -999.999756 31.400570 468.750000
v -853.440063 31.548006 853.666504
v 250.000000 31.903557 1000.000000
v 281.250000 31.903557 1000.000000
v -999.999756 31.400570 250.000000
v -999.999756 31.400570 281.250000
v 468.750000 31.903557 -1000.000000
v 437.500000 31.903557 -1000.000000
v 999.999756 32.406544 468.750000
v 999.999756 32.406544 437.500000
v -468.750000 31.903557 1000.000000
v -437.500000 31.903557 1000.000000
v -853.669678 31.547775 -822.186890
v -853.669678 31.547775 -84.063141
v -31.250000 31.903557 -1000.000000
v -62.500000 31.903557 -1000.000000
v 109.375000 31.903557 1000.000000
v 853.377197 212.828766 -853.553345
v 468.573853 212.828766 -1000.000000
v 853.377197 212.828766 853.553345
v 999.823853 212.828766 468.750000
v -853.729492 212.828766 853.553345
v -468.926147 212.828766 1000.000000
v -853.729492 212.828766 -853.553345
v -1000.176147 212.828766 -468.750000
v -1000.176147 212.828766 0.000000
v -1000.176147 212.828766 31.250000
v 249.823837 212.828766 -1000.000000
v 218.573837 212.828766 -1000.000000
v 999.823853 212.828766 250.000000
v 999.823853 212.828766 218.750000
v -250.176163 212.828766 1000.000000
v -218.926163 212.828766 1000.000000
v -1000.176147 212.828766 -250.000000
v -1000.176147 212.828766 -218.750000
v -250.176163 212.828766 -1000.000000
v -281.426147 212.828766 -1000.000000
v 999.823853 212.828766 -250.000000
v 999.823853 212.828766 -281.250000
v 249.823837 212.828766 1000.000000
v 281.073853 212.828766 1000.000000
v -1000.176147 212.828766 250.000000
v -1000.176147 212.828766 281.250000
v 374.823853 212.828766 -1000.000000
v 343.573853 212.828766 -1000.000000
v 999.823853 212.828766 375.000000
v 999.823853 212.828766 343.750000
v -375.176147 212.828766 1000.000000
v -343.926147 212.828766 1000.000000
v -1000.176147 212.828766 -375.000000
v -1000.176147 212.828766 -343.750000
v -125.176155 212.828766 -1000.000000
v -156.426163 212.828766 -1000.000000
v -1000.176147 212.828766 125.000000
v -1000.176147 212.828766 156.250000
v -1000.176147 212.828766 -125.000000
v -1000.176147 212.828766 -93.750000
v -375.176147 212.828766 -1000.000000
v -406.426147 212.828766 -1000.000000
v 999.823853 212.828766 -375.000000
v 999.823853 212.828766 -406.250000
v 374.823853 212.828766 1000.000000
v 406.073853 212.828766 1000.000000
v -1000.176147 212.828766 375.000000
v -1000.176147 212.828766 406.250000
v 437.323853 212.828766 -1000.000000
v 406.073853 212.828766 -1000.000000
v 999.823853 212.828766 437.500000
v 999.823853 212.828766 406.250000
v -437.676147 212.828766 1000.000000
v -406.426147 212.828766 1000.000000
v -1000.176147 212.828766 -437.500000
v -1000.176147 212.828766 -406.250000
v -1000.176147 212.828766 62.500000
v -1000.176147 212.828766 93.750000
v 999.823853 212.828766 187.500000
v 999.823853 212.828766 156.250000
v -1000.176147 212.828766 -187.500000
v -1000.176147 212.828766 -156.250000
v -312.676147 212.828766 -1000.000000
v -343.926147 212.828766 -1000.000000
v 999.823853 212.828766 -312.500000
v 999.823853 212.828766 -343.750000
v 312.323853 212.828766 1000.000000
v 343.573853 212.828766 1000.000000
v -1000.176147 212.828766 312.500000
v -1000.176147 212.828766 343.750000
v 312.323853 212.828766 -1000.000000
v 281.073853 212.828766 -1000.000000
v 999.823853 212.828766 312.500000
v 999.823853 212.828766 281.250000
v -312.676147 212.828766 1000.000000
v -281.426147 212.828766 1000.000000
v -1000.176147 212.828766 -312.500000
v -1000.176147 212.828766 -281.250000
v -187.676163 212.828766 -1000.000000
v -218.926163 212.828766 -1000.000000
v -1000.176147 212.828766 187.500000
v -1000.176147 212.828766 218.750000
v -1000.176147 212.828766 -62.500000
v -1000.176147 212.828766 -31.250000
v -437.676147 212.828766 -1000.000000
v -468.926147 212.828766 -1000.000000
v 999.823853 212.828766 -437.500000
v 999.823853 212.828766 -468.750000
v 437.323853 212.828766 1000.000000
v 468.573853 212.828766 1000.000000
v -1000.176147 212.828766 437.500000
v -1000.176147 212.828766 468.750000
v -187.676163 212.828766 1000.000000
v -93.926155 212.828766 -1000.000000
v 999.823853 212.828766 125.000000
v 999.823853 212.828766 -218.750000
v -343.926147 119.454300 -1000.000000
v 999.823608 119.957283 -343.750000
v 343.573853 119.454300 1000.000000
v -1000.175903 118.951317 343.750000
v 343.573853 119.454300 -1000.000000
v 999.823608 119.957283 343.750000
v -343.926147 119.454300 1000.000000
v -1000.175903 118.951317 -343.750000
v -156.426163 119.454300 -1000.000000
v -1000.175903 118.951317 156.250000
v 312.323853 119.454300 -1000.000000
v 281.073853 119.454300 -1000.000000
v 999.823608 119.957283 312.500000
v 999.823608 119.957283 281.250000
v -312.676147 119.454300 1000.000000
v -281.426147 119.454300 1000.000000
v 999.822876 120.460274 93.750000
v -1000.175903 118.951317 -312.500000
v -1000.175903 118.951317 -281.250000
v -187.676163 119.454300 -1000.000000
v -218.926163 119.454300 -1000.000000
v -1000.175903 118.951317 -93.750000
v 999.822876 120.460274 -187.500000
v 999.823364 120.124947 -218.750000
v -375.176147 119.454300 -1000.000000
v -406.426147 119.454300 -1000.000000
v 187.323837 119.454300 1000.000000
v 218.573837 119.454300 1000.000000
v 999.823608 119.957283 -375.000000
v 999.823608 119.957283 -406.250000
v -1000.175903 118.951317 187.500000
v -1000.175903 118.951317 218.750000
v 374.823853 119.454300 1000.000000
v 406.073853 119.454300 1000.000000
v -1000.175903 118.951317 375.000000
v -1000.175903 118.951317 406.250000
v -1000.175903 118.951317 -62.500000
v -1000.175903 118.951317 -31.250000
v -437.676147 119.454300 -1000.000000
v -468.926147 119.454300 -1000.000000
v 999.823608 119.957283 -437.500000
v 999.823608 119.957283 -468.750000
v 437.323853 119.454300 1000.000000
v 468.573853 119.454300 1000.000000
v -1000.175903 118.951317 437.500000
v -1000.175903 118.951317 468.750000
v -853.845825 87.194962 -822.186890
v -853.845825 87.194962 -84.063141
v 999.822876 120.460274 -156.250000
v 156.073837 119.454300 1000.000000
v 999.822876 120.460274 62.500000
v 853.263916 119.809853 -853.666504
v 468.573853 119.454300 -1000.000000
v 853.263916 119.809853 853.666504
v 999.823608 119.957283 468.750000
v -31.426159 119.454300 -1000.000000
v 374.823853 119.454300 -1000.000000
v -853.842407 119.098518 853.440369
v -468.926147 119.454300 1000.000000
v 999.823608 119.957283 375.000000
v -853.842407 119.098518 -853.440369
v -1000.176025 119.202805 -468.914795
v -375.176147 119.454300 1000.000000
v -1000.175903 118.951317 -375.000000
v -1000.175903 118.951317 0.000000
v -1000.175903 118.951317 31.250000
v -125.176155 119.454300 -1000.000000
v 999.823608 119.957283 187.500000
v 437.323853 119.454300 -1000.000000
v 406.073853 119.454300 -1000.000000
v 249.823837 119.454300 -1000.000000
v 218.573837 119.454300 -1000.000000
v -187.676163 119.454300 1000.000000
v 999.823608 119.957283 437.500000
v 999.823608 119.957283 406.250000
v 999.823608 119.957283 250.000000
v 999.823608 119.957283 218.750000
v -1000.175903 118.951317 -187.500000
v -437.676147 119.454300 1000.000000
v -406.426147 119.454300 1000.000000
v -250.176163 119.454300 1000.000000
v -218.926163 119.454300 1000.000000
v -1000.175903 118.951317 125.000000
v -312.676147 119.454300 -1000.000000
v -1000.176025 119.202805 -437.335205
v -1000.175903 118.951317 -406.250000
v -1000.175903 118.951317 -250.000000
v -1000.175903 118.951317 -218.750000
v 999.823608 119.957283 -312.500000
v -62.676159 119.454300 -1000.000000
v -93.926155 119.454300 -1000.000000
v -250.176163 119.454300 -1000.000000
v -281.426147 119.454300 -1000.000000
v 312.323853 119.454300 1000.000000
v 999.823608 119.957283 -250.000000
v 999.823608 119.957283 -281.250000
v -1000.175903 118.951317 312.500000
v -1000.175903 118.951317 62.500000
v -1000.175903 118.951317 93.750000
v 249.823837 119.454300 1000.000000
v 281.073853 119.454300 1000.000000
v 999.823608 119.957283 156.250000
v 999.823364 120.124947 125.000000
v -156.426163 119.454300 1000.000000
v -125.176155 119.454300 1000.000000
v -1000.175903 118.951317 250.000000
v -1000.175903 118.951317 281.250000
v -1000.175903 118.951317 -156.250000
v -1000.175903 118.951317 -125.000000
v 187.323837 119.454300 -1000.000000
v 156.073837 119.454300 -1000.000000
vn -0.0000 1.0000 -0.0000
vn -0.0000 -0.0000 -1.0000
vn -1.0000 -0.0000 -0.0000
vn 1.0000 -0.0000 -0.0000
vn -0.0000 -0.0000 1.0000
vn -0.0000 -1.0000 -0.0000
vn -0.0020 1.0000 -0.0000
vn -0.0007 0.9999 0.0107
vn 1.0000 0.0020 -0.0000
vn -1.0000 -0.0020 -0.0000
vn -0.0013 1.0000 -0.0000
vn 0.0009 -1.0000 -0.0009
vn 0.0010 -1.0000 -0.0000
vn 0.8450 0.3721 -0.3840
vn 0.3558 0.0020 -0.9345
vn 0.9346 -0.0020 0.3557
vn -0.3557 -0.0021 0.9346
vn -1.0000 0.0036 -0.0073
vn -0.3555 -0.0000 -0.9347
vn 0.9347 -0.0000 -0.3555
vn 0.3557 -0.0000 0.9346
vn -0.9346 -0.0000 0.3557
vn -0.3555 -0.0007 -0.9347
vn 0.9347 0.0019 -0.3555
vn 0.3555 0.0007 0.9347
vn -0.9347 -0.0019 0.3555
vn 0.9239 0.0008 -0.3826
vn 0.9240 0.0029 0.3825
vn -0.5145 0.8575 -0.0000
vn 0.3558 -0.0008 -0.9345
vn 0.9345 0.0034 0.3558
vn -0.3558 0.0008 0.9345
vn -1.0000 -0.0046 -0.0073
vn -0.5009 -0.8655 -0.0070
vn -0.2137 -0.9769 -0.0000
vn 0.3557 0.0007 -0.9346
vn 0.9345 -0.0007 0.3558
vn -0.3558 -0.0007 0.9345
vn -0.9346 0.0007 -0.3557
vn -0.3557 -0.0000 -0.9346
vn 0.9346 -0.0000 -0.3557
vn 0.3555 -0.0000 0.9347
vn -0.9347 -0.0000 0.3555
vn -0.0020 0.9999 -0.0107
vn -0.0007 0.9999 -0.0107
vn -0.0013 0.9999 0.0107
vn -0.0000 -0.9999 0.0163
vn 0.3557 -0.0000 -0.9346
vn 0.9347 -0.0000 0.3555
vn -0.3555 -0.0000 0.9347
vn -0.8822 0.3304 -0.3356
vn -0.3557 -0.0021 -0.9346
vn 0.9346 -0.0020 -0.3557
vn 0.3558 0.0020 0.9345
vn -0.9345 0.0021 0.3558
vn -0.3558 0.0008 -0.9345
vn 0.9345 0.0034 -0.3558
vn 0.3558 -0.0008 0.9345
vn -0.9345 -0.0034 0.3558
vn -0.9238 -0.0008 0.3829
vn -0.9237 -0.0029 -0.3831
vn 0.3555 0.0007 -0.9347
vn 0.9347 0.0019 0.3555
vn -0.3555 -0.0007 0.9347
vn -0.9270 -0.1277 -0.3527
vn 0.9105 0.0018 -0.4135
vn 0.3555 -0.0000 -0.9347
vn 0.9346 -0.0000 0.3557
vn -0.3557 -0.0000 0.9346
vn -0.9346 0.0006 -0.3557
vn -0.3558 -0.0007 -0.9345
vn 0.9345 -0.0007 -0.3558
vn 0.3557 0.0007 0.9346
vn -0.9346 0.0007 0.3557
vt 0.500000 0.468750
vt 0.468750 0.500000
vt 0.468750 0.468750
vt 1.000000 0.468750
vt 0.968750 0.500000
vt 0.968750 0.468750
vt 0.750000 0.468750
vt 0.718750 0.500000
vt 0.718750 0.468750
vt 0.500000 0.218750
vt 0.468750 0.250000
vt 0.468750 0.218750
vt 0.500000 0.718750
vt 0.468750 0.750000
vt 0.468750 0.718750
vt 0.625000 0.718750
vt 0.593750 0.750000
vt 0.593750 0.718750
vt 0.625000 0.593750
vt 0.593750 0.625000
vt 0.593750 0.593750
vt 0.750000 0.593750
vt 0.718750 0.625000
vt 0.718750 0.593750
vt 0.375000 0.593750
vt 0.343750 0.625000
vt 0.343750 0.593750
vt 0.500000 0.593750
vt 0.468750 0.625000
vt 0.468750 0.593750
vt 0.500000 0.093750
vt 0.468750 0.125000
vt 0.468750 0.093750
vt 0.625000 0.468750
vt 0.593750 0.500000
vt 0.593750 0.468750
vt 0.625000 0.343750
vt 0.593750 0.375000
vt 0.593750 0.343750
vt 0.875000 0.468750
vt 0.843750 0.500000
vt 0.843750 0.468750
vt 0.375000 0.468750
vt 0.343750 0.500000
vt 0.343750 0.468750
vt 0.375000 0.343750
vt 0.343750 0.375000
vt 0.343750 0.343750
vt 0.500000 0.343750
vt 0.468750 0.375000
vt 0.468750 0.343750
vt 0.437500 0.343750
vt 0.406250 0.375000
vt 0.406250 0.343750
vt 0.437500 0.281250
vt 0.406250 0.312500
vt 0.406250 0.281250
vt 0.500000 0.281250
vt 0.468750 0.312500
vt 0.468750 0.281250
vt 0.375000 0.406250
vt 0.343750 0.437500
vt 0.343750 0.406250
vt 0.812500 0.468750
vt 0.781250 0.500000
vt 0.781250 0.468750
vt 0.812500 0.406250
vt 0.781250 0.437500
vt 0.781250 0.406250
vt 0.687500 0.343750
vt 0.656250 0.375000
vt 0.656250 0.343750
vt 0.562500 0.343750
vt 0.531250 0.375000
vt 0.531250 0.343750
vt 0.562500 0.281250
vt 0.531250 0.312500
vt 0.531250 0.281250
vt 0.625000 0.281250
vt 0.593750 0.312500
vt 0.593750 0.281250
vt 0.562500 0.468750
vt 0.531250 0.500000
vt 0.531250 0.468750
vt 0.562500 0.406250
vt 0.531250 0.437500
vt 0.531250 0.406250
vt 0.625000 0.406250
vt 0.593750 0.437500
vt 0.593750 0.406250
vt 0.562500 0.093750
vt 0.531250 0.125000
vt 0.531250 0.093750
vt 0.562500 0.031250
vt 0.531250 0.062500
vt 0.531250 0.031250
vt 0.562500 0.218750
vt 0.531250 0.250000
vt 0.531250 0.218750
vt 0.562500 0.156250
vt 0.531250 0.187500
vt 0.531250 0.156250
vt 0.500000 0.031250
vt 0.468750 0.062500
vt 0.468750 0.031250
vt 0.437500 0.593750
vt 0.406250 0.625000
vt 0.406250 0.593750
vt 0.437500 0.531250
vt 0.406250 0.562500
vt 0.406250 0.531250
vt 0.500000 0.531250
vt 0.468750 0.562500
vt 0.468750 0.531250
vt 0.375000 0.531250
vt 0.343750 0.562500
vt 0.343750 0.531250
vt 0.562500 0.843750
vt 0.531250 0.875000
vt 0.531250 0.843750
vt 0.562500 0.781250
vt 0.531250 0.812500
vt 0.531250 0.781250
vt 0.625000 0.781250
vt 0.593750 0.812500
vt 0.593750 0.781250
vt 0.562500 0.968750
vt 0.531250 1.000000
vt 0.531250 0.968750
vt 0.562500 0.906250
vt 0.531250 0.937500
vt 0.531250 0.906250
vt 0.687500 0.593750
vt 0.656250 0.625000
vt 0.656250 0.593750
vt 0.687500 0.531250
vt 0.656250 0.562500
vt 0.656250 0.531250
vt 0.750000 0.531250
vt 0.718750 0.562500
vt 0.718750 0.531250
vt 0.562500 0.593750
vt 0.531250 0.625000
vt 0.531250 0.593750
vt 0.562500 0.531250
vt 0.531250 0.562500
vt 0.531250 0.531250
vt 0.625000 0.531250
vt 0.593750 0.562500
vt 0.593750 0.531250
vt 0.562500 0.718750
vt 0.531250 0.750000
vt 0.531250 0.718750
vt 0.562500 0.656250
vt 0.531250 0.687500
vt 0.531250 0.656250
vt 0.625000 0.656250
vt 0.593750 0.687500
vt 0.593750 0.656250
vt 0.937500 0.531250
vt 0.906250 0.562500
vt 0.906250 0.531250
vt 1.000000 0.531250
vt 0.968750 0.562500
vt 0.968750 0.531250
vt 0.812500 0.593750
vt 0.781250 0.625000
vt 0.781250 0.593750
vt 0.812500 0.531250
vt 0.781250 0.562500
vt 0.781250 0.531250
vt 0.875000 0.531250
vt 0.843750 0.562500
vt 0.843750 0.531250
vt 0.687500 0.718750
vt 0.656250 0.750000
vt 0.656250 0.718750
vt 0.687500 0.656250
vt 0.656250 0.687500
vt 0.656250 0.656250
vt 0.437500 0.656250
vt 0.406250 0.687500
vt 0.406250 0.656250
vt 0.500000 0.656250
vt 0.468750 0.687500
vt 0.468750 0.656250
vt 0.500000 0.156250
vt 0.468750 0.187500
vt 0.468750 0.156250
vt 0.687500 0.468750
vt 0.656250 0.500000
vt 0.656250 0.468750
vt 0.687500 0.406250
vt 0.656250 0.437500
vt 0.656250 0.406250
vt 0.750000 0.406250
vt 0.718750 0.437500
vt 0.718750 0.406250
vt 0.937500 0.468750
vt 0.906250 0.500000
vt 0.906250 0.468750
vt 0.437500 0.468750
vt 0.406250 0.500000
vt 0.406250 0.468750
vt 0.437500 0.406250
vt 0.406250 0.437500
vt 0.406250 0.406250
vt 0.500000 0.406250
vt 0.468750 0.437500
vt 0.468750 0.406250
vt 0.437500 0.437500
vt 0.437500 0.375000
vt 0.500000 0.375000
vt 0.375000 0.437500
vt 0.375000 0.375000
vt 0.375000 0.500000
vt 0.875000 0.500000
vt 0.687500 0.437500
vt 0.718750 0.375000
vt 0.687500 0.375000
vt 0.750000 0.375000
vt 0.625000 0.437500
vt 0.625000 0.375000
vt 0.625000 0.500000
vt 0.437500 0.187500
vt 0.437500 0.156250
vt 0.437500 0.125000
vt 0.500000 0.125000
vt 0.437500 0.687500
vt 0.437500 0.625000
vt 0.500000 0.625000
vt 0.375000 0.687500
vt 0.375000 0.656250
vt 0.375000 0.625000
vt 0.406250 0.718750
vt 0.718750 0.656250
vt 0.687500 0.687500
vt 0.687500 0.625000
vt 0.750000 0.625000
vt 0.625000 0.687500
vt 0.625000 0.625000
vt 0.625000 0.750000
vt 0.750000 0.656250
vt 0.812500 0.562500
vt 0.812500 0.500000
vt 0.750000 0.562500
vt 0.750000 0.500000
vt 0.937500 0.562500
vt 0.937500 0.500000
vt 1.000000 0.500000
vt 0.875000 0.562500
vt 0.562500 0.687500
vt 0.562500 0.625000
vt 0.500000 0.687500
vt 0.500000 0.750000
vt 0.562500 0.562500
vt 0.562500 0.500000
vt 0.500000 0.562500
vt 0.500000 0.500000
vt 0.687500 0.562500
vt 0.687500 0.500000
vt 0.625000 0.562500
vt 0.593750 0.906250
vt 0.562500 0.937500
vt 0.593750 0.875000
vt 0.562500 0.875000
vt 0.562500 0.812500
vt 0.562500 0.750000
vt 0.500000 0.812500
vt 0.500000 0.781250
vt 0.343750 0.656250
vt 0.437500 0.562500
vt 0.437500 0.500000
vt 0.375000 0.562500
vt 0.437500 0.062500
vt 0.437500 0.031250
vt 0.468750 0.000000
vt 0.437500 0.000000
vt 0.500000 0.000000
vt 0.593750 0.156250
vt 0.562500 0.187500
vt 0.593750 0.125000
vt 0.562500 0.125000
vt 0.500000 0.187500
vt 0.500000 0.250000
vt 0.593750 0.031250
vt 0.562500 0.062500
vt 0.593750 0.000000
vt 0.562500 0.000000
vt 0.500000 0.062500
vt 0.531250 0.000000
vt 0.562500 0.437500
vt 0.562500 0.375000
vt 0.500000 0.437500
vt 0.562500 0.312500
vt 0.593750 0.250000
vt 0.562500 0.250000
vt 0.500000 0.312500
vt 0.656250 0.312500
vt 0.625000 0.312500
vt 0.687500 0.312500
vt 0.750000 0.437500
vt 0.812500 0.437500
vt 0.593750 0.015625
vt 0.593750 0.062500
vt 0.437500 0.250000
vt 0.437500 0.218750
vt 0.437500 0.093750
vt 0.437500 0.312500
vt 0.375000 0.312500
vt 0.375000 0.281250
vt 0.406250 0.250000
vt 1.000000 0.562500
vt 0.593750 0.187500
vt 0.468750 0.781250
vt 0.437500 0.750000
vt 0.437500 0.718750
vt 0.718750 0.687500
vt 0.687500 0.750000
vt 0.843750 0.593750
vt 0.843750 0.625000
vt 0.625000 0.812500
vt 0.593750 0.218750
vt 0.875000 0.437500
vt 0.343750 0.312500
vt 0.843750 0.437500
vt 0.593750 0.093750
vt 0.000000 0.000000
vt 0.718750 1.000000
vt 0.687500 1.000000
vt 0.312500 0.000000
vt 0.593750 0.937500
vt 0.593750 0.968750
vt 0.437500 1.000000
vt 0.406250 1.000000
vt 0.593750 1.000000
vt 0.593750 0.843750
vt 0.781250 0.656250
vt 0.656250 1.000000
vt 0.656250 0.781250
vt 1.000000 0.437500
vt 0.343750 0.000000
vt 0.812500 0.625000
vt 0.000000 0.125000
vt 0.000000 0.093750
vt 0.875000 0.000000
vt 0.906250 0.000000
vt 0.000000 0.031250
vt 0.562500 1.000000
vt 1.000000 0.875000
vt 1.000000 0.906250
vt 1.000000 0.000000
vt 0.968750 0.000000
vt 0.125000 1.000000
vt 0.093750 1.000000
vt 1.000000 0.656250
vt 1.000000 0.687500
vt 1.000000 1.000000
vt 1.000000 0.968750
vt 0.000000 0.625000
vt 0.000000 0.593750
vt 0.656250 0.000000
vt 0.687500 0.000000
vt 0.000000 1.000000
vt 0.031250 1.000000
vt 0.000000 0.375000
vt 0.000000 0.343750
vt 1.000000 0.625000
vt 0.000000 0.531250
vt 0.000000 0.500000
vt 0.625000 0.000000
vt 0.375000 1.000000
vt 0.343750 1.000000
vt 0.875000 0.812500
vt 0.843750 0.843750
vt 0.843750 0.812500
vt 1.000000 0.406250
vt 0.812500 0.843750
vt 0.812500 0.812500
vt 0.500000 0.968750
vt 0.468750 1.000000
vt 0.468750 0.968750
vt 0.812500 0.875000
vt 1.000000 0.812500
vt 0.968750 0.843750
vt 0.968750 0.812500
vt 0.250000 0.468750
vt 0.218750 0.500000
vt 0.218750 0.468750
vt 0.937500 0.843750
vt 0.937500 0.812500
vt 0.937500 0.875000
vt 0.906250 0.843750
vt 0.906250 0.812500
vt 0.875000 0.843750
vt 0.750000 0.718750
vt 0.718750 0.750000
vt 0.718750 0.718750
vt 0.875000 0.875000
vt 0.937500 0.750000
vt 0.906250 0.781250
vt 0.906250 0.750000
vt 0.875000 0.593750
vt 1.000000 0.593750
vt 0.968750 0.625000
vt 0.968750 0.593750
vt 0.625000 0.968750
vt 0.625000 0.843750
vt 0.875000 0.781250
vt 0.875000 0.750000
vt 0.375000 0.718750
vt 0.343750 0.750000
vt 0.343750 0.718750
vt 1.000000 0.750000
vt 0.968750 0.781250
vt 0.968750 0.750000
vt 0.250000 0.593750
vt 0.218750 0.625000
vt 0.218750 0.593750
vt 0.937500 0.781250
vt 0.781250 0.843750
vt 0.781250 0.812500
vt 0.375000 0.218750
vt 0.343750 0.250000
vt 0.343750 0.218750
vt 0.843750 0.781250
vt 0.812500 0.781250
vt 0.812500 0.937500
vt 0.781250 0.968750
vt 0.781250 0.937500
vt 0.750000 0.968750
vt 0.750000 0.937500
vt 0.750000 1.000000
vt 0.781250 0.906250
vt 0.781250 0.875000
vt 0.750000 0.906250
vt 0.250000 0.343750
vt 0.218750 0.375000
vt 0.218750 0.343750
vt 0.843750 0.906250
vt 0.843750 0.875000
vt 0.812500 0.906250
vt 0.625000 0.218750
vt 0.625000 0.093750
vt 0.312500 0.812500
vt 0.281250 0.843750
vt 0.281250 0.812500
vt 0.750000 0.343750
vt 0.718750 0.343750
vt 0.250000 0.843750
vt 0.250000 0.812500
vt 0.250000 0.875000
vt 0.281250 0.781250
vt 0.250000 0.781250
vt 0.312500 0.937500
vt 0.281250 0.968750
vt 0.281250 0.937500
vt 0.500000 0.843750
vt 0.468750 0.875000
vt 0.468750 0.843750
vt 0.250000 0.968750
vt 0.250000 0.937500
vt 0.250000 1.000000
vt 0.312500 0.875000
vt 0.281250 0.906250
vt 0.281250 0.875000
vt 0.250000 0.906250
vt 0.343750 0.875000
vt 0.312500 0.906250
vt 0.343750 0.906250
vt 0.937500 0.312500
vt 0.906250 0.343750
vt 0.906250 0.312500
vt 0.937500 0.250000
vt 0.906250 0.281250
vt 0.906250 0.250000
vt 0.875000 0.281250
vt 0.875000 0.250000
vt 0.875000 0.312500
vt 1.000000 0.250000
vt 0.968750 0.281250
vt 0.968750 0.250000
vt 0.437500 0.843750
vt 0.406250 0.875000
vt 0.406250 0.843750
vt 0.437500 0.781250
vt 0.406250 0.812500
vt 0.406250 0.781250
vt 0.468750 0.812500
vt 0.937500 0.281250
vt 0.375000 0.781250
vt 0.343750 0.812500
vt 0.343750 0.781250
vt 0.843750 0.281250
vt 0.843750 0.250000
vt 0.937500 0.062500
vt 0.906250 0.093750
vt 0.906250 0.062500
vt 0.875000 0.093750
vt 0.875000 0.062500
vt 0.312500 0.343750
vt 0.281250 0.375000
vt 0.281250 0.343750
vt 0.312500 0.281250
vt 0.281250 0.312500
vt 0.281250 0.281250
vt 0.343750 0.281250
vt 0.312500 0.468750
vt 0.281250 0.500000
vt 0.281250 0.468750
vt 0.312500 0.406250
vt 0.281250 0.437500
vt 0.281250 0.406250
vt 0.875000 0.125000
vt 0.937500 0.000000
vt 0.906250 0.031250
vt 0.875000 0.031250
vt 0.968750 0.031250
vt 0.937500 0.031250
vt 0.875000 0.406250
vt 0.843750 0.406250
vt 0.687500 0.281250
vt 0.656250 0.281250
vt 0.750000 0.281250
vt 0.718750 0.312500
vt 0.718750 0.281250
vt 0.812500 0.062500
vt 0.781250 0.093750
vt 0.781250 0.062500
vt 0.750000 0.093750
vt 0.750000 0.062500
vt 0.609375 0.031250
vt 0.625000 0.062500
vt 0.625000 0.156250
vt 0.750000 0.125000
vt 0.812500 0.000000
vt 0.781250 0.031250
vt 0.781250 0.000000
vt 0.750000 0.031250
vt 0.750000 0.000000
vt 0.843750 0.031250
vt 0.843750 0.000000
vt 0.812500 0.031250
vt 0.812500 0.187500
vt 0.781250 0.218750
vt 0.781250 0.187500
vt 0.812500 0.125000
vt 0.781250 0.156250
vt 0.781250 0.125000
vt 0.187500 0.343750
vt 0.156250 0.375000
vt 0.156250 0.343750
vt 0.750000 0.156250
vt 0.843750 0.156250
vt 0.843750 0.125000
vt 0.812500 0.156250
vt 0.187500 0.250000
vt 0.156250 0.281250
vt 0.156250 0.250000
vt 0.125000 0.281250
vt 0.125000 0.250000
vt 0.125000 0.312500
vt 0.250000 0.250000
vt 0.218750 0.281250
vt 0.218750 0.250000
vt 0.187500 0.281250
vt 0.062500 0.312500
vt 0.031250 0.343750
vt 0.031250 0.312500
vt 0.000000 0.312500
vt 0.062500 0.250000
vt 0.031250 0.281250
vt 0.031250 0.250000
vt 0.000000 0.281250
vt 0.000000 0.250000
vt 0.093750 0.281250
vt 0.093750 0.250000
vt 0.062500 0.281250
vt 0.406250 0.125000
vt 0.406250 0.093750
vt 0.406250 0.062500
vt 0.406250 0.031250
vt 0.062500 0.437500
vt 0.031250 0.468750
vt 0.031250 0.437500
vt 0.000000 0.468750
vt 0.000000 0.437500
vt 0.062500 0.375000
vt 0.031250 0.406250
vt 0.031250 0.375000
vt 0.000000 0.406250
vt 0.093750 0.375000
vt 0.062500 0.406250
vt 0.093750 0.406250
vt 0.187500 0.062500
vt 0.156250 0.093750
vt 0.156250 0.062500
vt 0.125000 0.093750
vt 0.125000 0.062500
vt 0.125000 0.125000
vt 0.187500 0.000000
vt 0.156250 0.031250
vt 0.156250 0.000000
vt 0.125000 0.031250
vt 0.125000 0.000000
vt 0.187500 0.593750
vt 0.156250 0.625000
vt 0.156250 0.593750
vt 0.187500 0.531250
vt 0.156250 0.562500
vt 0.156250 0.531250
vt 0.250000 0.531250
vt 0.218750 0.562500
vt 0.218750 0.531250
vt 0.250000 0.000000
vt 0.218750 0.031250
vt 0.218750 0.000000
vt 0.187500 0.031250
vt 0.062500 0.062500
vt 0.031250 0.093750
vt 0.031250 0.062500
vt 0.000000 0.062500
vt 0.312500 0.593750
vt 0.281250 0.625000
vt 0.281250 0.593750
vt 0.312500 0.531250
vt 0.281250 0.562500
vt 0.281250 0.531250
vt 0.312500 0.718750
vt 0.281250 0.750000
vt 0.281250 0.718750
vt 0.312500 0.656250
vt 0.281250 0.687500
vt 0.281250 0.656250
vt 0.343750 0.687500
vt 0.687500 0.843750
vt 0.656250 0.875000
vt 0.656250 0.843750
vt 0.687500 0.781250
vt 0.656250 0.812500
vt 0.062500 0.000000
vt 0.031250 0.031250
vt 0.031250 0.000000
vt 0.625000 0.906250
vt 0.937500 0.593750
vt 0.906250 0.625000
vt 0.906250 0.593750
vt 0.812500 0.718750
vt 0.781250 0.750000
vt 0.781250 0.718750
vt 0.812500 0.656250
vt 0.781250 0.687500
vt 0.875000 0.656250
vt 0.843750 0.687500
vt 0.843750 0.656250
vt 0.093750 0.031250
vt 0.093750 0.000000
vt 0.062500 0.031250
vt 0.687500 0.906250
vt 0.656250 0.937500
vt 0.656250 0.906250
vt 0.406250 0.750000
vt 0.062500 0.187500
vt 0.031250 0.218750
vt 0.031250 0.187500
vt 0.000000 0.218750
vt 0.000000 0.187500
vt 0.250000 0.656250
vt 0.218750 0.687500
vt 0.218750 0.656250
vt 0.062500 0.125000
vt 0.031250 0.156250
vt 0.031250 0.125000
vt 0.000000 0.156250
vt 0.406250 0.218750
vt 0.406250 0.187500
vt 0.406250 0.156250
vt 0.093750 0.156250
vt 0.093750 0.125000
vt 0.062500 0.156250
vt 0.187500 0.468750
vt 0.156250 0.500000
vt 0.156250 0.468750
vt 0.187500 0.406250
vt 0.156250 0.437500
vt 0.156250 0.406250
vt 0.250000 0.406250
vt 0.218750 0.437500
vt 0.218750 0.406250
vt 0.312500 0.062500
vt 0.281250 0.093750
vt 0.281250 0.062500
vt 0.250000 0.093750
vt 0.250000 0.062500
vt 0.687500 0.218750
vt 0.656250 0.250000
vt 0.656250 0.218750
vt 0.687500 0.156250
vt 0.656250 0.187500
vt 0.656250 0.156250
vt 0.250000 0.125000
vt 0.281250 0.031250
vt 0.281250 0.000000
vt 0.250000 0.031250
vt 0.312500 0.125000
vt 0.281250 0.156250
vt 0.281250 0.125000
vt 0.500000 0.906250
vt 0.468750 0.937500
vt 0.468750 0.906250
vt 0.250000 0.156250
vt 0.250000 0.187500
vt 0.187500 0.812500
vt 0.156250 0.843750
vt 0.156250 0.812500
vt 0.125000 0.843750
vt 0.125000 0.812500
vt 0.125000 0.875000
vt 0.187500 0.750000
vt 0.156250 0.781250
vt 0.156250 0.750000
vt 0.125000 0.781250
vt 0.125000 0.750000
vt 0.218750 0.750000
vt 0.187500 0.781250
vt 0.218750 0.781250
vt 0.062500 0.812500
vt 0.031250 0.843750
vt 0.031250 0.812500
vt 0.000000 0.843750
vt 0.000000 0.812500
vt 0.437500 0.937500
vt 0.437500 0.906250
vt 0.437500 0.875000
vt 0.500000 0.875000
vt 0.000000 0.875000
vt 0.062500 0.750000
vt 0.031250 0.781250
vt 0.031250 0.750000
vt 0.000000 0.781250
vt 0.000000 0.750000
vt 0.093750 0.781250
vt 0.093750 0.750000
vt 0.062500 0.781250
vt 0.062500 0.937500
vt 0.031250 0.968750
vt 0.031250 0.937500
vt 0.000000 0.968750
vt 0.000000 0.937500
vt 0.906250 0.406250
vt 0.906250 0.375000
vt 0.875000 0.375000
vt 0.906250 0.437500
vt 0.937500 0.437500
vt 0.062500 0.875000
vt 0.031250 0.906250
vt 0.031250 0.875000
vt 0.000000 0.906250
vt 0.625000 0.187500
vt 0.656250 0.125000
vt 0.625000 0.125000
vt 0.093750 0.906250
vt 0.093750 0.875000
vt 0.625000 0.250000
vt 0.687500 0.187500
vt 0.062500 0.906250
vt 0.062500 0.562500
vt 0.031250 0.593750
vt 0.031250 0.562500
vt 0.000000 0.562500
vt 0.062500 0.500000
vt 0.031250 0.531250
vt 0.031250 0.500000
vt 0.062500 0.687500
vt 0.031250 0.718750
vt 0.031250 0.687500
vt 0.187500 0.437500
vt 0.187500 0.375000
vt 0.250000 0.375000
vt 0.125000 0.437500
vt 0.125000 0.406250
vt 0.125000 0.375000
vt 0.125000 0.500000
vt 0.125000 0.468750
vt 0.000000 0.718750
vt 0.000000 0.687500
vt 0.062500 0.625000
vt 0.031250 0.656250
vt 0.031250 0.625000
vt 0.000000 0.656250
vt 0.093750 0.625000
vt 0.062500 0.656250
vt 0.093750 0.656250
vt 0.156250 0.718750
vt 0.125000 0.718750
vt 0.187500 0.937500
vt 0.156250 0.968750
vt 0.156250 0.937500
vt 0.375000 0.187500
vt 0.375000 0.156250
vt 0.375000 0.125000
vt 0.375000 0.250000
vt 0.125000 0.968750
vt 0.125000 0.937500
vt 0.187500 0.875000
vt 0.156250 0.906250
vt 0.156250 0.875000
vt 0.125000 0.906250
vt 0.218750 0.906250
vt 0.218750 0.875000
vt 0.187500 0.906250
vt 0.187500 0.187500
vt 0.156250 0.218750
vt 0.156250 0.187500
vt 0.187500 0.687500
vt 0.187500 0.656250
vt 0.187500 0.625000
vt 0.250000 0.625000
vt 0.125000 0.218750
vt 0.125000 0.187500
vt 0.156250 0.656250
vt 0.187500 0.125000
vt 0.156250 0.156250
vt 0.156250 0.125000
vt 0.125000 0.156250
vt 0.375000 0.750000
vt 0.218750 0.156250
vt 0.218750 0.125000
vt 0.187500 0.156250
vt 0.625000 0.937500
vt 0.625000 0.875000
vt 0.687500 0.875000
vt 0.656250 0.968750
vt 0.625000 1.000000
vt 0.937500 0.187500
vt 0.906250 0.218750
vt 0.906250 0.187500
vt 0.875000 0.218750
vt 0.875000 0.187500
vt 0.937500 0.656250
vt 0.937500 0.625000
vt 0.968750 0.656250
vt 0.875000 0.625000
vt 0.906250 0.656250
vt 0.937500 0.125000
vt 0.906250 0.156250
vt 0.906250 0.125000
vt 0.875000 0.156250
vt 0.812500 0.687500
vt 0.750000 0.687500
vt 0.750000 0.750000
vt 0.500000 0.937500
vt 0.500000 1.000000
vt 0.718750 0.781250
vt 0.687500 0.812500
vt 1.000000 0.125000
vt 0.968750 0.156250
vt 0.968750 0.125000
vt 0.312500 0.687500
vt 0.312500 0.625000
vt 0.250000 0.687500
vt 0.937500 0.156250
vt 0.312500 0.562500
vt 0.312500 0.500000
vt 0.250000 0.562500
vt 0.250000 0.500000
vt 0.406250 0.968750
vt 0.375000 0.968750
vt 0.937500 0.937500
vt 0.906250 0.968750
vt 0.906250 0.937500
vt 0.875000 0.968750
vt 0.875000 0.937500
vt 0.875000 1.000000
vt 0.906250 0.906250
vt 0.906250 0.875000
vt 0.875000 0.906250
vt 0.968750 0.906250
vt 0.968750 0.875000
vt 0.937500 0.906250
vt 0.968750 0.937500
vt 0.937500 0.968750
vt 0.906250 1.000000
vt 1.000000 0.156250
vt 0.968750 0.187500
vt 0.937500 0.218750
vt 0.218750 0.187500
vt 0.187500 0.562500
vt 0.187500 0.500000
vt 0.125000 0.562500
vt 0.125000 0.531250
vt 0.125000 0.625000
vt 0.125000 0.593750
vt 0.187500 0.218750
vt 0.218750 0.937500
vt 0.187500 0.968750
vt 0.156250 1.000000
vt 0.718750 0.937500
vt 0.718750 0.906250
vt 0.937500 0.718750
vt 0.906250 0.718750
vt 0.062500 0.718750
vt 0.062500 0.531250
vt 0.062500 0.593750
vt 0.093750 0.937500
vt 0.062500 0.968750
vt 0.093750 0.812500
vt 0.062500 0.843750
vt 0.218750 0.812500
vt 0.187500 0.843750
vt 0.312500 0.031250
vt 0.312500 0.093750
vt 0.093750 0.187500
vt 0.062500 0.218750
vt 0.093750 0.062500
vt 0.062500 0.093750
vt 0.218750 0.062500
vt 0.187500 0.093750
vt 0.062500 0.468750
vt 0.093750 0.312500
vt 0.062500 0.343750
vt 0.843750 0.187500
vt 0.843750 0.062500
vt 0.812500 0.093750
vt 1.000000 0.031250
vt 0.968750 0.062500
vt 0.937500 0.093750
vt 0.843750 0.312500
vt 1.000000 0.281250
vt 0.968750 0.312500
vt 0.375000 0.062500
vt 0.375000 0.031250
vt 0.406250 0.000000
vt 0.375000 0.000000
vt 0.375000 0.093750
vt 0.375000 0.906250
vt 0.343750 0.937500
vt 0.312500 0.968750
vt 0.281250 1.000000
vt 0.312500 0.843750
vt 0.843750 0.937500
vt 0.812500 0.968750
vt 0.781250 1.000000
vt 1.000000 0.781250
vt 1.000000 0.843750
vt 0.843750 1.000000
vt 0.843750 0.968750
vt 0.343750 0.968750
vt 1.000000 0.343750
vt 0.968750 0.375000
vt 0.968750 0.343750
vt 1.000000 0.093750
vt 0.968750 0.093750
vt 0.843750 0.093750
vt 0.843750 0.218750
vt 0.218750 0.093750
vt 0.093750 0.093750
vt 0.093750 0.218750
vt 0.218750 0.843750
vt 0.093750 0.843750
vt 0.093750 0.968750
vt 0.093750 0.718750
vt 1.000000 0.718750
vt 0.968750 0.718750
vt 0.718750 0.968750
vt 0.218750 1.000000
vt 0.218750 0.968750
vt 0.250000 0.218750
vt 0.218750 0.218750
vt 1.000000 0.218750
vt 0.968750 0.218750
vt 0.968750 1.000000
vt 0.968750 0.968750
vt 0.312500 0.250000
vt 0.718750 0.812500
vt 1.000000 0.937500
vt 0.375000 0.812500
vt 0.812500 0.750000
vt 0.312500 0.781250
vt 0.312500 0.750000
vt 0.687500 0.937500
vt 0.609375 0.000000
vt 0.062500 1.000000
vt 0.750000 0.250000
vt 0.781250 0.250000
vt 0.718750 0.000000
vt 0.625000 0.015625
vt 0.609375 0.015625
vt 0.656250 0.031250
vt 0.625000 0.031250
vt 0.656250 0.093750
vt 0.656250 0.062500
vt 0.718750 0.250000
vt 0.687500 0.250000
vt 0.843750 0.375000
vt 0.812500 0.375000
vt 0.781250 0.375000
vt 0.781250 0.281250
vt 0.750000 0.312500
vt 0.781250 0.343750
vt 0.781250 0.312500
vt 0.312500 0.437500
vt 0.312500 0.375000
vt 0.250000 0.437500
vt 0.312500 0.312500
vt 0.250000 0.312500
vt 0.312500 0.218750
vt 0.343750 0.187500
vt 0.312500 1.000000
vt 1.000000 0.375000
vt 0.437500 0.812500
vt 0.375000 0.843750
vt 0.437500 0.968750
vt 0.968750 0.437500
vt 0.187500 0.312500
vt 0.218750 0.312500
vt 0.718750 0.875000
vt 0.875000 0.687500
vt 0.875000 0.718750
vt 0.843750 0.718750
vt 0.843750 0.750000
vt 1.000000 0.187500
vt 0.812500 1.000000
vt 0.718750 0.843750
vt 0.750000 0.218750
vt 0.718750 0.218750
vt 0.250000 0.718750
vt 0.218750 0.718750
vt 0.750000 0.843750
vt 0.093750 0.593750
vt 0.343750 0.125000
vt 0.343750 0.093750
vt 0.093750 0.500000
vt 0.093750 0.468750
vt 0.125000 0.343750
vt 0.093750 0.343750
vt 0.718750 0.125000
vt 0.718750 0.093750
vt 0.875000 0.343750
vt 0.843750 0.343750
vt 0.343750 0.843750
vt 0.781250 0.781250
vt 0.937500 0.343750
vt 0.812500 0.343750
vt 0.812500 0.281250
vt 0.687500 0.093750
vt 0.687500 0.031250
vt 0.718750 0.062500
vt 0.718750 0.031250
vt 0.812500 0.218750
vt 0.156250 0.312500
vt 0.250000 0.281250
vt 0.093750 0.437500
vt 0.343750 0.062500
vt 0.343750 0.031250
vt 0.281250 0.250000
vt 0.281250 0.218750
vt 0.312500 0.156250
vt 0.281250 0.187500
vt 0.343750 0.156250
vt 0.093750 0.562500
vt 0.093750 0.531250
vt 0.125000 0.656250
vt 0.093750 0.687500
vt 0.750000 0.781250
vt 0.906250 0.687500
vt 0.968750 0.687500
vt 0.687500 0.968750
vt 0.187500 0.718750
vt 0.156250 0.687500
vt 0.718750 0.187500
vt 0.718750 0.156250
vt 0.937500 0.406250
vt 0.968750 0.406250
vt 0.406250 0.937500
vt 0.406250 0.906250
vt 0.375000 0.937500
vt 0.375000 0.875000
vt 0.937500 0.375000
vt 0.687500 0.125000
vt 0.125000 0.687500
vt 0.750000 0.875000
vt 0.937500 0.687500
vt 0.250000 0.750000
vt 0.312500 0.187500
vt 0.812500 0.250000
vt 0.187500 1.000000
vt 1.000000 0.312500
vt 1.000000 0.062500
vt 0.937500 1.000000
vt 0.750000 0.187500
vt 0.687500 0.062500
vt 0.812500 0.312500
vt 0.750000 0.812500
s 0
usemtl マテリアル.005
f 151/1/1 256/2/1 449/3/1
f 149/4/1 257/5/1 448/6/1
f 164/7/1 245/8/1 447/9/1
f 162/10/1 258/11/1 446/12/1
f 161/13/1 259/14/1 445/15/1
f 193/16/1 234/17/1 443/18/1
f 194/19/1 265/20/1 442/21/1
f 190/22/1 266/23/1 441/24/1
f 198/25/1 271/26/1 438/27/1
f 185/28/1 272/29/1 437/30/1
f 186/31/1 273/32/1 436/33/1
f 201/34/1 218/35/1 433/36/1
f 202/37/1 277/38/1 432/39/1
f 205/40/1 230/41/1 431/42/1
f 206/43/1 229/44/1 430/45/1
f 207/46/1 281/47/1 429/48/1
f 175/49/1 282/50/1 428/51/1
f 283/52/1 208/53/1 426/54/1
f 284/55/1 285/56/1 425/57/1
f 244/58/1 286/59/1 424/60/1
f 279/61/1 288/62/1 423/63/1
f 289/64/1 163/65/1 422/66/1
f 290/67/1 291/68/1 421/69/1
f 293/70/1 204/71/1 420/72/1
f 295/73/1 203/74/1 419/75/1
f 296/76/1 297/77/1 418/78/1
f 276/79/1 298/80/1 417/81/1
f 299/82/1 152/83/1 416/84/1
f 300/85/1 301/86/1 415/87/1
f 275/88/1 302/89/1 414/90/1
f 303/91/1 200/92/1 413/93/1
f 304/94/1 305/95/1 412/96/1
f 307/97/1 165/98/1 410/99/1
f 308/100/1 309/101/1 409/102/1
f 255/103/1 313/104/1 407/105/1
f 314/106/1 199/107/1 406/108/1
f 315/109/1 316/110/1 405/111/1
f 254/112/1 317/113/1 404/114/1
f 270/115/1 318/116/1 403/117/1
f 319/118/1 197/119/1 400/120/1
f 320/121/1 321/122/1 399/123/1
f 267/124/1 322/125/1 398/126/1
f 323/127/1 150/128/1 397/129/1
f 324/130/1 325/131/1 396/132/1
f 327/133/1 196/134/1 394/135/1
f 328/136/1 329/137/1 393/138/1
f 260/139/1 330/140/1 392/141/1
f 331/142/1 195/143/1 391/144/1
f 332/145/1 333/146/1 390/147/1
f 264/148/1 334/149/1 389/150/1
f 335/151/1 166/152/1 388/153/1
f 336/154/1 337/155/1 387/156/1
f 263/157/1 338/158/1 386/159/1
f 339/160/1 340/161/1 385/162/1
f 248/163/1 341/164/1 384/165/1
f 342/166/1 192/167/1 383/168/1
f 343/169/1 344/170/1 382/171/1
f 261/172/1 345/173/1 381/174/1
f 346/175/1 191/176/1 379/177/1
f 347/178/1 348/179/1 378/180/1
f 351/181/1 352/182/1 375/183/1
f 227/184/1 353/185/1 374/186/1
f 228/187/1 356/188/1 373/189/1
f 357/190/1 176/191/1 372/192/1
f 358/193/1 359/194/1 371/195/1
f 231/196/1 360/197/1 370/198/1
f 361/199/1 188/200/1 369/201/1
f 362/202/1 187/203/1 368/204/1
f 363/205/1 364/206/1 367/207/1
f 217/208/1 365/209/1 366/210/1
f 366/210/1 142/211/1 363/205/1
f 282/50/1 363/205/1 121/212/1
f 29/213/1 366/210/1 282/50/1
f 367/207/1 119/214/1 279/61/1
f 208/53/1 279/61/1 49/215/1
f 121/212/1 367/207/1 208/53/1
f 368/204/1 41/216/1 206/43/1
f 364/206/1 206/43/1 119/214/1
f 142/211/1 368/204/1 364/206/1
f 369/201/1 42/217/1 205/40/1
f 370/198/1 141/218/1 358/193/1
f 278/219/1 358/193/1 117/220/1
f 43/221/1 370/198/1 278/219/1
f 371/195/1 114/222/1 275/88/1
f 204/71/1 275/88/1 48/223/1
f 117/220/1 371/195/1 204/71/1
f 372/192/1 30/224/1 201/34/1
f 359/194/1 201/34/1 114/222/1
f 141/218/1 372/192/1 359/194/1
f 373/189/1 140/225/1 355/226/1
f 273/32/1 355/226/1 112/227/1
f 40/228/1 373/189/1 273/32/1
f 374/186/1 139/229/1 351/181/1
f 272/29/1 351/181/1 111/230/1
f 39/231/1 374/186/1 272/29/1
f 375/183/1 109/232/1 269/233/1
f 199/107/1 269/233/1 47/234/1
f 111/230/1 375/183/1 199/107/1
f 139/229/1 376/235/1 352/182/1
f 377/236/1 138/237/1 347/178/1
f 266/23/1 347/178/1 106/238/1
f 44/239/1 377/236/1 266/23/1
f 378/180/1 103/240/1 263/157/1
f 196/134/1 263/157/1 46/241/1
f 106/238/1 378/180/1 196/134/1
f 379/177/1 45/242/1 193/16/1
f 348/179/1 193/16/1 103/240/1
f 138/237/1 379/177/1 348/179/1
f 192/167/1 233/243/1 44/239/1
f 381/174/1 137/244/1 343/169/1
f 230/41/1 343/169/1 70/245/1
f 42/217/1 381/174/1 230/41/1
f 382/171/1 99/246/1 260/139/1
f 163/65/1 260/139/1 20/247/1
f 70/245/1 382/171/1 163/65/1
f 383/168/1 44/239/1 190/22/1
f 344/170/1 190/22/1 99/246/1
f 137/244/1 383/168/1 344/170/1
f 384/165/1 136/248/1 339/160/1
f 257/5/1 339/160/1 96/249/1
f 7/250/1 384/165/1 257/5/1
f 385/162/1 101/251/1 261/172/1
f 188/200/1 261/172/1 42/217/1
f 96/249/1 385/162/1 188/200/1
f 386/159/1 135/252/1 336/154/1
f 265/20/1 336/154/1 105/253/1
f 46/241/1 386/159/1 265/20/1
f 387/156/1 68/254/1 227/184/1
f 195/143/1 227/184/1 39/231/1
f 105/253/1 387/156/1 195/143/1
f 388/153/1 18/255/1 161/13/1
f 337/155/1 161/13/1 68/254/1
f 135/252/1 388/153/1 337/155/1
f 389/150/1 134/256/1 332/145/1
f 218/35/1 332/145/1 59/257/1
f 30/224/1 389/150/1 218/35/1
f 390/147/1 93/258/1 254/112/1
f 152/83/1 254/112/1 9/259/1
f 59/257/1 390/147/1 152/83/1
f 391/144/1 39/231/1 185/28/1
f 333/146/1 185/28/1 93/258/1
f 134/256/1 391/144/1 333/146/1
f 392/141/1 133/260/1 328/136/1
f 245/8/1 328/136/1 84/261/1
f 20/247/1 392/141/1 245/8/1
f 393/138/1 104/262/1 264/148/1
f 176/191/1 264/148/1 30/224/1
f 84/261/1 393/138/1 176/191/1
f 394/135/1 46/241/1 194/19/1
f 329/137/1 194/19/1 104/262/1
f 133/260/1 394/135/1 329/137/1
f 395/263/1 132/264/1 324/130/1
f 268/265/1 324/130/1 108/266/1
f 108/266/1 396/132/1 197/119/1
f 132/264/1 397/129/1 325/131/1
f 398/126/1 131/267/1 320/121/1
f 234/17/1 320/121/1 73/268/1
f 45/242/1 398/126/1 234/17/1
f 399/123/1 82/269/1 243/270/1
f 166/152/1 243/270/1 18/255/1
f 73/268/1 399/123/1 166/152/1
f 131/267/1 400/120/1 321/122/1
f 191/176/1 267/124/1 45/242/1
f 47/234/1 402/271/1 271/26/1
f 41/216/1 403/117/1 229/44/1
f 404/114/1 130/272/1 315/109/1
f 256/2/1 315/109/1 95/273/1
f 9/259/1 404/114/1 256/2/1
f 405/111/1 110/274/1 270/115/1
f 187/203/1 270/115/1 41/216/1
f 95/273/1 405/111/1 187/203/1
f 406/108/1 47/234/1 198/25/1
f 316/110/1 198/25/1 110/274/1
f 130/272/1 406/108/1 316/110/1
f 407/105/1 129/275/1 312/276/1
f 148/277/1 312/276/1 55/278/1
f 6/279/1 407/105/1 148/277/1
f 408/280/1 128/281/1 308/100/1
f 274/282/1 308/100/1 113/283/1
f 409/102/1 69/284/1 228/187/1
f 200/92/1 228/187/1 40/228/1
f 113/283/1 409/102/1 200/92/1
f 410/99/1 19/285/1 162/10/1
f 309/101/1 162/10/1 69/284/1
f 128/281/1 410/99/1 309/101/1
f 411/286/1 127/287/1 304/94/1
f 178/288/1 304/94/1 86/289/1
f 412/96/1 94/290/1 255/103/1
f 247/291/1 255/103/1 6/279/1
f 86/289/1 412/96/1 247/291/1
f 413/93/1 40/228/1 186/31/1
f 305/95/1 186/31/1 94/290/1
f 127/287/1 413/93/1 305/95/1
f 414/90/1 126/292/1 300/85/1
f 277/38/1 300/85/1 116/293/1
f 48/223/1 414/90/1 277/38/1
f 415/87/1 58/294/1 217/208/1
f 203/74/1 217/208/1 29/213/1
f 116/293/1 415/87/1 203/74/1
f 416/84/1 9/259/1 151/1/1
f 301/86/1 151/1/1 58/294/1
f 126/292/1 416/84/1 301/86/1
f 417/81/1 125/295/1 296/76/1
f 232/296/1 296/76/1 72/297/1
f 418/78/1 83/298/1 244/58/1
f 165/98/1 244/58/1 19/285/1
f 72/297/1 418/78/1 165/98/1
f 419/75/1 29/213/1 175/49/1
f 297/77/1 175/49/1 83/298/1
f 125/295/1 419/75/1 297/77/1
f 420/72/1 48/223/1 202/37/1
f 294/299/1 202/37/1 115/300/1
f 124/301/1 420/72/1 294/299/1
f 421/69/1 71/302/1 231/196/1
f 422/66/1 20/247/1 164/7/1
f 291/68/1 164/7/1 71/302/1
f 123/303/1 422/66/1 291/68/1
f 369/201/2 1001/199/2 361/199/2
f 205/40/2 1010/201/2 369/201/2
f 138/237/3 927/175/3 346/175/3
f 178/288/3 1499/304/3 1110/286/3
f 411/286/3 996/305/3 306/305/3
f 49/215/1 423/63/1 281/47/1
f 140/225/4 949/226/4 355/226/4
f 82/269/4 609/270/4 243/270/4
f 97/306/4 947/307/4 354/307/4
f 43/221/3 992/196/3 231/196/3
f 278/219/2 485/221/2 43/221/2
f 129/275/4 852/276/4 312/276/4
f 112/227/4 850/308/4 311/308/4
f 424/60/1 122/309/1 284/55/1
f 258/11/1 284/55/1 97/306/1
f 19/285/1 424/60/1 258/11/1
f 425/57/1 120/310/1 280/311/1
f 101/251/5 1000/173/5 345/173/5
f 97/306/1 425/57/1 189/312/1
f 426/54/1 49/215/1 207/46/1
f 285/56/1 207/46/1 120/310/1
f 122/309/1 426/54/1 285/56/1
f 423/63/4 724/47/4 281/47/4
f 288/62/4 1125/63/4 423/63/4
f 274/282/3 1109/280/3 408/280/3
f 352/182/5 655/232/5 109/232/5
f 87/313/5 915/164/5 341/164/5
f 408/280/3 997/314/3 310/314/3
f 136/248/5 913/161/5 340/161/5
f 18/255/1 427/315/1 259/14/1
f 98/316/4 935/317/4 350/317/4
f 349/318/5 929/237/5 138/237/5
f 120/310/4 722/311/4 280/311/4
f 346/175/3 639/319/3 100/319/3
f 117/220/2 712/219/2 278/219/2
f 276/79/3 711/300/3 115/300/3
f 345/173/3 1187/320/3 444/320/3
f 444/320/3 644/321/3 262/321/3
f 107/322/5 998/125/5 322/125/5
f 341/164/5 916/248/5 136/248/5
f 340/161/5 914/251/5 101/251/5
f 421/69/2 792/67/2 290/67/2
f 231/196/2 1118/69/2 421/69/2
f 310/314/3 1163/323/3 435/323/3
f 294/299/2 797/301/2 124/301/2
f 435/323/3 993/296/3 232/296/3
f 428/51/1 121/212/1 283/52/1
f 286/59/1 283/52/1 122/309/1
f 83/298/1 428/51/1 286/59/1
f 118/324/3 990/40/3 205/40/3
f 124/301/3 795/70/3 293/70/3
f 120/310/1 429/48/1 287/325/1
f 403/117/4 581/44/4 229/44/4
f 119/214/1 430/45/1 288/62/1
f 292/326/2 715/324/2 118/324/2
f 318/116/4 1053/117/4 403/117/4
f 306/305/3 1162/327/3 434/327/3
f 431/42/1 70/245/1 289/64/1
f 292/326/1 289/64/1 123/303/1
f 118/324/1 431/42/1 292/326/1
f 434/327/3 995/282/3 274/282/3
f 432/39/1 116/293/1 295/73/1
f 298/80/1 295/73/1 125/295/1
f 115/300/1 432/39/1 298/80/1
f 433/36/1 59/257/1 299/82/1
f 302/89/1 299/82/1 126/292/1
f 114/222/1 433/36/1 302/89/1
f 1573/328/1 247/328/1 6/328/1
f 179/328/6 1621/328/6 87/328/6
f 37/328/6 1558/328/6 183/328/6
f 434/327/1 113/283/1 303/91/1
f 306/305/1 303/91/1 127/287/1
f 1263/329/1 1950/330/1 1264/330/1
f 435/323/1 72/297/1 307/97/1
f 310/314/1 307/97/1 128/281/1
f 36/328/6 1556/328/6 182/328/6
f 937/331/4 1913/331/4 1262/331/4
f 177/328/6 1609/328/6 85/328/6
f 35/328/6 1554/328/6 181/328/6
f 326/332/3 1185/333/3 440/333/3
f 34/328/6 1552/328/6 180/328/6
f 1266/334/1 1931/335/1 1218/335/1
f 33/328/6 1550/328/6 179/328/6
f 440/333/3 991/336/3 216/336/3
f 174/328/6 1607/328/6 81/328/6
f 243/270/5 1138/315/5 427/315/5
f 991/336/3 1622/336/3 216/336/3
f 32/328/6 1548/328/6 178/328/6
f 427/315/4 634/14/4 259/14/4
f 322/125/3 1184/337/3 439/337/3
f 269/233/5 1050/271/5 402/271/5
f 173/328/6 1605/328/6 80/328/6
f 380/338/5 605/243/5 233/243/5
f 439/337/3 994/265/3 268/265/3
f 1264/330/1 1951/339/1 1378/339/1
f 192/167/3 1040/338/3 380/338/3
f 402/271/4 656/26/4 271/26/4
f 321/122/5 610/269/5 82/269/5
f 287/325/2 723/310/2 120/310/2
f 31/328/6 1546/328/6 177/328/6
f 109/232/4 654/233/4 269/233/4
f 401/340/5 650/124/5 267/124/5
f 172/328/6 1603/328/6 79/328/6
f 436/33/1 112/227/1 311/308/1
f 313/104/1 311/308/1 129/275/1
f 94/290/1 436/33/1 313/104/1
f 191/176/3 1048/340/3 401/340/3
f 574/341/2 1891/341/2 1689/341/2
f 115/300/2 798/299/2 294/299/2
f 171/328/6 1601/328/6 78/328/6
f 267/124/3 651/322/3 107/322/3
f 438/27/4 899/116/4 318/116/4
f 1262/331/1 1944/342/1 1215/342/1
f 271/26/4 1181/27/4 438/27/4
f 293/70/3 713/220/3 117/220/3
f 417/81/2 710/79/2 276/79/2
f 170/328/6 1599/328/6 77/328/6
f 123/303/2 794/326/2 292/326/2
f 232/296/3 1114/81/3 417/81/3
f 290/67/3 793/303/3 123/303/3
f 28/328/6 1544/328/6 174/328/6
f 400/120/4 910/122/4 321/122/4
f 87/313/5 1623/313/5 987/313/5
f 262/321/5 645/343/5 102/343/5
f 169/328/6 1597/328/6 76/328/6
f 197/119/4 1046/120/4 400/120/4
f 27/328/6 1542/328/6 173/328/6
f 168/328/6 1595/328/6 75/328/6
f 26/328/6 1540/328/6 172/328/6
f 167/328/6 1593/328/6 74/328/6
f 437/30/1 111/230/1 314/106/1
f 317/113/1 314/106/1 130/272/1
f 93/258/1 437/30/1 317/113/1
f 25/328/6 1538/328/6 171/328/6
f 1147/344/1 1792/345/1 1057/345/1
f 110/274/1 438/27/1 318/116/1
f 448/6/2 986/4/2 149/4/2
f 24/328/6 1536/328/6 170/328/6
f 1145/346/1 1790/347/1 1038/347/1
f 361/199/2 1198/6/2 448/6/2
f 23/328/6 1534/328/6 169/328/6
f 430/45/4 781/62/4 288/62/4
f 439/337/1 108/266/1 319/118/1
f 322/125/1 319/118/1 131/267/1
f 1197/328/1 1836/348/1 1749/328/1
f 440/333/1 57/349/1 323/127/1
f 326/332/1 323/127/1 132/264/1
f 229/44/4 1157/45/4 430/45/4
f 441/24/1 106/238/1 327/133/1
f 330/140/1 327/133/1 133/260/1
f 99/246/1 441/24/1 330/140/1
f 442/21/1 105/253/1 331/142/1
f 334/149/1 331/142/1 134/256/1
f 104/262/1 442/21/1 334/149/1
f 443/18/1 73/268/1 335/151/1
f 338/158/1 335/151/1 135/252/1
f 103/240/1 443/18/1 338/158/1
f 1143/350/1 1788/351/1 1030/351/1
f 259/14/5 635/316/5 98/316/5
f 429/48/4 776/325/4 287/325/4
f 444/320/1 102/343/1 342/166/1
f 345/173/1 342/166/1 137/244/1
f 233/243/5 1035/236/5 377/236/5
f 281/47/4 1156/48/4 429/48/4
f 355/226/4 851/227/4 112/227/4
f 22/328/6 1532/328/6 168/328/6
f 397/129/4 911/131/4 325/131/4
f 354/307/4 950/225/4 140/225/4
f 280/311/2 1131/57/2 425/57/2
f 377/236/3 928/318/3 349/318/3
f 1194/352/1 1834/353/1 1747/352/1
f 150/128/4 1045/129/4 397/129/4
f 425/57/4 498/312/4 189/312/4
f 1141/354/1 1786/355/1 1026/355/1
f 21/328/6 1530/328/6 167/328/6
f 445/15/1 98/316/1 350/317/1
f 353/185/1 350/317/1 139/229/1
f 68/254/1 445/15/1 353/185/1
f 1252/356/7 1863/357/7 1253/357/7
f 312/276/4 573/278/4 55/278/4
f 1192/358/1 1832/359/1 1745/358/1
f 1136/360/1 1784/361/1 1022/361/1
f 396/132/4 519/119/4 197/119/4
f 311/308/4 853/275/4 129/275/4
f 446/12/1 97/306/1 354/307/1
f 356/188/1 354/307/1 140/225/1
f 69/284/1 446/12/1 356/188/1
f 1250/362/1 1867/363/1 1251/363/1
f 1189/364/1 1830/365/1 1751/364/1
f 325/131/4 1044/132/4 396/132/4
f 1124/366/1 1782/367/1 1020/367/1
f 102/343/5 989/167/5 192/167/5
f 150/128/4 1708/128/4 450/128/4
f 580/356/8 1649/368/8 1650/356/8
f 160/328/6 1591/328/6 67/328/6
f 1180/369/1 1753/370/1 1179/370/1
f 268/265/3 1043/263/3 395/263/3
f 395/263/3 999/332/3 326/332/3
f 100/319/5 988/176/5 191/176/5
f 447/9/1 84/261/1 357/190/1
f 360/197/1 357/190/1 141/218/1
f 71/302/1 447/9/1 360/197/1
f 448/6/1 96/249/1 361/199/1
f 481/371/1 1653/362/1 579/362/1
f 159/328/6 1589/328/6 66/328/6
f 449/3/1 95/273/1 362/202/1
f 365/209/1 362/202/1 142/211/1
f 58/294/1 449/3/1 365/209/1
f 1122/372/1 1780/373/1 1015/373/1
f 350/317/5 1031/235/5 376/235/5
f 818/374/1 1474/375/1 805/376/1
f 1246/377/7 1891/341/7 1247/341/7
f 376/235/4 936/182/4 352/182/4
f 189/312/2 948/306/2 97/306/2
f 805/376/1 808/378/1 806/379/1
f 452/380/1 613/381/1 1199/382/1
f 1474/375/1 816/383/1 808/378/1
f 946/384/1 1473/385/1 809/386/1
f 459/387/1 611/388/1 1195/389/1
f 809/386/1 813/390/1 811/391/1
f 1473/385/1 814/392/1 813/390/1
f 811/391/1 1472/393/1 810/394/1
f 810/394/1 1060/395/1 818/374/1
f 470/396/1 638/397/1 1190/398/1
f 1472/393/1 1059/399/1 1060/395/1
f 870/400/1 1471/401/1 1089/402/1
f 513/403/1 644/321/1 1187/320/1
f 482/404/1 646/405/1 1186/406/1
f 516/407/1 991/336/1 1185/333/1
f 517/408/1 994/265/1 1184/337/1
f 1089/402/1 819/409/1 1088/410/1
f 521/411/1 601/412/1 1182/413/1
f 1471/401/1 818/374/1 819/409/1
f 1172/414/1 1470/415/1 871/416/1
f 502/417/1 664/418/1 1178/419/1
f 871/416/1 812/420/1 870/400/1
f 1470/415/1 811/391/1 812/420/1
f 806/379/1 1469/421/1 583/422/1
f 533/423/1 593/424/1 1174/425/1
f 1468/426/1 806/379/1 807/427/1
f 801/428/1 1467/429/1 800/430/1
f 800/430/1 1149/431/1 962/432/1
f 1467/429/1 1158/433/1 1149/431/1
f 816/383/1 1466/434/1 590/435/1
f 1466/434/1 962/432/1 963/436/1
f 492/437/1 694/438/1 1167/439/1
f 1059/399/1 1465/440/1 817/441/1
f 817/441/1 802/442/1 816/383/1
f 1465/440/1 801/428/1 802/442/1
f 553/443/1 993/296/1 1163/323/1
f 554/444/1 995/282/1 1162/327/1
f 786/445/1 1464/446/1 788/447/1
f 484/448/1 712/219/1 1160/449/1
f 788/447/1 1093/450/1 874/451/1
f 1464/446/1 1092/452/1 1093/450/1
f 1463/453/1 874/451/1 875/454/1
f 783/455/1 1462/456/1 782/457/1
f 476/458/1 732/459/1 1153/460/1
f 782/457/1 1151/461/1 966/462/1
f 1462/456/1 1170/463/1 1151/461/1
f 825/464/1 1461/465/1 1065/466/1
f 1065/466/1 971/467/1 1092/452/1
f 1461/465/1 966/462/1 971/467/1
f 826/468/1 784/469/1 825/464/1
f 1460/470/1 783/455/1 784/469/1
f 768/471/1 1459/472/1 767/473/1
f 885/474/1 1458/475/1 1100/476/1
f 1100/476/1 832/477/1 1098/478/1
f 1458/475/1 831/479/1 832/477/1
f 1161/480/1 1457/481/1 886/482/1
f 757/483/1 566/484/1 1140/485/1
f 758/486/1 760/487/1 1139/488/1
f 609/270/1 761/489/1 1138/315/1
f 886/482/1 769/490/1 885/474/1
f 1457/481/1 768/471/1 769/490/1
f 728/491/1 766/492/1 1135/493/1
f 1098/478/1 1456/494/1 984/495/1
f 756/496/1 1455/497/1 755/498/1
f 755/498/1 1070/499/1 837/500/1
f 772/501/1 561/502/1 1130/503/1
f 773/504/1 775/505/1 1129/506/1
f 722/311/1 776/325/1 1128/507/1
f 777/508/1 454/509/1 1127/510/1
f 778/511/1 780/512/1 1126/513/1
f 1455/497/1 1069/514/1 1070/499/1
f 1032/515/1 1454/516/1 1038/347/1
f 1038/347/1 838/517/1 1145/346/1
f 1454/516/1 837/500/1 838/517/1
f 1194/352/1 1453/518/1 1196/353/1
f 1196/353/1 762/519/1 1032/515/1
f 714/520/1 794/326/1 1117/521/1
f 796/522/1 798/299/1 1116/523/1
f 614/524/1 799/525/1 1115/526/1
f 1453/518/1 756/496/1 762/519/1
f 751/527/1 1452/528/1 750/529/1
f 750/529/1 1102/530/1 887/531/1
f 1500/532/1 707/533/1 996/305/1
f 704/534/1 997/314/1 1109/280/1
f 1452/528/1 1101/535/1 1102/530/1
f 953/536/1 1451/537/1 954/538/1
f 954/538/1 888/539/1 586/540/1
f 1451/537/1 887/531/1 888/539/1
f 1145/346/1 1450/541/1 1146/542/1
f 1146/542/1 752/543/1 953/536/1
f 1450/541/1 751/527/1 752/543/1
f 746/544/1 453/545/1 577/546/1
f 835/547/1 456/548/1 1068/549/1
f 820/550/1 547/551/1 1099/552/1
f 1068/549/1 589/553/1 1101/535/1
f 1069/514/1 460/554/1 836/555/1
f 836/555/1 747/556/1 835/547/1
f 460/554/1 746/544/1 747/556/1
f 876/557/1 461/558/1 1095/559/1
f 1095/559/1 844/560/1 1094/561/1
f 461/558/1 843/562/1 844/560/1
f 1154/563/1 462/564/1 877/565/1
f 877/565/1 571/566/1 876/557/1
f 741/567/1 463/568/1 740/569/1
f 740/569/1 1020/367/1 1016/570/1
f 463/568/1 1124/366/1 1020/367/1
f 972/571/1 464/572/1 1152/573/1
f 1152/573/1 1176/574/1 1175/575/1
f 464/572/1 1016/570/1 1176/574/1
f 1094/561/1 465/576/1 979/577/1
f 979/577/1 742/578/1 972/571/1
f 850/308/1 537/579/1 1081/580/1
f 852/276/1 854/581/1 1080/582/1
f 465/576/1 741/567/1 742/578/1
f 735/583/1 466/584/1 734/585/1
f 734/585/1 926/586/1 925/587/1
f 466/584/1 1179/370/1 926/586/1
f 841/588/1 467/589/1 1072/590/1
f 1072/590/1 1132/591/1 1124/366/1
f 467/589/1 925/587/1 1132/591/1
f 842/592/1 736/593/1 841/588/1
f 469/594/1 735/583/1 736/593/1
f 726/595/1 486/596/1 721/597/1
f 721/597/1 1076/598/1 849/599/1
f 486/596/1 1075/600/1 1076/598/1
f 1006/601/1 487/602/1 1007/603/1
f 1007/603/1 855/604/1 1107/605/1
f 487/602/1 849/599/1 855/604/1
f 880/606/1 527/607/1 1064/608/1
f 881/609/1 883/610/1 1063/611/1
f 630/612/1 884/613/1 1062/614/1
f 1165/615/1 490/616/1 1166/617/1
f 1166/617/1 727/618/1 1006/601/1
f 490/616/1 726/595/1 727/618/1
f 709/619/1 491/620/1 708/621/1
f 708/621/1 1057/345/1 1056/622/1
f 491/620/1 1147/344/1 1057/345/1
f 895/623/1 522/624/1 1055/625/1
f 896/626/1 898/627/1 1054/628/1
f 900/629/1 468/630/1 1052/631/1
f 901/632/1 903/633/1 1051/634/1
f 654/233/1 904/635/1 1050/271/1
f 905/636/1 520/637/1 1049/638/1
f 906/639/1 908/640/1 1048/340/1
f 893/641/1 494/642/1 894/643/1
f 648/644/1 999/332/1 1043/263/1
f 912/645/1 515/646/1 1042/647/1
f 917/648/1 472/649/1 1041/650/1
f 918/651/1 920/652/1 1040/338/1
f 642/653/1 921/654/1 1039/655/1
f 894/643/1 1200/348/1 1197/328/1
f 494/642/1 1056/622/1 1200/348/1
f 1107/605/1 495/656/1 1108/657/1
f 605/243/1 928/318/1 1035/236/1
f 1108/657/1 716/658/1 893/641/1
f 931/659/1 933/660/1 1033/661/1
f 495/656/1 709/619/1 716/658/1
f 935/317/1 506/662/1 1031/235/1
f 700/663/1 496/664/1 699/665/1
f 699/665/1 956/666/1 955/667/1
f 597/668/1 941/669/1 1028/670/1
f 496/664/1 1175/575/1 956/666/1
f 847/671/1 497/672/1 1074/673/1
f 1074/673/1 1148/674/1 1147/344/1
f 947/307/1 498/312/1 1024/675/1
f 949/226/1 951/676/1 1023/677/1
f 497/672/1 955/667/1 1148/674/1
f 1075/600/1 500/678/1 848/679/1
f 848/679/1 701/680/1 847/671/1
f 957/681/1 478/682/1 1019/683/1
f 958/684/1 960/685/1 1018/686/1
f 587/687/1 961/688/1 1017/689/1
f 500/678/1 700/663/1 701/680/1
f 692/690/1 501/691/1 691/692/1
f 691/692/1 1097/693/1 878/694/1
f 967/695/1 488/696/1 1013/697/1
f 968/698/1 970/699/1 1012/700/1
f 501/691/1 1096/701/1 1097/693/1
f 937/331/1 504/702/1 940/703/1
f 940/703/1 879/704/1 1165/615/1
f 504/702/1 878/694/1 879/704/1
f 696/705/1 505/706/1 1078/707/1
f 575/708/1 980/709/1 1005/710/1
f 1078/707/1 982/711/1 1096/701/1
f 505/706/1 981/712/1 982/711/1
f 685/713/1 508/714/1 684/715/1
f 684/715/1 1084/716/1 863/717/1
f 508/714/1 1083/718/1 1084/716/1
f 872/719/1 509/720/1 1091/721/1
f 1091/721/1 865/722/1 1090/723/1
f 509/720/1 863/717/1 865/722/1
f 873/724/1 686/725/1 872/719/1
f 510/726/1 685/713/1 686/725/1
f 680/727/1 511/728/1 679/729/1
f 679/729/1 1011/730/1 1008/731/1
f 1005/710/1 978/732/1 977/733/1
f 732/459/1 977/733/1 733/734/1
f 477/735/1 1005/710/1 732/459/1
f 511/728/1 1111/736/1 1011/730/1
f 964/737/1 523/738/1 1150/739/1
f 1150/739/1 1169/740/1 1168/741/1
f 523/738/1 1008/731/1 1169/740/1
f 1090/723/1 526/742/1 965/743/1
f 965/743/1 681/744/1 964/737/1
f 526/742/1 680/727/1 681/744/1
f 671/745/1 528/746/1 670/747/1
f 670/747/1 924/748/1 922/749/1
f 1009/750/1 715/324/1 714/520/1
f 560/751/1 714/520/1 558/752/1
f 528/746/1 1189/364/1 924/748/1
f 974/753/1 990/40/1 715/324/1
f 973/754/1 1010/201/1 974/753/1
f 861/755/1 529/756/1 1082/757/1
f 1082/757/1 1119/758/1 1111/736/1
f 529/756/1 922/749/1 1119/758/1
f 1012/700/1 705/759/1 704/534/1
f 556/760/1 704/534/1 555/761/1
f 1083/718/1 530/762/1 862/763/1
f 1013/697/1 489/764/1 553/443/1
f 970/699/1 553/443/1 705/759/1
f 969/765/1 1013/697/1 970/699/1
f 862/763/1 672/766/1 861/755/1
f 530/762/1 671/745/1 672/766/1
f 666/767/1 531/768/1 663/769/1
f 663/769/1 1022/361/1 1021/770/1
f 531/768/1 1136/360/1 1022/361/1
f 737/771/1 532/772/1 1177/773/1
f 1177/773/1 1180/369/1 1179/370/1
f 532/772/1 1021/770/1 1180/369/1
f 658/774/1 536/775/1 641/776/1
f 1017/689/1 959/777/1 958/684/1
f 694/438/1 958/684/1 695/778/1
f 493/779/1 1017/689/1 694/438/1
f 1018/686/1 689/780/1 688/781/1
f 547/551/1 688/781/1 545/782/1
f 695/778/1 1018/686/1 547/551/1
f 1019/683/1 479/783/1 543/784/1
f 960/685/1 543/784/1 689/780/1
f 959/777/1 1019/683/1 960/685/1
f 641/776/1 943/785/1 942/786/1
f 536/775/1 1168/741/1 943/785/1
f 868/787/1 538/788/1 1086/789/1
f 1086/789/1 1137/790/1 1136/360/1
f 538/788/1 942/786/1 1137/790/1
f 869/791/1 659/792/1 868/787/1
f 539/793/1 658/774/1 659/792/1
f 542/794/1 1090/723/1 1087/795/1
f 632/796/1 544/797/1 629/798/1
f 1023/677/1 675/799/1 674/800/1
f 537/579/1 674/800/1 535/801/1
f 851/227/1 1023/677/1 537/579/1
f 1024/675/1 499/802/1 533/423/1
f 951/676/1 533/423/1 675/799/1
f 950/225/1 1024/675/1 951/676/1
f 629/798/1 1085/803/1 866/804/1
f 544/797/1 1141/354/1 1085/803/1
f 858/805/1 546/806/1 1079/807/1
f 1079/807/1 867/808/1 1083/718/1
f 546/806/1 866/804/1 867/808/1
f 1092/452/1 548/809/1 859/810/1
f 859/810/1 633/811/1 858/805/1
f 548/809/1 632/796/1 633/811/1
f 625/812/1 549/813/1 624/814/1
f 1028/670/1 939/815/1 938/816/1
f 664/418/1 938/816/1 665/817/1
f 503/818/1 1028/670/1 664/418/1
f 624/814/1 1077/819/1 856/820/1
f 549/813/1 1094/561/1 1077/819/1
f 665/817/1 1029/821/1 527/607/1
f 845/822/1 550/823/1 1073/824/1
f 1073/824/1 857/825/1 1075/600/1
f 550/823/1 856/820/1 857/825/1
f 1031/235/1 507/826/1 521/411/1
f 936/182/1 521/411/1 655/232/1
f 1096/701/1 551/827/1 846/828/1
f 846/828/1 626/829/1 845/822/1
f 551/827/1 625/812/1 626/829/1
f 1033/661/1 649/830/1 648/644/1
f 520/637/1 648/644/1 518/831/1
f 653/832/1 1033/661/1 520/637/1
f 1034/833/1 475/834/1 516/407/1
f 933/660/1 516/407/1 649/830/1
f 617/835/1 552/836/1 616/837/1
f 616/837/1 1071/838/1 839/839/1
f 646/405/1 923/840/1 647/841/1
f 483/368/1 1036/842/1 646/405/1
f 552/836/1 1098/478/1 1071/838/1
f 515/646/1 642/653/1 514/843/1
f 647/841/1 1037/844/1 515/646/1
f 833/845/1 557/846/1 1067/847/1
f 1067/847/1 840/848/1 1069/514/1
f 557/846/1 839/839/1 840/848/1
f 1039/655/1 919/849/1 918/651/1
f 644/321/1 918/651/1 645/343/1
f 514/843/1 1039/655/1 644/321/1
f 1040/338/1 606/850/1 605/243/1
f 645/343/1 1040/338/1 989/167/1
f 1041/650/1 471/851/1 470/396/1
f 920/652/1 470/396/1 606/850/1
f 919/849/1 1041/650/1 920/652/1
f 1042/647/1 514/843/1 513/403/1
f 913/161/1 513/403/1 914/251/1
f 916/248/1 1042/647/1 913/161/1
f 518/831/1 1043/263/1 994/265/1
f 1044/132/1 576/852/1 575/708/1
f 519/119/1 575/708/1 477/735/1
f 1045/129/1 451/853/1 452/380/1
f 911/131/1 452/380/1 576/852/1
f 1046/120/1 477/735/1 476/458/1
f 910/122/1 476/458/1 610/269/1
f 1047/854/1 907/855/1 906/639/1
f 638/397/1 906/639/1 639/319/1
f 1105/856/1 562/857/1 834/858/1
f 1048/340/1 651/322/1 650/124/1
f 639/319/1 1048/340/1 988/176/1
f 1049/638/1 518/831/1 517/408/1
f 908/640/1 517/408/1 651/322/1
f 907/855/1 1049/638/1 908/640/1
f 1050/271/1 902/859/1 901/632/1
f 656/26/1 901/632/1 657/860/1
f 1051/634/1 598/861/1 597/668/1
f 522/624/1 597/668/1 503/818/1
f 657/860/1 1051/634/1 522/624/1
f 834/858/1 620/862/1 833/845/1
f 562/857/1 617/835/1 620/862/1
f 902/859/1 1052/631/1 903/633/1
f 1053/117/1 897/863/1 896/626/1
f 581/44/1 896/626/1 582/864/1
f 1054/628/1 631/865/1 630/612/1
f 454/509/1 630/612/1 455/866/1
f 582/864/1 1054/628/1 454/509/1
f 1055/625/1 503/818/1 502/417/1
f 898/627/1 502/417/1 631/865/1
f 897/863/1 1055/625/1 898/627/1
f 564/867/1 1122/372/1 1066/868/1
f 599/869/1 565/870/1 596/871/1
f 596/871/1 1061/872/1 821/873/1
f 565/870/1 1103/874/1 1061/872/1
f 814/392/1 567/875/1 1058/876/1
f 1058/876/1 823/877/1 1059/399/1
f 567/875/1 821/873/1 823/877/1
f 1143/350/1 568/878/1 815/879/1
f 815/879/1 600/880/1 814/392/1
f 568/878/1 599/869/1 600/880/1
f 1030/351/1 595/881/1 568/878/1
f 600/880/1 596/871/1 567/875/1
f 603/882/1 1104/883/1 565/870/1
f 1004/884/1 604/885/1 562/857/1
f 620/862/1 616/837/1 557/846/1
f 621/886/1 1100/476/1 552/836/1
f 982/711/1 622/887/1 551/827/1
f 626/829/1 624/814/1 550/823/1
f 1062/614/1 882/888/1 881/609/1
f 611/388/1 881/609/1 612/889/1
f 455/866/1 1062/614/1 611/388/1
f 1063/611/1 661/890/1 660/891/1
f 478/682/1 660/891/1 479/783/1
f 612/889/1 1063/611/1 478/682/1
f 1064/608/1 525/892/1 524/893/1
f 883/610/1 524/893/1 661/890/1
f 882/888/1 1064/608/1 883/610/1
f 627/894/1 1095/559/1 549/813/1
f 971/467/1 628/895/1 548/809/1
f 633/811/1 629/798/1 546/806/1
f 636/896/1 1142/897/1 544/797/1
f 963/436/1 569/898/1 541/899/1
f 637/900/1 1089/402/1 540/901/1
f 659/792/1 641/776/1 538/788/1
f 662/902/1 1150/739/1 536/775/1
f 667/903/1 663/769/1 532/772/1
f 668/904/1 1086/789/1 531/768/1
f 867/808/1 669/905/1 530/762/1
f 672/766/1 670/747/1 529/756/1
f 673/906/1 1191/365/1 528/746/1
f 865/722/1 678/907/1 526/742/1
f 681/744/1 679/729/1 523/738/1
f 682/908/1 1082/757/1 511/728/1
f 875/454/1 683/909/1 510/726/1
f 686/725/1 684/715/1 509/720/1
f 687/910/1 1079/807/1 508/714/1
f 693/911/1 691/692/1 504/702/1
f 697/912/1 1078/707/1 501/691/1
f 857/825/1 698/913/1 500/678/1
f 701/680/1 699/665/1 497/672/1
f 702/914/1 1152/573/1 496/664/1
f 855/604/1 703/915/1 495/656/1
f 716/658/1 708/621/1 494/642/1
f 717/916/1 1074/673/1 491/620/1
f 879/704/1 720/917/1 490/616/1
f 727/618/1 721/597/1 487/602/1
f 730/918/1 1073/824/1 486/596/1
f 736/593/1 734/585/1 467/589/1
f 738/919/1 1177/773/1 466/584/1
f 844/560/1 739/920/1 465/576/1
f 742/578/1 740/569/1 464/572/1
f 743/921/1 1072/590/1 463/568/1
f 840/848/1 745/922/1 460/554/1
f 747/556/1 577/546/1 456/548/1
f 838/517/1 749/923/1 1450/541/1
f 752/543/1 750/529/1 1451/537/1
f 753/924/1 1068/549/1 1452/528/1
f 892/925/1 754/926/1 1453/518/1
f 762/519/1 755/498/1 1454/516/1
f 764/927/1 1067/847/1 1455/497/1
f 832/477/1 578/928/1 1456/494/1
f 934/929/1 765/930/1 1457/481/1
f 1080/582/1 677/931/1 676/932/1
f 572/933/1 676/932/1 473/934/1
f 573/278/1 1080/582/1 572/933/1
f 1081/580/1 535/801/1 534/935/1
f 854/581/1 534/935/1 677/931/1
f 853/275/1 1081/580/1 854/581/1
f 769/490/1 767/473/1 1458/475/1
f 828/936/1 771/937/1 1460/470/1
f 784/469/1 782/457/1 1461/465/1
f 785/938/1 1171/939/1 1462/456/1
f 789/940/1 1065/466/1 1464/446/1
f 823/877/1 791/941/1 1465/440/1
f 802/442/1 800/430/1 1466/434/1
f 804/942/1 1159/943/1 1467/429/1
f 819/409/1 805/376/1 1468/426/1
f 808/378/1 590/435/1 1469/421/1
f 952/944/1 809/386/1 1470/415/1
f 812/420/1 810/394/1 1471/401/1
f 813/390/1 1058/876/1 1472/393/1
f 1144/945/1 815/879/1 1473/385/1
f 1060/395/1 817/441/1 1474/375/1
f 1061/872/1 1002/946/1 1475/947/1
f 1066/868/1 1015/373/1 1477/948/1
f 1134/949/1 830/950/1 1478/951/1
f 1106/952/1 834/858/1 1479/953/1
f 1070/499/1 836/555/1 1480/954/1
f 1071/838/1 984/495/1 1481/955/1
f 1097/693/1 846/828/1 1483/956/1
f 1076/598/1 848/679/1 1484/957/1
f 1077/819/1 979/577/1 1485/958/1
f 1093/450/1 859/810/1 1486/959/1
f 1084/716/1 862/763/1 1487/960/1
f 1085/803/1 1026/355/1 1488/961/1
f 1087/795/1 965/743/1 1490/962/1
f 1173/963/1 871/416/1 1491/964/1
f 1149/431/1 585/329/1 1492/965/1
f 1151/461/1 945/966/1 1493/967/1
f 1155/968/1 877/565/1 1494/969/1
f 1164/970/1 886/482/1 1495/971/1
f 1193/359/1 890/972/1 1496/973/1
f 158/328/6 1587/328/6 65/328/6
f 1176/574/1 1769/575/1 1175/575/1
f 1056/622/1 1836/348/1 1200/348/1
f 773/504/9 1340/974/9 594/974/9
f 157/328/6 1585/328/6 64/328/6
f 1173/963/1 1765/414/1 1172/414/1
f 1032/515/1 1834/353/1 1196/353/1
f 572/933/1 1715/278/1 573/278/1
f 1099/552/2 1387/550/2 820/550/2
f 156/328/6 1583/328/6 63/328/6
f 638/397/10 1404/854/10 1047/854/10
f 471/851/5 1213/649/5 1214/851/5
f 1171/939/1 1763/463/1 1170/463/1
f 1047/854/10 1388/975/10 909/975/10
f 941/669/5 1351/861/5 1365/669/5
f 1027/976/1 1832/359/1 1193/359/1
f 547/551/9 1416/552/9 1099/552/9
f 475/834/1 1683/336/1 991/336/1
f 766/492/5 1381/977/5 1314/492/5
f 472/649/5 1261/978/5 1213/649/5
f 763/979/9 1377/980/9 602/980/9
f 933/660/5 1359/981/5 1389/660/5
f 468/630/5 1377/980/5 1212/630/5
f 480/288/1 1744/982/1 1497/982/1
f 653/832/10 1358/659/10 931/659/10
f 17/328/6 1528/328/6 160/328/6
f 155/328/6 1581/328/6 62/328/6
f 1169/740/1 1761/741/1 1168/741/1
f 1025/983/1 1830/365/1 1191/365/1
f 16/328/6 1526/328/6 159/328/6
f 457/984/2 1206/985/2 458/985/2
f 154/328/6 1579/328/6 61/328/6
f 1166/617/1 1759/615/1 1165/615/1
f 1111/736/1 1778/730/1 1011/730/1
f 1021/770/1 1828/369/1 1180/369/1
f 473/934/1 1664/933/1 572/933/1
f 15/328/6 1524/328/6 158/328/6
f 153/328/6 1577/328/6 60/328/6
f 1164/970/1 1757/480/1 1161/480/1
f 1253/357/11 1864/963/11 1203/963/11
f 14/328/6 1522/328/6 157/328/6
f 1159/943/1 1755/433/1 1158/433/1
f 1251/363/1 1868/986/1 1201/986/1
f 1107/605/1 1776/603/1 1007/603/1
f 1016/570/1 1826/574/1 1176/574/1
f 13/328/6 1520/328/6 156/328/6
f 450/128/1 1705/853/1 451/853/1
f 555/761/1 1109/280/1 995/282/1
f 1498/987/1 1500/532/1 1501/988/1
f 12/328/6 1518/328/6 155/328/6
f 1105/856/1 1774/884/1 1004/884/1
f 11/328/6 1516/328/6 154/328/6
f 1112/989/1 707/533/1 706/990/1
f 579/362/1 706/990/1 1498/987/1
f 149/328/6 1575/328/6 56/328/6
f 1113/991/1 555/761/1 554/444/1
f 803/992/1 554/444/1 707/533/1
f 10/328/6 1514/328/6 153/328/6
f 489/764/1 1114/81/1 993/296/1
f 1115/526/1 797/301/1 796/522/1
f 618/993/1 796/522/1 619/994/1
f 457/984/1 1115/526/1 618/993/1
f 1116/523/1 711/300/1 710/79/1
f 488/696/1 710/79/1 489/764/1
f 619/994/1 1116/523/1 488/696/1
f 1117/521/1 793/303/1 792/67/1
f 718/995/1 792/67/1 719/996/1
f 558/752/1 1117/521/1 718/995/1
f 559/997/1 992/196/1 485/221/1
f 719/996/1 1118/69/1 559/997/1
f 4/328/6 1618/328/6 1507/328/6
f 1103/874/1 1772/946/1 1002/946/1
f 147/328/6 1571/328/6 54/328/6
f 1120/998/1 615/999/1 614/524/1
f 458/985/1 614/524/1 457/984/1
f 2/328/6 1616/328/6 1505/328/6
f 1121/1000/1 485/221/1 484/448/1
f 790/1001/1 484/448/1 615/999/1
f 574/341/1 1700/4/1 986/4/1
f 146/328/6 1569/328/6 53/328/6
f 1148/674/1 1791/344/1 1147/344/1
f 790/1001/10 1424/1000/10 1121/1000/10
f 1/328/6 1614/328/6 1503/328/6
f 8/328/6 1512/328/6 150/328/6
f 145/328/6 1567/328/6 52/328/6
f 1121/1000/10 1380/997/10 559/997/10
f 1146/542/1 1789/346/1 1145/346/1
f 3/328/12 1612/328/12 1509/328/12
f 1125/63/1 779/1002/1 778/511/1
f 724/47/1 778/511/1 725/1003/1
f 1126/513/1 588/1004/1 587/687/1
f 561/502/1 587/687/1 493/779/1
f 725/1003/1 1126/513/1 561/502/1
f 1127/510/1 455/866/1 459/387/1
f 780/512/1 459/387/1 588/1004/1
f 779/1002/1 1127/510/1 780/512/1
f 1128/507/1 774/1005/1 773/504/1
f 593/424/1 773/504/1 594/974/1
f 499/802/1 1128/507/1 593/424/1
f 144/328/6 1565/328/6 51/328/6
f 1144/945/1 1787/350/1 1143/350/1
f 249/328/6 1513/328/6 8/328/6
f 1130/503/1 493/779/1 492/437/1
f 775/505/1 492/437/1 623/1006/1
f 774/1005/1 1130/503/1 775/505/1
f 498/312/1 722/311/1 499/802/1
f 860/1007/2 1441/425/2 1174/425/2
f 143/328/6 1563/328/6 50/328/6
f 1142/897/1 1785/354/1 1141/354/1
f 1174/425/9 1344/1008/9 864/1008/9
f 458/985/10 1423/998/10 1120/998/10
f 1014/1009/1 1824/939/1 1171/939/1
f 1120/998/10 1385/1001/10 790/1001/10
f 594/974/9 1339/1007/9 860/1007/9
f 1012/700/2 1367/698/2 968/698/2
f 5/328/6 1510/328/6 147/328/6
f 601/412/1 763/979/1 602/980/1
f 507/826/1 1135/493/1 601/412/1
f 719/996/2 1300/995/2 718/995/2
f 1137/790/1 1783/360/1 1136/360/1
f 1008/731/1 1822/740/1 1169/740/1
f 3/328/6 1508/328/6 146/328/6
f 556/760/10 1396/700/10 1012/700/10
f 1134/949/1 1839/1010/1 1133/1010/1
f 1138/315/1 759/1011/1 758/486/1
f 634/14/1 758/486/1 635/316/1
f 1139/488/1 729/977/1 728/491/1
f 506/662/1 728/491/1 507/826/1
f 635/316/1 1139/488/1 506/662/1
f 566/484/5 1382/734/5 1244/484/5
f 760/487/1 563/1012/1 729/977/1
f 759/1011/1 1140/485/1 760/487/1
f 246/328/6 1511/328/6 5/328/6
f 1006/601/1 1820/617/1 1166/617/1
f 563/1012/9 1381/977/9 729/977/9
f 558/752/2 1240/751/2 560/751/2
f 718/995/2 1239/752/2 558/752/2
f 1037/844/5 1353/840/5 1402/844/5
f 976/1013/5 1449/382/5 1373/1013/5
f 642/653/5 1402/844/5 1278/653/5
f 4/328/6 1506/328/6 145/328/6
f 613/381/9 1449/382/9 1199/382/9
f 92/328/6 1618/328/6 253/328/6
f 559/997/2 1301/996/2 719/996/2
f 1132/591/1 1781/366/1 1124/366/1
f 1036/842/5 1252/356/5 1401/842/5
f 923/840/5 1401/842/5 1353/840/5
f 978/732/9 1374/733/9 977/733/9
f 560/751/10 1394/750/10 1009/750/10
f 973/754/2 1372/1014/2 975/1014/2
f 1009/750/10 1390/753/10 974/753/10
f 545/782/2 1237/551/2 547/551/2
f 689/780/9 1293/781/9 688/781/9
f 933/660/10 1400/833/10 1034/833/10
f 479/783/9 1233/784/9 543/784/9
f 968/698/10 1368/765/10 969/765/10
f 1034/833/10 1378/339/10 474/339/10
f 967/695/10 1270/994/10 619/994/10
f 688/781/9 1236/782/9 545/782/9
f 677/931/9 1289/932/9 676/932/9
f 543/784/9 1294/780/9 689/780/9
f 675/799/9 1287/800/9 674/800/9
f 803/992/10 1421/991/10 1113/991/10
f 1113/991/10 1379/760/10 556/760/10
f 563/1012/5 1430/485/5 1242/1012/5
f 535/801/9 1231/935/9 534/935/9
f 566/484/9 1430/485/9 1140/485/9
f 676/932/9 1216/934/9 473/934/9
f 1153/460/1 733/734/1 757/483/1
f 761/489/1 757/483/1 759/1011/1
f 610/269/1 1153/460/1 761/489/1
f 579/362/10 1420/989/10 1112/989/10
f 822/1015/2 1331/1016/2 824/1016/2
f 674/800/9 1232/801/9 535/801/9
f 1112/989/10 1386/992/10 803/992/10
f 534/935/9 1290/931/9 677/931/9
f 661/890/9 1284/891/9 660/891/9
f 1156/48/1 725/1003/1 772/501/1
f 776/325/1 772/501/1 774/1005/1
f 1157/45/1 582/864/1 777/508/1
f 781/62/1 777/508/1 779/1002/1
f 525/892/5 1230/607/5 1229/892/5
f 864/1008/2 1288/799/2 675/799/2
f 525/892/9 1228/893/9 524/893/9
f 653/832/5 1280/1017/5 1281/832/5
f 660/891/9 1234/783/9 479/783/9
f 1029/821/5 1362/816/5 1397/821/5
f 1160/449/1 713/220/1 795/70/1
f 799/525/1 795/70/1 797/301/1
f 615/999/1 1160/449/1 799/525/1
f 524/893/9 1285/890/9 661/890/9
f 1029/821/9 1230/607/9 527/607/9
f 642/653/10 1279/1018/10 643/1018/10
f 707/533/1 1162/327/1 996/305/1
f 705/759/1 1163/323/1 997/314/1
f 939/815/5 1365/669/5 1363/815/5
f 939/815/9 1362/816/9 938/816/9
f 638/397/5 1214/851/5 1383/397/5
f 763/979/5 1428/493/5 1311/979/5
f 766/492/9 1428/493/9 1135/493/9
f 643/1018/10 1226/1019/10 512/1019/10
f 931/659/10 1359/981/10 932/981/10
f 1188/1020/5 1226/1019/5 1444/1020/5
f 977/733/9 1382/734/9 733/734/9
f 1167/439/1 695/778/1 820/550/1
f 824/1016/1 820/550/1 822/1015/1
f 623/1006/1 1167/439/1 824/1016/1
f 976/1013/9 1375/732/9 978/732/9
f 619/994/2 1269/993/2 618/993/2
f 975/1014/2 1247/341/2 574/341/2
f 1188/1020/10 1260/1021/10 607/1021/10
f 974/753/2 1371/754/2 973/754/2
f 618/993/2 1205/984/2 457/984/2
f 1003/1022/1 1818/970/1 1164/970/1
f 2/328/6 1504/328/6 144/328/6
f 91/328/6 1616/328/6 252/328/6
f 1123/335/1 1779/372/1 1122/372/1
f 1052/631/9 1350/633/9 903/633/9
f 985/1023/1 1816/943/1 1159/943/1
f 468/630/9 1405/631/9 1052/631/9
f 1/328/6 1502/328/6 143/328/6
f 969/765/10 1366/695/10 967/695/10
f 90/328/6 1614/328/6 251/328/6
f 1119/758/1 1777/736/1 1111/736/1
f 89/328/13 1612/328/13 250/328/13
f 1174/425/1 594/974/1 860/1007/1
f 1108/657/1 1775/605/1 1107/605/1
f 675/799/1 1174/425/1 864/1008/1
f 242/328/6 1529/328/6 17/328/6
f 1175/575/1 1770/666/1 956/666/1
f 88/328/6 1610/328/6 249/328/6
f 1106/952/1 1773/856/1 1105/856/1
f 241/328/6 1527/328/6 16/328/6
f 1104/883/1 1771/874/1 1103/874/1
f 240/328/6 1525/328/6 15/328/6
f 239/328/6 1523/328/6 14/328/6
f 85/328/6 1608/328/6 246/328/6
f 1178/419/1 665/817/1 880/606/1
f 884/613/1 880/606/1 882/888/1
f 631/865/1 1178/419/1 884/613/1
f 238/328/6 1521/328/6 13/328/6
f 824/1016/2 1272/1006/2 623/1006/2
f 586/540/1 1768/538/1 954/538/1
f 955/667/1 1814/674/1 1148/674/1
f 237/328/6 1519/328/6 12/328/6
f 1172/414/1 1766/944/1 952/944/1
f 1181/27/1 657/860/1 895/623/1
f 899/116/1 895/623/1 897/863/1
f 1182/413/1 602/980/1 900/629/1
f 904/635/1 900/629/1 902/859/1
f 655/232/1 1182/413/1 904/635/1
f 1183/1024/1 653/832/1 905/636/1
f 909/975/1 905/636/1 907/855/1
f 953/536/1 1812/542/1 1146/542/1
f 651/322/1 1184/337/1 998/125/1
f 649/830/1 1185/333/1 999/332/1
f 1186/406/1 647/841/1 912/645/1
f 915/164/1 912/645/1 916/248/1
f 987/313/1 1186/406/1 915/164/1
f 914/251/1 1187/320/1 1000/173/1
f 1188/1020/1 608/978/1 917/648/1
f 921/654/1 917/648/1 919/849/1
f 643/1018/1 1188/1020/1 921/654/1
f 236/328/6 1517/328/6 11/328/6
f 1170/463/1 1764/966/1 945/966/1
f 1129/506/2 1384/504/2 773/504/2
f 1190/398/1 639/319/1 927/175/1
f 928/318/1 927/175/1 929/237/1
f 606/850/1 1190/398/1 928/318/1
f 1215/342/1 1945/934/1 1216/934/1
f 235/328/6 1515/328/6 10/328/6
f 1168/741/1 1762/785/1 943/785/1
f 820/550/9 1329/1015/9 822/1015/9
f 623/1006/2 1315/505/2 775/505/2
f 81/328/6 1606/328/6 242/328/6
f 80/328/6 1604/328/6 241/328/6
f 909/975/10 1443/1024/10 1183/1024/10
f 1165/615/1 1760/703/1 940/703/1
f 79/328/6 1602/328/6 240/328/6
f 1183/1024/10 1280/1017/10 652/1017/10
f 78/328/6 1600/328/6 239/328/6
f 1195/389/1 612/889/1 957/681/1
f 961/688/1 957/681/1 959/777/1
f 588/1004/1 1195/389/1 961/688/1
f 775/505/9 1426/506/9 1129/506/9
f 1161/480/1 1758/929/1 934/929/1
f 77/328/6 1598/328/6 238/328/6
f 1158/433/1 1756/329/1 585/329/1
f 608/978/5 1260/1021/5 1261/978/5
f 598/861/5 1350/633/5 1351/861/5
f 975/1014/1 1001/199/1 973/754/1
f 574/341/1 1198/6/1 975/1014/1
f 76/328/6 1596/328/6 237/328/6
f 980/709/1 976/1013/1 978/732/1
f 576/852/1 1199/382/1 980/709/1
f 75/328/6 1594/328/6 236/328/6
f 74/328/6 1592/328/6 235/328/6
f 226/328/6 1561/328/6 38/328/6
f 1179/370/1 1754/586/1 926/586/1
f 1204/1025/1 1269/993/1 1448/1026/1
f 1210/1027/1 1274/724/1 1447/1028/1
f 1226/1019/1 1260/1021/1 1444/1020/1
f 1222/1029/1 1280/1017/1 1443/1024/1
f 1228/893/1 1286/791/1 1442/1030/1
f 1231/935/1 1291/1031/1 1440/1032/1
f 1233/784/1 1248/1033/1 1439/1034/1
f 1235/1035/1 1296/592/1 1438/1036/1
f 1219/530/1 1297/1037/1 1437/1038/1
f 1238/1039/1 1300/995/1 1436/1040/1
f 1242/1012/1 1306/468/1 1435/1041/1
f 1308/427/1 1310/422/1 1433/1042/1
f 1311/979/1 1313/447/1 1429/453/1
f 1316/1043/1 1240/751/1 1425/472/1
f 1318/1044/1 1380/997/1 1424/1000/1
f 1319/1045/1 1385/1001/1 1423/998/1
f 1322/1046/1 1379/760/1 1421/991/1
f 1323/1047/1 1386/992/1 1420/989/1
f 1267/539/1 1325/1048/1 1419/1049/1
f 1326/1050/1 1206/985/1 1418/545/1
f 1328/566/1 1330/1051/1 1415/558/1
f 1271/1052/1 1331/1016/1 1414/564/1
f 1293/781/1 1334/1053/1 1413/594/1
f 1289/932/1 1338/1054/1 1412/1055/1
f 1339/1007/1 1209/1056/1 1411/1057/1
f 1341/1058/1 1343/1059/1 1410/706/1
f 1287/800/1 1344/1008/1 1409/1060/1
f 1284/891/1 1348/1061/1 1407/1062/1
f 1282/1063/1 1349/1064/1 1406/793/1
f 1276/1065/1 1388/975/1 1404/854/1
f 1353/840/1 1355/1066/1 1402/844/1
f 1252/356/1 1356/1067/1 1401/842/1
f 1357/1068/1 1378/339/1 1400/833/1
f 1361/1069/1 1221/721/1 1398/794/1
f 1362/816/1 1364/1070/1 1397/821/1
f 1254/553/1 1369/1071/1 1395/1072/1
f 1370/1073/1 1390/753/1 1394/750/1
f 1246/377/1 1372/1014/1 1393/1074/1
f 1373/1013/1 1218/335/1 1392/867/1
f 1374/733/1 1376/1075/1 1391/1076/1
f 1391/1076/1 1305/1077/1 1304/936/1
f 1244/484/1 1304/936/1 1243/1078/1
f 1382/734/1 1391/1076/1 1244/484/1
f 1376/1075/1 1241/868/1 1305/1077/1
f 1375/732/1 1392/867/1 1376/1075/1
f 1393/1074/1 1371/754/1 1370/1073/1
f 1302/950/1 1370/1073/1 1303/1079/1
f 1217/1010/1 1393/1074/1 1302/950/1
f 1303/1079/1 1394/750/1 1240/751/1
f 1395/1072/1 1368/765/1 1367/698/1
f 1297/1037/1 1367/698/1 1298/1080/1
f 1220/535/1 1395/1072/1 1297/1037/1
f 1298/1080/1 1396/700/1 1379/760/1
f 1397/821/1 1283/1081/1 1282/1063/1
f 1230/607/1 1282/1063/1 1229/892/1
f 1364/1070/1 1227/795/1 1283/1081/1
f 1363/815/1 1398/794/1 1364/1070/1
f 1399/899/1 1359/981/1 1358/659/1
f 1280/1017/1 1358/659/1 1281/832/1
f 1223/1082/1 1399/899/1 1280/1017/1
f 1359/981/1 1400/833/1 1389/660/1
f 1401/842/1 1354/1083/1 1353/840/1
f 1402/844/1 1279/1018/1 1278/653/1
f 1403/901/1 1225/410/1 1226/1019/1
f 1355/1066/1 1226/1019/1 1279/1018/1
f 1354/1083/1 1403/901/1 1355/1066/1
f 1214/851/1 1404/854/1 1383/397/1
f 1405/631/1 1211/1084/1 1210/1027/1
f 1350/633/1 1210/1027/1 1351/861/1
f 1229/892/1 1406/793/1 1286/791/1
f 1407/1062/1 1347/767/1 1346/903/1
f 1248/1033/1 1346/903/1 1249/771/1
f 1234/783/1 1407/1062/1 1248/1033/1
f 1211/1084/1 1408/726/1 1274/724/1
f 1409/1060/1 1342/1085/1 1341/1058/1
f 1291/1031/1 1341/1058/1 1292/705/1
f 1232/801/1 1409/1060/1 1291/1031/1
f 1411/1057/1 1208/563/1 1207/968/1
f 1343/1059/1 1207/968/1 1258/712/1
f 1342/1085/1 1411/1057/1 1343/1059/1
f 1412/1055/1 1337/690/1 1336/911/1
f 1215/342/1 1336/911/1 1262/331/1
f 1216/934/1 1412/1055/1 1215/342/1
f 225/328/6 1559/328/6 37/328/6
f 1326/1050/3 983/1086/3 1257/1086/3
f 1257/1086/2 984/495/2 1256/495/2
f 1413/594/4 842/592/4 1296/592/4
f 1202/540/3 888/539/3 1267/539/3
f 986/4/2 1620/4/2 149/4/2
f 1235/1035/4 843/562/4 1295/562/4
f 1425/472/2 770/1043/2 1316/1043/2
f 1334/1053/4 469/594/4 1413/594/4
f 224/328/6 1557/328/6 36/328/6
f 1259/436/5 541/899/5 1399/899/5
f 223/328/6 1555/328/6 35/328/6
f 1189/364/1 1752/748/1 924/748/1
f 946/384/1 1810/945/1 1144/945/1
f 1310/422/3 1469/421/3 1434/421/3
f 222/328/6 1553/328/6 34/328/6
f 1309/379/5 583/422/5 1310/422/5
f 1410/706/2 570/1058/2 1341/1058/2
f 1197/328/1 1750/643/1 894/643/1
f 1317/473/3 1459/472/3 1425/472/3
f 1347/767/4 667/903/4 1346/903/4
f 944/1087/1 1808/897/1 1142/897/1
f 1434/421/3 590/435/3 1245/435/3
f 221/328/6 1551/328/6 33/328/6
f 942/786/1 1806/790/1 1137/790/1
f 1399/899/3 569/898/3 1360/898/3
f 579/362/10 1890/362/10 1250/362/10
f 220/328/6 1549/328/6 32/328/6
f 1194/352/1 1748/925/1 892/925/1
f 1219/530/3 1101/535/3 1220/535/3
f 1418/545/2 748/1050/2 1326/1050/2
f 1343/1059/4 505/706/4 1410/706/4
f 930/1088/1 1804/949/1 1134/949/1
f 1442/1030/5 668/904/5 1345/904/5
f 1236/782/1 1413/594/1 1296/592/1
f 67/328/6 1590/328/6 226/328/6
f 1398/794/5 1087/795/5 1227/795/5
f 219/328/6 1547/328/6 31/328/6
f 1332/919/4 735/583/4 1333/583/4
f 925/587/1 1802/591/1 1132/591/1
f 66/328/6 1588/328/6 225/328/6
f 922/749/1 1800/758/1 1119/758/1
f 1327/546/3 453/545/3 1418/545/3
f 1286/791/4 1489/1030/4 1442/1030/4
f 65/328/6 1586/328/6 224/328/6
f 1221/721/4 542/794/4 1398/794/4
f 1307/409/5 1468/426/5 1432/426/5
f 893/641/1 1798/657/1 1108/657/1
f 64/328/6 1584/328/6 223/328/6
f 216/328/6 1545/328/6 28/328/6
f 1414/564/1 1329/1015/1 1328/566/1
f 891/1089/1 1796/952/1 1106/952/1
f 1432/426/5 807/427/5 1308/427/5
f 63/328/6 1582/328/6 222/328/6
f 1201/986/1 1940/540/1 1202/540/1
f 215/328/6 1543/328/6 27/328/6
f 1416/552/1 1236/782/1 1235/1035/1
f 1330/1051/1 1235/1035/1 1295/562/1
f 1329/1015/1 1416/552/1 1330/1051/1
f 889/1090/1 1794/883/1 1104/883/1
f 62/328/6 1580/328/6 221/328/6
f 1254/553/2 456/548/2 1417/548/2
f 1417/548/1 1255/1091/1 1254/553/1
f 214/328/6 1541/328/6 26/328/6
f 61/328/6 1578/328/6 220/328/6
f 1418/545/1 1205/984/1 1204/1025/1
f 1327/546/1 1204/1025/1 1255/1091/1
f 213/328/6 1539/328/6 25/328/6
f 1225/410/3 819/409/3 1307/409/3
f 60/328/6 1576/328/6 219/328/6
f 1392/867/5 1066/868/5 1241/868/5
f 212/328/6 1537/328/6 24/328/6
f 211/328/6 1535/328/6 23/328/6
f 1417/548/3 577/546/3 1327/546/3
f 1133/1010/2 1943/1010/2 1217/1010/2
f 210/328/6 1533/328/6 22/328/6
f 209/328/6 1531/328/6 21/328/6
f 1218/335/4 564/867/4 1392/867/4
f 1192/358/1 1746/972/1 890/972/1
f 1227/795/4 592/1081/4 1283/1081/4
f 56/328/6 1574/328/6 215/328/6
f 1057/345/1 1835/622/1 1056/622/1
f 1283/1081/5 640/1064/5 1349/1064/5
f 1299/479/2 767/473/2 1317/473/2
f 1302/950/2 1133/1010/2 1217/1010/2
f 55/328/6 1572/328/6 214/328/6
f 1419/1049/1 1324/1092/1 1323/1047/1
f 1201/986/1 1323/1047/1 1251/363/1
f 1202/540/1 1419/1049/1 1201/986/1
f 1251/363/1 1420/989/1 1250/362/1
f 1324/1092/1 1421/991/1 1386/992/1
f 1422/494/1 1320/1093/1 1319/1045/1
f 1256/495/1 1319/1045/1 1257/1086/1
f 178/288/3 1651/288/3 480/288/3
f 1257/1086/1 1423/998/1 1206/985/1
f 1320/1093/1 1424/1000/1 1385/1001/1
f 1431/434/5 963/436/5 1259/436/5
f 1038/347/1 1833/515/1 1032/515/1
f 1316/1043/3 829/1079/3 1303/1079/3
f 1258/712/2 690/1059/2 1343/1059/2
f 1245/435/3 1466/434/3 1431/434/3
f 54/328/6 1570/328/6 213/328/6
f 1425/472/1 1239/752/1 1238/1039/1
f 1317/473/1 1238/1039/1 1299/479/1
f 1275/719/5 1091/721/5 1221/721/5
f 1426/506/1 1272/1006/1 1271/1052/1
f 1209/1056/1 1271/1052/1 1208/563/1
f 1340/974/1 1426/506/1 1209/1056/1
f 1256/495/3 1456/494/3 1422/494/3
f 1220/535/3 589/553/3 1254/553/3
f 1243/1078/1 1427/470/1 1306/468/1
f 1346/903/4 737/771/4 1249/771/4
f 1415/558/2 571/566/2 1328/566/2
f 1422/494/3 578/928/3 1321/928/3
f 1030/351/1 1831/976/1 1027/976/1
f 1345/904/4 666/767/4 1347/767/4
f 1337/690/4 693/911/4 1336/911/4
f 1428/493/1 1312/445/1 1311/979/1
f 1274/724/5 872/719/5 1275/719/5
f 1212/630/1 1273/454/1 1211/1084/1
f 1377/980/1 1429/453/1 1212/630/1
f 53/328/6 1568/328/6 212/328/6
f 1314/492/5 786/445/5 1312/445/5
f 1268/531/3 1102/530/3 1219/530/3
f 1430/485/1 1243/1078/1 1242/1012/1
f 1292/705/4 697/912/4 1335/912/4
f 1378/339/10 1657/339/10 474/339/10
f 1330/1051/4 461/558/4 1415/558/4
f 1026/355/1 1829/983/1 1025/983/1
f 1245/435/1 1259/436/1 1223/1082/1
f 52/328/6 1566/328/6 211/328/6
f 1414/564/2 584/1052/2 1271/1052/2
f 1435/1041/4 787/492/4 1314/492/4
f 1022/361/1 1827/770/1 1021/770/1
f 51/328/6 1564/328/6 210/328/6
f 1260/1021/1 1308/427/1 1261/978/1
f 1225/410/1 1432/426/1 1260/1021/1
f 1433/1042/1 1277/1094/1 1276/1065/1
f 1213/649/1 1276/1065/1 1214/851/1
f 1261/978/1 1433/1042/1 1213/649/1
f 1434/421/1 1223/1082/1 1222/1029/1
f 1310/422/1 1222/1029/1 1277/1094/1
f 1328/566/2 462/564/2 1414/564/2
f 1306/468/4 1476/1041/4 1435/1041/4
f 1020/367/1 1825/570/1 1016/570/1
f 50/328/6 1562/328/6 209/328/6
f 1208/563/4 1155/968/4 1207/968/4
f 1015/373/1 1823/1009/1 1014/1009/1
f 580/356/5 1889/356/5 1252/356/5
f 1267/539/3 887/531/3 1268/531/3
f 1011/730/1 1821/731/1 1008/731/1
f 1173/963/5 1864/963/5 1840/963/5
f 1217/1010/7 1857/377/7 1246/377/7
f 1007/603/1 1819/601/1 1006/601/1
f 1429/453/5 875/454/5 1273/454/5
f 1218/335/4 1838/335/4 1123/335/4
f 1406/793/4 869/791/4 1286/791/4
f 1004/884/1 1817/1022/1 1003/1022/1
f 1321/928/2 831/479/2 1299/479/2
f 1002/946/1 1815/1023/1 985/1023/1
f 585/329/3 1912/329/3 1263/329/3
f 1216/934/9 1663/934/9 473/934/9
f 1349/1064/4 539/793/4 1406/793/4
f 1381/977/1 1435/1041/1 1314/492/1
f 1273/454/5 510/726/5 1408/726/5
f 956/666/1 1813/667/1 955/667/1
f 451/853/1 1742/381/1 613/381/1
f 1313/447/4 1463/453/4 1429/453/4
f 954/538/1 1811/536/1 953/536/1
f 1308/427/3 806/379/3 1309/379/3
f 1436/1040/1 1301/996/1 1318/1044/1
f 1321/928/1 1318/1044/1 1320/1093/1
f 1299/479/1 1436/1040/1 1321/928/1
f 1437/1038/1 1298/1080/1 1322/1046/1
f 1325/1048/1 1322/1046/1 1324/1092/1
f 1268/531/1 1437/1038/1 1325/1048/1
f 952/944/1 1809/384/1 946/384/1
f 613/381/9 1896/381/9 1265/381/9
f 945/966/1 1807/1087/1 944/1087/1
f 482/404/1 1649/368/1 483/368/1
f 943/785/1 1805/786/1 942/786/1
f 1408/726/4 873/724/4 1274/724/4
f 1497/982/1 1652/371/1 481/371/1
f 940/703/1 1837/331/1 937/331/1
f 934/929/1 1803/1088/1 930/1088/1
f 1202/540/3 1767/540/3 586/540/3
f 1333/583/2 731/1053/2 1334/1053/2
f 926/586/1 1801/587/1 925/587/1
f 1439/1034/1 1249/771/1 1332/919/1
f 1334/1053/1 1332/919/1 1333/583/1
f 1294/780/1 1439/1034/1 1334/1053/1
f 1341/1058/4 696/705/4 1292/705/4
f 184/328/6 1619/328/6 92/328/6
f 573/278/4 1573/278/4 55/278/4
f 924/748/1 1799/749/1 922/749/1
f 183/328/6 1617/328/6 91/328/6
f 1352/900/5 540/901/5 1403/901/5
f 1249/771/4 738/919/4 1332/919/4
f 987/313/1 1648/404/1 482/404/1
f 474/339/1 1658/834/1 475/834/1
f 1440/1032/1 1292/705/1 1335/912/1
f 1338/1054/1 1335/912/1 1337/690/1
f 1290/931/1 1440/1032/1 1338/1054/1
f 1344/1008/1 1339/1007/1 1342/1085/1
f 894/643/1 1797/641/1 893/641/1
f 182/328/6 1615/328/6 90/328/6
f 1336/911/4 937/331/4 1262/331/4
f 1360/898/3 1492/965/3 1446/965/3
f 1241/868/4 827/1077/4 1305/1077/4
f 892/925/1 1795/1089/1 891/1089/1
f 181/328/13 1613/328/13 89/328/13
f 1335/912/4 692/690/4 1337/690/4
f 1446/965/3 585/329/3 1263/329/3
f 1403/901/3 1089/402/3 1224/402/3
f 1348/1061/1 1345/904/1 1347/767/1
f 1285/890/1 1442/1030/1 1348/1061/1
f 1438/1036/2 591/1035/2 1235/1035/2
f 890/972/1 1793/1090/1 889/1090/1
f 1265/381/1 1930/334/1 1266/334/1
f 1277/1094/1 1443/1024/1 1388/975/1
f 1203/963/5 1491/964/5 1445/964/5
f 1356/1067/1 1352/900/1 1354/1083/1
f 1253/357/1 1445/964/1 1356/1067/1
f 1446/965/1 1264/330/1 1357/1068/1
f 1360/898/1 1357/1068/1 1359/981/1
f 180/328/6 1611/328/6 88/328/6
f 1447/1028/1 1275/719/1 1361/1069/1
f 1365/669/1 1361/1069/1 1363/815/1
f 1351/861/1 1447/1028/1 1365/669/1
f 1304/936/5 1460/470/5 1427/470/5
f 1445/964/5 637/900/5 1352/900/5
f 1305/1077/4 828/936/4 1304/936/4
f 1303/1079/2 830/950/2 1302/950/2
f 1295/562/2 744/1051/2 1330/1051/2
f 1312/445/5 788/447/5 1313/447/5
f 1296/592/4 1482/1036/4 1438/1036/4
f 1427/470/4 826/468/4 1306/468/4
f 1207/968/4 981/712/4 1258/712/4
f 1448/1026/1 1270/994/1 1366/695/1
f 1369/1071/1 1366/695/1 1368/765/1
f 1255/1091/1 1448/1026/1 1369/1071/1
f 1449/382/1 1266/334/1 1373/1013/1
f 1271/1052/4 1154/563/4 1208/563/4
f 1224/402/5 1088/410/5 1225/410/5
f 38/328/6 1560/328/6 184/328/6
f 1475/947/1 985/1023/1 804/942/1
f 791/941/1 804/942/1 801/428/1
f 821/873/1 1475/947/1 791/941/1
f 1476/1041/1 825/464/1 789/940/1
f 787/492/1 789/940/1 786/445/1
f 1477/948/1 1014/1009/1 785/938/1
f 771/937/1 785/938/1 783/455/1
f 827/1077/1 1477/948/1 771/937/1
f 1478/951/1 829/1079/1 770/1043/1
f 765/930/1 770/1043/1 768/471/1
f 930/1088/1 1478/951/1 765/930/1
f 1479/953/1 833/845/1 764/927/1
f 754/926/1 764/927/1 756/496/1
f 891/1089/1 1479/953/1 754/926/1
f 1480/954/1 835/547/1 753/924/1
f 749/923/1 753/924/1 751/527/1
f 837/500/1 1480/954/1 749/923/1
f 1481/955/1 983/1086/1 748/1050/1
f 745/922/1 748/1050/1 746/544/1
f 839/839/1 1481/955/1 745/922/1
f 1482/1036/1 841/588/1 743/921/1
f 739/920/1 743/921/1 741/567/1
f 843/562/1 1482/1036/1 739/920/1
f 1483/956/1 845/822/1 730/918/1
f 720/917/1 730/918/1 726/595/1
f 878/694/1 1483/956/1 720/917/1
f 1484/957/1 847/671/1 717/916/1
f 703/915/1 717/916/1 709/619/1
f 849/599/1 1484/957/1 703/915/1
f 1485/958/1 972/571/1 702/914/1
f 698/913/1 702/914/1 700/663/1
f 856/820/1 1485/958/1 698/913/1
f 1486/959/1 858/805/1 687/910/1
f 683/909/1 687/910/1 685/713/1
f 874/451/1 1486/959/1 683/909/1
f 1487/960/1 861/755/1 682/908/1
f 678/907/1 682/908/1 680/727/1
f 863/717/1 1487/960/1 678/907/1
f 1488/961/1 1025/983/1 673/906/1
f 669/905/1 673/906/1 671/745/1
f 866/804/1 1488/961/1 669/905/1
f 1489/1030/1 868/787/1 668/904/1
f 1490/962/1 964/737/1 662/902/1
f 640/1064/1 662/902/1 658/774/1
f 592/1081/1 1490/962/1 640/1064/1
f 1491/964/1 870/400/1 637/900/1
f 962/432/1 1492/965/1 569/898/1
f 1493/967/1 944/1087/1 636/896/1
f 628/895/1 636/896/1 632/796/1
f 966/462/1 1493/967/1 628/895/1
f 1494/969/1 876/557/1 627/894/1
f 622/887/1 627/894/1 625/812/1
f 981/712/1 1494/969/1 622/887/1
f 1495/971/1 885/474/1 621/886/1
f 604/885/1 621/886/1 617/835/1
f 1003/1022/1 1495/971/1 604/885/1
f 1496/973/1 889/1090/1 603/882/1
f 595/881/1 603/882/1 599/869/1
f 1027/976/1 1496/973/1 595/881/1
f 1501/988/1 1110/286/1 1499/304/1
f 1497/982/1 1499/304/1 480/288/1
f 481/371/1 1501/988/1 1497/982/1
f 1609/328/3 1704/328/3 1608/328/3
f 1607/328/2 1707/328/2 1606/328/2
f 1605/328/4 1710/328/4 1604/328/4
f 1603/328/5 1714/328/5 1602/328/5
f 1601/328/3 1719/328/3 1600/328/3
f 1599/328/2 1723/328/2 1598/328/2
f 1560/328/2 1735/328/2 1619/328/2
f 1597/328/4 1727/328/4 1596/328/4
f 1590/328/2 1634/328/2 1561/328/2
f 1558/328/4 1737/328/4 1617/328/4
f 1595/328/5 1731/328/5 1594/328/5
f 1588/328/4 1637/328/4 1559/328/4
f 1556/328/5 1739/328/5 1615/328/5
f 1593/328/3 1733/328/3 1592/328/3
f 1586/328/5 1640/328/5 1557/328/5
f 1613/328/14 1642/328/14 1741/328/14
f 1584/328/3 1643/328/3 1555/328/3
f 1552/328/2 1743/328/2 1611/328/2
f 1582/328/2 1646/328/2 1553/328/2
f 1550/328/4 1623/328/4 1621/328/4
f 1580/328/4 1649/328/4 1551/328/4
f 1578/328/5 1652/328/5 1549/328/5
f 1546/328/3 1624/328/3 1609/328/3
f 1576/328/3 1655/328/3 1547/328/3
f 1544/328/2 1625/328/2 1607/328/2
f 1622/328/2 1658/328/2 1545/328/2
f 1542/328/4 1626/328/4 1605/328/4
f 1574/328/4 1660/328/4 1543/328/4
f 1540/328/5 1627/328/5 1603/328/5
f 1572/328/5 1663/328/5 1541/328/5
f 1538/328/3 1628/328/3 1601/328/3
f 1570/328/3 1666/328/3 1539/328/3
f 1536/328/2 1629/328/2 1599/328/2
f 1568/328/2 1669/328/2 1537/328/2
f 1534/328/4 1630/328/4 1597/328/4
f 1566/328/4 1672/328/4 1535/328/4
f 1532/328/5 1631/328/5 1595/328/5
f 1564/328/5 1676/328/5 1533/328/5
f 1530/328/3 1632/328/3 1593/328/3
f 1562/328/3 1680/328/3 1531/328/3
f 1561/328/2 1633/328/2 1560/328/2
f 1591/328/2 1635/328/2 1590/328/2
f 1559/328/4 1636/328/4 1558/328/4
f 1589/328/4 1638/328/4 1588/328/4
f 1557/328/5 1639/328/5 1556/328/5
f 1587/328/5 1641/328/5 1586/328/5
f 1555/328/3 1642/328/3 1554/328/3
f 1585/328/3 1644/328/3 1584/328/3
f 1553/328/2 1645/328/2 1552/328/2
f 1583/328/2 1647/328/2 1582/328/2
f 1551/328/4 1648/328/4 1550/328/4
f 1581/328/4 1650/328/4 1580/328/4
f 1549/328/5 1744/328/5 1651/328/5
f 1579/328/5 1653/328/5 1578/328/5
f 1547/328/3 1654/328/3 1546/328/3
f 1577/328/3 1656/328/3 1576/328/3
f 1545/328/2 1657/328/2 1544/328/2
f 1543/328/4 1659/328/4 1542/328/4
f 1574/328/4 1689/328/4 1661/328/4
f 1541/328/5 1662/328/5 1540/328/5
f 1573/328/5 1664/328/5 1572/328/5
f 1539/328/3 1665/328/3 1538/328/3
f 1571/328/3 1667/328/3 1570/328/3
f 1537/328/2 1668/328/2 1536/328/2
f 1569/328/2 1670/328/2 1568/328/2
f 1535/328/4 1671/328/4 1534/328/4
f 1528/328/2 1673/328/2 1591/328/2
f 1567/328/4 1674/328/4 1566/328/4
f 1533/328/5 1675/328/5 1532/328/5
f 1526/328/4 1677/328/4 1589/328/4
f 1565/328/5 1678/328/5 1564/328/5
f 1531/328/3 1679/328/3 1530/328/3
f 1524/328/5 1681/328/5 1587/328/5
f 1563/328/3 1682/328/3 1562/328/3
f 1522/328/3 1684/328/3 1585/328/3
f 1520/328/2 1685/328/2 1583/328/2
f 1518/328/4 1686/328/4 1581/328/4
f 1516/328/5 1687/328/5 1579/328/5
f 1514/328/3 1688/328/3 1577/328/3
f 1575/328/4 1700/328/4 1689/328/4
f 1510/328/3 1690/328/3 1571/328/3
f 1508/328/2 1691/328/2 1569/328/2
f 1506/328/4 1692/328/4 1567/328/4
f 1504/328/5 1693/328/5 1565/328/5
f 1502/328/3 1694/328/3 1563/328/3
f 1529/328/2 1695/328/2 1528/328/2
f 1527/328/4 1696/328/4 1526/328/4
f 1507/328/15 1734/328/15 1721/328/15
f 1525/328/5 1697/328/5 1524/328/5
f 1616/328/16 1725/328/16 1505/328/16
f 1523/328/3 1698/328/3 1522/328/3
f 1614/328/17 1729/328/17 1503/328/17
f 1521/328/2 1699/328/2 1520/328/2
f 1509/328/18 1740/328/18 1717/328/18
f 1519/328/4 1701/328/4 1518/328/4
f 1610/328/2 1705/328/2 1513/328/2
f 1517/328/5 1702/328/5 1516/328/5
f 1515/328/3 1703/328/3 1514/328/3
f 1608/328/3 1712/328/3 1511/328/3
f 1513/328/2 1708/328/2 1512/328/2
f 1606/328/2 1706/328/2 1529/328/2
f 1604/328/4 1709/328/4 1527/328/4
f 1511/328/3 1711/328/3 1510/328/3
f 1602/328/5 1713/328/5 1525/328/5
f 1508/328/19 1717/328/19 1716/328/19
f 1600/328/3 1718/328/3 1523/328/3
f 1506/328/20 1721/328/20 1720/328/20
f 1598/328/2 1722/328/2 1521/328/2
f 1505/328/21 1724/328/21 1504/328/21
f 1596/328/4 1726/328/4 1519/328/4
f 1503/328/22 1728/328/22 1502/328/22
f 1594/328/5 1730/328/5 1517/328/5
f 1592/328/3 1732/328/3 1515/328/3
f 1619/328/2 1734/328/2 1618/328/2
f 1617/328/4 1736/328/4 1616/328/4
f 1615/328/5 1738/328/5 1614/328/5
f 1611/328/2 1742/328/2 1610/328/2
f 1669/328/2 1841/328/2 1668/328/2
f 1659/328/9 1908/328/9 1626/328/9
f 1672/328/9 1842/328/9 1671/328/9
f 1627/328/5 1944/328/5 1913/328/5
f 1675/328/5 1873/328/5 1843/328/5
f 1665/328/10 1918/328/10 1628/328/10
f 1680/328/10 1844/328/10 1679/328/10
f 1668/328/2 1924/328/2 1629/328/2
f 1671/328/9 1929/328/9 1630/328/9
f 1631/328/5 1843/328/5 1934/328/5
f 1679/328/10 1937/328/10 1632/328/10
f 1673/328/2 1845/328/2 1635/328/2
f 1677/328/9 1846/328/9 1638/328/9
f 1635/328/2 1897/328/2 1634/328/2
f 1641/328/5 1855/328/5 1847/328/5
f 1638/328/9 1900/328/9 1637/328/9
f 1684/328/10 1848/328/10 1644/328/10
f 1640/328/5 1847/328/5 1903/328/5
f 1685/328/2 1849/328/2 1647/328/2
f 1644/328/10 1904/328/10 1643/328/10
f 1686/328/9 1889/328/9 1650/328/9
f 1647/328/2 1907/328/2 1646/328/2
f 1653/328/5 1867/328/5 1890/328/5
f 1706/328/2 1852/328/2 1695/328/2
f 1688/328/10 1850/328/10 1656/328/10
f 1709/328/9 1854/328/9 1696/328/9
f 1697/328/5 1921/328/5 1856/328/5
f 1656/328/10 1923/328/10 1655/328/10
f 1718/328/10 1859/328/10 1698/328/10
f 1661/328/9 1891/328/9 1857/328/9
f 1695/328/2 1851/328/2 1673/328/2
f 1722/328/2 1861/328/2 1699/328/2
f 1696/328/9 1853/328/9 1677/328/9
f 1701/328/9 1935/328/9 1864/328/9
f 1690/328/10 1862/328/10 1667/328/10
f 1681/328/5 1856/328/5 1855/328/5
f 1702/328/5 1940/328/5 1868/328/5
f 1661/328/9 1943/328/9 1660/328/9
f 1691/328/2 1866/328/2 1670/328/2
f 1698/328/10 1858/328/10 1684/328/10
f 1732/328/10 1872/328/10 1703/328/10
f 1692/328/9 1870/328/9 1674/328/9
f 1699/328/2 1860/328/2 1685/328/2
f 1667/328/10 1949/328/10 1666/328/10
f 1678/328/5 1883/328/5 1874/328/5
f 1686/328/9 1864/328/9 1863/328/9
f 1670/328/2 1865/328/2 1669/328/2
f 1694/328/10 1876/328/10 1682/328/10
f 1687/328/5 1868/328/5 1867/328/5
f 1674/328/9 1869/328/9 1672/328/9
f 1703/328/10 1871/328/10 1688/328/10
f 1712/328/10 1878/328/10 1711/328/10
f 1676/328/5 1874/328/5 1873/328/5
f 1717/328/23 1880/328/23 1716/328/23
f 1682/328/10 1875/328/10 1680/328/10
f 1721/328/24 1882/328/24 1720/328/24
f 1724/328/25 1894/328/25 1884/328/25
f 1711/328/10 1877/328/10 1690/328/10
f 1728/328/26 1898/328/26 1886/328/26
f 1716/328/2 1879/328/2 1691/328/2
f 1720/328/9 1881/328/9 1692/328/9
f 1693/328/5 1884/328/5 1883/328/5
f 1728/328/10 1885/328/10 1694/328/10
f 1613/328/27 1925/328/27 1888/328/27
f 1740/328/28 1887/328/28 1902/328/28
f 1613/328/29 1887/328/29 1612/328/29
f 1735/328/2 1893/328/2 1734/328/2
f 1737/328/9 1895/328/9 1736/328/9
f 1738/328/5 1919/328/5 1899/328/5
f 1734/328/30 1892/328/30 1721/328/30
f 1725/328/31 1895/328/31 1894/328/31
f 1743/328/2 1896/328/2 1742/328/2
f 1634/328/2 1910/328/2 1633/328/2
f 1729/328/32 1899/328/32 1898/328/32
f 1624/328/10 1906/328/10 1704/328/10
f 1637/328/9 1915/328/9 1636/328/9
f 1740/328/33 1901/328/33 1717/328/33
f 1639/328/5 1903/328/5 1920/328/5
f 1643/328/10 1926/328/10 1642/328/10
f 1704/328/10 1905/328/10 1712/328/10
f 1625/328/2 1912/328/2 1707/328/2
f 1646/328/2 1931/328/2 1645/328/2
f 1626/328/9 1917/328/9 1710/328/9
f 1633/328/2 1909/328/2 1735/328/2
f 1707/328/2 1911/328/2 1706/328/2
f 1714/328/5 1913/328/5 1922/328/5
f 1636/328/9 1914/328/9 1737/328/9
f 1710/328/9 1916/328/9 1709/328/9
f 1628/328/10 1928/328/10 1719/328/10
f 1739/328/5 1920/328/5 1919/328/5
f 1713/328/5 1922/328/5 1921/328/5
f 1655/328/10 1939/328/10 1654/328/10
f 1629/328/2 1933/328/2 1723/328/2
f 1741/328/34 1926/328/34 1925/328/34
f 1719/328/10 1927/328/10 1718/328/10
f 1630/328/9 1936/328/9 1727/328/9
f 1645/328/2 1930/328/2 1743/328/2
f 1723/328/2 1932/328/2 1722/328/2
f 1731/328/5 1934/328/5 1941/328/5
f 1727/328/9 1935/328/9 1726/328/9
f 1632/328/10 1947/328/10 1733/328/10
f 1654/328/10 1938/328/10 1624/328/10
f 1730/328/5 1941/328/5 1940/328/5
f 1660/328/9 1942/328/9 1659/328/9
f 1662/328/5 1945/328/5 1944/328/5
f 1733/328/10 1946/328/10 1732/328/10
f 1666/328/10 1948/328/10 1665/328/10
f 1657/328/2 1950/328/2 1625/328/2
f 1888/328/35 1902/328/35 1887/328/35
f 1854/328/4 1817/328/4 1853/328/4
f 1856/328/5 1819/328/5 1855/328/5
f 1892/328/36 1746/328/36 1745/328/36
f 1859/328/3 1821/328/3 1858/328/3
f 1851/328/2 1772/328/2 1845/328/2
f 1895/328/37 1747/328/37 1894/328/37
f 1861/328/2 1823/328/2 1860/328/2
f 1853/328/4 1774/328/4 1846/328/4
f 1899/328/38 1749/328/38 1898/328/38
f 1855/328/5 1776/328/5 1847/328/5
f 1902/328/39 1751/328/39 1901/328/39
f 1858/328/3 1778/328/3 1848/328/3
f 1906/328/3 1753/328/3 1905/328/3
f 1872/328/3 1825/328/3 1871/328/3
f 1860/328/2 1780/328/2 1849/328/2
f 1912/328/2 1755/328/2 1911/328/2
f 1897/328/2 1794/328/2 1910/328/2
f 1917/328/4 1757/328/4 1916/328/4
f 1878/328/3 1827/328/3 1877/328/3
f 1900/328/4 1796/328/4 1915/328/4
f 1922/328/5 1759/328/5 1921/328/5
f 1880/328/2 1829/328/2 1879/328/2
f 1903/328/5 1798/328/5 1920/328/5
f 1871/328/3 1782/328/3 1850/328/3
f 1928/328/3 1761/328/3 1927/328/3
f 1882/328/4 1831/328/4 1881/328/4
f 1904/328/3 1800/328/3 1926/328/3
f 1933/328/2 1763/328/2 1932/328/2
f 1884/328/5 1833/328/5 1883/328/5
f 1907/328/2 1838/328/2 1931/328/2
f 1936/328/4 1765/328/4 1935/328/4
f 1886/328/3 1835/328/3 1885/328/3
f 1923/328/3 1802/328/3 1939/328/3
f 1877/328/3 1784/328/3 1862/328/3
f 1941/328/5 1767/328/5 1940/328/5
f 1943/328/4 1804/328/4 1942/328/4
f 1879/328/2 1786/328/2 1866/328/2
f 1947/328/3 1769/328/3 1946/328/3
f 1881/328/4 1788/328/4 1870/328/4
f 1949/328/3 1806/328/3 1948/328/3
f 1883/328/5 1790/328/5 1874/328/5
f 1865/328/2 1808/328/2 1841/328/2
f 1885/328/3 1792/328/3 1876/328/3
f 1869/328/4 1810/328/4 1842/328/4
f 1873/328/5 1812/328/5 1843/328/5
f 1875/328/3 1814/328/3 1844/328/3
f 1845/328/2 1771/328/2 1897/328/2
f 1846/328/4 1773/328/4 1900/328/4
f 1847/328/5 1775/328/5 1903/328/5
f 1910/328/2 1793/328/2 1909/328/2
f 1848/328/3 1777/328/3 1904/328/3
f 1915/328/4 1795/328/4 1914/328/4
f 1849/328/2 1779/328/2 1907/328/2
f 1920/328/5 1797/328/5 1919/328/5
f 1850/328/3 1781/328/3 1923/328/3
f 1925/328/3 1800/328/3 1799/328/3
f 1939/328/3 1801/328/3 1938/328/3
f 1862/328/3 1783/328/3 1949/328/3
f 1911/328/2 1816/328/2 1852/328/2
f 1866/328/2 1785/328/2 1865/328/2
f 1909/328/2 1746/328/2 1893/328/2
f 1916/328/4 1818/328/4 1854/328/4
f 1942/328/4 1803/328/4 1908/328/4
f 1870/328/4 1787/328/4 1869/328/4
f 1914/328/4 1748/328/4 1895/328/4
f 1921/328/5 1820/328/5 1856/328/5
f 1874/328/5 1789/328/5 1873/328/5
f 1919/328/5 1750/328/5 1899/328/5
f 1927/328/3 1822/328/3 1859/328/3
f 1948/328/3 1805/328/3 1918/328/3
f 1876/328/3 1791/328/3 1875/328/3
f 1925/328/3 1752/328/3 1902/328/3
f 1932/328/2 1824/328/2 1861/328/2
f 1841/328/2 1807/328/2 1924/328/2
f 1864/328/4 1765/328/4 1840/328/4
f 1842/328/4 1809/328/4 1929/328/4
f 1938/328/3 1754/328/3 1906/328/3
f 1843/328/5 1811/328/5 1934/328/5
f 1946/328/3 1826/328/3 1872/328/3
f 1844/328/3 1813/328/3 1937/328/3
f 1908/328/4 1758/328/4 1917/328/4
f 1913/328/5 1760/328/5 1922/328/5
f 1905/328/3 1828/328/3 1878/328/3
f 1918/328/3 1762/328/3 1928/328/3
f 1880/328/40 1751/328/40 1830/328/40
f 1924/328/2 1764/328/2 1933/328/2
f 1882/328/41 1745/328/41 1832/328/41
f 1929/328/4 1766/328/4 1936/328/4
f 1894/328/42 1834/328/42 1884/328/42
f 1934/328/5 1768/328/5 1941/328/5
f 1898/328/43 1836/328/43 1886/328/43
f 1937/328/3 1770/328/3 1947/328/3
f 1852/328/2 1815/328/2 1851/328/2
f 216/328/6 57/328/6 1512/328/6
f 149/328/1 1621/328/1 87/328/1
f 151/1/1 9/259/1 256/2/1
f 149/4/1 7/250/1 257/5/1
f 164/7/1 20/247/1 245/8/1
f 162/10/1 19/285/1 258/11/1
f 161/13/1 18/255/1 259/14/1
f 193/16/1 45/242/1 234/17/1
f 194/19/1 46/241/1 265/20/1
f 190/22/1 44/239/1 266/23/1
f 198/25/1 47/234/1 271/26/1
f 185/28/1 39/231/1 272/29/1
f 186/31/1 40/228/1 273/32/1
f 201/34/1 30/224/1 218/35/1
f 202/37/1 48/223/1 277/38/1
f 205/40/1 42/217/1 230/41/1
f 206/43/1 41/216/1 229/44/1
f 207/46/1 49/215/1 281/47/1
f 175/49/1 29/213/1 282/50/1
f 283/52/1 121/212/1 208/53/1
f 284/55/1 122/309/1 285/56/1
f 244/58/1 83/298/1 286/59/1
f 279/61/1 119/214/1 288/62/1
f 289/64/1 70/245/1 163/65/1
f 290/67/1 123/303/1 291/68/1
f 293/70/1 117/220/1 204/71/1
f 295/73/1 116/293/1 203/74/1
f 296/76/1 125/295/1 297/77/1
f 276/79/1 115/300/1 298/80/1
f 299/82/1 59/257/1 152/83/1
f 300/85/1 126/292/1 301/86/1
f 275/88/1 114/222/1 302/89/1
f 303/91/1 113/283/1 200/92/1
f 304/94/1 127/287/1 305/95/1
f 307/97/1 72/297/1 165/98/1
f 308/100/1 128/281/1 309/101/1
f 255/103/1 94/290/1 313/104/1
f 314/106/1 111/230/1 199/107/1
f 315/109/1 130/272/1 316/110/1
f 254/112/1 93/258/1 317/113/1
f 270/115/1 110/274/1 318/116/1
f 319/118/1 108/266/1 197/119/1
f 320/121/1 131/267/1 321/122/1
f 267/124/1 107/322/1 322/125/1
f 323/127/1 57/349/1 150/128/1
f 324/130/1 132/264/1 325/131/1
f 327/133/1 106/238/1 196/134/1
f 328/136/1 133/260/1 329/137/1
f 260/139/1 99/246/1 330/140/1
f 331/142/1 105/253/1 195/143/1
f 332/145/1 134/256/1 333/146/1
f 264/148/1 104/262/1 334/149/1
f 335/151/1 73/268/1 166/152/1
f 336/154/1 135/252/1 337/155/1
f 263/157/1 103/240/1 338/158/1
f 339/160/1 136/248/1 340/161/1
f 248/163/1 87/313/1 341/164/1
f 342/166/1 102/343/1 192/167/1
f 343/169/1 137/244/1 344/170/1
f 261/172/1 101/251/1 345/173/1
f 346/175/1 100/319/1 191/176/1
f 347/178/1 138/237/1 348/179/1
f 351/181/1 139/229/1 352/182/1
f 227/184/1 68/254/1 353/185/1
f 228/187/1 69/284/1 356/188/1
f 357/190/1 84/261/1 176/191/1
f 358/193/1 141/218/1 359/194/1
f 231/196/1 71/302/1 360/197/1
f 361/199/1 96/249/1 188/200/1
f 362/202/1 95/273/1 187/203/1
f 363/205/1 142/211/1 364/206/1
f 217/208/1 58/294/1 365/209/1
f 366/210/1 365/209/1 142/211/1
f 282/50/1 366/210/1 363/205/1
f 29/213/1 217/208/1 366/210/1
f 367/207/1 364/206/1 119/214/1
f 208/53/1 367/207/1 279/61/1
f 121/212/1 363/205/1 367/207/1
f 368/204/1 187/203/1 41/216/1
f 364/206/1 368/204/1 206/43/1
f 142/211/1 362/202/1 368/204/1
f 369/201/1 188/200/1 42/217/1
f 370/198/1 360/197/1 141/218/1
f 278/219/1 370/198/1 358/193/1
f 43/221/1 231/196/1 370/198/1
f 371/195/1 359/194/1 114/222/1
f 204/71/1 371/195/1 275/88/1
f 117/220/1 358/193/1 371/195/1
f 372/192/1 176/191/1 30/224/1
f 359/194/1 372/192/1 201/34/1
f 141/218/1 357/190/1 372/192/1
f 373/189/1 356/188/1 140/225/1
f 273/32/1 373/189/1 355/226/1
f 40/228/1 228/187/1 373/189/1
f 374/186/1 353/185/1 139/229/1
f 272/29/1 374/186/1 351/181/1
f 39/231/1 227/184/1 374/186/1
f 375/183/1 352/182/1 109/232/1
f 199/107/1 375/183/1 269/233/1
f 111/230/1 351/181/1 375/183/1
f 139/229/1 350/317/1 376/235/1
f 377/236/1 349/318/1 138/237/1
f 266/23/1 377/236/1 347/178/1
f 44/239/1 233/243/1 377/236/1
f 378/180/1 348/179/1 103/240/1
f 196/134/1 378/180/1 263/157/1
f 106/238/1 347/178/1 378/180/1
f 379/177/1 191/176/1 45/242/1
f 348/179/1 379/177/1 193/16/1
f 138/237/1 346/175/1 379/177/1
f 192/167/1 380/338/1 233/243/1
f 381/174/1 345/173/1 137/244/1
f 230/41/1 381/174/1 343/169/1
f 42/217/1 261/172/1 381/174/1
f 382/171/1 344/170/1 99/246/1
f 163/65/1 382/171/1 260/139/1
f 70/245/1 343/169/1 382/171/1
f 383/168/1 192/167/1 44/239/1
f 344/170/1 383/168/1 190/22/1
f 137/244/1 342/166/1 383/168/1
f 384/165/1 341/164/1 136/248/1
f 257/5/1 384/165/1 339/160/1
f 7/250/1 248/163/1 384/165/1
f 385/162/1 340/161/1 101/251/1
f 188/200/1 385/162/1 261/172/1
f 96/249/1 339/160/1 385/162/1
f 386/159/1 338/158/1 135/252/1
f 265/20/1 386/159/1 336/154/1
f 46/241/1 263/157/1 386/159/1
f 387/156/1 337/155/1 68/254/1
f 195/143/1 387/156/1 227/184/1
f 105/253/1 336/154/1 387/156/1
f 388/153/1 166/152/1 18/255/1
f 337/155/1 388/153/1 161/13/1
f 135/252/1 335/151/1 388/153/1
f 389/150/1 334/149/1 134/256/1
f 218/35/1 389/150/1 332/145/1
f 30/224/1 264/148/1 389/150/1
f 390/147/1 333/146/1 93/258/1
f 152/83/1 390/147/1 254/112/1
f 59/257/1 332/145/1 390/147/1
f 391/144/1 195/143/1 39/231/1
f 333/146/1 391/144/1 185/28/1
f 134/256/1 331/142/1 391/144/1
f 392/141/1 330/140/1 133/260/1
f 245/8/1 392/141/1 328/136/1
f 20/247/1 260/139/1 392/141/1
f 393/138/1 329/137/1 104/262/1
f 176/191/1 393/138/1 264/148/1
f 84/261/1 328/136/1 393/138/1
f 394/135/1 196/134/1 46/241/1
f 329/137/1 394/135/1 194/19/1
f 133/260/1 327/133/1 394/135/1
f 395/263/1 326/332/1 132/264/1
f 268/265/1 395/263/1 324/130/1
f 108/266/1 324/130/1 396/132/1
f 132/264/1 323/127/1 397/129/1
f 398/126/1 322/125/1 131/267/1
f 234/17/1 398/126/1 320/121/1
f 45/242/1 267/124/1 398/126/1
f 399/123/1 321/122/1 82/269/1
f 166/152/1 399/123/1 243/270/1
f 73/268/1 320/121/1 399/123/1
f 131/267/1 319/118/1 400/120/1
f 191/176/1 401/340/1 267/124/1
f 47/234/1 269/233/1 402/271/1
f 41/216/1 270/115/1 403/117/1
f 404/114/1 317/113/1 130/272/1
f 256/2/1 404/114/1 315/109/1
f 9/259/1 254/112/1 404/114/1
f 405/111/1 316/110/1 110/274/1
f 187/203/1 405/111/1 270/115/1
f 95/273/1 315/109/1 405/111/1
f 406/108/1 199/107/1 47/234/1
f 316/110/1 406/108/1 198/25/1
f 130/272/1 314/106/1 406/108/1
f 407/105/1 313/104/1 129/275/1
f 148/277/1 407/105/1 312/276/1
f 6/279/1 255/103/1 407/105/1
f 408/280/1 310/314/1 128/281/1
f 274/282/1 408/280/1 308/100/1
f 409/102/1 309/101/1 69/284/1
f 200/92/1 409/102/1 228/187/1
f 113/283/1 308/100/1 409/102/1
f 410/99/1 165/98/1 19/285/1
f 309/101/1 410/99/1 162/10/1
f 128/281/1 307/97/1 410/99/1
f 411/286/1 306/305/1 127/287/1
f 178/288/1 411/286/1 304/94/1
f 412/96/1 305/95/1 94/290/1
f 247/291/1 412/96/1 255/103/1
f 86/289/1 304/94/1 412/96/1
f 413/93/1 200/92/1 40/228/1
f 305/95/1 413/93/1 186/31/1
f 127/287/1 303/91/1 413/93/1
f 414/90/1 302/89/1 126/292/1
f 277/38/1 414/90/1 300/85/1
f 48/223/1 275/88/1 414/90/1
f 415/87/1 301/86/1 58/294/1
f 203/74/1 415/87/1 217/208/1
f 116/293/1 300/85/1 415/87/1
f 416/84/1 152/83/1 9/259/1
f 301/86/1 416/84/1 151/1/1
f 126/292/1 299/82/1 416/84/1
f 417/81/1 298/80/1 125/295/1
f 232/296/1 417/81/1 296/76/1
f 418/78/1 297/77/1 83/298/1
f 165/98/1 418/78/1 244/58/1
f 72/297/1 296/76/1 418/78/1
f 419/75/1 203/74/1 29/213/1
f 297/77/1 419/75/1 175/49/1
f 125/295/1 295/73/1 419/75/1
f 420/72/1 204/71/1 48/223/1
f 294/299/1 420/72/1 202/37/1
f 124/301/1 293/70/1 420/72/1
f 421/69/1 291/68/1 71/302/1
f 422/66/1 163/65/1 20/247/1
f 291/68/1 422/66/1 164/7/1
f 123/303/1 289/64/1 422/66/1
f 369/201/2 1010/201/2 1001/199/2
f 205/40/2 990/40/2 1010/201/2
f 138/237/3 929/237/3 927/175/3
f 1110/286/3 411/286/3 178/288/3
f 178/288/3 480/288/3 1499/304/3
f 411/286/3 1110/286/3 996/305/3
f 49/215/1 279/61/1 423/63/1
f 140/225/4 950/225/4 949/226/4
f 82/269/4 610/269/4 609/270/4
f 97/306/4 948/306/4 947/307/4
f 43/221/3 485/221/3 992/196/3
f 278/219/2 712/219/2 485/221/2
f 129/275/4 853/275/4 852/276/4
f 112/227/4 851/227/4 850/308/4
f 424/60/1 286/59/1 122/309/1
f 258/11/1 424/60/1 284/55/1
f 19/285/1 244/58/1 424/60/1
f 425/57/1 285/56/1 120/310/1
f 101/251/5 914/251/5 1000/173/5
f 97/306/1 284/55/1 425/57/1
f 426/54/1 208/53/1 49/215/1
f 285/56/1 426/54/1 207/46/1
f 122/309/1 283/52/1 426/54/1
f 423/63/4 1125/63/4 724/47/4
f 288/62/4 781/62/4 1125/63/4
f 274/282/3 995/282/3 1109/280/3
f 352/182/5 936/182/5 655/232/5
f 87/313/5 987/313/5 915/164/5
f 408/280/3 1109/280/3 997/314/3
f 136/248/5 916/248/5 913/161/5
f 18/255/1 243/270/1 427/315/1
f 98/316/4 635/316/4 935/317/4
f 349/318/5 928/318/5 929/237/5
f 120/310/4 723/310/4 722/311/4
f 346/175/3 927/175/3 639/319/3
f 117/220/2 713/220/2 712/219/2
f 276/79/3 710/79/3 711/300/3
f 345/173/3 1000/173/3 1187/320/3
f 444/320/3 1187/320/3 644/321/3
f 107/322/5 651/322/5 998/125/5
f 341/164/5 915/164/5 916/248/5
f 340/161/5 913/161/5 914/251/5
f 421/69/2 1118/69/2 792/67/2
f 231/196/2 992/196/2 1118/69/2
f 310/314/3 997/314/3 1163/323/3
f 294/299/2 798/299/2 797/301/2
f 435/323/3 1163/323/3 993/296/3
f 428/51/1 282/50/1 121/212/1
f 286/59/1 428/51/1 283/52/1
f 83/298/1 175/49/1 428/51/1
f 118/324/3 715/324/3 990/40/3
f 124/301/3 797/301/3 795/70/3
f 120/310/1 207/46/1 429/48/1
f 403/117/4 1053/117/4 581/44/4
f 119/214/1 206/43/1 430/45/1
f 292/326/2 794/326/2 715/324/2
f 318/116/4 899/116/4 1053/117/4
f 306/305/3 996/305/3 1162/327/3
f 431/42/1 230/41/1 70/245/1
f 292/326/1 431/42/1 289/64/1
f 118/324/1 205/40/1 431/42/1
f 434/327/3 1162/327/3 995/282/3
f 432/39/1 277/38/1 116/293/1
f 298/80/1 432/39/1 295/73/1
f 115/300/1 202/37/1 432/39/1
f 433/36/1 218/35/1 59/257/1
f 302/89/1 433/36/1 299/82/1
f 114/222/1 201/34/1 433/36/1
f 148/328/1 55/328/1 1573/328/1
f 1573/328/1 1548/328/1 178/328/1
f 1573/328/1 178/328/1 86/328/1
f 6/328/1 148/328/1 1573/328/1
f 1573/328/1 86/328/1 247/328/1
f 179/328/6 1550/328/6 1621/328/6
f 37/328/6 1559/328/6 1558/328/6
f 434/327/1 274/282/1 113/283/1
f 306/305/1 434/327/1 303/91/1
f 1263/329/1 1912/329/1 1950/330/1
f 435/323/1 232/296/1 72/297/1
f 310/314/1 435/323/1 307/97/1
f 36/328/6 1557/328/6 1556/328/6
f 937/331/4 1837/331/4 1913/331/4
f 177/328/6 1546/328/6 1609/328/6
f 35/328/6 1555/328/6 1554/328/6
f 326/332/3 999/332/3 1185/333/3
f 34/328/6 1553/328/6 1552/328/6
f 1266/334/1 1930/334/1 1931/335/1
f 33/328/6 1551/328/6 1550/328/6
f 440/333/3 1185/333/3 991/336/3
f 174/328/6 1544/328/6 1607/328/6
f 243/270/5 609/270/5 1138/315/5
f 991/336/3 1683/336/3 1622/336/3
f 32/328/6 1549/328/6 1548/328/6
f 427/315/4 1138/315/4 634/14/4
f 322/125/3 998/125/3 1184/337/3
f 269/233/5 654/233/5 1050/271/5
f 173/328/6 1542/328/6 1605/328/6
f 380/338/5 1040/338/5 605/243/5
f 439/337/3 1184/337/3 994/265/3
f 1264/330/1 1950/330/1 1951/339/1
f 192/167/3 989/167/3 1040/338/3
f 402/271/4 1050/271/4 656/26/4
f 321/122/5 910/122/5 610/269/5
f 287/325/2 776/325/2 723/310/2
f 31/328/6 1547/328/6 1546/328/6
f 109/232/4 655/232/4 654/233/4
f 401/340/5 1048/340/5 650/124/5
f 172/328/6 1540/328/6 1603/328/6
f 436/33/1 273/32/1 112/227/1
f 313/104/1 436/33/1 311/308/1
f 94/290/1 186/31/1 436/33/1
f 191/176/3 988/176/3 1048/340/3
f 574/341/2 1247/341/2 1891/341/2
f 115/300/2 711/300/2 798/299/2
f 171/328/6 1538/328/6 1601/328/6
f 267/124/3 650/124/3 651/322/3
f 438/27/4 1181/27/4 899/116/4
f 1262/331/1 1913/331/1 1944/342/1
f 271/26/4 656/26/4 1181/27/4
f 293/70/3 795/70/3 713/220/3
f 417/81/2 1114/81/2 710/79/2
f 170/328/6 1536/328/6 1599/328/6
f 123/303/2 793/303/2 794/326/2
f 232/296/3 993/296/3 1114/81/3
f 290/67/3 792/67/3 793/303/3
f 28/328/6 1545/328/6 1544/328/6
f 400/120/4 1046/120/4 910/122/4
f 87/313/5 1621/313/5 1623/313/5
f 262/321/5 644/321/5 645/343/5
f 169/328/6 1534/328/6 1597/328/6
f 197/119/4 519/119/4 1046/120/4
f 27/328/6 1543/328/6 1542/328/6
f 168/328/6 1532/328/6 1595/328/6
f 26/328/6 1541/328/6 1540/328/6
f 167/328/6 1530/328/6 1593/328/6
f 437/30/1 272/29/1 111/230/1
f 317/113/1 437/30/1 314/106/1
f 93/258/1 185/28/1 437/30/1
f 25/328/6 1539/328/6 1538/328/6
f 1147/344/1 1791/344/1 1792/345/1
f 110/274/1 198/25/1 438/27/1
f 448/6/2 1198/6/2 986/4/2
f 24/328/6 1537/328/6 1536/328/6
f 1145/346/1 1789/346/1 1790/347/1
f 361/199/2 1001/199/2 1198/6/2
f 23/328/6 1535/328/6 1534/328/6
f 430/45/4 1157/45/4 781/62/4
f 439/337/1 268/265/1 108/266/1
f 322/125/1 439/337/1 319/118/1
f 1197/328/1 1200/348/1 1836/348/1
f 440/333/1 216/336/1 57/349/1
f 326/332/1 440/333/1 323/127/1
f 229/44/4 581/44/4 1157/45/4
f 441/24/1 266/23/1 106/238/1
f 330/140/1 441/24/1 327/133/1
f 99/246/1 190/22/1 441/24/1
f 442/21/1 265/20/1 105/253/1
f 334/149/1 442/21/1 331/142/1
f 104/262/1 194/19/1 442/21/1
f 443/18/1 234/17/1 73/268/1
f 338/158/1 443/18/1 335/151/1
f 103/240/1 193/16/1 443/18/1
f 1143/350/1 1787/350/1 1788/351/1
f 259/14/5 634/14/5 635/316/5
f 429/48/4 1156/48/4 776/325/4
f 444/320/1 262/321/1 102/343/1
f 345/173/1 444/320/1 342/166/1
f 233/243/5 605/243/5 1035/236/5
f 281/47/4 724/47/4 1156/48/4
f 355/226/4 949/226/4 851/227/4
f 22/328/6 1533/328/6 1532/328/6
f 397/129/4 1045/129/4 911/131/4
f 354/307/4 947/307/4 950/225/4
f 280/311/2 722/311/2 1131/57/2
f 377/236/3 1035/236/3 928/318/3
f 1194/352/1 1196/353/1 1834/353/1
f 150/128/4 450/128/4 1045/129/4
f 425/57/4 1131/57/4 498/312/4
f 1141/354/1 1785/354/1 1786/355/1
f 21/328/6 1531/328/6 1530/328/6
f 445/15/1 259/14/1 98/316/1
f 353/185/1 445/15/1 350/317/1
f 68/254/1 161/13/1 445/15/1
f 1252/356/7 1889/356/7 1863/357/7
f 312/276/4 852/276/4 573/278/4
f 1192/358/1 1193/359/1 1832/359/1
f 1136/360/1 1783/360/1 1784/361/1
f 396/132/4 1044/132/4 519/119/4
f 311/308/4 850/308/4 853/275/4
f 446/12/1 258/11/1 97/306/1
f 356/188/1 446/12/1 354/307/1
f 69/284/1 162/10/1 446/12/1
f 1250/362/1 1890/362/1 1867/363/1
f 1189/364/1 1191/365/1 1830/365/1
f 325/131/4 911/131/4 1044/132/4
f 1124/366/1 1781/366/1 1782/367/1
f 102/343/5 645/343/5 989/167/5
f 150/128/4 1512/128/4 1708/128/4
f 580/356/1 483/368/1 1649/368/1
f 160/328/6 1528/328/6 1591/328/6
f 1180/369/1 1828/369/1 1753/370/1
f 268/265/3 994/265/3 1043/263/3
f 395/263/3 1043/263/3 999/332/3
f 100/319/5 639/319/5 988/176/5
f 447/9/1 245/8/1 84/261/1
f 360/197/1 447/9/1 357/190/1
f 71/302/1 164/7/1 447/9/1
f 448/6/1 257/5/1 96/249/1
f 481/371/1 1652/371/1 1653/362/1
f 159/328/6 1526/328/6 1589/328/6
f 449/3/1 256/2/1 95/273/1
f 365/209/1 449/3/1 362/202/1
f 58/294/1 151/1/1 449/3/1
f 1122/372/1 1779/372/1 1780/373/1
f 350/317/5 935/317/5 1031/235/5
f 818/374/1 1060/395/1 1474/375/1
f 1246/377/7 1857/377/7 1891/341/7
f 376/235/4 1031/235/4 936/182/4
f 189/312/2 498/312/2 948/306/2
f 805/376/1 1474/375/1 808/378/1
f 452/380/1 451/853/1 613/381/1
f 1474/375/1 817/441/1 816/383/1
f 946/384/1 1144/945/1 1473/385/1
f 459/387/1 455/866/1 611/388/1
f 809/386/1 1473/385/1 813/390/1
f 1473/385/1 815/879/1 814/392/1
f 811/391/1 813/390/1 1472/393/1
f 810/394/1 1472/393/1 1060/395/1
f 470/396/1 471/851/1 638/397/1
f 1472/393/1 1058/876/1 1059/399/1
f 870/400/1 812/420/1 1471/401/1
f 513/403/1 514/843/1 644/321/1
f 482/404/1 483/368/1 646/405/1
f 516/407/1 475/834/1 991/336/1
f 517/408/1 518/831/1 994/265/1
f 1089/402/1 1471/401/1 819/409/1
f 521/411/1 507/826/1 601/412/1
f 1471/401/1 810/394/1 818/374/1
f 1172/414/1 952/944/1 1470/415/1
f 502/417/1 503/818/1 664/418/1
f 871/416/1 1470/415/1 812/420/1
f 1470/415/1 809/386/1 811/391/1
f 806/379/1 808/378/1 1469/421/1
f 533/423/1 499/802/1 593/424/1
f 1468/426/1 805/376/1 806/379/1
f 801/428/1 804/942/1 1467/429/1
f 800/430/1 1467/429/1 1149/431/1
f 1467/429/1 1159/943/1 1158/433/1
f 816/383/1 802/442/1 1466/434/1
f 1466/434/1 800/430/1 962/432/1
f 492/437/1 493/779/1 694/438/1
f 1059/399/1 823/877/1 1465/440/1
f 817/441/1 1465/440/1 802/442/1
f 1465/440/1 791/941/1 801/428/1
f 553/443/1 489/764/1 993/296/1
f 554/444/1 555/761/1 995/282/1
f 786/445/1 789/940/1 1464/446/1
f 484/448/1 485/221/1 712/219/1
f 788/447/1 1464/446/1 1093/450/1
f 1464/446/1 1065/466/1 1092/452/1
f 1463/453/1 788/447/1 874/451/1
f 783/455/1 785/938/1 1462/456/1
f 476/458/1 477/735/1 732/459/1
f 782/457/1 1462/456/1 1151/461/1
f 1462/456/1 1171/939/1 1170/463/1
f 825/464/1 784/469/1 1461/465/1
f 1065/466/1 1461/465/1 971/467/1
f 1461/465/1 782/457/1 966/462/1
f 826/468/1 1460/470/1 784/469/1
f 1460/470/1 771/937/1 783/455/1
f 768/471/1 770/1043/1 1459/472/1
f 885/474/1 769/490/1 1458/475/1
f 1100/476/1 1458/475/1 832/477/1
f 1458/475/1 767/473/1 831/479/1
f 1161/480/1 934/929/1 1457/481/1
f 757/483/1 733/734/1 566/484/1
f 758/486/1 759/1011/1 760/487/1
f 609/270/1 610/269/1 761/489/1
f 886/482/1 1457/481/1 769/490/1
f 1457/481/1 765/930/1 768/471/1
f 728/491/1 729/977/1 766/492/1
f 1098/478/1 832/477/1 1456/494/1
f 756/496/1 764/927/1 1455/497/1
f 755/498/1 1455/497/1 1070/499/1
f 772/501/1 725/1003/1 561/502/1
f 773/504/1 774/1005/1 775/505/1
f 722/311/1 723/310/1 776/325/1
f 777/508/1 582/864/1 454/509/1
f 778/511/1 779/1002/1 780/512/1
f 1455/497/1 1067/847/1 1069/514/1
f 1032/515/1 762/519/1 1454/516/1
f 1038/347/1 1454/516/1 838/517/1
f 1454/516/1 755/498/1 837/500/1
f 1194/352/1 892/925/1 1453/518/1
f 1196/353/1 1453/518/1 762/519/1
f 714/520/1 715/324/1 794/326/1
f 796/522/1 797/301/1 798/299/1
f 614/524/1 615/999/1 799/525/1
f 1453/518/1 754/926/1 756/496/1
f 751/527/1 753/924/1 1452/528/1
f 750/529/1 1452/528/1 1102/530/1
f 996/305/1 1110/286/1 1500/532/1
f 1500/532/1 706/990/1 707/533/1
f 704/534/1 705/759/1 997/314/1
f 1452/528/1 1068/549/1 1101/535/1
f 953/536/1 752/543/1 1451/537/1
f 954/538/1 1451/537/1 888/539/1
f 1451/537/1 750/529/1 887/531/1
f 1145/346/1 838/517/1 1450/541/1
f 1146/542/1 1450/541/1 752/543/1
f 1450/541/1 749/923/1 751/527/1
f 746/544/1 748/1050/1 453/545/1
f 835/547/1 747/556/1 456/548/1
f 820/550/1 695/778/1 547/551/1
f 1068/549/1 456/548/1 589/553/1
f 1069/514/1 840/848/1 460/554/1
f 836/555/1 460/554/1 747/556/1
f 460/554/1 745/922/1 746/544/1
f 876/557/1 571/566/1 461/558/1
f 1095/559/1 461/558/1 844/560/1
f 461/558/1 744/1051/1 843/562/1
f 1154/563/1 584/1052/1 462/564/1
f 877/565/1 462/564/1 571/566/1
f 741/567/1 743/921/1 463/568/1
f 740/569/1 463/568/1 1020/367/1
f 463/568/1 1072/590/1 1124/366/1
f 972/571/1 742/578/1 464/572/1
f 1152/573/1 464/572/1 1176/574/1
f 464/572/1 740/569/1 1016/570/1
f 1094/561/1 844/560/1 465/576/1
f 979/577/1 465/576/1 742/578/1
f 850/308/1 851/227/1 537/579/1
f 852/276/1 853/275/1 854/581/1
f 465/576/1 739/920/1 741/567/1
f 735/583/1 738/919/1 466/584/1
f 734/585/1 466/584/1 926/586/1
f 466/584/1 1177/773/1 1179/370/1
f 841/588/1 736/593/1 467/589/1
f 1072/590/1 467/589/1 1132/591/1
f 467/589/1 734/585/1 925/587/1
f 842/592/1 469/594/1 736/593/1
f 469/594/1 731/1053/1 735/583/1
f 726/595/1 730/918/1 486/596/1
f 721/597/1 486/596/1 1076/598/1
f 486/596/1 1073/824/1 1075/600/1
f 1006/601/1 727/618/1 487/602/1
f 1007/603/1 487/602/1 855/604/1
f 487/602/1 721/597/1 849/599/1
f 880/606/1 665/817/1 527/607/1
f 881/609/1 882/888/1 883/610/1
f 630/612/1 631/865/1 884/613/1
f 1165/615/1 879/704/1 490/616/1
f 1166/617/1 490/616/1 727/618/1
f 490/616/1 720/917/1 726/595/1
f 709/619/1 717/916/1 491/620/1
f 708/621/1 491/620/1 1057/345/1
f 491/620/1 1074/673/1 1147/344/1
f 895/623/1 657/860/1 522/624/1
f 896/626/1 897/863/1 898/627/1
f 900/629/1 602/980/1 468/630/1
f 901/632/1 902/859/1 903/633/1
f 654/233/1 655/232/1 904/635/1
f 905/636/1 653/832/1 520/637/1
f 906/639/1 907/855/1 908/640/1
f 893/641/1 716/658/1 494/642/1
f 648/644/1 649/830/1 999/332/1
f 912/645/1 647/841/1 515/646/1
f 917/648/1 608/978/1 472/649/1
f 918/651/1 919/849/1 920/652/1
f 642/653/1 643/1018/1 921/654/1
f 894/643/1 494/642/1 1200/348/1
f 494/642/1 708/621/1 1056/622/1
f 1107/605/1 855/604/1 495/656/1
f 605/243/1 606/850/1 928/318/1
f 1108/657/1 495/656/1 716/658/1
f 931/659/1 932/981/1 933/660/1
f 495/656/1 703/915/1 709/619/1
f 935/317/1 635/316/1 506/662/1
f 700/663/1 702/914/1 496/664/1
f 699/665/1 496/664/1 956/666/1
f 597/668/1 598/861/1 941/669/1
f 496/664/1 1152/573/1 1175/575/1
f 847/671/1 701/680/1 497/672/1
f 1074/673/1 497/672/1 1148/674/1
f 947/307/1 948/306/1 498/312/1
f 949/226/1 950/225/1 951/676/1
f 497/672/1 699/665/1 955/667/1
f 1075/600/1 857/825/1 500/678/1
f 848/679/1 500/678/1 701/680/1
f 957/681/1 612/889/1 478/682/1
f 958/684/1 959/777/1 960/685/1
f 587/687/1 588/1004/1 961/688/1
f 500/678/1 698/913/1 700/663/1
f 692/690/1 697/912/1 501/691/1
f 691/692/1 501/691/1 1097/693/1
f 967/695/1 619/994/1 488/696/1
f 968/698/1 969/765/1 970/699/1
f 501/691/1 1078/707/1 1096/701/1
f 937/331/1 693/911/1 504/702/1
f 940/703/1 504/702/1 879/704/1
f 504/702/1 691/692/1 878/694/1
f 696/705/1 570/1058/1 505/706/1
f 575/708/1 576/852/1 980/709/1
f 1078/707/1 505/706/1 982/711/1
f 505/706/1 690/1059/1 981/712/1
f 685/713/1 687/910/1 508/714/1
f 684/715/1 508/714/1 1084/716/1
f 508/714/1 1079/807/1 1083/718/1
f 872/719/1 686/725/1 509/720/1
f 1091/721/1 509/720/1 865/722/1
f 509/720/1 684/715/1 863/717/1
f 873/724/1 510/726/1 686/725/1
f 510/726/1 683/909/1 685/713/1
f 680/727/1 682/908/1 511/728/1
f 679/729/1 511/728/1 1011/730/1
f 1005/710/1 980/709/1 978/732/1
f 732/459/1 1005/710/1 977/733/1
f 477/735/1 575/708/1 1005/710/1
f 511/728/1 1082/757/1 1111/736/1
f 964/737/1 681/744/1 523/738/1
f 1150/739/1 523/738/1 1169/740/1
f 523/738/1 679/729/1 1008/731/1
f 1090/723/1 865/722/1 526/742/1
f 965/743/1 526/742/1 681/744/1
f 526/742/1 678/907/1 680/727/1
f 671/745/1 673/906/1 528/746/1
f 670/747/1 528/746/1 924/748/1
f 1009/750/1 974/753/1 715/324/1
f 560/751/1 1009/750/1 714/520/1
f 528/746/1 1191/365/1 1189/364/1
f 974/753/1 1010/201/1 990/40/1
f 973/754/1 1001/199/1 1010/201/1
f 861/755/1 672/766/1 529/756/1
f 1082/757/1 529/756/1 1119/758/1
f 529/756/1 670/747/1 922/749/1
f 1012/700/1 970/699/1 705/759/1
f 556/760/1 1012/700/1 704/534/1
f 1083/718/1 867/808/1 530/762/1
f 1013/697/1 488/696/1 489/764/1
f 970/699/1 1013/697/1 553/443/1
f 969/765/1 967/695/1 1013/697/1
f 862/763/1 530/762/1 672/766/1
f 530/762/1 669/905/1 671/745/1
f 666/767/1 668/904/1 531/768/1
f 663/769/1 531/768/1 1022/361/1
f 531/768/1 1086/789/1 1136/360/1
f 737/771/1 667/903/1 532/772/1
f 1177/773/1 532/772/1 1180/369/1
f 532/772/1 663/769/1 1021/770/1
f 658/774/1 662/902/1 536/775/1
f 1017/689/1 961/688/1 959/777/1
f 694/438/1 1017/689/1 958/684/1
f 493/779/1 587/687/1 1017/689/1
f 1018/686/1 960/685/1 689/780/1
f 547/551/1 1018/686/1 688/781/1
f 695/778/1 958/684/1 1018/686/1
f 1019/683/1 478/682/1 479/783/1
f 960/685/1 1019/683/1 543/784/1
f 959/777/1 957/681/1 1019/683/1
f 641/776/1 536/775/1 943/785/1
f 536/775/1 1150/739/1 1168/741/1
f 868/787/1 659/792/1 538/788/1
f 1086/789/1 538/788/1 1137/790/1
f 538/788/1 641/776/1 942/786/1
f 869/791/1 539/793/1 659/792/1
f 539/793/1 640/1064/1 658/774/1
f 542/794/1 1091/721/1 1090/723/1
f 632/796/1 636/896/1 544/797/1
f 1023/677/1 951/676/1 675/799/1
f 537/579/1 1023/677/1 674/800/1
f 851/227/1 949/226/1 1023/677/1
f 1024/675/1 498/312/1 499/802/1
f 951/676/1 1024/675/1 533/423/1
f 950/225/1 947/307/1 1024/675/1
f 629/798/1 544/797/1 1085/803/1
f 544/797/1 1142/897/1 1141/354/1
f 858/805/1 633/811/1 546/806/1
f 1079/807/1 546/806/1 867/808/1
f 546/806/1 629/798/1 866/804/1
f 1092/452/1 971/467/1 548/809/1
f 859/810/1 548/809/1 633/811/1
f 548/809/1 628/895/1 632/796/1
f 625/812/1 627/894/1 549/813/1
f 1028/670/1 941/669/1 939/815/1
f 664/418/1 1028/670/1 938/816/1
f 503/818/1 597/668/1 1028/670/1
f 624/814/1 549/813/1 1077/819/1
f 549/813/1 1095/559/1 1094/561/1
f 665/817/1 938/816/1 1029/821/1
f 845/822/1 626/829/1 550/823/1
f 1073/824/1 550/823/1 857/825/1
f 550/823/1 624/814/1 856/820/1
f 1031/235/1 506/662/1 507/826/1
f 936/182/1 1031/235/1 521/411/1
f 1096/701/1 982/711/1 551/827/1
f 846/828/1 551/827/1 626/829/1
f 551/827/1 622/887/1 625/812/1
f 1033/661/1 933/660/1 649/830/1
f 520/637/1 1033/661/1 648/644/1
f 653/832/1 931/659/1 1033/661/1
f 1034/833/1 474/339/1 475/834/1
f 933/660/1 1034/833/1 516/407/1
f 617/835/1 621/886/1 552/836/1
f 616/837/1 552/836/1 1071/838/1
f 646/405/1 1036/842/1 923/840/1
f 483/368/1 580/356/1 1036/842/1
f 552/836/1 1100/476/1 1098/478/1
f 515/646/1 1037/844/1 642/653/1
f 647/841/1 923/840/1 1037/844/1
f 833/845/1 620/862/1 557/846/1
f 1067/847/1 557/846/1 840/848/1
f 557/846/1 616/837/1 839/839/1
f 1039/655/1 921/654/1 919/849/1
f 644/321/1 1039/655/1 918/651/1
f 514/843/1 642/653/1 1039/655/1
f 1040/338/1 920/652/1 606/850/1
f 645/343/1 918/651/1 1040/338/1
f 1041/650/1 472/649/1 471/851/1
f 920/652/1 1041/650/1 470/396/1
f 919/849/1 917/648/1 1041/650/1
f 1042/647/1 515/646/1 514/843/1
f 913/161/1 1042/647/1 513/403/1
f 916/248/1 912/645/1 1042/647/1
f 518/831/1 648/644/1 1043/263/1
f 1044/132/1 911/131/1 576/852/1
f 519/119/1 1044/132/1 575/708/1
f 1045/129/1 450/128/1 451/853/1
f 911/131/1 1045/129/1 452/380/1
f 1046/120/1 519/119/1 477/735/1
f 910/122/1 1046/120/1 476/458/1
f 1047/854/1 909/975/1 907/855/1
f 638/397/1 1047/854/1 906/639/1
f 1105/856/1 1004/884/1 562/857/1
f 1048/340/1 908/640/1 651/322/1
f 639/319/1 906/639/1 1048/340/1
f 1049/638/1 520/637/1 518/831/1
f 908/640/1 1049/638/1 517/408/1
f 907/855/1 905/636/1 1049/638/1
f 1050/271/1 904/635/1 902/859/1
f 656/26/1 1050/271/1 901/632/1
f 1051/634/1 903/633/1 598/861/1
f 522/624/1 1051/634/1 597/668/1
f 657/860/1 901/632/1 1051/634/1
f 834/858/1 562/857/1 620/862/1
f 562/857/1 604/885/1 617/835/1
f 902/859/1 900/629/1 1052/631/1
f 1053/117/1 899/116/1 897/863/1
f 581/44/1 1053/117/1 896/626/1
f 1054/628/1 898/627/1 631/865/1
f 454/509/1 1054/628/1 630/612/1
f 582/864/1 896/626/1 1054/628/1
f 1055/625/1 522/624/1 503/818/1
f 898/627/1 1055/625/1 502/417/1
f 897/863/1 895/623/1 1055/625/1
f 564/867/1 1123/335/1 1122/372/1
f 599/869/1 603/882/1 565/870/1
f 596/871/1 565/870/1 1061/872/1
f 565/870/1 1104/883/1 1103/874/1
f 814/392/1 600/880/1 567/875/1
f 1058/876/1 567/875/1 823/877/1
f 567/875/1 596/871/1 821/873/1
f 1143/350/1 1030/351/1 568/878/1
f 815/879/1 568/878/1 600/880/1
f 568/878/1 595/881/1 599/869/1
f 1030/351/1 1027/976/1 595/881/1
f 600/880/1 599/869/1 596/871/1
f 603/882/1 889/1090/1 1104/883/1
f 1004/884/1 1003/1022/1 604/885/1
f 620/862/1 617/835/1 616/837/1
f 621/886/1 885/474/1 1100/476/1
f 982/711/1 981/712/1 622/887/1
f 626/829/1 625/812/1 624/814/1
f 1062/614/1 884/613/1 882/888/1
f 611/388/1 1062/614/1 881/609/1
f 455/866/1 630/612/1 1062/614/1
f 1063/611/1 883/610/1 661/890/1
f 478/682/1 1063/611/1 660/891/1
f 612/889/1 881/609/1 1063/611/1
f 1064/608/1 527/607/1 525/892/1
f 883/610/1 1064/608/1 524/893/1
f 882/888/1 880/606/1 1064/608/1
f 627/894/1 876/557/1 1095/559/1
f 971/467/1 966/462/1 628/895/1
f 633/811/1 632/796/1 629/798/1
f 636/896/1 944/1087/1 1142/897/1
f 963/436/1 962/432/1 569/898/1
f 637/900/1 870/400/1 1089/402/1
f 659/792/1 658/774/1 641/776/1
f 662/902/1 964/737/1 1150/739/1
f 667/903/1 666/767/1 663/769/1
f 668/904/1 868/787/1 1086/789/1
f 867/808/1 866/804/1 669/905/1
f 672/766/1 671/745/1 670/747/1
f 673/906/1 1025/983/1 1191/365/1
f 865/722/1 863/717/1 678/907/1
f 681/744/1 680/727/1 679/729/1
f 682/908/1 861/755/1 1082/757/1
f 875/454/1 874/451/1 683/909/1
f 686/725/1 685/713/1 684/715/1
f 687/910/1 858/805/1 1079/807/1
f 693/911/1 692/690/1 691/692/1
f 697/912/1 696/705/1 1078/707/1
f 857/825/1 856/820/1 698/913/1
f 701/680/1 700/663/1 699/665/1
f 702/914/1 972/571/1 1152/573/1
f 855/604/1 849/599/1 703/915/1
f 716/658/1 709/619/1 708/621/1
f 717/916/1 847/671/1 1074/673/1
f 879/704/1 878/694/1 720/917/1
f 727/618/1 726/595/1 721/597/1
f 730/918/1 845/822/1 1073/824/1
f 736/593/1 735/583/1 734/585/1
f 738/919/1 737/771/1 1177/773/1
f 844/560/1 843/562/1 739/920/1
f 742/578/1 741/567/1 740/569/1
f 743/921/1 841/588/1 1072/590/1
f 840/848/1 839/839/1 745/922/1
f 747/556/1 746/544/1 577/546/1
f 838/517/1 837/500/1 749/923/1
f 752/543/1 751/527/1 750/529/1
f 753/924/1 835/547/1 1068/549/1
f 892/925/1 891/1089/1 754/926/1
f 762/519/1 756/496/1 755/498/1
f 764/927/1 833/845/1 1067/847/1
f 832/477/1 831/479/1 578/928/1
f 934/929/1 930/1088/1 765/930/1
f 1080/582/1 854/581/1 677/931/1
f 572/933/1 1080/582/1 676/932/1
f 573/278/1 852/276/1 1080/582/1
f 1081/580/1 537/579/1 535/801/1
f 854/581/1 1081/580/1 534/935/1
f 853/275/1 850/308/1 1081/580/1
f 769/490/1 768/471/1 767/473/1
f 828/936/1 827/1077/1 771/937/1
f 784/469/1 783/455/1 782/457/1
f 785/938/1 1014/1009/1 1171/939/1
f 789/940/1 825/464/1 1065/466/1
f 823/877/1 821/873/1 791/941/1
f 802/442/1 801/428/1 800/430/1
f 804/942/1 985/1023/1 1159/943/1
f 819/409/1 818/374/1 805/376/1
f 808/378/1 816/383/1 590/435/1
f 952/944/1 946/384/1 809/386/1
f 812/420/1 811/391/1 810/394/1
f 813/390/1 814/392/1 1058/876/1
f 1144/945/1 1143/350/1 815/879/1
f 1060/395/1 1059/399/1 817/441/1
f 1061/872/1 1103/874/1 1002/946/1
f 1066/868/1 1122/372/1 1015/373/1
f 1134/949/1 1133/1010/1 830/950/1
f 1106/952/1 1105/856/1 834/858/1
f 1070/499/1 1069/514/1 836/555/1
f 1071/838/1 1098/478/1 984/495/1
f 1097/693/1 1096/701/1 846/828/1
f 1076/598/1 1075/600/1 848/679/1
f 1077/819/1 1094/561/1 979/577/1
f 1093/450/1 1092/452/1 859/810/1
f 1084/716/1 1083/718/1 862/763/1
f 1085/803/1 1141/354/1 1026/355/1
f 1087/795/1 1090/723/1 965/743/1
f 1173/963/1 1172/414/1 871/416/1
f 1149/431/1 1158/433/1 585/329/1
f 1151/461/1 1170/463/1 945/966/1
f 1155/968/1 1154/563/1 877/565/1
f 1164/970/1 1161/480/1 886/482/1
f 1193/359/1 1192/358/1 890/972/1
f 158/328/6 1524/328/6 1587/328/6
f 1176/574/1 1826/574/1 1769/575/1
f 1056/622/1 1835/622/1 1836/348/1
f 773/504/9 1384/504/9 1340/974/9
f 157/328/6 1522/328/6 1585/328/6
f 1173/963/1 1840/963/1 1765/414/1
f 1032/515/1 1833/515/1 1834/353/1
f 572/933/1 1664/933/1 1715/278/1
f 1099/552/2 1416/552/2 1387/550/2
f 156/328/6 1520/328/6 1583/328/6
f 638/397/10 1383/397/10 1404/854/10
f 471/851/5 472/649/5 1213/649/5
f 1171/939/1 1824/939/1 1763/463/1
f 1047/854/10 1404/854/10 1388/975/10
f 941/669/5 598/861/5 1351/861/5
f 1027/976/1 1831/976/1 1832/359/1
f 547/551/9 1237/551/9 1416/552/9
f 475/834/1 1658/834/1 1683/336/1
f 766/492/5 729/977/5 1381/977/5
f 472/649/5 608/978/5 1261/978/5
f 763/979/9 1311/979/9 1377/980/9
f 933/660/5 932/981/5 1359/981/5
f 468/630/5 602/980/5 1377/980/5
f 480/288/1 1651/288/1 1744/982/1
f 653/832/10 1281/832/10 1358/659/10
f 17/328/6 1529/328/6 1528/328/6
f 155/328/6 1518/328/6 1581/328/6
f 1169/740/1 1822/740/1 1761/741/1
f 1025/983/1 1829/983/1 1830/365/1
f 16/328/6 1527/328/6 1526/328/6
f 457/984/2 1205/984/2 1206/985/2
f 154/328/6 1516/328/6 1579/328/6
f 1166/617/1 1820/617/1 1759/615/1
f 1111/736/1 1777/736/1 1778/730/1
f 1021/770/1 1827/770/1 1828/369/1
f 473/934/1 1663/934/1 1664/933/1
f 15/328/6 1525/328/6 1524/328/6
f 153/328/6 1514/328/6 1577/328/6
f 1164/970/1 1818/970/1 1757/480/1
f 1253/357/44 1863/357/44 1864/963/44
f 14/328/6 1523/328/6 1522/328/6
f 1159/943/1 1816/943/1 1755/433/1
f 1251/363/1 1867/363/1 1868/986/1
f 1107/605/1 1775/605/1 1776/603/1
f 1016/570/1 1825/570/1 1826/574/1
f 13/328/6 1521/328/6 1520/328/6
f 450/128/1 1708/128/1 1705/853/1
f 555/761/1 704/534/1 1109/280/1
f 1498/987/1 706/990/1 1500/532/1
f 12/328/6 1519/328/6 1518/328/6
f 1105/856/1 1773/856/1 1774/884/1
f 11/328/6 1517/328/6 1516/328/6
f 1112/989/1 803/992/1 707/533/1
f 1498/987/1 481/371/1 579/362/1
f 579/362/1 1112/989/1 706/990/1
f 149/328/6 1620/328/6 1575/328/6
f 1113/991/1 556/760/1 555/761/1
f 803/992/1 1113/991/1 554/444/1
f 10/328/6 1515/328/6 1514/328/6
f 489/764/1 710/79/1 1114/81/1
f 1115/526/1 799/525/1 797/301/1
f 618/993/1 1115/526/1 796/522/1
f 457/984/1 614/524/1 1115/526/1
f 1116/523/1 798/299/1 711/300/1
f 488/696/1 1116/523/1 710/79/1
f 619/994/1 796/522/1 1116/523/1
f 1117/521/1 794/326/1 793/303/1
f 718/995/1 1117/521/1 792/67/1
f 558/752/1 714/520/1 1117/521/1
f 559/997/1 1118/69/1 992/196/1
f 719/996/1 792/67/1 1118/69/1
f 4/328/6 253/328/6 1618/328/6
f 1103/874/1 1771/874/1 1772/946/1
f 147/328/6 1510/328/6 1571/328/6
f 1120/998/1 790/1001/1 615/999/1
f 458/985/1 1120/998/1 614/524/1
f 2/328/6 252/328/6 1616/328/6
f 1121/1000/1 559/997/1 485/221/1
f 790/1001/1 1121/1000/1 484/448/1
f 574/341/45 1689/341/45 1700/4/45
f 146/328/6 1508/328/6 1569/328/6
f 1148/674/1 1814/674/1 1791/344/1
f 790/1001/10 1385/1001/10 1424/1000/10
f 1/328/6 251/328/6 1614/328/6
f 8/328/6 1513/328/6 1512/328/6
f 145/328/6 1506/328/6 1567/328/6
f 1121/1000/10 1424/1000/10 1380/997/10
f 1146/542/1 1812/542/1 1789/346/1
f 3/328/13 250/328/13 1612/328/13
f 1125/63/1 781/62/1 779/1002/1
f 724/47/1 1125/63/1 778/511/1
f 1126/513/1 780/512/1 588/1004/1
f 561/502/1 1126/513/1 587/687/1
f 725/1003/1 778/511/1 1126/513/1
f 1127/510/1 454/509/1 455/866/1
f 780/512/1 1127/510/1 459/387/1
f 779/1002/1 777/508/1 1127/510/1
f 1128/507/1 776/325/1 774/1005/1
f 593/424/1 1128/507/1 773/504/1
f 499/802/1 722/311/1 1128/507/1
f 144/328/6 1504/328/6 1565/328/6
f 1144/945/1 1810/945/1 1787/350/1
f 249/328/6 1610/328/6 1513/328/6
f 1130/503/1 561/502/1 493/779/1
f 775/505/1 1130/503/1 492/437/1
f 774/1005/1 772/501/1 1130/503/1
f 498/312/1 1131/57/1 722/311/1
f 860/1007/2 1339/1007/2 1441/425/2
f 143/328/6 1502/328/6 1563/328/6
f 1142/897/1 1808/897/1 1785/354/1
f 1174/425/9 1441/425/9 1344/1008/9
f 458/985/10 1206/985/10 1423/998/10
f 1014/1009/1 1823/1009/1 1824/939/1
f 1120/998/10 1423/998/10 1385/1001/10
f 594/974/9 1340/974/9 1339/1007/9
f 1012/700/2 1396/700/2 1367/698/2
f 5/328/6 1511/328/6 1510/328/6
f 601/412/1 1135/493/1 763/979/1
f 507/826/1 728/491/1 1135/493/1
f 719/996/2 1301/996/2 1300/995/2
f 1137/790/1 1806/790/1 1783/360/1
f 1008/731/1 1821/731/1 1822/740/1
f 3/328/6 1509/328/6 1508/328/6
f 556/760/10 1379/760/10 1396/700/10
f 1134/949/1 1804/949/1 1839/1010/1
f 1138/315/1 761/489/1 759/1011/1
f 634/14/1 1138/315/1 758/486/1
f 1139/488/1 760/487/1 729/977/1
f 506/662/1 1139/488/1 728/491/1
f 635/316/1 758/486/1 1139/488/1
f 566/484/5 733/734/5 1382/734/5
f 760/487/1 1140/485/1 563/1012/1
f 759/1011/1 757/483/1 1140/485/1
f 246/328/6 1608/328/6 1511/328/6
f 1006/601/1 1819/601/1 1820/617/1
f 563/1012/9 1242/1012/9 1381/977/9
f 558/752/2 1239/752/2 1240/751/2
f 718/995/2 1300/995/2 1239/752/2
f 1037/844/5 923/840/5 1353/840/5
f 976/1013/5 1199/382/5 1449/382/5
f 642/653/5 1037/844/5 1402/844/5
f 4/328/6 1507/328/6 1506/328/6
f 613/381/9 1265/381/9 1449/382/9
f 92/328/6 1619/328/6 1618/328/6
f 559/997/2 1380/997/2 1301/996/2
f 1132/591/1 1802/591/1 1781/366/1
f 1036/842/5 580/356/5 1252/356/5
f 923/840/5 1036/842/5 1401/842/5
f 978/732/9 1375/732/9 1374/733/9
f 560/751/10 1240/751/10 1394/750/10
f 973/754/2 1371/754/2 1372/1014/2
f 1009/750/10 1394/750/10 1390/753/10
f 545/782/2 1236/782/2 1237/551/2
f 689/780/9 1294/780/9 1293/781/9
f 933/660/10 1389/660/10 1400/833/10
f 479/783/9 1234/783/9 1233/784/9
f 968/698/10 1367/698/10 1368/765/10
f 1034/833/10 1400/833/10 1378/339/10
f 967/695/10 1366/695/10 1270/994/10
f 688/781/9 1293/781/9 1236/782/9
f 677/931/9 1290/931/9 1289/932/9
f 543/784/9 1233/784/9 1294/780/9
f 675/799/9 1288/799/9 1287/800/9
f 803/992/10 1386/992/10 1421/991/10
f 1113/991/10 1421/991/10 1379/760/10
f 563/1012/5 1140/485/5 1430/485/5
f 535/801/9 1232/801/9 1231/935/9
f 566/484/9 1244/484/9 1430/485/9
f 676/932/9 1289/932/9 1216/934/9
f 1153/460/1 732/459/1 733/734/1
f 761/489/1 1153/460/1 757/483/1
f 610/269/1 476/458/1 1153/460/1
f 579/362/10 1250/362/10 1420/989/10
f 822/1015/2 1329/1015/2 1331/1016/2
f 674/800/9 1287/800/9 1232/801/9
f 1112/989/10 1420/989/10 1386/992/10
f 534/935/9 1231/935/9 1290/931/9
f 661/890/9 1285/890/9 1284/891/9
f 1156/48/1 724/47/1 725/1003/1
f 776/325/1 1156/48/1 772/501/1
f 1157/45/1 581/44/1 582/864/1
f 781/62/1 1157/45/1 777/508/1
f 525/892/5 527/607/5 1230/607/5
f 864/1008/2 1344/1008/2 1288/799/2
f 525/892/9 1229/892/9 1228/893/9
f 653/832/5 652/1017/5 1280/1017/5
f 660/891/9 1284/891/9 1234/783/9
f 1029/821/5 938/816/5 1362/816/5
f 1160/449/1 712/219/1 713/220/1
f 799/525/1 1160/449/1 795/70/1
f 615/999/1 484/448/1 1160/449/1
f 524/893/9 1228/893/9 1285/890/9
f 1029/821/9 1397/821/9 1230/607/9
f 642/653/10 1278/653/10 1279/1018/10
f 707/533/1 554/444/1 1162/327/1
f 705/759/1 553/443/1 1163/323/1
f 939/815/5 941/669/5 1365/669/5
f 939/815/9 1363/815/9 1362/816/9
f 638/397/5 471/851/5 1214/851/5
f 763/979/5 1135/493/5 1428/493/5
f 766/492/9 1314/492/9 1428/493/9
f 643/1018/10 1279/1018/10 1226/1019/10
f 931/659/10 1358/659/10 1359/981/10
f 1188/1020/5 512/1019/5 1226/1019/5
f 977/733/9 1374/733/9 1382/734/9
f 1167/439/1 694/438/1 695/778/1
f 824/1016/1 1167/439/1 820/550/1
f 623/1006/1 492/437/1 1167/439/1
f 976/1013/9 1373/1013/9 1375/732/9
f 619/994/2 1270/994/2 1269/993/2
f 975/1014/2 1372/1014/2 1247/341/2
f 1188/1020/10 1444/1020/10 1260/1021/10
f 974/753/2 1390/753/2 1371/754/2
f 618/993/2 1269/993/2 1205/984/2
f 1003/1022/1 1817/1022/1 1818/970/1
f 2/328/6 1505/328/6 1504/328/6
f 91/328/6 1617/328/6 1616/328/6
f 1123/335/1 1838/335/1 1779/372/1
f 1052/631/9 1405/631/9 1350/633/9
f 985/1023/1 1815/1023/1 1816/943/1
f 468/630/9 1212/630/9 1405/631/9
f 1/328/6 1503/328/6 1502/328/6
f 969/765/10 1368/765/10 1366/695/10
f 90/328/6 1615/328/6 1614/328/6
f 1119/758/1 1800/758/1 1777/736/1
f 89/328/13 1613/328/13 1612/328/13
f 1174/425/1 593/424/1 594/974/1
f 1108/657/1 1798/657/1 1775/605/1
f 675/799/1 533/423/1 1174/425/1
f 242/328/6 1606/328/6 1529/328/6
f 1175/575/1 1769/575/1 1770/666/1
f 88/328/6 1611/328/6 1610/328/6
f 1106/952/1 1796/952/1 1773/856/1
f 241/328/6 1604/328/6 1527/328/6
f 1104/883/1 1794/883/1 1771/874/1
f 240/328/6 1602/328/6 1525/328/6
f 239/328/6 1600/328/6 1523/328/6
f 85/328/6 1609/328/6 1608/328/6
f 1178/419/1 664/418/1 665/817/1
f 884/613/1 1178/419/1 880/606/1
f 631/865/1 502/417/1 1178/419/1
f 238/328/6 1598/328/6 1521/328/6
f 824/1016/2 1331/1016/2 1272/1006/2
f 586/540/1 1767/540/1 1768/538/1
f 955/667/1 1813/667/1 1814/674/1
f 237/328/6 1596/328/6 1519/328/6
f 1172/414/1 1765/414/1 1766/944/1
f 1181/27/1 656/26/1 657/860/1
f 899/116/1 1181/27/1 895/623/1
f 1182/413/1 601/412/1 602/980/1
f 904/635/1 1182/413/1 900/629/1
f 655/232/1 521/411/1 1182/413/1
f 1183/1024/1 652/1017/1 653/832/1
f 909/975/1 1183/1024/1 905/636/1
f 953/536/1 1811/536/1 1812/542/1
f 651/322/1 517/408/1 1184/337/1
f 649/830/1 516/407/1 1185/333/1
f 1186/406/1 646/405/1 647/841/1
f 915/164/1 1186/406/1 912/645/1
f 987/313/1 482/404/1 1186/406/1
f 914/251/1 513/403/1 1187/320/1
f 1188/1020/1 607/1021/1 608/978/1
f 921/654/1 1188/1020/1 917/648/1
f 643/1018/1 512/1019/1 1188/1020/1
f 236/328/6 1594/328/6 1517/328/6
f 1170/463/1 1763/463/1 1764/966/1
f 1129/506/2 1426/506/2 1384/504/2
f 1190/398/1 638/397/1 639/319/1
f 928/318/1 1190/398/1 927/175/1
f 606/850/1 470/396/1 1190/398/1
f 1215/342/1 1944/342/1 1945/934/1
f 235/328/6 1592/328/6 1515/328/6
f 1168/741/1 1761/741/1 1762/785/1
f 820/550/9 1387/550/9 1329/1015/9
f 623/1006/2 1272/1006/2 1315/505/2
f 81/328/6 1607/328/6 1606/328/6
f 80/328/6 1605/328/6 1604/328/6
f 909/975/10 1388/975/10 1443/1024/10
f 1165/615/1 1759/615/1 1760/703/1
f 79/328/6 1603/328/6 1602/328/6
f 1183/1024/10 1443/1024/10 1280/1017/10
f 78/328/6 1601/328/6 1600/328/6
f 1195/389/1 611/388/1 612/889/1
f 961/688/1 1195/389/1 957/681/1
f 588/1004/1 459/387/1 1195/389/1
f 775/505/9 1315/505/9 1426/506/9
f 1161/480/1 1757/480/1 1758/929/1
f 77/328/6 1599/328/6 1598/328/6
f 1158/433/1 1755/433/1 1756/329/1
f 608/978/5 607/1021/5 1260/1021/5
f 598/861/5 903/633/5 1350/633/5
f 975/1014/1 1198/6/1 1001/199/1
f 574/341/1 986/4/1 1198/6/1
f 76/328/6 1597/328/6 1596/328/6
f 980/709/1 1199/382/1 976/1013/1
f 576/852/1 452/380/1 1199/382/1
f 75/328/6 1595/328/6 1594/328/6
f 74/328/6 1593/328/6 1592/328/6
f 226/328/6 1590/328/6 1561/328/6
f 1179/370/1 1753/370/1 1754/586/1
f 1204/1025/1 1205/984/1 1269/993/1
f 1210/1027/1 1211/1084/1 1274/724/1
f 1226/1019/1 1225/410/1 1260/1021/1
f 1222/1029/1 1223/1082/1 1280/1017/1
f 1228/893/1 1229/892/1 1286/791/1
f 1231/935/1 1232/801/1 1291/1031/1
f 1233/784/1 1234/783/1 1248/1033/1
f 1235/1035/1 1236/782/1 1296/592/1
f 1219/530/1 1220/535/1 1297/1037/1
f 1238/1039/1 1239/752/1 1300/995/1
f 1242/1012/1 1243/1078/1 1306/468/1
f 1308/427/1 1309/379/1 1310/422/1
f 1311/979/1 1312/445/1 1313/447/1
f 1316/1043/1 1303/1079/1 1240/751/1
f 1318/1044/1 1301/996/1 1380/997/1
f 1319/1045/1 1320/1093/1 1385/1001/1
f 1322/1046/1 1298/1080/1 1379/760/1
f 1323/1047/1 1324/1092/1 1386/992/1
f 1267/539/1 1268/531/1 1325/1048/1
f 1326/1050/1 1257/1086/1 1206/985/1
f 1328/566/1 1329/1015/1 1330/1051/1
f 1271/1052/1 1272/1006/1 1331/1016/1
f 1293/781/1 1294/780/1 1334/1053/1
f 1289/932/1 1290/931/1 1338/1054/1
f 1339/1007/1 1340/974/1 1209/1056/1
f 1341/1058/1 1342/1085/1 1343/1059/1
f 1287/800/1 1288/799/1 1344/1008/1
f 1284/891/1 1285/890/1 1348/1061/1
f 1282/1063/1 1283/1081/1 1349/1064/1
f 1276/1065/1 1277/1094/1 1388/975/1
f 1353/840/1 1354/1083/1 1355/1066/1
f 1252/356/1 1253/357/1 1356/1067/1
f 1357/1068/1 1264/330/1 1378/339/1
f 1361/1069/1 1275/719/1 1221/721/1
f 1362/816/1 1363/815/1 1364/1070/1
f 1254/553/1 1255/1091/1 1369/1071/1
f 1370/1073/1 1371/754/1 1390/753/1
f 1246/377/1 1247/341/1 1372/1014/1
f 1373/1013/1 1266/334/1 1218/335/1
f 1374/733/1 1375/732/1 1376/1075/1
f 1391/1076/1 1376/1075/1 1305/1077/1
f 1244/484/1 1391/1076/1 1304/936/1
f 1382/734/1 1374/733/1 1391/1076/1
f 1376/1075/1 1392/867/1 1241/868/1
f 1375/732/1 1373/1013/1 1392/867/1
f 1393/1074/1 1372/1014/1 1371/754/1
f 1302/950/1 1393/1074/1 1370/1073/1
f 1217/1010/1 1246/377/1 1393/1074/1
f 1303/1079/1 1370/1073/1 1394/750/1
f 1395/1072/1 1369/1071/1 1368/765/1
f 1297/1037/1 1395/1072/1 1367/698/1
f 1220/535/1 1254/553/1 1395/1072/1
f 1298/1080/1 1367/698/1 1396/700/1
f 1397/821/1 1364/1070/1 1283/1081/1
f 1230/607/1 1397/821/1 1282/1063/1
f 1364/1070/1 1398/794/1 1227/795/1
f 1363/815/1 1361/1069/1 1398/794/1
f 1399/899/1 1360/898/1 1359/981/1
f 1280/1017/1 1399/899/1 1358/659/1
f 1223/1082/1 1259/436/1 1399/899/1
f 1359/981/1 1357/1068/1 1400/833/1
f 1401/842/1 1356/1067/1 1354/1083/1
f 1402/844/1 1355/1066/1 1279/1018/1
f 1403/901/1 1224/402/1 1225/410/1
f 1355/1066/1 1403/901/1 1226/1019/1
f 1354/1083/1 1352/900/1 1403/901/1
f 1214/851/1 1276/1065/1 1404/854/1
f 1405/631/1 1212/630/1 1211/1084/1
f 1350/633/1 1405/631/1 1210/1027/1
f 1229/892/1 1282/1063/1 1406/793/1
f 1407/1062/1 1348/1061/1 1347/767/1
f 1248/1033/1 1407/1062/1 1346/903/1
f 1234/783/1 1284/891/1 1407/1062/1
f 1211/1084/1 1273/454/1 1408/726/1
f 1409/1060/1 1344/1008/1 1342/1085/1
f 1291/1031/1 1409/1060/1 1341/1058/1
f 1232/801/1 1287/800/1 1409/1060/1
f 1411/1057/1 1209/1056/1 1208/563/1
f 1343/1059/1 1411/1057/1 1207/968/1
f 1342/1085/1 1339/1007/1 1411/1057/1
f 1412/1055/1 1338/1054/1 1337/690/1
f 1215/342/1 1412/1055/1 1336/911/1
f 1216/934/1 1289/932/1 1412/1055/1
f 225/328/6 1588/328/6 1559/328/6
f 1326/1050/3 748/1050/3 983/1086/3
f 1257/1086/2 983/1086/2 984/495/2
f 1413/594/4 469/594/4 842/592/4
f 1202/540/3 586/540/3 888/539/3
f 986/4/2 1700/4/2 1620/4/2
f 1235/1035/4 591/1035/4 843/562/4
f 1425/472/2 1459/472/2 770/1043/2
f 1334/1053/4 731/1053/4 469/594/4
f 224/328/6 1586/328/6 1557/328/6
f 1259/436/5 963/436/5 541/899/5
f 223/328/6 1584/328/6 1555/328/6
f 1189/364/1 1751/364/1 1752/748/1
f 946/384/1 1809/384/1 1810/945/1
f 1310/422/3 583/422/3 1469/421/3
f 222/328/6 1582/328/6 1553/328/6
f 1309/379/5 806/379/5 583/422/5
f 1410/706/2 505/706/2 570/1058/2
f 1197/328/1 1749/328/1 1750/643/1
f 1317/473/3 767/473/3 1459/472/3
f 1347/767/4 666/767/4 667/903/4
f 944/1087/1 1807/1087/1 1808/897/1
f 1434/421/3 1469/421/3 590/435/3
f 221/328/6 1580/328/6 1551/328/6
f 942/786/1 1805/786/1 1806/790/1
f 1399/899/3 541/899/3 569/898/3
f 579/362/10 1653/362/10 1890/362/10
f 220/328/6 1578/328/6 1549/328/6
f 1194/352/1 1747/352/1 1748/925/1
f 1219/530/3 1102/530/3 1101/535/3
f 1418/545/2 453/545/2 748/1050/2
f 1343/1059/4 690/1059/4 505/706/4
f 930/1088/1 1803/1088/1 1804/949/1
f 1442/1030/5 1489/1030/5 668/904/5
f 1236/782/1 1293/781/1 1413/594/1
f 67/328/6 1591/328/6 1590/328/6
f 1398/794/5 542/794/5 1087/795/5
f 219/328/6 1576/328/6 1547/328/6
f 1332/919/4 738/919/4 735/583/4
f 925/587/1 1801/587/1 1802/591/1
f 66/328/6 1589/328/6 1588/328/6
f 922/749/1 1799/749/1 1800/758/1
f 1327/546/3 577/546/3 453/545/3
f 1286/791/4 869/791/4 1489/1030/4
f 65/328/6 1587/328/6 1586/328/6
f 1221/721/4 1091/721/4 542/794/4
f 1307/409/5 819/409/5 1468/426/5
f 893/641/1 1797/641/1 1798/657/1
f 64/328/6 1585/328/6 1584/328/6
f 216/328/6 1622/328/6 1545/328/6
f 1414/564/1 1331/1016/1 1329/1015/1
f 891/1089/1 1795/1089/1 1796/952/1
f 1432/426/5 1468/426/5 807/427/5
f 63/328/6 1583/328/6 1582/328/6
f 1201/986/1 1868/986/1 1940/540/1
f 215/328/6 1574/328/6 1543/328/6
f 1416/552/1 1237/551/1 1236/782/1
f 1330/1051/1 1416/552/1 1235/1035/1
f 1329/1015/1 1387/550/1 1416/552/1
f 889/1090/1 1793/1090/1 1794/883/1
f 62/328/6 1581/328/6 1580/328/6
f 1254/553/2 589/553/2 456/548/2
f 1417/548/1 1327/546/1 1255/1091/1
f 214/328/6 1572/328/6 1541/328/6
f 61/328/6 1579/328/6 1578/328/6
f 1418/545/1 1206/985/1 1205/984/1
f 1327/546/1 1418/545/1 1204/1025/1
f 213/328/6 1570/328/6 1539/328/6
f 1225/410/3 1088/410/3 819/409/3
f 60/328/6 1577/328/6 1576/328/6
f 1392/867/5 564/867/5 1066/868/5
f 212/328/6 1568/328/6 1537/328/6
f 211/328/6 1566/328/6 1535/328/6
f 1417/548/3 456/548/3 577/546/3
f 1133/1010/2 1839/1010/2 1943/1010/2
f 210/328/6 1564/328/6 1533/328/6
f 209/328/6 1562/328/6 1531/328/6
f 1218/335/4 1123/335/4 564/867/4
f 1192/358/1 1745/358/1 1746/972/1
f 1227/795/4 1087/795/4 592/1081/4
f 56/328/6 1575/328/6 1574/328/6
f 1057/345/1 1792/345/1 1835/622/1
f 1283/1081/5 592/1081/5 640/1064/5
f 1299/479/2 831/479/2 767/473/2
f 1302/950/2 830/950/2 1133/1010/2
f 55/328/6 1573/328/6 1572/328/6
f 1419/1049/1 1325/1048/1 1324/1092/1
f 1201/986/1 1419/1049/1 1323/1047/1
f 1202/540/1 1267/539/1 1419/1049/1
f 1251/363/1 1323/1047/1 1420/989/1
f 1324/1092/1 1322/1046/1 1421/991/1
f 1422/494/1 1321/928/1 1320/1093/1
f 1256/495/1 1422/494/1 1319/1045/1
f 178/288/3 1548/288/3 1651/288/3
f 1257/1086/1 1319/1045/1 1423/998/1
f 1320/1093/1 1318/1044/1 1424/1000/1
f 1431/434/5 1466/434/5 963/436/5
f 1038/347/1 1790/347/1 1833/515/1
f 1316/1043/3 770/1043/3 829/1079/3
f 1258/712/2 981/712/2 690/1059/2
f 1245/435/3 590/435/3 1466/434/3
f 54/328/6 1571/328/6 1570/328/6
f 1425/472/1 1240/751/1 1239/752/1
f 1317/473/1 1425/472/1 1238/1039/1
f 1275/719/5 872/719/5 1091/721/5
f 1426/506/1 1315/505/1 1272/1006/1
f 1209/1056/1 1426/506/1 1271/1052/1
f 1340/974/1 1384/504/1 1426/506/1
f 1256/495/3 984/495/3 1456/494/3
f 1220/535/3 1101/535/3 589/553/3
f 1243/1078/1 1304/936/1 1427/470/1
f 1346/903/4 667/903/4 737/771/4
f 1415/558/2 461/558/2 571/566/2
f 1422/494/3 1456/494/3 578/928/3
f 1030/351/1 1788/351/1 1831/976/1
f 1345/904/4 668/904/4 666/767/4
f 1337/690/4 692/690/4 693/911/4
f 1428/493/1 1314/492/1 1312/445/1
f 1274/724/5 873/724/5 872/719/5
f 1212/630/1 1429/453/1 1273/454/1
f 1377/980/1 1311/979/1 1429/453/1
f 53/328/6 1569/328/6 1568/328/6
f 1314/492/5 787/492/5 786/445/5
f 1268/531/3 887/531/3 1102/530/3
f 1430/485/1 1244/484/1 1243/1078/1
f 1292/705/4 696/705/4 697/912/4
f 1378/339/10 1951/339/10 1657/339/10
f 1330/1051/4 744/1051/4 461/558/4
f 1026/355/1 1786/355/1 1829/983/1
f 1245/435/1 1431/434/1 1259/436/1
f 52/328/6 1567/328/6 1566/328/6
f 1414/564/2 462/564/2 584/1052/2
f 1435/1041/4 1476/1041/4 787/492/4
f 1022/361/1 1784/361/1 1827/770/1
f 51/328/6 1565/328/6 1564/328/6
f 1260/1021/1 1432/426/1 1308/427/1
f 1225/410/1 1307/409/1 1432/426/1
f 1433/1042/1 1310/422/1 1277/1094/1
f 1213/649/1 1433/1042/1 1276/1065/1
f 1261/978/1 1308/427/1 1433/1042/1
f 1434/421/1 1245/435/1 1223/1082/1
f 1310/422/1 1434/421/1 1222/1029/1
f 1328/566/2 571/566/2 462/564/2
f 1306/468/4 826/468/4 1476/1041/4
f 1020/367/1 1782/367/1 1825/570/1
f 50/328/6 1563/328/6 1562/328/6
f 1208/563/4 1154/563/4 1155/968/4
f 1015/373/1 1780/373/1 1823/1009/1
f 580/356/5 1650/356/5 1889/356/5
f 1267/539/3 888/539/3 887/531/3
f 1011/730/1 1778/730/1 1821/731/1
f 1173/963/5 1203/963/5 1864/963/5
f 1217/1010/46 1943/1010/46 1857/377/46
f 1007/603/1 1776/603/1 1819/601/1
f 1429/453/5 1463/453/5 875/454/5
f 1218/335/4 1931/335/4 1838/335/4
f 1406/793/4 539/793/4 869/791/4
f 1004/884/1 1774/884/1 1817/1022/1
f 1321/928/2 578/928/2 831/479/2
f 1002/946/1 1772/946/1 1815/1023/1
f 585/329/3 1756/329/3 1912/329/3
f 1216/934/9 1945/934/9 1663/934/9
f 1349/1064/4 640/1064/4 539/793/4
f 1381/977/1 1242/1012/1 1435/1041/1
f 1273/454/5 875/454/5 510/726/5
f 956/666/1 1770/666/1 1813/667/1
f 451/853/1 1705/853/1 1742/381/1
f 1313/447/4 788/447/4 1463/453/4
f 954/538/1 1768/538/1 1811/536/1
f 1308/427/3 807/427/3 806/379/3
f 1436/1040/1 1300/995/1 1301/996/1
f 1321/928/1 1436/1040/1 1318/1044/1
f 1299/479/1 1238/1039/1 1436/1040/1
f 1437/1038/1 1297/1037/1 1298/1080/1
f 1325/1048/1 1437/1038/1 1322/1046/1
f 1268/531/1 1219/530/1 1437/1038/1
f 952/944/1 1766/944/1 1809/384/1
f 613/381/9 1742/381/9 1896/381/9
f 945/966/1 1764/966/1 1807/1087/1
f 482/404/1 1648/404/1 1649/368/1
f 943/785/1 1762/785/1 1805/786/1
f 1408/726/4 510/726/4 873/724/4
f 1497/982/1 1744/982/1 1652/371/1
f 940/703/1 1760/703/1 1837/331/1
f 934/929/1 1758/929/1 1803/1088/1
f 1202/540/3 1940/540/3 1767/540/3
f 1333/583/2 735/583/2 731/1053/2
f 926/586/1 1754/586/1 1801/587/1
f 1439/1034/1 1248/1033/1 1249/771/1
f 1334/1053/1 1439/1034/1 1332/919/1
f 1294/780/1 1233/784/1 1439/1034/1
f 1341/1058/4 570/1058/4 696/705/4
f 184/328/6 1560/328/6 1619/328/6
f 573/278/4 1715/278/4 1573/278/4
f 924/748/1 1752/748/1 1799/749/1
f 183/328/6 1558/328/6 1617/328/6
f 1352/900/5 637/900/5 540/901/5
f 1249/771/4 737/771/4 738/919/4
f 987/313/1 1623/313/1 1648/404/1
f 474/339/1 1657/339/1 1658/834/1
f 1440/1032/1 1291/1031/1 1292/705/1
f 1338/1054/1 1440/1032/1 1335/912/1
f 1290/931/1 1231/935/1 1440/1032/1
f 1344/1008/1 1441/425/1 1339/1007/1
f 894/643/1 1750/643/1 1797/641/1
f 182/328/6 1556/328/6 1615/328/6
f 1336/911/4 693/911/4 937/331/4
f 1360/898/3 569/898/3 1492/965/3
f 1241/868/4 1066/868/4 827/1077/4
f 892/925/1 1748/925/1 1795/1089/1
f 181/328/47 1554/328/47 1613/328/47
f 1335/912/4 697/912/4 692/690/4
f 1446/965/3 1492/965/3 585/329/3
f 1403/901/3 540/901/3 1089/402/3
f 1348/1061/1 1442/1030/1 1345/904/1
f 1285/890/1 1228/893/1 1442/1030/1
f 1438/1036/2 1482/1036/2 591/1035/2
f 890/972/1 1746/972/1 1793/1090/1
f 1265/381/1 1896/381/1 1930/334/1
f 1277/1094/1 1222/1029/1 1443/1024/1
f 1203/963/5 1173/963/5 1491/964/5
f 1356/1067/1 1445/964/1 1352/900/1
f 1253/357/1 1203/963/1 1445/964/1
f 1446/965/1 1263/329/1 1264/330/1
f 1360/898/1 1446/965/1 1357/1068/1
f 180/328/6 1552/328/6 1611/328/6
f 1447/1028/1 1274/724/1 1275/719/1
f 1365/669/1 1447/1028/1 1361/1069/1
f 1351/861/1 1210/1027/1 1447/1028/1
f 1304/936/5 828/936/5 1460/470/5
f 1445/964/5 1491/964/5 637/900/5
f 1305/1077/4 827/1077/4 828/936/4
f 1303/1079/2 829/1079/2 830/950/2
f 1295/562/2 843/562/2 744/1051/2
f 1312/445/5 786/445/5 788/447/5
f 1296/592/4 842/592/4 1482/1036/4
f 1427/470/4 1460/470/4 826/468/4
f 1207/968/4 1155/968/4 981/712/4
f 1448/1026/1 1269/993/1 1270/994/1
f 1369/1071/1 1448/1026/1 1366/695/1
f 1255/1091/1 1204/1025/1 1448/1026/1
f 1449/382/1 1265/381/1 1266/334/1
f 1271/1052/4 584/1052/4 1154/563/4
f 1224/402/5 1089/402/5 1088/410/5
f 38/328/6 1561/328/6 1560/328/6
f 1475/947/1 1002/946/1 985/1023/1
f 791/941/1 1475/947/1 804/942/1
f 821/873/1 1061/872/1 1475/947/1
f 1476/1041/1 826/468/1 825/464/1
f 787/492/1 1476/1041/1 789/940/1
f 1477/948/1 1015/373/1 1014/1009/1
f 771/937/1 1477/948/1 785/938/1
f 827/1077/1 1066/868/1 1477/948/1
f 1478/951/1 830/950/1 829/1079/1
f 765/930/1 1478/951/1 770/1043/1
f 930/1088/1 1134/949/1 1478/951/1
f 1479/953/1 834/858/1 833/845/1
f 754/926/1 1479/953/1 764/927/1
f 891/1089/1 1106/952/1 1479/953/1
f 1480/954/1 836/555/1 835/547/1
f 749/923/1 1480/954/1 753/924/1
f 837/500/1 1070/499/1 1480/954/1
f 1481/955/1 984/495/1 983/1086/1
f 745/922/1 1481/955/1 748/1050/1
f 839/839/1 1071/838/1 1481/955/1
f 1482/1036/1 842/592/1 841/588/1
f 739/920/1 1482/1036/1 743/921/1
f 843/562/1 591/1035/1 1482/1036/1
f 1483/956/1 846/828/1 845/822/1
f 720/917/1 1483/956/1 730/918/1
f 878/694/1 1097/693/1 1483/956/1
f 1484/957/1 848/679/1 847/671/1
f 703/915/1 1484/957/1 717/916/1
f 849/599/1 1076/598/1 1484/957/1
f 1485/958/1 979/577/1 972/571/1
f 698/913/1 1485/958/1 702/914/1
f 856/820/1 1077/819/1 1485/958/1
f 1486/959/1 859/810/1 858/805/1
f 683/909/1 1486/959/1 687/910/1
f 874/451/1 1093/450/1 1486/959/1
f 1487/960/1 862/763/1 861/755/1
f 678/907/1 1487/960/1 682/908/1
f 863/717/1 1084/716/1 1487/960/1
f 1488/961/1 1026/355/1 1025/983/1
f 669/905/1 1488/961/1 673/906/1
f 866/804/1 1085/803/1 1488/961/1
f 1489/1030/1 869/791/1 868/787/1
f 1490/962/1 965/743/1 964/737/1
f 640/1064/1 1490/962/1 662/902/1
f 592/1081/1 1087/795/1 1490/962/1
f 1491/964/1 871/416/1 870/400/1
f 962/432/1 1149/431/1 1492/965/1
f 1493/967/1 945/966/1 944/1087/1
f 628/895/1 1493/967/1 636/896/1
f 966/462/1 1151/461/1 1493/967/1
f 1494/969/1 877/565/1 876/557/1
f 622/887/1 1494/969/1 627/894/1
f 981/712/1 1155/968/1 1494/969/1
f 1495/971/1 886/482/1 885/474/1
f 604/885/1 1495/971/1 621/886/1
f 1003/1022/1 1164/970/1 1495/971/1
f 1496/973/1 890/972/1 889/1090/1
f 595/881/1 1496/973/1 603/882/1
f 1027/976/1 1193/359/1 1496/973/1
f 1501/988/1 1500/532/1 1110/286/1
f 1497/982/1 1501/988/1 1499/304/1
f 481/371/1 1498/987/1 1501/988/1
f 1609/328/3 1624/328/3 1704/328/3
f 1607/328/2 1625/328/2 1707/328/2
f 1605/328/4 1626/328/4 1710/328/4
f 1603/328/5 1627/328/5 1714/328/5
f 1601/328/3 1628/328/3 1719/328/3
f 1599/328/2 1629/328/2 1723/328/2
f 1560/328/2 1633/328/2 1735/328/2
f 1597/328/4 1630/328/4 1727/328/4
f 1590/328/2 1635/328/2 1634/328/2
f 1558/328/4 1636/328/4 1737/328/4
f 1595/328/5 1631/328/5 1731/328/5
f 1588/328/4 1638/328/4 1637/328/4
f 1556/328/5 1639/328/5 1739/328/5
f 1593/328/3 1632/328/3 1733/328/3
f 1586/328/5 1641/328/5 1640/328/5
f 1613/328/3 1554/328/3 1642/328/3
f 1584/328/3 1644/328/3 1643/328/3
f 1552/328/2 1645/328/2 1743/328/2
f 1582/328/2 1647/328/2 1646/328/2
f 1550/328/4 1648/328/4 1623/328/4
f 1580/328/4 1650/328/4 1649/328/4
f 1578/328/5 1653/328/5 1652/328/5
f 1546/328/3 1654/328/3 1624/328/3
f 1576/328/3 1656/328/3 1655/328/3
f 1544/328/2 1657/328/2 1625/328/2
f 1622/328/2 1683/328/2 1658/328/2
f 1542/328/4 1659/328/4 1626/328/4
f 1574/328/4 1661/328/4 1660/328/4
f 1540/328/5 1662/328/5 1627/328/5
f 1572/328/5 1664/328/5 1663/328/5
f 1538/328/3 1665/328/3 1628/328/3
f 1570/328/3 1667/328/3 1666/328/3
f 1536/328/2 1668/328/2 1629/328/2
f 1568/328/2 1670/328/2 1669/328/2
f 1534/328/4 1671/328/4 1630/328/4
f 1566/328/4 1674/328/4 1672/328/4
f 1532/328/5 1675/328/5 1631/328/5
f 1564/328/5 1678/328/5 1676/328/5
f 1530/328/3 1679/328/3 1632/328/3
f 1562/328/3 1682/328/3 1680/328/3
f 1561/328/2 1634/328/2 1633/328/2
f 1591/328/2 1673/328/2 1635/328/2
f 1559/328/4 1637/328/4 1636/328/4
f 1589/328/4 1677/328/4 1638/328/4
f 1557/328/5 1640/328/5 1639/328/5
f 1587/328/5 1681/328/5 1641/328/5
f 1555/328/3 1643/328/3 1642/328/3
f 1585/328/3 1684/328/3 1644/328/3
f 1553/328/2 1646/328/2 1645/328/2
f 1583/328/2 1685/328/2 1647/328/2
f 1551/328/4 1649/328/4 1648/328/4
f 1581/328/4 1686/328/4 1650/328/4
f 1651/328/5 1548/328/5 1549/328/5
f 1549/328/5 1652/328/5 1744/328/5
f 1579/328/5 1687/328/5 1653/328/5
f 1547/328/3 1655/328/3 1654/328/3
f 1577/328/3 1688/328/3 1656/328/3
f 1545/328/2 1658/328/2 1657/328/2
f 1543/328/4 1660/328/4 1659/328/4
f 1574/328/4 1575/328/4 1689/328/4
f 1541/328/5 1663/328/5 1662/328/5
f 1573/328/5 1715/328/5 1664/328/5
f 1539/328/3 1666/328/3 1665/328/3
f 1571/328/3 1690/328/3 1667/328/3
f 1537/328/2 1669/328/2 1668/328/2
f 1569/328/2 1691/328/2 1670/328/2
f 1535/328/4 1672/328/4 1671/328/4
f 1528/328/2 1695/328/2 1673/328/2
f 1567/328/4 1692/328/4 1674/328/4
f 1533/328/5 1676/328/5 1675/328/5
f 1526/328/4 1696/328/4 1677/328/4
f 1565/328/5 1693/328/5 1678/328/5
f 1531/328/3 1680/328/3 1679/328/3
f 1524/328/5 1697/328/5 1681/328/5
f 1563/328/3 1694/328/3 1682/328/3
f 1522/328/3 1698/328/3 1684/328/3
f 1520/328/2 1699/328/2 1685/328/2
f 1518/328/4 1701/328/4 1686/328/4
f 1516/328/5 1702/328/5 1687/328/5
f 1514/328/3 1703/328/3 1688/328/3
f 1575/328/4 1620/328/4 1700/328/4
f 1510/328/3 1711/328/3 1690/328/3
f 1508/328/2 1716/328/2 1691/328/2
f 1506/328/4 1720/328/4 1692/328/4
f 1504/328/5 1724/328/5 1693/328/5
f 1502/328/3 1728/328/3 1694/328/3
f 1529/328/2 1706/328/2 1695/328/2
f 1527/328/4 1709/328/4 1696/328/4
f 1507/328/48 1618/328/48 1734/328/48
f 1525/328/5 1713/328/5 1697/328/5
f 1616/328/49 1736/328/49 1725/328/49
f 1523/328/3 1718/328/3 1698/328/3
f 1614/328/50 1738/328/50 1729/328/50
f 1521/328/2 1722/328/2 1699/328/2
f 1509/328/51 1612/328/51 1740/328/51
f 1519/328/4 1726/328/4 1701/328/4
f 1610/328/2 1742/328/2 1705/328/2
f 1517/328/5 1730/328/5 1702/328/5
f 1515/328/3 1732/328/3 1703/328/3
f 1608/328/3 1704/328/3 1712/328/3
f 1513/328/2 1705/328/2 1708/328/2
f 1606/328/2 1707/328/2 1706/328/2
f 1604/328/4 1710/328/4 1709/328/4
f 1511/328/3 1712/328/3 1711/328/3
f 1602/328/5 1714/328/5 1713/328/5
f 1508/328/52 1509/328/52 1717/328/52
f 1600/328/3 1719/328/3 1718/328/3
f 1506/328/53 1507/328/53 1721/328/53
f 1598/328/2 1723/328/2 1722/328/2
f 1505/328/54 1725/328/54 1724/328/54
f 1596/328/4 1727/328/4 1726/328/4
f 1503/328/55 1729/328/55 1728/328/55
f 1594/328/5 1731/328/5 1730/328/5
f 1592/328/3 1733/328/3 1732/328/3
f 1619/328/2 1735/328/2 1734/328/2
f 1617/328/4 1737/328/4 1736/328/4
f 1615/328/5 1739/328/5 1738/328/5
f 1611/328/2 1743/328/2 1742/328/2
f 1669/328/2 1865/328/2 1841/328/2
f 1659/328/9 1942/328/9 1908/328/9
f 1672/328/9 1869/328/9 1842/328/9
f 1627/328/5 1662/328/5 1944/328/5
f 1675/328/5 1676/328/5 1873/328/5
f 1665/328/10 1948/328/10 1918/328/10
f 1680/328/10 1875/328/10 1844/328/10
f 1668/328/2 1841/328/2 1924/328/2
f 1671/328/9 1842/328/9 1929/328/9
f 1631/328/5 1675/328/5 1843/328/5
f 1679/328/10 1844/328/10 1937/328/10
f 1673/328/2 1851/328/2 1845/328/2
f 1677/328/9 1853/328/9 1846/328/9
f 1635/328/2 1845/328/2 1897/328/2
f 1641/328/5 1681/328/5 1855/328/5
f 1638/328/9 1846/328/9 1900/328/9
f 1684/328/10 1858/328/10 1848/328/10
f 1640/328/5 1641/328/5 1847/328/5
f 1685/328/2 1860/328/2 1849/328/2
f 1644/328/10 1848/328/10 1904/328/10
f 1686/328/9 1863/328/9 1889/328/9
f 1647/328/2 1849/328/2 1907/328/2
f 1653/328/5 1687/328/5 1867/328/5
f 1706/328/2 1911/328/2 1852/328/2
f 1688/328/10 1871/328/10 1850/328/10
f 1709/328/9 1916/328/9 1854/328/9
f 1697/328/5 1713/328/5 1921/328/5
f 1656/328/10 1850/328/10 1923/328/10
f 1718/328/10 1927/328/10 1859/328/10
f 1661/328/9 1689/328/9 1891/328/9
f 1695/328/2 1852/328/2 1851/328/2
f 1722/328/2 1932/328/2 1861/328/2
f 1696/328/9 1854/328/9 1853/328/9
f 1701/328/9 1726/328/9 1935/328/9
f 1690/328/10 1877/328/10 1862/328/10
f 1681/328/5 1697/328/5 1856/328/5
f 1702/328/5 1730/328/5 1940/328/5
f 1661/328/9 1857/328/9 1943/328/9
f 1691/328/2 1879/328/2 1866/328/2
f 1698/328/10 1859/328/10 1858/328/10
f 1732/328/10 1946/328/10 1872/328/10
f 1692/328/9 1881/328/9 1870/328/9
f 1699/328/2 1861/328/2 1860/328/2
f 1667/328/10 1862/328/10 1949/328/10
f 1678/328/5 1693/328/5 1883/328/5
f 1686/328/9 1701/328/9 1864/328/9
f 1670/328/2 1866/328/2 1865/328/2
f 1694/328/10 1885/328/10 1876/328/10
f 1687/328/5 1702/328/5 1868/328/5
f 1674/328/9 1870/328/9 1869/328/9
f 1703/328/10 1872/328/10 1871/328/10
f 1712/328/10 1905/328/10 1878/328/10
f 1676/328/5 1678/328/5 1874/328/5
f 1717/328/56 1901/328/56 1880/328/56
f 1682/328/10 1876/328/10 1875/328/10
f 1721/328/57 1892/328/57 1882/328/57
f 1724/328/58 1725/328/58 1894/328/58
f 1711/328/10 1878/328/10 1877/328/10
f 1728/328/59 1729/328/59 1898/328/59
f 1716/328/2 1880/328/2 1879/328/2
f 1720/328/9 1882/328/9 1881/328/9
f 1693/328/5 1724/328/5 1884/328/5
f 1728/328/10 1886/328/10 1885/328/10
f 1613/328/60 1741/328/60 1925/328/60
f 1740/328/61 1612/328/61 1887/328/61
f 1613/328/29 1888/328/29 1887/328/29
f 1735/328/2 1909/328/2 1893/328/2
f 1737/328/9 1914/328/9 1895/328/9
f 1738/328/5 1739/328/5 1919/328/5
f 1734/328/62 1893/328/62 1892/328/62
f 1725/328/63 1736/328/63 1895/328/63
f 1743/328/2 1930/328/2 1896/328/2
f 1634/328/2 1897/328/2 1910/328/2
f 1729/328/64 1738/328/64 1899/328/64
f 1624/328/10 1938/328/10 1906/328/10
f 1637/328/9 1900/328/9 1915/328/9
f 1740/328/65 1902/328/65 1901/328/65
f 1639/328/5 1640/328/5 1903/328/5
f 1643/328/10 1904/328/10 1926/328/10
f 1704/328/10 1906/328/10 1905/328/10
f 1625/328/2 1950/328/2 1912/328/2
f 1646/328/2 1907/328/2 1931/328/2
f 1626/328/9 1908/328/9 1917/328/9
f 1633/328/2 1910/328/2 1909/328/2
f 1707/328/2 1912/328/2 1911/328/2
f 1714/328/5 1627/328/5 1913/328/5
f 1636/328/9 1915/328/9 1914/328/9
f 1710/328/9 1917/328/9 1916/328/9
f 1628/328/10 1918/328/10 1928/328/10
f 1739/328/5 1639/328/5 1920/328/5
f 1713/328/5 1714/328/5 1922/328/5
f 1655/328/10 1923/328/10 1939/328/10
f 1629/328/2 1924/328/2 1933/328/2
f 1741/328/66 1642/328/66 1926/328/66
f 1719/328/10 1928/328/10 1927/328/10
f 1630/328/9 1929/328/9 1936/328/9
f 1645/328/2 1931/328/2 1930/328/2
f 1723/328/2 1933/328/2 1932/328/2
f 1731/328/5 1631/328/5 1934/328/5
f 1727/328/9 1936/328/9 1935/328/9
f 1632/328/10 1937/328/10 1947/328/10
f 1654/328/10 1939/328/10 1938/328/10
f 1730/328/5 1731/328/5 1941/328/5
f 1660/328/9 1943/328/9 1942/328/9
f 1662/328/5 1663/328/5 1945/328/5
f 1733/328/10 1947/328/10 1946/328/10
f 1666/328/10 1949/328/10 1948/328/10
f 1657/328/2 1951/328/2 1950/328/2
f 1888/328/35 1925/328/35 1902/328/35
f 1854/328/4 1818/328/4 1817/328/4
f 1856/328/5 1820/328/5 1819/328/5
f 1892/328/67 1893/328/67 1746/328/67
f 1859/328/3 1822/328/3 1821/328/3
f 1851/328/2 1815/328/2 1772/328/2
f 1895/328/68 1748/328/68 1747/328/68
f 1861/328/2 1824/328/2 1823/328/2
f 1853/328/4 1817/328/4 1774/328/4
f 1899/328/69 1750/328/69 1749/328/69
f 1855/328/5 1819/328/5 1776/328/5
f 1902/328/70 1752/328/70 1751/328/70
f 1858/328/3 1821/328/3 1778/328/3
f 1906/328/3 1754/328/3 1753/328/3
f 1872/328/3 1826/328/3 1825/328/3
f 1860/328/2 1823/328/2 1780/328/2
f 1912/328/2 1756/328/2 1755/328/2
f 1897/328/2 1771/328/2 1794/328/2
f 1917/328/4 1758/328/4 1757/328/4
f 1878/328/3 1828/328/3 1827/328/3
f 1900/328/4 1773/328/4 1796/328/4
f 1922/328/5 1760/328/5 1759/328/5
f 1880/328/2 1830/328/2 1829/328/2
f 1903/328/5 1775/328/5 1798/328/5
f 1871/328/3 1825/328/3 1782/328/3
f 1928/328/3 1762/328/3 1761/328/3
f 1882/328/4 1832/328/4 1831/328/4
f 1904/328/3 1777/328/3 1800/328/3
f 1933/328/2 1764/328/2 1763/328/2
f 1884/328/5 1834/328/5 1833/328/5
f 1907/328/2 1779/328/2 1838/328/2
f 1936/328/4 1766/328/4 1765/328/4
f 1886/328/3 1836/328/3 1835/328/3
f 1923/328/3 1781/328/3 1802/328/3
f 1877/328/3 1827/328/3 1784/328/3
f 1941/328/5 1768/328/5 1767/328/5
f 1943/328/4 1839/328/4 1804/328/4
f 1879/328/2 1829/328/2 1786/328/2
f 1947/328/3 1770/328/3 1769/328/3
f 1881/328/4 1831/328/4 1788/328/4
f 1949/328/3 1783/328/3 1806/328/3
f 1883/328/5 1833/328/5 1790/328/5
f 1865/328/2 1785/328/2 1808/328/2
f 1885/328/3 1835/328/3 1792/328/3
f 1869/328/4 1787/328/4 1810/328/4
f 1873/328/5 1789/328/5 1812/328/5
f 1875/328/3 1791/328/3 1814/328/3
f 1845/328/2 1772/328/2 1771/328/2
f 1846/328/4 1774/328/4 1773/328/4
f 1847/328/5 1776/328/5 1775/328/5
f 1910/328/2 1794/328/2 1793/328/2
f 1848/328/3 1778/328/3 1777/328/3
f 1915/328/4 1796/328/4 1795/328/4
f 1849/328/2 1780/328/2 1779/328/2
f 1920/328/5 1798/328/5 1797/328/5
f 1850/328/3 1782/328/3 1781/328/3
f 1925/328/3 1926/328/3 1800/328/3
f 1939/328/3 1802/328/3 1801/328/3
f 1862/328/3 1784/328/3 1783/328/3
f 1911/328/2 1755/328/2 1816/328/2
f 1866/328/2 1786/328/2 1785/328/2
f 1909/328/2 1793/328/2 1746/328/2
f 1916/328/4 1757/328/4 1818/328/4
f 1942/328/4 1804/328/4 1803/328/4
f 1870/328/4 1788/328/4 1787/328/4
f 1914/328/4 1795/328/4 1748/328/4
f 1921/328/5 1759/328/5 1820/328/5
f 1874/328/5 1790/328/5 1789/328/5
f 1919/328/5 1797/328/5 1750/328/5
f 1927/328/3 1761/328/3 1822/328/3
f 1948/328/3 1806/328/3 1805/328/3
f 1876/328/3 1792/328/3 1791/328/3
f 1925/328/3 1799/328/3 1752/328/3
f 1932/328/2 1763/328/2 1824/328/2
f 1841/328/2 1808/328/2 1807/328/2
f 1864/328/4 1935/328/4 1765/328/4
f 1842/328/4 1810/328/4 1809/328/4
f 1938/328/3 1801/328/3 1754/328/3
f 1843/328/5 1812/328/5 1811/328/5
f 1946/328/3 1769/328/3 1826/328/3
f 1844/328/3 1814/328/3 1813/328/3
f 1908/328/4 1803/328/4 1758/328/4
f 1913/328/5 1837/328/5 1760/328/5
f 1905/328/3 1753/328/3 1828/328/3
f 1918/328/3 1805/328/3 1762/328/3
f 1880/328/71 1901/328/71 1751/328/71
f 1924/328/2 1807/328/2 1764/328/2
f 1882/328/72 1892/328/72 1745/328/72
f 1929/328/4 1809/328/4 1766/328/4
f 1894/328/73 1747/328/73 1834/328/73
f 1934/328/5 1811/328/5 1768/328/5
f 1898/328/74 1749/328/74 1836/328/74
f 1937/328/3 1813/328/3 1770/328/3
f 1852/328/2 1816/328/2 1815/328/2
f 1512/328/6 1622/328/6 216/328/6
f 57/328/6 150/328/6 1512/328/6
f 149/328/1 1620/328/1 1621/328/1
