# Blender 3.3.1
# www.blender.org
mtllib screw.mtl
o スクラップ(ねじ)
v 0.000000 0.403750 -0.113750
v 0.020740 0.403750 -0.117623
v 0.000000 0.403750 -0.119437
v 0.031250 0.403750 -0.113750
v 0.040850 0.403750 -0.112235
v 0.031250 0.403750 -0.031250
v 0.059719 0.403750 -0.103436
v 0.076773 0.403750 -0.091494
v 0.091494 0.403750 -0.076773
v 0.103436 0.403750 -0.059719
v 0.112235 0.403750 -0.040850
v 0.113750 0.403750 -0.031250
v 0.117623 0.403750 -0.020740
v 0.113750 0.403750 0.000000
v 0.119437 0.403750 -0.000000
v 0.000000 0.260856 -0.031250
v 0.031250 0.260856 -0.031250
v 0.031250 0.260856 0.000000
v 0.000000 0.260856 0.000000
v -0.113750 0.403750 -0.000000
v -0.117623 0.403750 -0.020740
v -0.119437 0.403750 -0.000000
v -0.113750 0.403750 -0.031250
v -0.112235 0.403750 -0.040850
v -0.031250 0.403750 -0.031250
v -0.103436 0.403750 -0.059719
v -0.091494 0.403750 -0.076773
v -0.076773 0.403750 -0.091494
v -0.059719 0.403750 -0.103436
v -0.040850 0.403750 -0.112235
v -0.031250 0.403750 -0.113750
v -0.020740 0.403750 -0.117623
v -0.031250 0.260856 -0.000000
v -0.031250 0.260856 -0.031250
v -0.000000 0.403750 0.113750
v -0.020740 0.403750 0.117623
v -0.000000 0.403750 0.119437
v -0.031250 0.403750 0.113750
v -0.040850 0.403750 0.112235
v -0.031250 0.403750 0.031250
v -0.059719 0.403750 0.103436
v -0.076773 0.403750 0.091494
v -0.091494 0.403750 0.076773
v -0.103436 0.403750 0.059719
v -0.112235 0.403750 0.040850
v -0.113750 0.403750 0.031250
v -0.117623 0.403750 0.020740
v -0.000000 0.260856 0.031250
v -0.031250 0.260856 0.031250
v 0.117623 0.403750 0.020740
v 0.113750 0.403750 0.031250
v 0.112235 0.403750 0.040850
v 0.031250 0.403750 0.031250
v 0.103436 0.403750 0.059719
v 0.091494 0.403750 0.076773
v 0.076773 0.403750 0.091494
v 0.059719 0.403750 0.103436
v 0.040850 0.403750 0.112235
v 0.031250 0.403750 0.113750
v 0.020740 0.403750 0.117623
v 0.031250 0.260856 0.031250
v 0.053710 0.403750 -0.304606
v 0.000000 0.403750 -0.309305
v 0.105788 0.403750 -0.290651
v 0.154652 0.403750 -0.267866
v 0.054882 0.397003 -0.311250
v 0.000000 0.401805 -0.311250
v 0.113286 0.381829 -0.311250
v 0.179700 0.353654 -0.311250
v 0.054882 0.353654 -0.311250
v 0.000000 0.353654 -0.311250
v 0.113286 0.353654 -0.311250
v 0.054882 0.220141 -0.311250
v 0.000000 0.220141 -0.311250
v 0.113286 0.220141 -0.311250
v 0.179700 0.220141 -0.311250
v 0.054048 0.220141 -0.306521
v 0.106454 0.220141 -0.292479
v 0.155625 0.220141 -0.269550
v 0.054048 0.218195 -0.306521
v 0.000000 0.218195 -0.311250
v 0.106454 0.218195 -0.292479
v 0.155625 0.218195 -0.269550
v 0.032897 0.218195 -0.186567
v 0.000000 0.218195 -0.189445
v 0.064794 0.218195 -0.178020
v 0.094723 0.218195 -0.164064
v 0.032559 0.216250 -0.184651
v 0.000000 0.216250 -0.187500
v 0.064129 0.216250 -0.176192
v 0.093750 0.216250 -0.162380
v -0.053710 0.403750 -0.304606
v -0.105788 0.403750 -0.290651
v -0.154652 0.403750 -0.267866
v -0.054882 0.397003 -0.311250
v -0.113286 0.381829 -0.311250
v -0.179700 0.353654 -0.311250
v -0.054882 0.353654 -0.311250
v -0.113286 0.353654 -0.311250
v -0.054882 0.220141 -0.311250
v -0.113286 0.220141 -0.311250
v -0.179700 0.220141 -0.311250
v -0.054048 0.220141 -0.306521
v -0.106454 0.220141 -0.292479
v -0.155625 0.220141 -0.269550
v -0.054048 0.218195 -0.306521
v -0.106454 0.218195 -0.292479
v -0.155625 0.218195 -0.269550
v -0.032897 0.218195 -0.186567
v -0.064794 0.218195 -0.178020
v -0.094723 0.218195 -0.164064
v -0.032559 0.216250 -0.184651
v -0.064129 0.216250 -0.176192
v -0.093750 0.216250 -0.162380
v -0.236941 0.403750 -0.198817
v -0.267866 0.403750 -0.154652
v -0.103436 0.403750 -0.059719
v -0.198817 0.403750 -0.236941
v -0.059719 0.403750 -0.103436
v -0.242110 0.397003 -0.203154
v -0.269550 0.401805 -0.155625
v -0.212908 0.381829 -0.253733
v -0.242110 0.353654 -0.203154
v -0.269550 0.353654 -0.155625
v -0.212908 0.353654 -0.253733
v -0.242110 0.220141 -0.203154
v -0.269550 0.220141 -0.155625
v -0.212908 0.220141 -0.253733
v -0.238431 0.220141 -0.200068
v -0.200068 0.220141 -0.238431
v -0.238431 0.218195 -0.200068
v -0.269550 0.218195 -0.155625
v -0.200068 0.218195 -0.238431
v -0.145124 0.218195 -0.121773
v -0.164064 0.218195 -0.094723
v -0.121773 0.218195 -0.145124
v -0.143633 0.216250 -0.120523
v -0.162380 0.216250 -0.093750
v -0.120523 0.216250 -0.143633
v -0.290651 0.403750 -0.105788
v -0.304606 0.403750 -0.053710
v -0.309305 0.403750 0.000000
v -0.296991 0.397003 -0.108096
v -0.326193 0.381829 -0.057517
v -0.359401 0.353654 0.000000
v -0.296991 0.353654 -0.108096
v -0.326193 0.353654 -0.057517
v -0.296991 0.220141 -0.108096
v -0.326193 0.220141 -0.057517
v -0.359401 0.220141 0.000000
v -0.292479 0.220141 -0.106454
v -0.306521 0.220141 -0.054048
v -0.311250 0.220141 0.000000
v -0.292479 0.218195 -0.106454
v -0.306521 0.218195 -0.054048
v -0.311250 0.218195 0.000000
v -0.178020 0.218195 -0.064794
v -0.186567 0.218195 -0.032897
v -0.189445 0.218195 0.000000
v -0.176192 0.216250 -0.064129
v -0.184651 0.216250 -0.032559
v -0.187500 0.216250 0.000000
v -0.290651 0.403750 0.105788
v -0.267866 0.403750 0.154652
v -0.304606 0.403750 0.053710
v -0.296991 0.397003 0.108096
v -0.269550 0.401805 0.155625
v -0.326193 0.381829 0.057517
v -0.296991 0.353654 0.108096
v -0.269550 0.353654 0.155625
v -0.326193 0.353654 0.057517
v -0.296991 0.220141 0.108096
v -0.269550 0.220141 0.155625
v -0.326193 0.220141 0.057517
v -0.292479 0.220141 0.106454
v -0.306521 0.220141 0.054048
v -0.292479 0.218195 0.106454
v -0.269550 0.218195 0.155625
v -0.306521 0.218195 0.054048
v -0.178020 0.218195 0.064794
v -0.164064 0.218195 0.094723
v -0.186567 0.218195 0.032897
v -0.176192 0.216250 0.064129
v -0.162380 0.216250 0.093750
v -0.184651 0.216250 0.032559
v -0.236941 0.403750 0.198817
v -0.198817 0.403750 0.236941
v -0.154652 0.403750 0.267866
v -0.242110 0.397003 0.203154
v -0.212908 0.381829 0.253733
v -0.179700 0.353654 0.311250
v -0.242110 0.353654 0.203154
v -0.212908 0.353654 0.253733
v -0.242110 0.220141 0.203154
v -0.212908 0.220141 0.253733
v -0.179700 0.220141 0.311250
v -0.238431 0.220141 0.200068
v -0.200068 0.220141 0.238431
v -0.155625 0.220141 0.269550
v -0.238431 0.218195 0.200068
v -0.200068 0.218195 0.238431
v -0.155625 0.218195 0.269550
v -0.145124 0.218195 0.121773
v -0.121773 0.218195 0.145124
v -0.094723 0.218195 0.164064
v -0.143633 0.216250 0.120523
v -0.120523 0.216250 0.143633
v -0.093750 0.216250 0.162380
v -0.053710 0.403750 0.304606
v -0.000000 0.403750 0.309305
v -0.105788 0.403750 0.290651
v -0.054882 0.397003 0.311250
v -0.000000 0.401805 0.311250
v -0.113286 0.381829 0.311250
v -0.054882 0.353654 0.311250
v -0.000000 0.353654 0.311250
v -0.113286 0.353654 0.311250
v -0.054882 0.220141 0.311250
v -0.000000 0.220141 0.311250
v -0.113286 0.220141 0.311250
v -0.054048 0.220141 0.306521
v -0.106454 0.220141 0.292479
v -0.054048 0.218195 0.306521
v -0.000000 0.218195 0.311250
v -0.106454 0.218195 0.292479
v -0.032897 0.218195 0.186567
v -0.000000 0.218195 0.189445
v -0.064794 0.218195 0.178020
v -0.032559 0.216250 0.184651
v -0.000000 0.216250 0.187500
v -0.064129 0.216250 0.176192
v 0.053710 0.403750 0.304606
v 0.105788 0.403750 0.290651
v 0.154652 0.403750 0.267866
v 0.059719 0.403750 0.103436
v 0.054882 0.397003 0.311250
v 0.113286 0.381829 0.311250
v 0.179700 0.353654 0.311250
v 0.054882 0.353654 0.311250
v 0.113286 0.353654 0.311250
v 0.054882 0.220141 0.311250
v 0.113286 0.220141 0.311250
v 0.179700 0.220141 0.311250
v 0.054048 0.220141 0.306521
v 0.106454 0.220141 0.292479
v 0.155625 0.220141 0.269550
v 0.054048 0.218195 0.306521
v 0.106454 0.218195 0.292479
v 0.155625 0.218195 0.269550
v 0.032897 0.218195 0.186567
v 0.064794 0.218195 0.178020
v 0.094723 0.218195 0.164064
v 0.032559 0.216250 0.184651
v 0.064129 0.216250 0.176192
v 0.093750 0.216250 0.162380
v 0.236941 0.403750 0.198817
v 0.267866 0.403750 0.154652
v 0.198817 0.403750 0.236941
v 0.242110 0.397003 0.203154
v 0.269550 0.401805 0.155625
v 0.212908 0.381829 0.253733
v 0.242110 0.353654 0.203154
v 0.269550 0.353654 0.155625
v 0.212908 0.353654 0.253733
v 0.242110 0.220141 0.203154
v 0.269550 0.220141 0.155625
v 0.212908 0.220141 0.253733
v 0.238431 0.220141 0.200068
v 0.200068 0.220141 0.238431
v 0.238431 0.218195 0.200068
v 0.269550 0.218195 0.155625
v 0.200068 0.218195 0.238431
v 0.145124 0.218195 0.121773
v 0.164064 0.218195 0.094723
v 0.121773 0.218195 0.145124
v 0.143633 0.216250 0.120523
v 0.162380 0.216250 0.093750
v 0.120523 0.216250 0.143633
v 0.290651 0.403750 0.105788
v 0.304606 0.403750 0.053710
v 0.309305 0.403750 -0.000000
v 0.296991 0.397003 0.108096
v 0.326193 0.381829 0.057517
v 0.359401 0.353654 -0.000000
v 0.296991 0.353654 0.108096
v 0.326193 0.353654 0.057517
v 0.296991 0.220141 0.108096
v 0.326193 0.220141 0.057517
v 0.359401 0.220141 -0.000000
v 0.292479 0.220141 0.106454
v 0.306521 0.220141 0.054048
v 0.311250 0.220141 -0.000000
v 0.292479 0.218195 0.106454
v 0.306521 0.218195 0.054048
v 0.311250 0.218195 -0.000000
v 0.178020 0.218195 0.064794
v 0.186567 0.218195 0.032897
v 0.189445 0.218195 -0.000000
v 0.176192 0.216250 0.064129
v 0.184651 0.216250 0.032559
v 0.187500 0.216250 -0.000000
v 0.290651 0.403750 -0.105788
v 0.267866 0.403750 -0.154652
v 0.304606 0.403750 -0.053710
v 0.296991 0.397003 -0.108096
v 0.269550 0.401805 -0.155625
v 0.326193 0.381829 -0.057517
v 0.296991 0.353654 -0.108096
v 0.269550 0.353654 -0.155625
v 0.326193 0.353654 -0.057517
v 0.296991 0.220141 -0.108096
v 0.269550 0.220141 -0.155625
v 0.326193 0.220141 -0.057517
v 0.292479 0.220141 -0.106454
v 0.306521 0.220141 -0.054048
v 0.292479 0.218195 -0.106454
v 0.269550 0.218195 -0.155625
v 0.306521 0.218195 -0.054048
v 0.178020 0.218195 -0.064794
v 0.164064 0.218195 -0.094723
v 0.186567 0.218195 -0.032897
v 0.176192 0.216250 -0.064129
v 0.162380 0.216250 -0.093750
v 0.184651 0.216250 -0.032559
v 0.236941 0.403750 -0.198817
v 0.198817 0.403750 -0.236941
v 0.059719 0.403750 -0.103436
v 0.242110 0.397003 -0.203154
v 0.212908 0.381829 -0.253733
v 0.242110 0.353654 -0.203154
v 0.212908 0.353654 -0.253733
v 0.242110 0.220141 -0.203154
v 0.212908 0.220141 -0.253733
v 0.238431 0.220141 -0.200068
v 0.200068 0.220141 -0.238431
v 0.238431 0.218195 -0.200068
v 0.200068 0.218195 -0.238431
v 0.145124 0.218195 -0.121773
v 0.121773 0.218195 -0.145124
v 0.143633 0.216250 -0.120523
v 0.120523 0.216250 -0.143633
v 0.093750 0.156250 -0.162380
v 0.000000 0.156250 -0.187500
v 0.162380 0.156250 -0.093750
v 0.187500 0.156250 -0.000000
v 0.162380 0.156250 0.093750
v 0.093750 0.156250 0.162380
v 0.000000 0.156250 0.187500
v -0.093750 0.156250 0.162380
v -0.162380 0.156250 0.093750
v -0.187500 0.156250 0.000000
v -0.162380 0.156250 -0.093750
v -0.093750 0.156250 -0.162380
v 0.068750 0.156250 -0.119078
v 0.000000 0.156250 -0.137500
v 0.119078 0.156250 -0.068750
v 0.137500 0.156250 -0.000000
v 0.119078 0.156250 0.068750
v 0.068750 0.156250 0.119078
v 0.000000 0.156250 0.137500
v -0.068750 0.156250 0.119078
v -0.119078 0.156250 0.068750
v -0.137500 0.156250 0.000000
v -0.119078 0.156250 -0.068750
v -0.068750 0.156250 -0.119078
v -0.000000 0.155375 -0.137500
v -0.068750 0.154354 0.119078
v -0.119078 0.150708 0.068750
v -0.137500 0.147062 0.000000
v -0.119078 0.143417 -0.068750
v -0.068750 0.139771 -0.119078
v -0.000000 0.136125 -0.137500
v 0.000000 0.153625 0.137500
v -0.068750 0.149979 0.119078
v -0.119078 0.146333 0.068750
v -0.137500 0.142687 0.000000
v -0.119078 0.139042 -0.068750
v -0.068750 0.135396 -0.119078
v -0.000000 0.131750 -0.137500
v 0.068750 0.152604 -0.119078
v 0.119078 0.148958 -0.068750
v 0.137500 0.145312 -0.000000
v 0.119078 0.141667 0.068750
v 0.068750 0.138021 0.119078
v 0.000000 0.134375 0.137500
v -0.068750 0.130729 0.119078
v -0.119078 0.127083 0.068750
v -0.137500 0.123437 0.000000
v -0.119078 0.119792 -0.068750
v -0.068750 0.116146 -0.119078
v -0.000000 0.112500 -0.137500
v 0.068750 0.151729 -0.119078
v 0.119078 0.148083 -0.068750
v 0.137500 0.144437 -0.000000
v 0.119078 0.140792 0.068750
v 0.068750 0.137146 0.119078
v 0.000000 0.133500 0.137500
v -0.068750 0.129854 0.119078
v -0.119078 0.126208 0.068750
v -0.137500 0.122562 0.000000
v -0.119078 0.118917 -0.068750
v -0.068750 0.115271 -0.119078
v -0.000000 0.111625 -0.137500
v 0.069792 0.132479 -0.120883
v 0.122687 0.128833 -0.070833
v 0.143750 0.125188 -0.000000
v 0.126295 0.121542 0.072917
v 0.073958 0.117896 0.128100
v 0.000000 0.114250 0.150000
v -0.076042 0.110604 0.131708
v -0.133512 0.106958 0.077083
v -0.156250 0.103312 0.000000
v -0.137121 0.099667 -0.079167
v -0.080208 0.096021 -0.138925
v -0.000000 0.092375 -0.162500
v 0.069792 0.128104 -0.120883
v 0.122687 0.124458 -0.070833
v 0.143750 0.120812 -0.000000
v 0.126295 0.117167 0.072917
v 0.073958 0.113521 0.128100
v 0.000000 0.109875 0.150000
v -0.076042 0.106229 0.131708
v -0.133512 0.102583 0.077083
v -0.156250 0.098938 0.000000
v -0.137121 0.095292 -0.079167
v -0.080208 0.091646 -0.138925
v -0.000000 0.088000 -0.162500
v 0.068750 0.108854 -0.119078
v 0.119078 0.105208 -0.068750
v 0.137500 0.101562 -0.000000
v 0.119078 0.097917 0.068750
v 0.068750 0.094271 0.119078
v 0.000000 0.090625 0.137500
v -0.068750 0.086979 0.119078
v -0.119078 0.083333 0.068750
v -0.137500 0.079687 0.000000
v -0.119078 0.076042 -0.068750
v -0.068750 0.072396 -0.119078
v -0.000000 0.068750 -0.137500
v 0.068750 0.107979 -0.119078
v 0.119078 0.104333 -0.068750
v 0.137500 0.100688 -0.000000
v 0.119078 0.097042 0.068750
v 0.068750 0.093396 0.119078
v 0.000000 0.089750 0.137500
v -0.068750 0.086104 0.119078
v -0.119078 0.082458 0.068750
v -0.137500 0.078812 0.000000
v -0.119078 0.075167 -0.068750
v -0.068750 0.071521 -0.119078
v -0.000000 0.067875 -0.137500
v 0.081250 0.088729 -0.140729
v 0.140729 0.085083 -0.081250
v 0.162500 0.081437 -0.000000
v 0.140729 0.077792 0.081250
v 0.081250 0.074146 0.140729
v 0.000000 0.070500 0.162500
v -0.081250 0.066854 0.140729
v -0.140729 0.063208 0.081250
v -0.162500 0.059563 0.000000
v -0.140729 0.055917 -0.081250
v -0.081250 0.052271 -0.140729
v -0.000000 0.048625 -0.162500
v 0.081250 0.084354 -0.140729
v 0.140729 0.080708 -0.081250
v 0.162500 0.077062 -0.000000
v 0.140729 0.073417 0.081250
v 0.081250 0.069771 0.140729
v 0.000000 0.066125 0.162500
v -0.081250 0.062479 0.140729
v -0.140729 0.058833 0.081250
v -0.162500 0.055187 0.000000
v -0.140729 0.051542 -0.081250
v -0.081250 0.047896 -0.140729
v -0.000000 0.044250 -0.162500
v 0.068750 0.065104 -0.119078
v 0.119078 0.061458 -0.068750
v 0.137500 0.057813 -0.000000
v 0.119078 0.054167 0.068750
v 0.068750 0.050521 0.119078
v 0.000000 0.046875 0.137500
v -0.068750 0.043229 0.119078
v -0.119078 0.039583 0.068750
v -0.137500 0.035937 0.000000
v -0.119078 0.032292 -0.068750
v -0.068750 0.028646 -0.119078
v -0.000000 0.025000 -0.137500
v 0.068750 0.064229 -0.119078
v 0.119078 0.060583 -0.068750
v 0.137500 0.056938 -0.000000
v 0.119078 0.053292 0.068750
v 0.068750 0.049646 0.119078
v 0.000000 0.046000 0.137500
v -0.068750 0.042354 0.119078
v -0.119078 0.038708 0.068750
v -0.137500 0.035062 0.000000
v -0.119078 0.031417 -0.068750
v -0.068750 0.027771 -0.119078
v -0.000000 0.024125 -0.137500
v 0.081250 0.044979 -0.140729
v 0.140729 0.041333 -0.081250
v 0.162500 0.037687 -0.000000
v 0.140729 0.034042 0.081250
v 0.081250 0.030396 0.140729
v 0.000000 0.026750 0.162500
v -0.081250 0.023104 0.140729
v -0.140729 0.019458 0.081250
v -0.162500 0.015813 0.000000
v -0.140729 0.012167 -0.081250
v -0.081250 0.008521 -0.140729
v -0.000000 0.004875 -0.162500
v 0.081250 0.040604 -0.140729
v 0.140729 0.036958 -0.081250
v 0.162500 0.033312 -0.000000
v 0.140729 0.029667 0.081250
v 0.081250 0.026021 0.140729
v 0.000000 0.022375 0.162500
v -0.081250 0.018729 0.140729
v -0.140729 0.015083 0.081250
v -0.162500 0.011437 0.000000
v -0.140729 0.007792 -0.081250
v -0.081250 0.004146 -0.140729
v -0.000000 0.000500 -0.162500
v 0.068750 0.021354 -0.119078
v 0.119078 0.017708 -0.068750
v 0.137500 0.014062 -0.000000
v 0.119078 0.010417 0.068750
v 0.068750 0.006771 0.119078
v 0.000000 0.003125 0.137500
v -0.068750 -0.000521 0.119078
v -0.119078 -0.004167 0.068750
v -0.137500 -0.007812 0.000000
v -0.119078 -0.011458 -0.068750
v -0.068750 -0.015104 -0.119078
v -0.000000 -0.018750 -0.137500
v 0.068750 0.020479 -0.119078
v 0.119078 0.016833 -0.068750
v 0.137500 0.013187 -0.000000
v 0.119078 0.009542 0.068750
v 0.068750 0.005896 0.119078
v 0.000000 0.002250 0.137500
v -0.068750 -0.001396 0.119078
v -0.119078 -0.005042 0.068750
v -0.137500 -0.008687 0.000000
v -0.119078 -0.012333 -0.068750
v -0.068750 -0.015979 -0.119078
v -0.000000 -0.019625 -0.137500
v 0.081250 0.001229 -0.140729
v 0.140729 -0.002417 -0.081250
v 0.162500 -0.006063 -0.000000
v 0.140729 -0.009708 0.081250
v 0.081250 -0.013354 0.140729
v 0.000000 -0.017000 0.162500
v -0.081250 -0.020646 0.140729
v -0.140729 -0.024292 0.081250
v -0.162500 -0.027938 0.000000
v -0.140729 -0.031583 -0.081250
v -0.081250 -0.035229 -0.140729
v -0.000000 -0.038875 -0.162500
v 0.081250 -0.003146 -0.140729
v 0.140729 -0.006792 -0.081250
v 0.162500 -0.010438 -0.000000
v 0.140729 -0.014083 0.081250
v 0.081250 -0.017729 0.140729
v 0.000000 -0.021375 0.162500
v -0.081250 -0.025021 0.140729
v -0.140729 -0.028667 0.081250
v -0.162500 -0.032313 0.000000
v -0.140729 -0.035958 -0.081250
v -0.081250 -0.039604 -0.140729
v -0.000000 -0.043250 -0.162500
v 0.068750 -0.022396 -0.119078
v 0.119078 -0.026042 -0.068750
v 0.137500 -0.029687 -0.000000
v 0.119078 -0.033333 0.068750
v 0.068750 -0.036979 0.119078
v 0.000000 -0.040625 0.137500
v -0.068750 -0.044271 0.119078
v -0.119078 -0.047917 0.068750
v -0.137500 -0.051563 0.000000
v -0.119078 -0.055208 -0.068750
v -0.068750 -0.058854 -0.119078
v -0.000000 -0.062500 -0.137500
v 0.068750 -0.023271 -0.119078
v 0.119078 -0.026917 -0.068750
v 0.137500 -0.030563 -0.000000
v 0.119078 -0.034208 0.068750
v 0.068750 -0.037854 0.119078
v 0.000000 -0.041500 0.137500
v -0.068750 -0.045146 0.119078
v -0.119078 -0.048792 0.068750
v -0.137500 -0.052438 0.000000
v -0.119078 -0.056083 -0.068750
v -0.068750 -0.059729 -0.119078
v -0.000000 -0.063375 -0.137500
v 0.081250 -0.042521 -0.140729
v 0.140729 -0.046167 -0.081250
v 0.162500 -0.049812 -0.000000
v 0.140729 -0.053458 0.081250
v 0.081250 -0.057104 0.140729
v 0.000000 -0.060750 0.162500
v -0.081250 -0.064396 0.140729
v -0.140729 -0.068042 0.081250
v -0.162500 -0.071688 0.000000
v -0.140729 -0.075333 -0.081250
v -0.081250 -0.078979 -0.140729
v -0.000000 -0.082625 -0.162500
v 0.081250 -0.046896 -0.140729
v 0.140729 -0.050542 -0.081250
v 0.162500 -0.054188 -0.000000
v 0.140729 -0.057833 0.081250
v 0.081250 -0.061479 0.140729
v 0.000000 -0.065125 0.162500
v -0.081250 -0.068771 0.140729
v -0.140729 -0.072417 0.081250
v -0.162500 -0.076063 0.000000
v -0.140729 -0.079708 -0.081250
v -0.081250 -0.083354 -0.140729
v -0.000000 -0.087000 -0.162500
v 0.068750 -0.066146 -0.119078
v 0.119078 -0.069792 -0.068750
v 0.137500 -0.073438 -0.000000
v 0.119078 -0.077083 0.068750
v 0.068750 -0.080729 0.119078
v 0.000000 -0.084375 0.137500
v -0.068750 -0.088021 0.119078
v -0.119078 -0.091667 0.068750
v -0.137500 -0.095313 0.000000
v -0.119078 -0.098958 -0.068750
v -0.068750 -0.102604 -0.119078
v -0.000000 -0.106250 -0.137500
v 0.068750 -0.067021 -0.119078
v 0.119078 -0.070667 -0.068750
v 0.137500 -0.074313 -0.000000
v 0.119078 -0.077958 0.068750
v 0.068750 -0.081604 0.119078
v 0.000000 -0.085250 0.137500
v -0.068750 -0.088896 0.119078
v -0.119078 -0.092542 0.068750
v -0.137500 -0.096188 0.000000
v -0.119078 -0.099833 -0.068750
v -0.068750 -0.103479 -0.119078
v -0.000000 -0.107125 -0.137500
v 0.081250 -0.086271 -0.140729
v 0.140729 -0.089917 -0.081250
v 0.162500 -0.093563 -0.000000
v 0.140729 -0.097208 0.081250
v 0.081250 -0.100854 0.140729
v 0.000000 -0.104500 0.162500
v -0.081250 -0.108146 0.140729
v -0.140729 -0.111792 0.081250
v -0.162500 -0.115438 0.000000
v -0.140729 -0.119083 -0.081250
v -0.081250 -0.122729 -0.140729
v -0.000000 -0.126375 -0.162500
v 0.081250 -0.090646 -0.140729
v 0.140729 -0.094292 -0.081250
v 0.162500 -0.097937 -0.000000
v 0.140729 -0.101583 0.081250
v 0.081250 -0.105229 0.140729
v 0.000000 -0.108875 0.162500
v -0.081250 -0.112521 0.140729
v -0.140729 -0.116167 0.081250
v -0.162500 -0.119813 0.000000
v -0.140729 -0.123458 -0.081250
v -0.081250 -0.127104 -0.140729
v -0.000000 -0.130750 -0.162500
v 0.068750 -0.109896 -0.119078
v 0.119078 -0.113542 -0.068750
v 0.137500 -0.117188 -0.000000
v 0.119078 -0.120833 0.068750
v 0.068750 -0.124479 0.119078
v 0.000000 -0.128125 0.137500
v -0.068750 -0.131771 0.119078
v -0.119078 -0.135417 0.068750
v -0.137500 -0.139062 0.000000
v -0.119078 -0.142708 -0.068750
v -0.068750 -0.146354 -0.119078
v -0.000000 -0.150000 -0.137500
v 0.068750 -0.110771 -0.119078
v 0.119078 -0.114417 -0.068750
v 0.137500 -0.118062 -0.000000
v 0.119078 -0.121708 0.068750
v 0.068750 -0.125354 0.119078
v 0.000000 -0.129000 0.137500
v -0.068750 -0.132646 0.119078
v -0.119078 -0.136292 0.068750
v -0.137500 -0.139938 0.000000
v -0.119078 -0.143583 -0.068750
v -0.068750 -0.147229 -0.119078
v -0.000000 -0.150875 -0.137500
v 0.081250 -0.130021 -0.140729
v 0.140729 -0.133667 -0.081250
v 0.162500 -0.137313 -0.000000
v 0.140729 -0.140958 0.081250
v 0.081250 -0.144604 0.140729
v 0.000000 -0.148250 0.162500
v -0.081250 -0.151896 0.140729
v -0.140729 -0.155542 0.081250
v -0.162500 -0.159187 0.000000
v -0.140729 -0.162833 -0.081250
v -0.081250 -0.166479 -0.140729
v -0.000000 -0.170125 -0.162500
v 0.081250 -0.134396 -0.140729
v 0.140729 -0.138042 -0.081250
v 0.162500 -0.141688 -0.000000
v 0.140729 -0.145333 0.081250
v 0.081250 -0.148979 0.140729
v 0.000000 -0.152625 0.162500
v -0.081250 -0.156271 0.140729
v -0.140729 -0.159917 0.081250
v -0.162500 -0.163563 0.000000
v -0.140729 -0.167208 -0.081250
v -0.081250 -0.170854 -0.140729
v -0.000000 -0.174500 -0.162500
v 0.068750 -0.153646 -0.119078
v 0.119078 -0.157292 -0.068750
v 0.137500 -0.160938 -0.000000
v 0.119078 -0.164583 0.068750
v 0.068750 -0.168229 0.119078
v 0.000000 -0.171875 0.137500
v -0.068750 -0.175521 0.119078
v -0.119078 -0.179167 0.068750
v -0.137500 -0.182813 0.000000
v -0.119078 -0.186458 -0.068750
v -0.068750 -0.190104 -0.119078
v -0.000000 -0.193750 -0.137500
v 0.068750 -0.154521 -0.119078
v 0.119078 -0.158167 -0.068750
v 0.137500 -0.161813 -0.000000
v 0.119078 -0.165458 0.068750
v 0.068750 -0.169104 0.119078
v 0.000000 -0.172750 0.137500
v -0.068750 -0.176396 0.119078
v -0.119078 -0.180042 0.068750
v -0.137500 -0.183688 0.000000
v -0.119078 -0.187333 -0.068750
v -0.068750 -0.190979 -0.119078
v -0.000000 -0.194625 -0.137500
v 0.081250 -0.173771 -0.140729
v 0.140729 -0.177417 -0.081250
v 0.162500 -0.181063 -0.000000
v 0.140729 -0.184708 0.081250
v 0.081250 -0.188354 0.140729
v 0.000000 -0.192000 0.162500
v -0.081250 -0.195646 0.140729
v -0.140729 -0.199292 0.081250
v -0.162500 -0.202938 0.000000
v -0.140729 -0.206583 -0.081250
v -0.081250 -0.210229 -0.140729
v -0.000000 -0.213875 -0.162500
v 0.081250 -0.178146 -0.140729
v 0.140729 -0.181792 -0.081250
v 0.162500 -0.185438 -0.000000
v 0.140729 -0.189083 0.081250
v 0.081250 -0.192729 0.140729
v 0.000000 -0.196375 0.162500
v -0.081250 -0.200021 0.140729
v -0.140729 -0.203667 0.081250
v -0.162500 -0.207312 0.000000
v -0.140729 -0.210958 -0.081250
v -0.081250 -0.214604 -0.140729
v -0.000000 -0.218250 -0.162500
v 0.068750 -0.197396 -0.119078
v 0.119078 -0.201042 -0.068750
v 0.137500 -0.204688 -0.000000
v 0.119078 -0.208333 0.068750
v 0.068750 -0.211979 0.119078
v 0.000000 -0.215625 0.137500
v -0.068750 -0.219271 0.119078
v -0.119078 -0.222917 0.068750
v -0.137500 -0.226562 0.000000
v -0.119078 -0.230208 -0.068750
v -0.068750 -0.233854 -0.119078
v -0.000000 -0.237500 -0.137500
v 0.068750 -0.198271 -0.119078
v 0.119078 -0.201917 -0.068750
v 0.137500 -0.205563 -0.000000
v 0.119078 -0.209208 0.068750
v 0.068750 -0.212854 0.119078
v 0.000000 -0.216500 0.137500
v -0.068750 -0.220146 0.119078
v -0.119078 -0.223792 0.068750
v -0.137500 -0.227437 0.000000
v -0.119078 -0.231083 -0.068750
v -0.068750 -0.234729 -0.119078
v -0.000000 -0.238375 -0.137500
v 0.081250 -0.217521 -0.140729
v 0.140729 -0.221167 -0.081250
v 0.162500 -0.224813 -0.000000
v 0.140729 -0.228458 0.081250
v 0.081250 -0.232104 0.140729
v 0.000000 -0.235750 0.162500
v -0.081250 -0.239396 0.140729
v -0.140729 -0.243042 0.081250
v -0.162500 -0.246688 0.000000
v -0.140729 -0.250333 -0.081250
v -0.081250 -0.253979 -0.140729
v -0.000000 -0.257625 -0.162500
v 0.081250 -0.221896 -0.140729
v 0.140729 -0.225542 -0.081250
v 0.162500 -0.229188 -0.000000
v 0.140729 -0.232833 0.081250
v 0.081250 -0.236479 0.140729
v 0.000000 -0.240125 0.162500
v -0.081250 -0.243771 0.140729
v -0.140729 -0.247417 0.081250
v -0.162500 -0.251063 0.000000
v -0.140729 -0.254708 -0.081250
v -0.081250 -0.258354 -0.140729
v -0.000000 -0.262000 -0.162500
v 0.068750 -0.241146 -0.119078
v 0.119078 -0.244792 -0.068750
v 0.137500 -0.248437 -0.000000
v 0.119078 -0.252083 0.068750
v 0.068750 -0.255729 0.119078
v 0.000000 -0.259375 0.137500
v -0.068750 -0.263021 0.119078
v -0.119078 -0.266667 0.068750
v -0.137500 -0.270312 0.000000
v -0.119078 -0.273958 -0.068750
v -0.068750 -0.277604 -0.119078
v -0.000000 -0.281250 -0.137500
v 0.068750 -0.242021 -0.119078
v 0.119078 -0.245667 -0.068750
v 0.137500 -0.249312 -0.000000
v 0.119078 -0.252958 0.068750
v 0.068750 -0.256604 0.119078
v 0.000000 -0.260250 0.137500
v -0.068750 -0.263896 0.119078
v -0.119078 -0.267542 0.068750
v -0.137500 -0.271187 0.000000
v -0.119078 -0.274833 -0.068750
v -0.068750 -0.278479 -0.119078
v -0.000000 -0.282125 -0.137500
v 0.081250 -0.261271 -0.140729
v 0.140729 -0.264917 -0.081250
v 0.162500 -0.268562 -0.000000
v 0.140729 -0.272208 0.081250
v 0.081250 -0.275854 0.140729
v 0.000000 -0.279500 0.162500
v -0.081250 -0.283146 0.140729
v -0.140729 -0.286792 0.081250
v -0.162500 -0.290438 0.000000
v -0.140729 -0.294083 -0.081250
v -0.081250 -0.297729 -0.140729
v -0.000000 -0.301375 -0.162500
v 0.081250 -0.265646 -0.140729
v 0.140729 -0.269292 -0.081250
v 0.162500 -0.272938 -0.000000
v 0.140729 -0.276583 0.081250
v 0.081250 -0.280229 0.140729
v 0.000000 -0.283875 0.162500
v -0.081250 -0.287521 0.140729
v -0.140729 -0.291167 0.081250
v -0.162500 -0.294813 0.000000
v -0.140729 -0.298458 -0.081250
v -0.081250 -0.302104 -0.140729
v -0.000000 -0.305750 -0.162500
v 0.068750 -0.284896 -0.119078
v 0.119078 -0.288542 -0.068750
v 0.137500 -0.292188 -0.000000
v 0.119078 -0.295833 0.068750
v 0.068750 -0.299479 0.119078
v 0.000000 -0.303125 0.137500
v -0.068750 -0.306771 0.119078
v -0.119078 -0.310417 0.068750
v -0.137500 -0.314063 0.000000
v -0.119078 -0.317708 -0.068750
v -0.068750 -0.321354 -0.119078
v -0.000000 -0.325000 -0.137500
v 0.068750 -0.285771 -0.119078
v 0.119078 -0.289417 -0.068750
v 0.137500 -0.293063 -0.000000
v 0.119078 -0.296708 0.068750
v 0.068750 -0.300354 0.119078
v 0.000000 -0.304000 0.137500
v -0.068750 -0.307646 0.119078
v -0.119078 -0.311292 0.068750
v -0.137500 -0.314938 0.000000
v -0.119078 -0.318583 -0.068750
v -0.068750 -0.322229 -0.119078
v -0.000000 -0.325875 -0.137500
v 0.081250 -0.305021 -0.140729
v 0.140729 -0.308667 -0.081250
v 0.162500 -0.312312 -0.000000
v 0.140729 -0.315958 0.081250
v 0.081250 -0.319604 0.140729
v 0.000000 -0.323250 0.162500
v -0.081250 -0.326896 0.140729
v -0.140729 -0.330542 0.081250
v -0.162500 -0.334188 0.000000
v -0.140729 -0.337833 -0.081250
v -0.081250 -0.341479 -0.140729
v -0.000000 -0.345125 -0.162500
v 0.081250 -0.309396 -0.140729
v 0.140729 -0.313042 -0.081250
v 0.162500 -0.316688 -0.000000
v 0.140729 -0.320333 0.081250
v 0.081250 -0.323979 0.140729
v 0.000000 -0.327625 0.162500
v -0.081250 -0.331271 0.140729
v -0.140729 -0.334917 0.081250
v -0.162500 -0.338562 0.000000
v -0.140729 -0.342208 -0.081250
v -0.081250 -0.345854 -0.140729
v -0.000000 -0.349500 -0.162500
v 0.068750 -0.328646 -0.119078
v 0.119078 -0.332292 -0.068750
v 0.137500 -0.335938 -0.000000
v 0.119078 -0.339583 0.068750
v 0.068750 -0.343229 0.119078
v 0.000000 -0.346875 0.137500
v -0.068750 -0.350521 0.119078
v -0.119078 -0.354167 0.068750
v -0.137500 -0.357813 0.000000
v -0.119078 -0.361458 -0.068750
v -0.068750 -0.365104 -0.119078
v -0.000000 -0.368750 -0.137500
v 0.068750 -0.329521 -0.119078
v 0.119078 -0.333167 -0.068750
v 0.137500 -0.336812 -0.000000
v 0.119078 -0.340458 0.068750
v 0.068750 -0.344104 0.119078
v 0.000000 -0.347750 0.137500
v -0.068750 -0.351396 0.119078
v -0.119078 -0.355042 0.068750
v -0.137500 -0.358688 0.000000
v -0.119078 -0.362333 -0.068750
v -0.068750 -0.365979 -0.119078
v -0.000000 -0.369625 -0.137500
v 0.081250 -0.348771 -0.140729
v 0.140729 -0.352417 -0.081250
v 0.162500 -0.356063 -0.000000
v 0.140729 -0.359708 0.081250
v 0.081250 -0.363354 0.140729
v 0.000000 -0.367000 0.162500
v -0.081250 -0.370646 0.140729
v -0.140729 -0.374292 0.081250
v -0.162500 -0.377937 0.000000
v -0.140729 -0.381583 -0.081250
v -0.081250 -0.385229 -0.140729
v -0.000000 -0.388875 -0.162500
v 0.081250 -0.353146 -0.140729
v 0.140729 -0.356792 -0.081250
v 0.162500 -0.360438 -0.000000
v 0.140729 -0.364083 0.081250
v 0.081250 -0.367729 0.140729
v 0.000000 -0.371375 0.162500
v -0.081250 -0.375021 0.140729
v -0.140729 -0.378667 0.081250
v -0.162500 -0.382313 0.000000
v -0.140729 -0.385958 -0.081250
v -0.081250 -0.389604 -0.140729
v -0.000000 -0.393250 -0.162500
v 0.068750 -0.372396 -0.119078
v 0.119078 -0.376042 -0.068750
v 0.137500 -0.379687 -0.000000
v 0.119078 -0.383333 0.068750
v 0.068750 -0.386979 0.119078
v 0.000000 -0.390625 0.137500
v -0.068750 -0.394271 0.119078
v -0.119078 -0.397917 0.068750
v -0.137500 -0.401563 0.000000
v -0.119078 -0.405208 -0.068750
v -0.068750 -0.408854 -0.119078
v -0.000000 -0.412500 -0.137500
v 0.068750 -0.373271 -0.119078
v 0.119078 -0.376917 -0.068750
v 0.137500 -0.380562 -0.000000
v 0.119078 -0.384208 0.068750
v 0.068750 -0.387854 0.119078
v 0.000000 -0.391500 0.137500
v -0.068750 -0.395146 0.119078
v -0.119078 -0.398792 0.068750
v -0.137500 -0.402438 0.000000
v -0.119078 -0.406083 -0.068750
v -0.068750 -0.409729 -0.119078
v -0.000000 -0.413375 -0.137500
v 0.081250 -0.392521 -0.140729
v 0.140729 -0.396167 -0.081250
v 0.162500 -0.399813 -0.000000
v 0.140729 -0.403458 0.081250
v 0.081250 -0.407104 0.140729
v 0.000000 -0.410750 0.162500
v -0.081250 -0.414396 0.140729
v -0.140729 -0.418042 0.081250
v -0.162500 -0.421687 0.000000
v -0.140729 -0.425333 -0.081250
v -0.081250 -0.428979 -0.140729
v -0.000000 -0.432625 -0.161125
v 0.081250 -0.396896 -0.140729
v 0.140729 -0.400542 -0.081250
v 0.162500 -0.404188 -0.000000
v 0.140729 -0.407833 0.081250
v 0.081250 -0.411479 0.140729
v 0.000000 -0.415125 0.162500
v -0.081250 -0.418771 0.140729
v -0.140729 -0.422417 0.081250
v -0.162500 -0.426062 0.000000
v -0.140729 -0.429708 -0.081250
v -0.080198 -0.433354 -0.138907
v -0.000000 -0.437000 -0.156750
v 0.068750 -0.416146 -0.119078
v 0.119078 -0.419792 -0.068750
v 0.137500 -0.423438 -0.000000
v 0.119078 -0.427083 0.068750
v 0.068750 -0.430729 0.119078
v 0.000000 -0.434375 0.137500
v -0.068750 -0.438021 0.119078
v -0.119078 -0.441667 0.068750
v -0.137500 -0.445312 0.000000
v -0.119078 -0.448958 -0.068750
v -0.068750 -0.452604 -0.119078
v -0.000000 -0.456250 -0.137500
v 0.068750 -0.417021 -0.119078
v 0.119078 -0.420667 -0.068750
v 0.137500 -0.424313 -0.000000
v 0.119078 -0.427958 0.068750
v 0.068750 -0.431604 0.119078
v 0.000000 -0.435250 0.137500
v -0.068750 -0.438896 0.119078
v -0.119078 -0.442542 0.068750
v -0.137500 -0.446187 0.000000
v -0.119078 -0.449833 -0.068750
v -0.068750 -0.453479 -0.119078
v -0.000000 -0.457125 -0.136625
v 0.078740 -0.436271 -0.136381
v 0.133224 -0.439917 -0.076917
v 0.150188 -0.443563 -0.000000
v 0.126909 -0.447208 0.073271
v 0.071448 -0.450854 0.123751
v 0.000000 -0.454500 0.139250
v -0.067802 -0.458146 0.117437
v -0.114279 -0.461792 0.065979
v -0.128312 -0.465438 0.000000
v -0.107965 -0.469083 -0.062333
v -0.060510 -0.472729 -0.104807
v -0.000000 -0.476375 -0.117375
v 0.076552 -0.440646 -0.132592
v 0.129435 -0.444292 -0.074729
v 0.145812 -0.447937 -0.000000
v 0.123120 -0.451583 0.071083
v 0.069260 -0.455229 0.119963
v 0.000000 -0.458875 0.134875
v -0.065615 -0.462521 0.113648
v -0.110490 -0.466167 0.063792
v -0.123938 -0.469813 0.000000
v -0.104176 -0.473458 -0.060146
v -0.058323 -0.477104 -0.101018
v -0.000000 -0.480750 -0.113000
v 0.066927 -0.459896 -0.115921
v 0.112764 -0.463542 -0.065104
v 0.126563 -0.467187 -0.000000
v 0.106449 -0.470833 0.061458
v 0.059635 -0.474479 0.103292
v 0.000000 -0.478125 0.115625
v -0.055990 -0.481771 0.096977
v -0.093819 -0.485417 0.054167
v -0.104688 -0.489062 0.000000
v -0.087505 -0.492708 -0.050521
v -0.048698 -0.496354 -0.084347
v -0.000000 -0.500000 -0.093750
v 0.066490 -0.460771 -0.115163
v 0.112006 -0.464417 -0.064667
v 0.125688 -0.468062 -0.000000
v 0.105691 -0.471708 0.061021
v 0.059198 -0.475354 0.102534
v 0.000000 -0.479000 0.114750
v -0.055552 -0.482646 0.096219
v -0.093062 -0.486292 0.053729
v -0.103813 -0.489938 0.000000
v -0.086747 -0.493583 -0.050083
v -0.048260 -0.497229 -0.083589
v 0.056865 -0.480021 -0.098492
v 0.095335 -0.483667 -0.055042
v 0.106438 -0.487312 -0.000000
v 0.089020 -0.490958 0.051396
v 0.049573 -0.494604 0.085863
v 0.000000 -0.498250 0.095500
v -0.046875 -0.500000 0.081190
v -0.081190 -0.500000 0.046875
v -0.093750 -0.500000 0.000000
v -0.081190 -0.500000 -0.046875
v -0.046875 -0.500000 -0.081190
v 0.054677 -0.484396 -0.094703
v 0.091546 -0.488042 -0.052854
v 0.102063 -0.491688 -0.000000
v 0.085231 -0.495333 0.049208
v 0.047385 -0.498979 0.082074
v 0.000000 -0.500000 0.093750
v 0.046875 -0.500000 -0.081190
v 0.081190 -0.500000 -0.046875
v 0.093750 -0.500000 -0.000000
v 0.081190 -0.500000 0.046875
v 0.046875 -0.500000 0.081190
vn -0.0000 1.0000 -0.0000
vn -0.0001 1.0000 -0.0000
vn -0.0000 0.5000 0.8660
vn -1.0000 -0.0000 -0.0000
vn -0.0000 -0.0000 1.0000
vn -0.8660 0.5000 -0.0000
vn 0.8660 0.5000 -0.0000
vn 1.0000 -0.0000 -0.0000
vn -0.0000 0.5000 -0.8660
vn -0.0000 -0.0000 -1.0000
vn 0.0617 0.7058 -0.7057
vn 0.1834 0.7058 -0.6843
vn 0.2994 0.7058 -0.6421
vn -0.0000 -1.0000 -0.0000
vn 0.0872 -0.0000 -0.9962
vn 0.2588 -0.0000 -0.9659
vn 0.4226 -0.0000 -0.9063
vn 0.0617 -0.7058 -0.7058
vn 0.1834 -0.7058 -0.6843
vn 0.2994 -0.7058 -0.6421
vn -0.0617 0.7058 -0.7057
vn -0.1834 0.7058 -0.6843
vn -0.2994 0.7058 -0.6421
vn -0.0872 -0.0000 -0.9962
vn -0.2588 -0.0000 -0.9659
vn -0.4226 -0.0000 -0.9063
vn -0.0617 -0.7058 -0.7058
vn -0.1834 -0.7058 -0.6843
vn -0.2994 -0.7058 -0.6421
vn -0.5803 0.7057 -0.4064
vn -0.5010 0.7058 -0.5010
vn -0.4064 0.7058 -0.5803
vn -0.8660 -0.0000 -0.5000
vn -0.8192 -0.0000 -0.5736
vn -0.7071 -0.0000 -0.7071
vn -0.5736 -0.0000 -0.8192
vn -0.5803 -0.7058 -0.4063
vn -0.5010 -0.7058 -0.5010
vn -0.4064 -0.7058 -0.5803
vn -0.6421 0.7058 -0.2994
vn -0.6843 0.7058 -0.1834
vn -0.7058 0.7058 -0.0617
vn -0.9063 -0.0000 -0.4226
vn -0.9659 -0.0000 -0.2588
vn -0.9962 -0.0000 -0.0872
vn -0.6421 -0.7058 -0.2994
vn -0.6843 -0.7058 -0.1834
vn -0.7058 -0.7058 -0.0617
vn -0.6421 0.7058 0.2994
vn -0.6843 0.7058 0.1834
vn -0.7058 0.7058 0.0617
vn -0.8660 -0.0000 0.5000
vn -0.9063 -0.0000 0.4226
vn -0.9659 -0.0000 0.2588
vn -0.9962 -0.0000 0.0872
vn -0.6421 -0.7058 0.2994
vn -0.6843 -0.7058 0.1834
vn -0.7058 -0.7058 0.0617
vn -0.5803 0.7058 0.4063
vn -0.5009 0.7058 0.5010
vn -0.4064 0.7058 0.5803
vn -0.8192 -0.0000 0.5736
vn -0.7071 -0.0000 0.7071
vn -0.5736 -0.0000 0.8192
vn -0.5803 -0.7058 0.4064
vn -0.5010 -0.7058 0.5010
vn -0.4064 -0.7058 0.5803
vn -0.0617 0.7058 0.7057
vn -0.1834 0.7058 0.6843
vn -0.2994 0.7058 0.6421
vn -0.0872 -0.0000 0.9962
vn -0.2588 -0.0000 0.9659
vn -0.4226 -0.0000 0.9063
vn -0.0617 -0.7058 0.7058
vn -0.1834 -0.7058 0.6843
vn -0.2994 -0.7058 0.6421
vn 0.0617 0.7058 0.7057
vn 0.1834 0.7058 0.6843
vn 0.2994 0.7058 0.6421
vn 0.0872 -0.0000 0.9962
vn 0.2588 -0.0000 0.9659
vn 0.4226 -0.0000 0.9063
vn 0.0617 -0.7058 0.7058
vn 0.1834 -0.7058 0.6843
vn 0.2994 -0.7058 0.6421
vn 0.5803 0.7058 0.4063
vn 0.5009 0.7058 0.5010
vn 0.4064 0.7058 0.5803
vn 0.8660 -0.0000 0.5000
vn 0.8192 -0.0000 0.5736
vn 0.7071 -0.0000 0.7071
vn 0.5736 -0.0000 0.8192
vn 0.5803 -0.7058 0.4064
vn 0.5010 -0.7058 0.5010
vn 0.4063 -0.7058 0.5803
vn 0.6421 0.7058 0.2994
vn 0.6843 0.7058 0.1834
vn 0.7058 0.7058 0.0617
vn 0.9063 -0.0000 0.4226
vn 0.9659 -0.0000 0.2588
vn 0.9962 -0.0000 0.0872
vn 0.6421 -0.7058 0.2994
vn 0.6843 -0.7058 0.1834
vn 0.7058 -0.7058 0.0617
vn 0.6421 0.7058 -0.2994
vn 0.6843 0.7058 -0.1834
vn 0.7058 0.7058 -0.0617
vn 0.8660 -0.0000 -0.5000
vn 0.9063 -0.0000 -0.4226
vn 0.9659 -0.0000 -0.2588
vn 0.9962 -0.0000 -0.0872
vn 0.6421 -0.7058 -0.2994
vn 0.6843 -0.7058 -0.1834
vn 0.7058 -0.7058 -0.0617
vn 0.5803 0.7057 -0.4064
vn 0.5010 0.7058 -0.5010
vn 0.4064 0.7058 -0.5803
vn 0.8192 -0.0000 -0.5736
vn 0.7071 -0.0000 -0.7071
vn 0.5736 -0.0000 -0.8192
vn 0.5803 -0.7058 -0.4064
vn 0.5010 -0.7058 -0.5009
vn 0.4064 -0.7058 -0.5803
vn 0.7070 0.1038 -0.6995
vn 0.9482 0.2041 -0.2433
vn 0.9180 0.2980 0.2618
vn 0.6389 0.3838 0.6667
vn 0.2069 0.4605 0.8632
vn -0.2458 0.5279 0.8130
vn -0.5936 0.5864 0.5511
vn -0.7525 0.6369 0.1679
vn -0.6983 0.6801 -0.2232
vn -0.4661 0.7172 -0.5181
vn -0.1342 0.7489 -0.6489
vn 0.2316 -0.0000 -0.9728
vn 0.6873 -0.0000 -0.7264
vn 0.9585 -0.0000 -0.2850
vn 0.9725 -0.0000 0.2328
vn 0.7256 -0.0000 0.6881
vn 0.2839 -0.0000 0.9588
vn -0.2339 -0.0000 0.9723
vn -0.6889 -0.0000 0.7248
vn -0.9591 -0.0000 0.2829
vn -0.9720 -0.0000 -0.2349
vn -0.7241 -0.0000 -0.6897
vn -0.2820 -0.0000 -0.9594
vn 0.6797 -0.1048 -0.7260
vn 0.9349 -0.2065 -0.2886
vn 0.9304 -0.3021 0.2076
vn 0.6810 -0.3895 0.6201
vn 0.2721 -0.4677 0.8410
vn -0.1730 -0.5364 0.8260
vn -0.5330 -0.5959 0.6006
vn -0.7224 -0.6471 0.2437
vn -0.7093 -0.6909 -0.1396
vn -0.5179 -0.7283 -0.4488
vn -0.2148 -0.7601 -0.6133
vn 0.2013 0.7761 -0.5976
vn 0.4731 0.7761 -0.4169
vn 0.6182 0.7761 -0.1245
vn 0.5976 0.7761 0.2013
vn 0.4169 0.7761 0.4731
vn 0.1245 0.7761 0.6182
vn -0.2013 0.7761 0.5976
vn -0.4731 0.7761 0.4169
vn -0.6182 0.7761 0.1245
vn -0.5976 0.7761 -0.2013
vn -0.4169 0.7761 -0.4731
vn -0.1245 0.7761 -0.6182
vn 0.1269 -0.7859 -0.6052
vn 0.4125 -0.7859 -0.4606
vn 0.5875 -0.7859 -0.1927
vn 0.6052 -0.7859 0.1269
vn 0.4606 -0.7859 0.4125
vn 0.1927 -0.7859 0.5875
vn -0.1269 -0.7859 0.6052
vn -0.4125 -0.7859 0.4606
vn -0.5875 -0.7859 0.1927
vn -0.6052 -0.7859 -0.1269
vn -0.4606 -0.7859 -0.4125
vn -0.1927 -0.7859 -0.5875
vn -0.6546 -0.4194 -0.6289
vn -0.2385 -0.4217 -0.8748
vn -0.4520 -0.7843 -0.4249
vn -0.1749 -0.7550 -0.6320
vn -0.2214 -0.6896 -0.6896
vn 0.2059 0.7586 -0.6181
vn 0.5279 0.7027 -0.4770
vn 0.7584 0.6293 -0.1698
vn 0.8095 0.5335 0.2452
vn 0.6296 0.4109 0.6594
vn 0.2370 0.2604 0.9360
vn -0.2621 0.0874 0.9611
vn -0.7005 -0.0948 0.7073
vn -0.9267 -0.2688 0.2626
vn -0.8816 -0.4208 -0.2139
vn -0.6124 -0.5446 -0.5730
vn -0.2217 -0.6402 -0.7355
vn 0.1862 -0.6947 -0.6947
vn 0.5086 -0.6947 -0.5086
vn 0.6947 -0.6947 -0.1862
vn 0.6947 -0.6948 0.1862
vn 0.5086 -0.6947 0.5086
vn 0.1862 -0.6947 0.6947
vn -0.1862 -0.6947 0.6947
vn -0.5086 -0.6947 0.5086
vn -0.6947 -0.6947 0.1862
vn -0.6947 -0.6947 -0.1862
vn -0.5086 -0.6947 -0.5086
vn -0.1862 -0.6947 -0.6947
vn 0.6947 -0.6947 0.1862
vn 0.1862 -0.6947 -0.6948
vn 0.6947 -0.6948 -0.1862
vn 0.1862 -0.6947 0.6948
vn -0.6947 -0.6948 0.1862
vn -0.6948 -0.6947 -0.1862
vn -0.5086 -0.6948 -0.5086
vn 0.6948 -0.6947 -0.1862
vn -0.1862 -0.6948 0.6947
vn 0.1862 -0.6948 0.6947
vn 0.0617 0.7058 -0.7058
vn -0.0617 0.7058 -0.7058
vn -0.5803 0.7058 -0.4064
vn -0.8191 -0.0000 -0.5736
vn -0.5803 -0.7058 -0.4064
vn -0.5803 0.7058 0.4064
vn -0.5010 0.7058 0.5010
vn -0.8191 -0.0000 0.5736
vn -0.5009 -0.7058 0.5010
vn -0.0617 0.7058 0.7058
vn 0.0617 0.7058 0.7058
vn 0.5803 0.7058 0.4064
vn 0.5010 0.7058 0.5010
vn 0.8191 -0.0000 0.5736
vn 0.5803 0.7058 -0.4064
vn 0.8191 -0.0000 -0.5736
vn 0.5803 -0.7058 -0.4063
vn 0.5010 -0.7058 -0.5010
vn 0.2355 0.1033 -0.9664
vn 0.6803 0.2037 -0.7041
vn 0.9189 0.2984 -0.2579
vn 0.8929 0.3852 0.2330
vn 0.6276 0.4631 0.6258
vn 0.2163 0.5317 0.8188
vn -0.2153 0.5914 0.7771
vn -0.5488 0.6428 0.5344
vn -0.7052 0.6869 0.1755
vn -0.6615 0.7246 -0.1932
vn -0.4497 0.7568 -0.4744
vn -0.1419 0.7843 -0.6039
vn 0.2523 -0.1038 -0.9621
vn 0.6848 -0.2041 -0.6996
vn 0.9180 -0.2980 -0.2618
vn 0.8968 -0.3838 0.2199
vn 0.6441 -0.4605 0.6108
vn 0.2458 -0.5279 0.8130
vn -0.1805 -0.5864 0.7896
vn -0.5216 -0.6369 0.5677
vn -0.6983 -0.6801 0.2232
vn -0.6817 -0.7172 -0.1446
vn -0.4949 -0.7489 -0.4407
vn -0.2013 -0.7761 -0.5976
vn 0.1927 0.7859 -0.5875
vn 0.4606 0.7859 -0.4125
vn 0.6052 0.7859 -0.1269
vn 0.5875 0.7859 0.1927
vn 0.4125 0.7859 0.4606
vn 0.1269 0.7859 0.6052
vn -0.1927 0.7859 0.5875
vn -0.4606 0.7859 0.4125
vn -0.6052 0.7859 0.1269
vn -0.5875 0.7859 -0.1927
vn -0.4125 0.7859 -0.4606
vn -0.1269 0.7859 -0.6052
vn 0.1245 -0.7761 -0.6182
vn 0.4169 -0.7761 -0.4731
vn 0.5976 -0.7761 -0.2013
vn 0.6182 -0.7761 0.1245
vn 0.4731 -0.7761 0.4169
vn 0.2013 -0.7761 0.5976
vn -0.1245 -0.7761 0.6182
vn -0.4169 -0.7761 0.4731
vn -0.5976 -0.7761 0.2013
vn -0.6182 -0.7761 -0.1245
vn -0.4731 -0.7761 -0.4169
vn -0.1228 0.7694 -0.6269
vn -0.6897 -0.0000 -0.7241
vn -0.4951 -0.7486 -0.4409
vn -0.2213 -0.6896 -0.6896
vn -0.2473 -0.0000 -0.9689
vn 0.2396 0.7148 -0.6570
vn 0.5852 0.6408 -0.4969
vn 0.8247 0.5436 -0.1561
vn 0.8593 0.4186 0.2938
vn 0.6395 0.2648 0.7217
vn 0.2068 0.0886 0.9744
vn -0.3002 -0.0957 0.9491
vn -0.7049 -0.2701 0.6558
vn -0.8822 -0.4210 0.2109
vn -0.8070 -0.5432 -0.2317
vn -0.5402 -0.6380 -0.5487
vn -0.6948 -0.6947 0.1862
vn 0.1862 -0.6948 -0.6947
vn 0.6948 -0.6947 0.1862
vn 0.5086 -0.6948 0.5086
vn 0.1861 -0.6948 0.6947
vn -0.1861 -0.6948 0.6947
vn -0.6947 -0.6948 -0.1862
vt 0.728372 0.235810
vt 0.725572 0.238521
vt 0.727514 0.235201
vt 0.724825 0.240796
vt 0.723596 0.242974
vt 0.734299 0.253271
vt 0.721967 0.247824
vt 0.721611 0.253055
vt 0.722446 0.257753
vt 0.724333 0.262228
vt 0.727285 0.266399
vt 0.729147 0.268034
vt 0.730559 0.269869
vt 0.734057 0.271443
vt 0.733462 0.272304
vt 0.746397 0.248945
vt 0.744545 0.251528
vt 0.747003 0.253367
vt 0.748911 0.250850
vt 0.763832 0.230072
vt 0.761070 0.227288
vt 0.764432 0.229201
vt 0.758769 0.226562
vt 0.756569 0.225356
vt 0.746428 0.236011
vt 0.751318 0.224155
vt 0.746757 0.223659
vt 0.742074 0.224442
vt 0.737757 0.226229
vt 0.733524 0.229085
vt 0.731867 0.230922
vt 0.730002 0.232316
vt 0.750815 0.248333
vt 0.748232 0.246488
vt 0.769975 0.265620
vt 0.772715 0.262812
vt 0.770856 0.266208
vt 0.773403 0.260501
vt 0.774571 0.258287
vt 0.763821 0.248286
vt 0.776028 0.253366
vt 0.776322 0.248518
vt 0.775521 0.243814
vt 0.773645 0.239326
vt 0.770675 0.235138
vt 0.768801 0.233502
vt 0.767370 0.231653
vt 0.751430 0.252757
vt 0.753278 0.250164
vt 0.736788 0.274199
vt 0.739067 0.274920
vt 0.741249 0.276119
vt 0.751346 0.265467
vt 0.746135 0.277644
vt 0.750962 0.278000
vt 0.755633 0.277274
vt 0.760085 0.275513
vt 0.765007 0.272561
vt 0.766632 0.270638
vt 0.768451 0.269183
vt 0.749585 0.255224
vt 0.686699 0.220925
vt 0.692712 0.210313
vt 0.682798 0.232412
vt 0.680844 0.244318
vt 0.684696 0.220032
vt 0.692196 0.209955
vt 0.675974 0.230754
vt 0.665725 0.243219
vt 0.675312 0.215128
vt 0.682434 0.203067
vt 0.669664 0.228415
vt 0.635884 0.196921
vt 0.645500 0.176749
vt 0.632237 0.218637
vt 0.635208 0.238747
vt 0.634203 0.196048
vt 0.625043 0.216190
vt 0.619592 0.237613
vt 0.633490 0.195679
vt 0.644840 0.176278
vt 0.624287 0.215928
vt 0.618784 0.237543
vt 0.524937 0.145949
vt 0.546505 0.108685
vt 0.510022 0.186332
vt 0.502417 0.228786
vt 0.521653 0.144411
vt 0.543528 0.106612
vt 0.062348 0.434126
vt 0.506518 0.185384
vt 0.498793 0.228474
vt 0.000100 0.316923
vt 0.700495 0.201046
vt 0.709801 0.193582
vt 0.720129 0.187844
vt 0.698986 0.199491
vt 0.706016 0.187816
vt 0.713591 0.174400
vt 0.691310 0.192373
vt 0.701850 0.182779
vt 0.661657 0.161041
vt 0.681388 0.150453
vt 0.702248 0.145829
vt 0.660274 0.159714
vt 0.676633 0.144301
vt 0.695404 0.131748
vt 0.659687 0.159152
vt 0.676126 0.143665
vt 0.695059 0.131013
vt 0.574088 0.075564
vt 0.606992 0.047564
vt 0.644368 0.025739
vt 0.571502 0.073010
vt 0.604881 0.044594
vt 0.642818 0.022439
vt 0.178732 0.506410
vt 0.743338 0.181378
vt 0.755611 0.181404
vt 0.751529 0.224103
vt 0.731397 0.183692
vt 0.738574 0.225865
vt 0.743125 0.179188
vt 0.755673 0.180774
vt 0.729469 0.176966
vt 0.742740 0.168619
vt 0.756868 0.168875
vt 0.728347 0.170349
vt 0.738872 0.125477
vt 0.761228 0.123765
vt 0.718186 0.133176
vt 0.738790 0.123579
vt 0.716704 0.125713
vt 0.738753 0.122775
vt 0.761308 0.122956
vt 0.716553 0.124925
vt 0.727578 0.003724
vt 0.770761 0.003796
vt 0.685026 0.011025
vt 0.727268 0.000100
vt 0.771072 0.000171
vt 0.317610 0.506395
vt 0.684091 0.007507
vt 0.767610 0.183757
vt 0.778773 0.188299
vt 0.788909 0.194411
vt 0.768237 0.181662
vt 0.781919 0.182071
vt 0.797305 0.181897
vt 0.770652 0.171415
vt 0.784232 0.175917
vt 0.782966 0.129996
vt 0.802020 0.141869
vt 0.816451 0.157658
vt 0.783430 0.128130
vt 0.804988 0.134667
vt 0.825241 0.144683
vt 0.783626 0.127339
vt 0.805287 0.133908
vt 0.825706 0.144017
vt 0.813348 0.011192
vt 0.854127 0.025784
vt 0.891755 0.047350
vt 0.814273 0.007667
vt 0.855652 0.022466
vt 0.434341 0.435813
vt 0.893848 0.044356
vt 0.806203 0.210945
vt 0.812357 0.221554
vt 0.798189 0.201904
vt 0.807980 0.209661
vt 0.812933 0.221290
vt 0.803011 0.196842
vt 0.816903 0.204036
vt 0.823821 0.216355
vt 0.808160 0.192552
vt 0.852395 0.179180
vt 0.865065 0.197680
vt 0.835382 0.165130
vt 0.853997 0.178160
vt 0.841105 0.160115
vt 0.854675 0.177726
vt 0.865807 0.197344
vt 0.841711 0.159590
vt 0.952389 0.108614
vt 0.973848 0.146136
vt 0.924827 0.075313
vt 0.955380 0.106539
vt 0.977150 0.144600
vt 0.498593 0.319214
vt 0.927415 0.072745
vt 0.816393 0.233127
vt 0.818094 0.245073
vt 0.817824 0.256940
vt 0.818522 0.232614
vt 0.825034 0.244700
vt 0.832787 0.258022
vt 0.828593 0.229577
vt 0.831514 0.243642
vt 0.870533 0.219643
vt 0.869739 0.242106
vt 0.863224 0.262509
vt 0.872383 0.219114
vt 0.877468 0.241092
vt 0.878849 0.263670
vt 0.873167 0.218889
vt 0.878276 0.240974
vt 0.879659 0.263742
vt 0.988636 0.186782
vt 0.996263 0.229425
vt 0.996265 0.272777
vt 0.992155 0.185830
vt 0.999900 0.229098
vt 0.999900 0.273103
vt 0.498593 0.188296
vt 0.811783 0.280164
vt 0.805694 0.290709
vt 0.815765 0.268739
vt 0.813776 0.281071
vt 0.806207 0.291071
vt 0.822548 0.270434
vt 0.823110 0.286022
vt 0.815904 0.298024
vt 0.828826 0.272787
vt 0.862416 0.304335
vt 0.852704 0.324465
vt 0.866148 0.282629
vt 0.864094 0.305215
vt 0.873337 0.285098
vt 0.864806 0.305587
vt 0.853362 0.324939
vt 0.874092 0.285364
vt 0.973311 0.355721
vt 0.951514 0.392913
vt 0.988458 0.315325
vt 0.976592 0.357278
vt 0.954481 0.395004
vt 0.436083 0.072273
vt 0.991967 0.316292
vt 0.797838 0.299892
vt 0.788443 0.307229
vt 0.777910 0.312765
vt 0.760520 0.275380
vt 0.799329 0.301462
vt 0.792160 0.313062
vt 0.784484 0.326441
vt 0.806937 0.308640
vt 0.796296 0.318142
vt 0.836464 0.340095
vt 0.816679 0.350594
vt 0.795799 0.355144
vt 0.837841 0.341429
vt 0.821410 0.356765
vt 0.802602 0.369245
vt 0.838425 0.341993
vt 0.821916 0.357403
vt 0.802945 0.369981
vt 0.923737 0.425888
vt 0.890703 0.453692
vt 0.853275 0.475299
vt 0.926309 0.428455
vt 0.892796 0.456669
vt 0.854806 0.478600
vt 0.320762 0.000611
vt 0.754625 0.319545
vt 0.742362 0.319585
vt 0.766563 0.317116
vt 0.754854 0.321734
vt 0.742304 0.320214
vt 0.768553 0.323864
vt 0.755284 0.332294
vt 0.741163 0.332089
vt 0.769691 0.330505
vt 0.759161 0.375428
vt 0.736843 0.377122
vt 0.779836 0.367762
vt 0.759242 0.377323
vt 0.781303 0.375223
vt 0.759277 0.378127
vt 0.736763 0.377930
vt 0.781453 0.376010
vt 0.770192 0.496932
vt 0.727159 0.496737
vt 0.812645 0.489805
vt 0.770489 0.500545
vt 0.726840 0.500347
vt 0.182911 0.000100
vt 0.813564 0.493317
vt 0.730401 0.317294
vt 0.719287 0.312807
vt 0.709203 0.306745
vt 0.729784 0.319382
vt 0.716169 0.319007
vt 0.700859 0.319194
vt 0.727407 0.329594
vt 0.713876 0.325134
vt 0.715162 0.370902
vt 0.696170 0.359065
vt 0.681794 0.343332
vt 0.714699 0.372762
vt 0.693211 0.366242
vt 0.673034 0.356257
vt 0.714504 0.373551
vt 0.692913 0.366998
vt 0.672571 0.356920
vt 0.684757 0.489275
vt 0.644178 0.474680
vt 0.606745 0.453172
vt 0.683829 0.492783
vt 0.642655 0.477980
vt 0.066275 0.069590
vt 0.604660 0.456150
vt 0.692025 0.290301
vt 0.685935 0.279733
vt 0.699980 0.299298
vt 0.690255 0.291574
vt 0.685361 0.279994
vt 0.695183 0.304327
vt 0.681369 0.297154
vt 0.674507 0.284870
vt 0.690058 0.308592
vt 0.645997 0.321881
vt 0.633379 0.303442
vt 0.662939 0.335885
vt 0.644400 0.322898
vt 0.657236 0.340879
vt 0.643724 0.323330
vt 0.632640 0.303777
vt 0.656632 0.341402
vt 0.546418 0.392186
vt 0.525036 0.354859
vt 0.573847 0.425324
vt 0.543442 0.394252
vt 0.521752 0.356391
vt 0.001141 0.185570
vt 0.571271 0.427878
vt 0.681975 0.268194
vt 0.680380 0.256273
vt 0.721850 0.248024
vt 0.679851 0.268691
vt 0.673434 0.256579
vt 0.669799 0.271672
vt 0.666947 0.257610
vt 0.627932 0.281543
vt 0.628720 0.259130
vt 0.626087 0.282071
vt 0.621005 0.260148
vt 0.625305 0.282295
vt 0.620199 0.260267
vt 0.510256 0.314422
vt 0.502561 0.271978
vt 0.506755 0.315376
vt 0.498940 0.272314
vt 0.072291 0.301328
vt 0.118291 0.384080
vt 0.071627 0.207145
vt 0.117519 0.123859
vt 0.199892 0.073874
vt 0.297660 0.072673
vt 0.380647 0.122111
vt 0.426844 0.204214
vt 0.428079 0.298112
vt 0.382680 0.381710
vt 0.300248 0.432287
vt 0.201909 0.433774
vt 0.119713 0.288303
vt 0.153044 0.349340
vt 0.118908 0.219161
vt 0.152817 0.157928
vt 0.213353 0.121409
vt 0.285123 0.119866
vt 0.346075 0.156855
vt 0.379676 0.217398
vt 0.380804 0.286336
vt 0.347187 0.347734
vt 0.286599 0.384604
vt 0.214427 0.386262
vt 0.153930 0.348498
vt 0.377995 0.217849
vt 0.375660 0.285104
vt 0.340802 0.341691
vt 0.283143 0.372780
vt 0.218743 0.370383
vt 0.166926 0.335875
vt 0.344224 0.158619
vt 0.373898 0.218953
vt 0.371604 0.284096
vt 0.337824 0.338835
vt 0.282024 0.368871
vt 0.219766 0.366534
vt 0.169640 0.333218
vt 0.122942 0.287455
vt 0.125638 0.220813
vt 0.160326 0.165106
vt 0.217190 0.134732
vt 0.280405 0.137252
vt 0.331366 0.171148
vt 0.357467 0.223432
vt 0.355236 0.280045
vt 0.325818 0.327328
vt 0.277509 0.353117
vt 0.223884 0.350970
vt 0.180530 0.322501
vt 0.124114 0.287142
vt 0.126785 0.221103
vt 0.161160 0.165912
vt 0.217498 0.135825
vt 0.280117 0.138319
vt 0.330613 0.171885
vt 0.356492 0.223692
vt 0.354282 0.279800
vt 0.325125 0.326652
vt 0.277255 0.352202
vt 0.224125 0.350078
vt 0.181161 0.321883
vt 0.140674 0.282667
vt 0.143388 0.225265
vt 0.173511 0.177834
vt 0.222190 0.152526
vt 0.275496 0.155324
vt 0.318122 0.184004
vt 0.339687 0.228036
vt 0.337057 0.275142
vt 0.312180 0.313601
vt 0.272572 0.333868
vt 0.229584 0.331513
vt 0.195222 0.308767
vt 0.144166 0.281749
vt 0.146776 0.226154
vt 0.175931 0.180226
vt 0.223047 0.155709
vt 0.274646 0.158380
vt 0.315962 0.186093
vt 0.336927 0.228741
vt 0.334420 0.274422
vt 0.310324 0.311735
vt 0.271928 0.331423
vt 0.230230 0.329187
vt 0.196850 0.307167
vt 0.158333 0.277991
vt 0.160743 0.229862
vt 0.186072 0.190391
vt 0.226613 0.169606
vt 0.270585 0.172150
vt 0.305603 0.195748
vt 0.323241 0.231916
vt 0.320840 0.270338
vt 0.300490 0.301266
vt 0.268672 0.317258
vt 0.234591 0.315227
vt 0.207377 0.297304
vt 0.159150 0.277777
vt 0.161534 0.230073
vt 0.186634 0.190950
vt 0.226811 0.170347
vt 0.270388 0.172860
vt 0.305100 0.196237
vt 0.322594 0.232083
vt 0.320223 0.270170
vt 0.300056 0.300830
vt 0.268520 0.316688
vt 0.234737 0.314683
vt 0.207755 0.296921
vt 0.177304 0.273539
vt 0.178950 0.235242
vt 0.198805 0.203786
vt 0.230736 0.187057
vt 0.265498 0.188668
vt 0.293505 0.206883
vt 0.307967 0.235373
vt 0.306446 0.265937
vt 0.290582 0.290682
vt 0.265508 0.303684
vt 0.238447 0.302469
vt 0.216560 0.288564
vt 0.179433 0.272972
vt 0.181016 0.235786
vt 0.200279 0.205243
vt 0.231261 0.188993
vt 0.264994 0.190533
vt 0.292190 0.208184
vt 0.306258 0.235824
vt 0.304808 0.265496
vt 0.289427 0.289531
vt 0.265099 0.302173
vt 0.238829 0.301019
vt 0.217565 0.287540
vt 0.192984 0.269606
vt 0.194062 0.239459
vt 0.209471 0.214651
vt 0.234378 0.201338
vt 0.261596 0.202318
vt 0.283719 0.216295
vt 0.295372 0.238502
vt 0.294463 0.262527
vt 0.282225 0.282099
vt 0.262666 0.292532
vt 0.241407 0.291849
vt 0.224047 0.281144
vt 0.193482 0.269464
vt 0.194549 0.239577
vt 0.209822 0.214986
vt 0.234510 0.201788
vt 0.261488 0.202757
vt 0.283419 0.216607
vt 0.294973 0.238616
vt 0.294077 0.262432
vt 0.281949 0.281835
vt 0.262562 0.292181
vt 0.241489 0.291507
vt 0.224278 0.280898
vt 0.204844 0.266618
vt 0.205472 0.242634
vt 0.217515 0.222827
vt 0.237146 0.212071
vt 0.258713 0.212590
vt 0.276395 0.223426
vt 0.285885 0.240915
vt 0.285414 0.259998
vt 0.275897 0.275659
vt 0.260479 0.284143
vt 0.243591 0.283830
vt 0.229677 0.275509
vt 0.206172 0.266238
vt 0.206768 0.242951
vt 0.218448 0.223717
vt 0.237496 0.213264
vt 0.258429 0.213754
vt 0.275600 0.224256
vt 0.284827 0.241224
vt 0.284386 0.259749
vt 0.275160 0.274960
vt 0.260200 0.283208
vt 0.243805 0.282919
vt 0.230290 0.274852
vt 0.214638 0.263966
vt 0.214956 0.245101
vt 0.224273 0.229461
vt 0.239590 0.220877
vt 0.256502 0.221105
vt 0.270466 0.229438
vt 0.278080 0.243069
vt 0.277889 0.258056
vt 0.270560 0.270440
vt 0.258532 0.277244
vt 0.245264 0.277158
vt 0.234251 0.270749
vt 0.214948 0.263871
vt 0.215262 0.245169
vt 0.224496 0.229665
vt 0.239678 0.221155
vt 0.256441 0.221378
vt 0.270284 0.229636
vt 0.277834 0.243147
vt 0.277647 0.258003
vt 0.270383 0.270280
vt 0.258462 0.277026
vt 0.245309 0.276943
vt 0.234391 0.270592
vt 0.222030 0.261940
vt 0.222117 0.246945
vt 0.229379 0.234448
vt 0.241453 0.227502
vt 0.254864 0.227521
vt 0.266023 0.233987
vt 0.272205 0.244723
vt 0.272209 0.256620
vt 0.266517 0.266525
vt 0.257038 0.272051
vt 0.246500 0.272119
vt 0.237686 0.267141
vt 0.222856 0.261684
vt 0.222930 0.247126
vt 0.229972 0.234990
vt 0.241687 0.228240
vt 0.254705 0.228248
vt 0.265541 0.234516
vt 0.271551 0.244932
vt 0.271564 0.256480
vt 0.266047 0.266101
vt 0.256850 0.271472
vt 0.246620 0.271548
vt 0.238059 0.266721
vt 0.228121 0.260147
vt 0.228069 0.248362
vt 0.233673 0.238492
vt 0.243093 0.232943
vt 0.253614 0.232844
vt 0.262427 0.237818
vt 0.267377 0.246186
vt 0.267489 0.255525
vt 0.263111 0.263355
vt 0.255718 0.267781
vt 0.247441 0.267931
vt 0.240472 0.264099
vt 0.228314 0.260083
vt 0.228260 0.248401
vt 0.233814 0.238616
vt 0.243151 0.233115
vt 0.253581 0.233015
vt 0.262316 0.237944
vt 0.267225 0.246239
vt 0.267337 0.255496
vt 0.262998 0.263258
vt 0.255670 0.267646
vt 0.247467 0.267796
vt 0.240557 0.263999
vt 0.232713 0.258777
vt 0.232561 0.249417
vt 0.236920 0.241529
vt 0.244343 0.237038
vt 0.252690 0.236858
vt 0.259730 0.240716
vt 0.263743 0.247306
vt 0.263927 0.254717
vt 0.260531 0.260977
vt 0.254707 0.264566
vt 0.248136 0.264769
vt 0.242563 0.261796
vt 0.233225 0.258606
vt 0.233071 0.249518
vt 0.237297 0.241858
vt 0.244499 0.237493
vt 0.252601 0.237313
vt 0.259438 0.241053
vt 0.263339 0.247446
vt 0.263523 0.254640
vt 0.260232 0.260719
vt 0.254580 0.264208
vt 0.248202 0.264411
vt 0.242789 0.261529
vt 0.236491 0.257571
vt 0.236293 0.250219
vt 0.239651 0.243989
vt 0.245440 0.240401
vt 0.251990 0.240189
vt 0.257549 0.243155
vt 0.260758 0.248291
vt 0.260969 0.254107
vt 0.258360 0.259053
vt 0.253818 0.261924
vt 0.248660 0.262143
vt 0.244256 0.259857
vt 0.236610 0.257528
vt 0.236413 0.250241
vt 0.239741 0.244064
vt 0.245479 0.240507
vt 0.251971 0.240296
vt 0.257482 0.243235
vt 0.260664 0.248326
vt 0.260874 0.254091
vt 0.258288 0.258994
vt 0.253787 0.261841
vt 0.248674 0.262059
vt 0.244307 0.259793
vt 0.239337 0.256650
vt 0.239110 0.250814
vt 0.241716 0.245835
vt 0.246277 0.242933
vt 0.251472 0.242701
vt 0.255913 0.244999
vt 0.258511 0.249044
vt 0.258737 0.253658
vt 0.256716 0.257610
vt 0.253140 0.259935
vt 0.249046 0.260161
vt 0.245526 0.258389
vt 0.239654 0.256536
vt 0.239429 0.250870
vt 0.241956 0.246035
vt 0.246381 0.243214
vt 0.251424 0.242985
vt 0.255736 0.245213
vt 0.258261 0.249137
vt 0.258485 0.253616
vt 0.256526 0.257454
vt 0.253056 0.259714
vt 0.249082 0.259936
vt 0.245663 0.258219
vt 0.241677 0.255843
vt 0.241448 0.251261
vt 0.243453 0.247330
vt 0.247009 0.245012
vt 0.251085 0.244785
vt 0.254591 0.246550
vt 0.256666 0.249702
vt 0.256885 0.253322
vt 0.255334 0.256443
vt 0.252546 0.258301
vt 0.249333 0.258515
vt 0.246553 0.257155
vt 0.241751 0.255815
vt 0.241523 0.251273
vt 0.243510 0.247375
vt 0.247035 0.245077
vt 0.251075 0.244852
vt 0.254551 0.246601
vt 0.256608 0.249725
vt 0.256826 0.253313
vt 0.255288 0.256408
vt 0.252526 0.258250
vt 0.249341 0.258463
vt 0.246584 0.257115
vt 0.243439 0.255227
vt 0.243213 0.251591
vt 0.244766 0.248451
vt 0.247567 0.246577
vt 0.250800 0.246357
vt 0.253599 0.247723
vt 0.255278 0.250204
vt 0.255488 0.253075
vt 0.254288 0.255569
vt 0.252093 0.257072
vt 0.249545 0.257274
vt 0.247323 0.256221
vt 0.243635 0.255151
vt 0.243413 0.251622
vt 0.244918 0.248572
vt 0.247635 0.246751
vt 0.250773 0.246535
vt 0.253492 0.247859
vt 0.255124 0.250266
vt 0.255330 0.253053
vt 0.254167 0.255474
vt 0.252038 0.256935
vt 0.249564 0.257133
vt 0.247407 0.256113
vt 0.244886 0.254690
vt 0.244677 0.251837
vt 0.245870 0.249357
vt 0.248053 0.247862
vt 0.250589 0.247661
vt 0.252799 0.248709
vt 0.254138 0.250642
vt 0.254329 0.252894
vt 0.253409 0.254862
vt 0.251699 0.256062
vt 0.249699 0.256244
vt 0.247946 0.255437
vt 0.244932 0.254671
vt 0.244724 0.251843
vt 0.245906 0.249385
vt 0.248070 0.247902
vt 0.250583 0.247703
vt 0.252774 0.248741
vt 0.254102 0.250657
vt 0.254292 0.252889
vt 0.253380 0.254841
vt 0.251685 0.256030
vt 0.249703 0.256211
vt 0.247965 0.255411
vt 0.245976 0.254280
vt 0.245782 0.252017
vt 0.246705 0.250037
vt 0.248423 0.248829
vt 0.250434 0.248644
vt 0.252198 0.249455
vt 0.253281 0.250975
vt 0.253454 0.252761
vt 0.252744 0.254333
vt 0.251398 0.255302
vt 0.249813 0.255466
vt 0.248412 0.254843
vt 0.246097 0.254230
vt 0.245907 0.252033
vt 0.246801 0.250110
vt 0.248468 0.248936
vt 0.250420 0.248756
vt 0.252134 0.249541
vt 0.253185 0.251016
vt 0.253355 0.252749
vt 0.252667 0.254276
vt 0.251362 0.255218
vt 0.249822 0.255379
vt 0.248462 0.254775
vt 0.246870 0.253924
vt 0.246698 0.252148
vt 0.247406 0.250586
vt 0.248744 0.249622
vt 0.250322 0.249460
vt 0.251714 0.250080
vt 0.252577 0.251265
vt 0.252729 0.252665
vt 0.252185 0.253906
vt 0.251138 0.254679
vt 0.249894 0.254822
vt 0.248788 0.254345
vt 0.246898 0.253912
vt 0.246728 0.252151
vt 0.247429 0.250602
vt 0.248756 0.249647
vt 0.250319 0.249486
vt 0.251699 0.250101
vt 0.252555 0.251275
vt 0.252706 0.252663
vt 0.252167 0.253893
vt 0.251129 0.254659
vt 0.249896 0.254801
vt 0.248800 0.254329
vt 0.247544 0.253653
vt 0.247390 0.252245
vt 0.247936 0.250997
vt 0.248989 0.250219
vt 0.250240 0.250075
vt 0.251351 0.250554
vt 0.252048 0.251485
vt 0.252182 0.252595
vt 0.251763 0.253585
vt 0.250939 0.254210
vt 0.249953 0.254336
vt 0.249070 0.253968
vt 0.247618 0.253620
vt 0.247468 0.252253
vt 0.247997 0.251041
vt 0.249019 0.250285
vt 0.250233 0.250144
vt 0.251312 0.250608
vt 0.251989 0.251512
vt 0.252120 0.252589
vt 0.251714 0.253551
vt 0.250915 0.254158
vt 0.249958 0.254281
vt 0.249101 0.253925
vt 0.248096 0.253418
vt 0.247963 0.252313
vt 0.248381 0.251329
vt 0.249201 0.250709
vt 0.250182 0.250585
vt 0.251058 0.250951
vt 0.251613 0.251676
vt 0.251729 0.252546
vt 0.251409 0.253327
vt 0.250767 0.253825
vt 0.249994 0.253933
vt 0.249298 0.253652
vt 0.248113 0.253410
vt 0.247981 0.252315
vt 0.248396 0.251339
vt 0.249209 0.250724
vt 0.250180 0.250601
vt 0.251049 0.250964
vt 0.251600 0.251683
vt 0.251714 0.252545
vt 0.251397 0.253319
vt 0.250761 0.253813
vt 0.249995 0.253920
vt 0.249304 0.253642
vt 0.248511 0.253239
vt 0.248395 0.252363
vt 0.248718 0.251577
vt 0.249363 0.251077
vt 0.250140 0.250969
vt 0.250839 0.251251
vt 0.251287 0.251821
vt 0.251387 0.252511
vt 0.251141 0.253134
vt 0.250636 0.253536
vt 0.250024 0.253629
vt 0.249468 0.253413
vt 0.248558 0.253217
vt 0.248444 0.252367
vt 0.248756 0.251604
vt 0.249382 0.251118
vt 0.250136 0.251013
vt 0.250815 0.251286
vt 0.251251 0.251839
vt 0.251348 0.252508
vt 0.251110 0.253113
vt 0.250621 0.253504
vt 0.250026 0.253595
vt 0.249486 0.253386
vt 0.248852 0.253084
vt 0.248753 0.252397
vt 0.249000 0.251778
vt 0.249502 0.251379
vt 0.250111 0.251288
vt 0.250663 0.251503
vt 0.251019 0.251947
vt 0.251104 0.252487
vt 0.250916 0.252978
vt 0.250524 0.253298
vt 0.250043 0.253378
vt 0.249605 0.253213
vt 0.248863 0.253079
vt 0.248765 0.252398
vt 0.249009 0.251784
vt 0.249507 0.251389
vt 0.250110 0.251298
vt 0.250657 0.251511
vt 0.251011 0.251951
vt 0.251095 0.252486
vt 0.250908 0.252974
vt 0.250520 0.253291
vt 0.250044 0.253370
vt 0.249609 0.253206
vt 0.249109 0.252966
vt 0.249024 0.252422
vt 0.249213 0.251928
vt 0.249608 0.251607
vt 0.250090 0.251528
vt 0.250530 0.251693
vt 0.250818 0.252042
vt 0.250890 0.252470
vt 0.250746 0.252862
vt 0.250438 0.253120
vt 0.250057 0.253188
vt 0.249707 0.253062
vt 0.249137 0.252952
vt 0.249054 0.252424
vt 0.249238 0.251944
vt 0.249621 0.251632
vt 0.250089 0.251555
vt 0.250516 0.251715
vt 0.250795 0.252053
vt 0.250866 0.252469
vt 0.250726 0.252849
vt 0.250427 0.253100
vt 0.250058 0.253166
vt 0.249718 0.253044
vt 0.249319 0.252865
vt 0.249247 0.252438
vt 0.249392 0.252048
vt 0.249699 0.251793
vt 0.250077 0.251727
vt 0.250424 0.251853
vt 0.250653 0.252124
vt 0.250713 0.252459
vt 0.250603 0.252768
vt 0.250364 0.252973
vt 0.250066 0.253031
vt 0.249789 0.252935
vt 0.249325 0.252861
vt 0.249254 0.252438
vt 0.249398 0.252052
vt 0.249702 0.251799
vt 0.250077 0.251733
vt 0.250421 0.251858
vt 0.250647 0.252127
vt 0.250708 0.252459
vt 0.250599 0.252765
vt 0.250361 0.252968
vt 0.250066 0.253026
vt 0.249791 0.252931
vt 0.249477 0.252787
vt 0.249416 0.252450
vt 0.249527 0.252139
vt 0.249768 0.251933
vt 0.250068 0.251877
vt 0.250345 0.251974
vt 0.250529 0.252186
vt 0.250580 0.252452
vt 0.250496 0.252697
vt 0.250308 0.252863
vt 0.250071 0.252912
vt 0.249850 0.252840
vt 0.249494 0.252778
vt 0.249435 0.252450
vt 0.249543 0.252149
vt 0.249777 0.251949
vt 0.250068 0.251894
vt 0.250336 0.251987
vt 0.250515 0.252194
vt 0.250565 0.252451
vt 0.250483 0.252690
vt 0.250301 0.252850
vt 0.250071 0.252899
vt 0.249856 0.252829
vt 0.249607 0.252721
vt 0.249556 0.252456
vt 0.249640 0.252212
vt 0.249828 0.252048
vt 0.250063 0.252001
vt 0.250281 0.252074
vt 0.250427 0.252240
vt 0.250470 0.252447
vt 0.250405 0.252641
vt 0.250259 0.252772
vt 0.250074 0.252813
vt 0.249897 0.252762
vt 0.249611 0.252719
vt 0.249560 0.252456
vt 0.249644 0.252214
vt 0.249830 0.252051
vt 0.250063 0.252005
vt 0.250279 0.252078
vt 0.250424 0.252242
vt 0.250466 0.252447
vt 0.250403 0.252639
vt 0.250258 0.252769
vt 0.250074 0.252810
vt 0.249899 0.252759
vt 0.249705 0.252670
vt 0.249661 0.252461
vt 0.249726 0.252266
vt 0.249873 0.252134
vt 0.250059 0.252095
vt 0.250233 0.252151
vt 0.250351 0.252280
vt 0.250387 0.252445
vt 0.250337 0.252599
vt 0.250223 0.252703
vt 0.250076 0.252737
vt 0.249937 0.252697
vt 0.249715 0.252664
vt 0.249673 0.252461
vt 0.249736 0.252272
vt 0.249879 0.252144
vt 0.250059 0.252105
vt 0.250228 0.252160
vt 0.250342 0.252285
vt 0.250377 0.252445
vt 0.250330 0.252594
vt 0.250218 0.252696
vt 0.250076 0.252728
vt 0.249942 0.252686
vt 0.249786 0.252626
vt 0.249748 0.252463
vt 0.249797 0.252310
vt 0.249912 0.252205
vt 0.250058 0.252172
vt 0.250195 0.252215
vt 0.250289 0.252315
vt 0.250318 0.252444
vt 0.250281 0.252565
vt 0.250191 0.252649
vt 0.250076 0.252678
vt 0.249962 0.252648
vt 0.249788 0.252625
vt 0.249751 0.252463
vt 0.249800 0.252311
vt 0.249914 0.252207
vt 0.250058 0.252175
vt 0.250194 0.252217
vt 0.250287 0.252316
vt 0.250316 0.252444
vt 0.250279 0.252564
vt 0.250190 0.252647
vt 0.250076 0.252676
vt 0.249963 0.252646
vt 0.249836 0.252598
vt 0.249804 0.252463
vt 0.249842 0.252334
vt 0.249936 0.252244
vt 0.250059 0.252215
vt 0.250176 0.252250
vt 0.250256 0.252335
vt 0.250280 0.252445
vt 0.250246 0.252546
vt 0.250169 0.252614
vt 0.250073 0.252635
vt 0.249983 0.252608
vt 0.249846 0.252592
vt 0.249815 0.252463
vt 0.249851 0.252339
vt 0.249942 0.252254
vt 0.250060 0.252226
vt 0.250171 0.252259
vt 0.250247 0.252341
vt 0.250270 0.252445
vt 0.250237 0.252541
vt 0.250164 0.252606
vt 0.250073 0.252625
vt 0.249987 0.252600
vt 0.249884 0.252567
vt 0.249860 0.252460
vt 0.249891 0.252360
vt 0.249966 0.252291
vt 0.250062 0.252270
vt 0.250151 0.252298
vt 0.250211 0.252363
vt 0.250228 0.252446
vt 0.250201 0.252522
vt 0.250143 0.252571
vt 0.250071 0.252585
vt 0.250005 0.252565
vt 0.249886 0.252566
vt 0.249862 0.252460
vt 0.249893 0.252361
vt 0.249967 0.252293
vt 0.250062 0.252272
vt 0.250150 0.252299
vt 0.250209 0.252364
vt 0.250226 0.252446
vt 0.250200 0.252521
vt 0.250142 0.252570
vt 0.250071 0.252583
vt 0.249922 0.252542
vt 0.249904 0.252458
vt 0.249930 0.252380
vt 0.249989 0.252328
vt 0.250064 0.252313
vt 0.250132 0.252335
vt 0.250179 0.252383
vt 0.250198 0.252447
vt 0.250182 0.252511
vt 0.250135 0.252559
vt 0.250071 0.252578
vt 0.249930 0.252537
vt 0.249913 0.252458
vt 0.249938 0.252385
vt 0.249994 0.252336
vt 0.250064 0.252322
vt 0.250130 0.252338
vt 0.249956 0.252520
vt 0.249937 0.252457
vt 0.249953 0.252393
vt 0.249999 0.252344
vt 0.250064 0.252324
s 0
usemtl マテリアル.001
f 1/1/1 2/2/1 3/3/1
f 1/1/1 4/4/1 2/2/1
f 4/4/1 5/5/1 2/2/1
f 4/4/1 6/6/1 5/5/1
f 6/6/1 7/7/1 5/5/1
f 6/6/1 8/8/1 7/7/1
f 6/6/1 9/9/1 8/8/1
f 6/6/1 10/10/1 9/9/1
f 6/6/1 11/11/1 10/10/1
f 6/6/1 12/12/1 11/11/1
f 12/12/2 13/13/2 11/11/2
f 12/12/1 14/14/1 13/13/1
f 14/14/1 15/15/1 13/13/1
f 17/17/3 1/1/3 16/16/3
f 17/17/4 6/6/4 4/4/4
f 17/17/5 12/12/5 6/6/5
f 18/18/6 12/12/6 17/17/6
f 18/18/1 16/16/1 19/19/1
f 20/20/1 21/21/1 22/22/1
f 20/20/1 23/23/1 21/21/1
f 23/23/1 24/24/1 21/21/1
f 23/23/1 25/25/1 24/24/1
f 25/25/1 26/26/1 24/24/1
f 25/25/1 27/27/1 26/26/1
f 25/25/1 28/28/1 27/27/1
f 25/25/1 29/29/1 28/28/1
f 25/25/1 30/30/1 29/29/1
f 25/25/1 31/31/1 30/30/1
f 31/31/1 32/32/1 30/30/1
f 31/31/1 1/1/1 32/32/1
f 1/1/1 3/3/1 32/32/1
f 34/34/7 20/20/7 33/33/7
f 34/34/5 25/25/5 23/23/5
f 34/34/8 31/31/8 25/25/8
f 16/16/3 31/31/3 34/34/3
f 16/16/1 33/33/1 19/19/1
f 35/35/1 36/36/1 37/37/1
f 35/35/1 38/38/1 36/36/1
f 38/38/1 39/39/1 36/36/1
f 38/38/1 40/40/1 39/39/1
f 40/40/1 41/41/1 39/39/1
f 40/40/1 42/42/1 41/41/1
f 40/40/1 43/43/1 42/42/1
f 40/40/1 44/44/1 43/43/1
f 40/40/1 45/45/1 44/44/1
f 40/40/1 46/46/1 45/45/1
f 46/46/1 47/47/1 45/45/1
f 46/46/1 20/20/1 47/47/1
f 20/20/1 22/22/1 47/47/1
f 49/49/9 35/35/9 48/48/9
f 49/49/8 40/40/8 38/38/8
f 49/49/10 46/46/10 40/40/10
f 33/33/7 46/46/7 49/49/7
f 33/33/1 48/48/1 19/19/1
f 14/14/1 50/50/1 15/15/1
f 14/14/1 51/51/1 50/50/1
f 51/51/1 52/52/1 50/50/1
f 51/51/1 53/53/1 52/52/1
f 53/53/1 54/54/1 52/52/1
f 53/53/1 55/55/1 54/54/1
f 53/53/1 56/56/1 55/55/1
f 53/53/1 57/57/1 56/56/1
f 53/53/1 58/58/1 57/57/1
f 53/53/1 59/59/1 58/58/1
f 59/59/1 60/60/1 58/58/1
f 59/59/1 35/35/1 60/60/1
f 35/35/1 37/37/1 60/60/1
f 61/61/6 14/14/6 18/18/6
f 61/61/10 53/53/10 51/51/10
f 61/61/4 59/59/4 53/53/4
f 48/48/9 59/59/9 61/61/9
f 19/19/1 61/61/1 18/18/1
f 62/62/1 3/3/1 2/2/1
f 64/64/1 2/2/1 5/5/1
f 7/7/1 64/64/1 5/5/1
f 62/62/11 67/67/11 63/63/11
f 64/64/12 66/66/12 62/62/12
f 65/65/13 68/68/13 64/64/13
f 66/66/10 71/71/10 67/67/10
f 68/68/10 70/70/10 66/66/10
f 69/69/10 72/72/10 68/68/10
f 73/73/10 71/71/10 70/70/10
f 75/75/10 70/70/10 72/72/10
f 76/76/10 72/72/10 69/69/10
f 73/73/14 77/77/14 74/74/14
f 78/78/14 73/73/14 75/75/14
f 79/79/14 75/75/14 76/76/14
f 80/80/15 74/74/15 77/77/15
f 82/82/16 77/77/16 78/78/16
f 83/83/17 78/78/17 79/79/17
f 80/80/14 85/85/14 81/81/14
f 86/86/14 80/80/14 82/82/14
f 87/87/14 82/82/14 83/83/14
f 84/84/18 89/89/18 85/85/18
f 86/86/19 88/88/19 84/84/19
f 91/92/20 86/86/20 87/87/20
f 63/63/1 32/32/1 3/3/1
f 92/94/1 30/30/1 32/32/1
f 93/95/1 29/29/1 30/30/1
f 67/67/21 92/94/21 63/63/21
f 95/97/22 93/95/22 92/94/22
f 96/98/23 94/96/23 93/95/23
f 71/71/10 95/97/10 67/67/10
f 98/100/10 96/98/10 95/97/10
f 96/98/10 99/101/10 97/99/10
f 74/74/10 98/100/10 71/71/10
f 100/102/10 99/101/10 98/100/10
f 101/103/10 97/99/10 99/101/10
f 74/74/14 103/105/14 100/102/14
f 100/102/14 104/106/14 101/103/14
f 101/103/14 105/107/14 102/104/14
f 81/81/24 103/105/24 74/74/24
f 106/108/25 104/106/25 103/105/25
f 107/109/26 105/107/26 104/106/26
f 85/85/14 106/108/14 81/81/14
f 109/111/14 107/109/14 106/108/14
f 110/112/14 108/110/14 107/109/14
f 89/89/27 109/111/27 85/85/27
f 112/114/28 110/112/28 109/111/28
f 110/112/29 114/116/29 111/113/29
f 27/27/1 116/119/1 117/120/1
f 118/121/1 27/27/1 28/28/1
f 94/96/1 28/28/1 119/122/1
f 115/118/30 121/124/30 116/119/30
f 118/121/31 120/123/31 115/118/31
f 94/96/32 122/125/32 118/121/32
f 120/123/33 124/127/33 121/124/33
f 122/125/33 123/126/33 120/123/33
f 97/99/33 125/128/33 122/125/33
f 126/129/33 124/127/33 123/126/33
f 128/131/33 123/126/33 125/128/33
f 102/104/33 125/128/33 97/99/33
f 126/129/14 129/132/14 127/130/14
f 130/133/14 126/129/14 128/131/14
f 105/107/14 128/131/14 102/104/14
f 131/134/34 127/130/34 129/132/34
f 133/136/35 129/132/35 130/133/35
f 108/110/36 130/133/36 105/107/36
f 134/137/14 132/135/14 131/134/14
f 136/139/14 131/134/14 133/136/14
f 111/113/14 133/136/14 108/110/14
f 137/140/37 135/138/37 134/137/37
f 139/143/38 134/137/38 136/139/38
f 114/116/39 136/139/39 111/113/39
f 116/119/1 24/24/1 117/120/1
f 24/24/1 141/145/1 21/21/1
f 141/145/1 22/22/1 21/21/1
f 121/124/40 140/144/40 116/119/40
f 143/147/41 141/145/41 140/144/41
f 144/148/42 142/146/42 141/145/42
f 124/127/33 143/147/33 121/124/33
f 146/150/33 144/148/33 143/147/33
f 144/148/33 147/151/33 145/149/33
f 127/130/33 146/150/33 124/127/33
f 148/152/33 147/151/33 146/150/33
f 149/153/33 145/149/33 147/151/33
f 127/130/14 151/155/14 148/152/14
f 148/152/14 152/156/14 149/153/14
f 149/153/14 153/157/14 150/154/14
f 132/135/43 151/155/43 127/130/43
f 154/158/44 152/156/44 151/155/44
f 155/159/45 153/157/45 152/156/45
f 135/138/14 154/158/14 132/135/14
f 157/161/14 155/159/14 154/158/14
f 158/162/14 156/160/14 155/159/14
f 135/138/46 160/164/46 157/161/46
f 160/164/47 158/162/47 157/161/47
f 158/162/48 162/167/48 159/163/48
f 163/168/1 44/44/1 45/45/1
f 165/170/1 45/45/1 47/47/1
f 142/146/1 47/47/1 22/22/1
f 163/168/49 167/172/49 164/169/49
f 165/170/50 166/171/50 163/168/50
f 142/146/51 168/173/51 165/170/51
f 166/171/52 170/175/52 167/172/52
f 168/173/52 169/174/52 166/171/52
f 145/149/52 171/176/52 168/173/52
f 172/177/52 170/175/52 169/174/52
f 174/179/52 169/174/52 171/176/52
f 150/154/52 171/176/52 145/149/52
f 172/177/14 175/180/14 173/178/14
f 176/181/14 172/177/14 174/179/14
f 153/157/14 174/179/14 150/154/14
f 177/182/53 173/178/53 175/180/53
f 179/184/54 175/180/54 176/181/54
f 156/160/55 176/181/55 153/157/55
f 180/185/14 178/183/14 177/182/14
f 182/187/14 177/182/14 179/184/14
f 159/163/14 179/184/14 156/160/14
f 180/185/56 184/189/56 181/186/56
f 182/187/57 183/188/57 180/185/57
f 162/167/58 182/187/58 159/163/58
f 164/169/1 43/43/1 44/44/1
f 43/43/1 187/193/1 42/42/1
f 187/193/1 41/41/1 42/42/1
f 167/172/59 186/192/59 164/169/59
f 189/195/60 187/193/60 186/192/60
f 190/196/61 188/194/61 187/193/61
f 170/175/52 189/195/52 167/172/52
f 192/198/52 190/196/52 189/195/52
f 190/196/52 193/199/52 191/197/52
f 173/178/52 192/198/52 170/175/52
f 194/200/52 193/199/52 192/198/52
f 195/201/52 191/197/52 193/199/52
f 173/178/14 197/203/14 194/200/14
f 194/200/14 198/204/14 195/201/14
f 195/201/14 199/205/14 196/202/14
f 178/183/62 197/203/62 173/178/62
f 200/206/63 198/204/63 197/203/63
f 201/207/64 199/205/64 198/204/64
f 181/186/14 200/206/14 178/183/14
f 203/209/14 201/207/14 200/206/14
f 201/207/14 205/211/14 202/208/14
f 184/189/65 203/209/65 181/186/65
f 203/209/66 207/213/66 204/210/66
f 204/210/67 208/214/67 205/211/67
f 209/216/1 37/37/1 36/36/1
f 211/218/1 36/36/1 39/39/1
f 188/194/1 39/39/1 41/41/1
f 209/216/68 213/220/68 210/217/68
f 211/218/69 212/219/69 209/216/69
f 188/194/70 214/221/70 211/218/70
f 212/219/5 216/223/5 213/220/5
f 214/221/5 215/222/5 212/219/5
f 191/197/5 217/224/5 214/221/5
f 218/225/5 216/223/5 215/222/5
f 220/227/5 215/222/5 217/224/5
f 196/202/5 217/224/5 191/197/5
f 218/225/14 221/228/14 219/226/14
f 222/229/14 218/225/14 220/227/14
f 199/205/14 220/227/14 196/202/14
f 223/230/71 219/226/71 221/228/71
f 225/232/72 221/228/72 222/229/72
f 202/208/73 222/229/73 199/205/73
f 223/230/14 227/234/14 224/231/14
f 228/235/14 223/230/14 225/232/14
f 205/211/14 225/232/14 202/208/14
f 229/236/74 227/234/74 226/233/74
f 228/235/75 229/236/75 226/233/75
f 208/214/76 228/235/76 205/211/76
f 210/217/1 60/60/1 37/37/1
f 232/240/1 58/58/1 60/60/1
f 233/241/1 235/243/1 58/58/1
f 213/220/77 232/240/77 210/217/77
f 236/244/78 233/241/78 232/240/78
f 237/245/79 234/242/79 233/241/79
f 216/223/5 236/244/5 213/220/5
f 239/247/5 237/245/5 236/244/5
f 237/245/5 240/248/5 238/246/5
f 219/226/5 239/247/5 216/223/5
f 241/249/5 240/248/5 239/247/5
f 242/250/5 238/246/5 240/248/5
f 219/226/14 244/252/14 241/249/14
f 241/249/14 245/253/14 242/250/14
f 242/250/14 246/254/14 243/251/14
f 224/231/80 244/252/80 219/226/80
f 247/255/81 245/253/81 244/252/81
f 248/256/82 246/254/82 245/253/82
f 224/231/14 250/258/14 247/255/14
f 250/258/14 248/256/14 247/255/14
f 248/256/14 252/260/14 249/257/14
f 230/237/83 250/258/83 227/234/83
f 253/261/84 251/259/84 250/258/84
f 251/259/85 255/263/85 252/260/85
f 256/265/1 54/54/1 55/55/1
f 56/56/1 256/265/1 55/55/1
f 234/242/1 56/56/1 57/57/1
f 256/265/86 260/269/86 257/266/86
f 258/267/87 259/268/87 256/265/87
f 234/242/88 261/270/88 258/267/88
f 259/268/89 263/272/89 260/269/89
f 261/270/89 262/271/89 259/268/89
f 238/246/89 264/273/89 261/270/89
f 265/274/89 263/272/89 262/271/89
f 267/276/89 262/271/89 264/273/89
f 243/251/89 264/273/89 238/246/89
f 265/274/14 268/277/14 266/275/14
f 269/278/14 265/274/14 267/276/14
f 246/254/14 267/276/14 243/251/14
f 270/279/90 266/275/90 268/277/90
f 272/281/91 268/277/91 269/278/91
f 249/257/92 269/278/92 246/254/92
f 273/282/14 271/280/14 270/279/14
f 275/284/14 270/279/14 272/281/14
f 249/257/14 275/284/14 272/281/14
f 273/282/93 277/286/93 274/283/93
f 278/288/94 273/282/94 275/284/94
f 255/263/95 275/284/95 252/260/95
f 257/266/1 52/52/1 54/54/1
f 279/289/1 50/50/1 52/52/1
f 280/290/1 15/15/1 50/50/1
f 260/269/96 279/289/96 257/266/96
f 282/292/97 280/290/97 279/289/97
f 283/293/98 281/291/98 280/290/98
f 263/272/89 282/292/89 260/269/89
f 285/295/89 283/293/89 282/292/89
f 283/293/89 286/296/89 284/294/89
f 266/275/89 285/295/89 263/272/89
f 287/297/89 286/296/89 285/295/89
f 288/298/89 284/294/89 286/296/89
f 266/275/14 290/300/14 287/297/14
f 287/297/14 291/301/14 288/298/14
f 288/298/14 292/302/14 289/299/14
f 271/280/99 290/300/99 266/275/99
f 293/303/100 291/301/100 290/300/100
f 294/304/101 292/302/101 291/301/101
f 274/283/14 293/303/14 271/280/14
f 296/306/14 294/304/14 293/303/14
f 294/304/14 298/308/14 295/305/14
f 277/286/102 296/306/102 274/283/102
f 296/306/103 300/310/103 297/307/103
f 297/307/104 301/312/104 298/308/104
f 302/313/1 10/10/1 11/11/1
f 304/315/1 11/11/1 13/13/1
f 15/15/1 304/315/1 13/13/1
f 302/313/105 306/317/105 303/314/105
f 304/315/106 305/316/106 302/313/106
f 281/291/107 307/318/107 304/315/107
f 305/316/108 309/320/108 306/317/108
f 307/318/108 308/319/108 305/316/108
f 284/294/108 310/321/108 307/318/108
f 311/322/108 309/320/108 308/319/108
f 313/324/108 308/319/108 310/321/108
f 289/299/108 310/321/108 284/294/108
f 311/322/14 314/325/14 312/323/14
f 315/326/14 311/322/14 313/324/14
f 292/302/14 313/324/14 289/299/14
f 316/327/109 312/323/109 314/325/109
f 318/329/110 314/325/110 315/326/110
f 295/305/111 315/326/111 292/302/111
f 316/327/14 320/331/14 317/328/14
f 321/332/14 316/327/14 318/329/14
f 298/308/14 318/329/14 295/305/14
f 322/333/112 320/331/112 319/330/112
f 324/336/113 319/330/113 321/332/113
f 301/312/114 321/332/114 298/308/114
f 303/314/1 9/9/1 10/10/1
f 325/337/1 8/8/1 9/9/1
f 326/338/1 327/339/1 8/8/1
f 306/317/115 325/337/115 303/314/115
f 328/340/116 326/338/116 325/337/116
f 329/341/117 65/65/117 326/338/117
f 309/320/108 328/340/108 306/317/108
f 330/342/108 329/341/108 328/340/108
f 329/341/108 331/343/108 69/69/108
f 312/323/108 330/342/108 309/320/108
f 332/344/108 331/343/108 330/342/108
f 333/345/108 69/69/108 331/343/108
f 312/323/14 334/346/14 332/344/14
f 332/344/14 335/347/14 333/345/14
f 333/345/14 79/79/14 76/76/14
f 317/328/118 334/346/118 312/323/118
f 336/348/119 335/347/119 334/346/119
f 337/349/120 79/79/120 335/347/120
f 317/328/14 338/350/14 336/348/14
f 338/350/14 337/349/14 336/348/14
f 339/351/14 83/83/14 337/349/14
f 323/334/121 338/350/121 320/331/121
f 340/352/122 339/351/122 338/350/122
f 339/351/123 91/92/123 87/87/123
f 342/354/16 89/90/16 91/93/16
f 344/356/119 91/93/119 323/335/119
f 345/357/110 323/335/110 301/311/110
f 277/287/100 345/357/100 301/311/100
f 255/264/91 346/358/91 277/287/91
f 348/360/81 255/264/81 230/238/81
f 349/361/72 230/238/72 208/215/72
f 350/362/63 208/215/63 184/190/63
f 351/363/54 184/190/54 162/166/54
f 138/142/44 351/363/44 162/166/44
f 353/365/35 138/142/35 114/117/35
f 343/355/25 114/117/25 89/90/25
f 342/354/14 355/367/14 343/355/14
f 356/368/14 342/354/14 344/356/14
f 345/357/14 356/368/14 344/356/14
f 346/358/14 357/369/14 345/357/14
f 359/371/14 346/358/14 347/359/14
f 348/360/14 359/371/14 347/359/14
f 349/361/14 360/372/14 348/360/14
f 362/374/14 349/361/14 350/362/14
f 351/363/14 362/374/14 350/362/14
f 352/364/14 363/375/14 351/363/14
f 365/377/14 352/364/14 353/365/14
f 343/355/14 365/377/14 353/365/14
f 355/367/25 366/378/25 365/377/25
f 361/373/72 367/379/72 360/372/72
f 362/374/63 367/379/63 361/373/63
f 363/375/54 368/380/54 362/374/54
f 364/376/44 369/381/44 363/375/44
f 365/377/35 370/382/35 364/376/35
f 366/378/25 371/383/25 365/377/25
f 360/372/81 373/385/81 359/371/81
f 367/379/72 373/385/72 360/372/72
f 368/380/63 374/386/63 367/379/63
f 369/381/54 375/387/54 368/380/54
f 370/382/44 376/388/44 369/381/44
f 371/383/35 377/389/35 370/382/35
f 372/384/25 378/390/25 371/383/25
f 354/366/16 380/392/16 355/367/16
f 356/368/119 380/392/119 354/366/119
f 357/369/110 381/393/110 356/368/110
f 358/370/100 382/394/100 357/369/100
f 359/371/91 383/395/91 358/370/91
f 373/385/81 384/396/81 359/371/81
f 374/386/72 385/397/72 373/385/72
f 375/387/63 386/398/63 374/386/63
f 376/388/54 387/399/54 375/387/54
f 377/389/44 388/400/44 376/388/44
f 378/390/35 389/401/35 377/389/35
f 379/391/25 390/402/25 378/390/25
f 380/392/16 366/378/16 355/367/16
f 381/393/119 392/404/119 380/392/119
f 382/394/110 393/405/110 381/393/110
f 383/395/100 394/406/100 382/394/100
f 384/396/91 395/407/91 383/395/91
f 385/397/81 396/408/81 384/396/81
f 386/398/72 397/409/72 385/397/72
f 387/399/63 398/410/63 386/398/63
f 388/400/54 399/411/54 387/399/54
f 389/401/44 400/412/44 388/400/44
f 390/402/35 401/413/35 389/401/35
f 391/403/25 402/414/25 390/402/25
f 392/404/16 372/384/16 366/378/16
f 393/405/124 404/416/124 392/404/124
f 394/406/125 405/417/125 393/405/125
f 395/407/126 406/418/126 394/406/126
f 396/408/127 407/419/127 395/407/127
f 397/409/128 408/420/128 396/408/128
f 398/410/129 409/421/129 397/409/129
f 399/411/130 410/422/130 398/410/130
f 400/412/131 411/423/131 399/411/131
f 401/413/132 412/424/132 400/412/132
f 402/414/133 413/425/133 401/413/133
f 403/415/134 414/426/134 402/414/134
f 404/416/135 379/391/135 372/384/135
f 405/417/136 416/428/136 404/416/136
f 406/418/137 417/429/137 405/417/137
f 407/419/138 418/430/138 406/418/138
f 408/420/139 419/431/139 407/419/139
f 409/421/140 420/432/140 408/420/140
f 410/422/141 421/433/141 409/421/141
f 411/423/142 422/434/142 410/422/142
f 412/424/143 423/435/143 411/423/143
f 413/425/144 424/436/144 412/424/144
f 414/426/145 425/437/145 413/425/145
f 415/427/146 426/438/146 414/426/146
f 416/428/135 391/403/135 379/391/135
f 417/429/147 428/440/147 416/428/147
f 418/430/148 429/441/148 417/429/148
f 419/431/149 430/442/149 418/430/149
f 420/432/150 431/443/150 419/431/150
f 421/433/151 432/444/151 420/432/151
f 422/434/152 433/445/152 421/433/152
f 423/435/153 434/446/153 422/434/153
f 424/436/154 435/447/154 423/435/154
f 425/437/155 436/448/155 424/436/155
f 426/438/156 437/449/156 425/437/156
f 427/439/157 438/450/157 426/438/157
f 428/440/16 403/415/16 391/403/16
f 429/441/119 440/452/119 428/440/119
f 430/442/110 441/453/110 429/441/110
f 431/443/100 442/454/100 430/442/100
f 432/444/91 443/455/91 431/443/91
f 433/445/81 444/456/81 432/444/81
f 434/446/72 445/457/72 433/445/72
f 435/447/63 446/458/63 434/446/63
f 436/448/54 447/459/54 435/447/54
f 437/449/44 448/460/44 436/448/44
f 438/450/35 449/461/35 437/449/35
f 439/451/25 450/462/25 438/450/25
f 440/452/158 415/427/158 403/415/158
f 441/453/159 452/464/159 440/452/159
f 442/454/160 453/465/160 441/453/160
f 443/455/161 454/466/161 442/454/161
f 444/456/162 455/467/162 443/455/162
f 445/457/163 456/468/163 444/456/163
f 446/458/164 457/469/164 445/457/164
f 447/459/165 458/470/165 446/458/165
f 448/460/166 459/471/166 447/459/166
f 449/461/167 460/472/167 448/460/167
f 450/462/168 461/473/168 449/461/168
f 451/463/169 462/474/169 450/462/169
f 452/464/16 427/439/16 415/427/16
f 453/465/119 464/476/119 452/464/119
f 454/466/110 465/477/110 453/465/110
f 455/467/100 466/478/100 454/466/100
f 456/468/91 467/479/91 455/467/91
f 457/469/81 468/480/81 456/468/81
f 458/470/72 469/481/72 457/469/72
f 459/471/63 470/482/63 458/470/63
f 460/472/54 471/483/54 459/471/54
f 461/473/44 472/484/44 460/472/44
f 462/474/35 473/485/35 461/473/35
f 463/475/25 474/486/25 462/474/25
f 464/476/170 439/451/170 427/439/170
f 465/477/171 476/488/171 464/476/171
f 466/478/172 477/489/172 465/477/172
f 467/479/173 478/490/173 466/478/173
f 468/480/174 479/491/174 467/479/174
f 469/481/175 480/492/175 468/480/175
f 470/482/176 481/493/176 469/481/176
f 471/483/177 482/494/177 470/482/177
f 472/484/178 483/495/178 471/483/178
f 473/485/179 484/496/179 472/484/179
f 474/486/180 485/497/180 473/485/180
f 475/487/181 486/498/181 474/486/181
f 476/488/16 451/463/16 439/451/16
f 477/489/119 488/500/119 476/488/119
f 478/490/110 489/501/110 477/489/110
f 479/491/100 490/502/100 478/490/100
f 480/492/91 491/503/91 479/491/91
f 481/493/81 492/504/81 480/492/81
f 482/494/72 493/505/72 481/493/72
f 483/495/63 494/506/63 482/494/63
f 484/496/54 495/507/54 483/495/54
f 485/497/44 496/508/44 484/496/44
f 486/498/35 497/509/35 485/497/35
f 487/499/25 498/510/25 486/498/25
f 488/500/158 463/475/158 451/463/158
f 489/501/159 500/512/159 488/500/159
f 490/502/160 501/513/160 489/501/160
f 491/503/161 502/514/161 490/502/161
f 492/504/162 503/515/162 491/503/162
f 493/505/163 504/516/163 492/504/163
f 494/506/164 505/517/164 493/505/164
f 495/507/165 506/518/165 494/506/165
f 496/508/166 507/519/166 495/507/166
f 497/509/167 508/520/167 496/508/167
f 498/510/168 509/521/168 497/509/168
f 499/511/169 510/522/169 498/510/169
f 500/512/16 475/487/16 463/475/16
f 501/513/119 512/524/119 500/512/119
f 502/514/110 513/525/110 501/513/110
f 503/515/100 514/526/100 502/514/100
f 504/516/91 515/527/91 503/515/91
f 505/517/81 516/528/81 504/516/81
f 506/518/72 517/529/72 505/517/72
f 507/519/63 518/530/63 506/518/63
f 508/520/54 519/531/54 507/519/54
f 509/521/44 520/532/44 508/520/44
f 510/522/35 521/533/35 509/521/35
f 511/523/25 522/534/25 510/522/25
f 512/524/170 487/499/170 475/487/170
f 513/525/171 524/536/171 512/524/171
f 514/526/172 525/537/172 513/525/172
f 515/527/173 526/538/173 514/526/173
f 516/528/174 527/539/174 515/527/174
f 517/529/175 528/540/175 516/528/175
f 518/530/176 529/541/176 517/529/176
f 519/531/177 530/542/177 518/530/177
f 520/532/178 531/543/178 519/531/178
f 521/533/179 532/544/179 520/532/179
f 522/534/180 533/545/180 521/533/180
f 523/535/181 534/546/181 522/534/181
f 524/536/16 499/511/16 487/499/16
f 525/537/119 536/548/119 524/536/119
f 526/538/110 537/549/110 525/537/110
f 527/539/100 538/550/100 526/538/100
f 528/540/91 539/551/91 527/539/91
f 529/541/81 540/552/81 528/540/81
f 530/542/72 541/553/72 529/541/72
f 531/543/63 542/554/63 530/542/63
f 532/544/54 543/555/54 531/543/54
f 533/545/44 544/556/44 532/544/44
f 534/546/35 545/557/35 533/545/35
f 535/547/25 546/558/25 534/546/25
f 536/548/158 511/523/158 499/511/158
f 537/549/159 548/560/159 536/548/159
f 538/550/160 549/561/160 537/549/160
f 539/551/161 550/562/161 538/550/161
f 540/552/162 551/563/162 539/551/162
f 541/553/163 552/564/163 540/552/163
f 542/554/164 553/565/164 541/553/164
f 543/555/165 554/566/165 542/554/165
f 544/556/166 555/567/166 543/555/166
f 545/557/167 556/568/167 544/556/167
f 546/558/168 557/569/168 545/557/168
f 547/559/169 558/570/169 546/558/169
f 548/560/16 523/535/16 511/523/16
f 549/561/119 560/572/119 548/560/119
f 550/562/110 561/573/110 549/561/110
f 551/563/100 562/574/100 550/562/100
f 552/564/91 563/575/91 551/563/91
f 553/565/81 564/576/81 552/564/81
f 554/566/72 565/577/72 553/565/72
f 555/567/63 566/578/63 554/566/63
f 556/568/54 567/579/54 555/567/54
f 557/569/44 568/580/44 556/568/44
f 558/570/35 569/581/35 557/569/35
f 559/571/25 570/582/25 558/570/25
f 560/572/170 535/547/170 523/535/170
f 561/573/171 572/584/171 560/572/171
f 562/574/172 573/585/172 561/573/172
f 563/575/173 574/586/173 562/574/173
f 564/576/174 575/587/174 563/575/174
f 565/577/175 576/588/175 564/576/175
f 566/578/176 577/589/176 565/577/176
f 567/579/177 578/590/177 566/578/177
f 568/580/178 579/591/178 567/579/178
f 569/581/179 580/592/179 568/580/179
f 570/582/180 581/593/180 569/581/180
f 571/583/181 582/594/181 570/582/181
f 572/584/16 547/559/16 535/547/16
f 573/585/119 584/596/119 572/584/119
f 574/586/110 585/597/110 573/585/110
f 575/587/100 586/598/100 574/586/100
f 576/588/91 587/599/91 575/587/91
f 577/589/81 588/600/81 576/588/81
f 578/590/72 589/601/72 577/589/72
f 579/591/63 590/602/63 578/590/63
f 580/592/54 591/603/54 579/591/54
f 581/593/44 592/604/44 580/592/44
f 582/594/35 593/605/35 581/593/35
f 583/595/25 594/606/25 582/594/25
f 584/596/158 559/571/158 547/559/158
f 585/597/159 596/608/159 584/596/159
f 586/598/160 597/609/160 585/597/160
f 587/599/161 598/610/161 586/598/161
f 588/600/162 599/611/162 587/599/162
f 589/601/163 600/612/163 588/600/163
f 590/602/164 601/613/164 589/601/164
f 591/603/165 602/614/165 590/602/165
f 592/604/166 603/615/166 591/603/166
f 593/605/167 604/616/167 592/604/167
f 594/606/168 605/617/168 593/605/168
f 595/607/169 606/618/169 594/606/169
f 596/608/16 571/583/16 559/571/16
f 597/609/119 608/620/119 596/608/119
f 598/610/110 609/621/110 597/609/110
f 599/611/100 610/622/100 598/610/100
f 600/612/91 611/623/91 599/611/91
f 601/613/81 612/624/81 600/612/81
f 602/614/72 613/625/72 601/613/72
f 603/615/63 614/626/63 602/614/63
f 604/616/54 615/627/54 603/615/54
f 605/617/44 616/628/44 604/616/44
f 606/618/35 617/629/35 605/617/35
f 607/619/25 618/630/25 606/618/25
f 608/620/170 583/595/170 571/583/170
f 609/621/171 620/632/171 608/620/171
f 610/622/172 621/633/172 609/621/172
f 611/623/173 622/634/173 610/622/173
f 612/624/174 623/635/174 611/623/174
f 613/625/175 624/636/175 612/624/175
f 614/626/176 625/637/176 613/625/176
f 615/627/177 626/638/177 614/626/177
f 616/628/178 627/639/178 615/627/178
f 617/629/179 628/640/179 616/628/179
f 618/630/180 629/641/180 617/629/180
f 619/631/181 630/642/181 618/630/181
f 620/632/16 595/607/16 583/595/16
f 621/633/119 632/644/119 620/632/119
f 622/634/110 633/645/110 621/633/110
f 623/635/100 634/646/100 622/634/100
f 624/636/91 635/647/91 623/635/91
f 625/637/81 636/648/81 624/636/81
f 626/638/72 637/649/72 625/637/72
f 627/639/63 638/650/63 626/638/63
f 628/640/54 639/651/54 627/639/54
f 629/641/44 640/652/44 628/640/44
f 630/642/35 641/653/35 629/641/35
f 631/643/25 642/654/25 630/642/25
f 632/644/158 607/619/158 595/607/158
f 633/645/159 644/656/159 632/644/159
f 634/646/160 645/657/160 633/645/160
f 635/647/161 646/658/161 634/646/161
f 636/648/162 647/659/162 635/647/162
f 637/649/163 648/660/163 636/648/163
f 638/650/164 649/661/164 637/649/164
f 639/651/165 650/662/165 638/650/165
f 640/652/166 651/663/166 639/651/166
f 641/653/167 652/664/167 640/652/167
f 642/654/168 653/665/168 641/653/168
f 643/655/169 654/666/169 642/654/169
f 644/656/16 619/631/16 607/619/16
f 645/657/119 656/668/119 644/656/119
f 646/658/110 657/669/110 645/657/110
f 647/659/100 658/670/100 646/658/100
f 648/660/91 659/671/91 647/659/91
f 649/661/81 660/672/81 648/660/81
f 650/662/72 661/673/72 649/661/72
f 651/663/63 662/674/63 650/662/63
f 652/664/54 663/675/54 651/663/54
f 653/665/44 664/676/44 652/664/44
f 654/666/35 665/677/35 653/665/35
f 655/667/25 666/678/25 654/666/25
f 656/668/170 631/643/170 619/631/170
f 657/669/171 668/680/171 656/668/171
f 658/670/172 669/681/172 657/669/172
f 659/671/173 670/682/173 658/670/173
f 660/672/174 671/683/174 659/671/174
f 661/673/175 672/684/175 660/672/175
f 662/674/176 673/685/176 661/673/176
f 663/675/177 674/686/177 662/674/177
f 664/676/178 675/687/178 663/675/178
f 665/677/179 676/688/179 664/676/179
f 666/678/180 677/689/180 665/677/180
f 667/679/181 678/690/181 666/678/181
f 668/680/16 643/655/16 631/643/16
f 669/681/119 680/692/119 668/680/119
f 670/682/110 681/693/110 669/681/110
f 671/683/100 682/694/100 670/682/100
f 672/684/91 683/695/91 671/683/91
f 673/685/81 684/696/81 672/684/81
f 674/686/72 685/697/72 673/685/72
f 675/687/63 686/698/63 674/686/63
f 676/688/54 687/699/54 675/687/54
f 677/689/44 688/700/44 676/688/44
f 678/690/35 689/701/35 677/689/35
f 679/691/25 690/702/25 678/690/25
f 680/692/158 655/667/158 643/655/158
f 681/693/159 692/704/159 680/692/159
f 682/694/160 693/705/160 681/693/160
f 683/695/161 694/706/161 682/694/161
f 684/696/162 695/707/162 683/695/162
f 685/697/163 696/708/163 684/696/163
f 686/698/164 697/709/164 685/697/164
f 687/699/165 698/710/165 686/698/165
f 688/700/166 699/711/166 687/699/166
f 689/701/167 700/712/167 688/700/167
f 690/702/168 701/713/168 689/701/168
f 691/703/169 702/714/169 690/702/169
f 692/704/16 667/679/16 655/667/16
f 693/705/119 704/716/119 692/704/119
f 694/706/110 705/717/110 693/705/110
f 695/707/100 706/718/100 694/706/100
f 696/708/91 707/719/91 695/707/91
f 697/709/81 708/720/81 696/708/81
f 698/710/72 709/721/72 697/709/72
f 699/711/63 710/722/63 698/710/63
f 700/712/54 711/723/54 699/711/54
f 701/713/44 712/724/44 700/712/44
f 702/714/35 713/725/35 701/713/35
f 703/715/25 714/726/25 702/714/25
f 704/716/170 679/691/170 667/679/170
f 705/717/171 716/728/171 704/716/171
f 706/718/172 717/729/172 705/717/172
f 707/719/173 718/730/173 706/718/173
f 708/720/174 719/731/174 707/719/174
f 709/721/175 720/732/175 708/720/175
f 710/722/176 721/733/176 709/721/176
f 711/723/177 722/734/177 710/722/177
f 712/724/178 723/735/178 711/723/178
f 713/725/179 724/736/179 712/724/179
f 714/726/180 725/737/180 713/725/180
f 715/727/181 726/738/181 714/726/181
f 716/728/16 691/703/16 679/691/16
f 717/729/119 728/740/119 716/728/119
f 718/730/110 729/741/110 717/729/110
f 719/731/100 730/742/100 718/730/100
f 720/732/91 731/743/91 719/731/91
f 721/733/81 732/744/81 720/732/81
f 722/734/72 733/745/72 721/733/72
f 723/735/63 734/746/63 722/734/63
f 724/736/54 735/747/54 723/735/54
f 725/737/44 736/748/44 724/736/44
f 726/738/35 737/749/35 725/737/35
f 727/739/25 738/750/25 726/738/25
f 728/740/158 703/715/158 691/703/158
f 729/741/159 740/752/159 728/740/159
f 730/742/160 741/753/160 729/741/160
f 731/743/161 742/754/161 730/742/161
f 732/744/162 743/755/162 731/743/162
f 733/745/163 744/756/163 732/744/163
f 734/746/164 745/757/164 733/745/164
f 735/747/165 746/758/165 734/746/165
f 736/748/166 747/759/166 735/747/166
f 737/749/167 748/760/167 736/748/167
f 738/750/168 749/761/168 737/749/168
f 739/751/169 750/762/169 738/750/169
f 740/752/16 715/727/16 703/715/16
f 741/753/119 752/764/119 740/752/119
f 742/754/110 753/765/110 741/753/110
f 743/755/100 754/766/100 742/754/100
f 744/756/91 755/767/91 743/755/91
f 745/757/81 756/768/81 744/756/81
f 746/758/72 757/769/72 745/757/72
f 747/759/63 758/770/63 746/758/63
f 748/760/54 759/771/54 747/759/54
f 749/761/44 760/772/44 748/760/44
f 750/762/35 761/773/35 749/761/35
f 751/763/25 762/774/25 750/762/25
f 752/764/170 727/739/170 715/727/170
f 753/765/171 764/776/171 752/764/171
f 754/766/172 765/777/172 753/765/172
f 755/767/173 766/778/173 754/766/173
f 756/768/174 767/779/174 755/767/174
f 757/769/175 768/780/175 756/768/175
f 758/770/176 769/781/176 757/769/176
f 759/771/177 770/782/177 758/770/177
f 760/772/178 771/783/178 759/771/178
f 761/773/179 772/784/179 760/772/179
f 762/774/180 773/785/180 761/773/180
f 763/775/181 774/786/181 762/774/181
f 764/776/16 739/751/16 727/739/16
f 765/777/119 776/788/119 764/776/119
f 766/778/110 777/789/110 765/777/110
f 767/779/100 778/790/100 766/778/100
f 768/780/91 779/791/91 767/779/91
f 769/781/81 780/792/81 768/780/81
f 770/782/72 781/793/72 769/781/72
f 771/783/63 782/794/63 770/782/63
f 772/784/54 783/795/54 771/783/54
f 773/785/44 784/796/44 772/784/44
f 774/786/35 785/797/35 773/785/35
f 775/787/25 786/798/25 774/786/25
f 776/788/158 751/763/158 739/751/158
f 777/789/159 788/800/159 776/788/159
f 778/790/160 789/801/160 777/789/160
f 779/791/161 790/802/161 778/790/161
f 780/792/162 791/803/162 779/791/162
f 781/793/163 792/804/163 780/792/163
f 782/794/164 793/805/164 781/793/164
f 783/795/165 794/806/165 782/794/165
f 784/796/166 795/807/166 783/795/166
f 785/797/167 796/808/167 784/796/167
f 786/798/168 797/809/168 785/797/168
f 787/799/169 798/810/169 786/798/169
f 788/800/16 763/775/16 751/763/16
f 789/801/119 800/812/119 788/800/119
f 790/802/110 801/813/110 789/801/110
f 791/803/100 802/814/100 790/802/100
f 792/804/91 803/815/91 791/803/91
f 793/805/81 804/816/81 792/804/81
f 794/806/72 805/817/72 793/805/72
f 795/807/63 806/818/63 794/806/63
f 796/808/54 807/819/54 795/807/54
f 797/809/44 808/820/44 796/808/44
f 798/810/35 809/821/35 797/809/35
f 799/811/25 810/822/25 798/810/25
f 800/812/170 775/787/170 763/775/170
f 801/813/171 812/824/171 800/812/171
f 802/814/172 813/825/172 801/813/172
f 803/815/173 814/826/173 802/814/173
f 804/816/174 815/827/174 803/815/174
f 805/817/175 816/828/175 804/816/175
f 806/818/176 817/829/176 805/817/176
f 807/819/177 818/830/177 806/818/177
f 808/820/178 819/831/178 807/819/178
f 809/821/179 820/832/179 808/820/179
f 810/822/180 821/833/180 809/821/180
f 811/823/181 822/834/181 810/822/181
f 812/824/16 787/799/16 775/787/16
f 813/825/119 824/836/119 812/824/119
f 814/826/110 825/837/110 813/825/110
f 815/827/100 826/838/100 814/826/100
f 816/828/91 827/839/91 815/827/91
f 817/829/81 828/840/81 816/828/81
f 818/830/72 829/841/72 817/829/72
f 819/831/63 830/842/63 818/830/63
f 820/832/54 831/843/54 819/831/54
f 821/833/44 832/844/44 820/832/44
f 822/834/35 833/845/35 821/833/35
f 823/835/25 834/846/25 822/834/25
f 824/836/158 799/811/158 787/799/158
f 825/837/159 836/848/159 824/836/159
f 826/838/160 837/849/160 825/837/160
f 827/839/161 838/850/161 826/838/161
f 828/840/162 839/851/162 827/839/162
f 829/841/163 840/852/163 828/840/163
f 830/842/164 841/853/164 829/841/164
f 831/843/165 842/854/165 830/842/165
f 832/844/166 843/855/166 831/843/166
f 833/845/167 844/856/167 832/844/167
f 834/846/168 845/857/168 833/845/168
f 835/847/169 846/858/169 834/846/169
f 836/848/16 811/823/16 799/811/16
f 837/849/119 848/860/119 836/848/119
f 838/850/110 849/861/110 837/849/110
f 839/851/100 850/862/100 838/850/100
f 840/852/91 851/863/91 839/851/91
f 841/853/81 852/864/81 840/852/81
f 842/854/72 853/865/72 841/853/72
f 843/855/63 854/866/63 842/854/63
f 844/856/54 855/867/54 843/855/54
f 845/857/44 856/868/44 844/856/44
f 846/858/35 857/869/35 845/857/35
f 847/859/25 858/870/25 846/858/25
f 848/860/170 823/835/170 811/823/170
f 849/861/171 860/872/171 848/860/171
f 850/862/172 861/873/172 849/861/172
f 851/863/173 862/874/173 850/862/173
f 852/864/174 863/875/174 851/863/174
f 853/865/175 864/876/175 852/864/175
f 854/866/176 865/877/176 853/865/176
f 855/867/177 866/878/177 854/866/177
f 856/868/178 867/879/178 855/867/178
f 857/869/179 868/880/179 856/868/179
f 858/870/180 869/881/180 857/869/180
f 859/871/181 870/882/181 858/870/181
f 860/872/16 835/847/16 823/835/16
f 861/873/119 872/884/119 860/872/119
f 862/874/110 873/885/110 861/873/110
f 863/875/100 874/886/100 862/874/100
f 864/876/91 875/887/91 863/875/91
f 865/877/81 876/888/81 864/876/81
f 866/878/72 877/889/72 865/877/72
f 867/879/63 878/890/63 866/878/63
f 868/880/54 879/891/54 867/879/54
f 869/881/44 880/892/44 868/880/44
f 870/882/35 881/893/35 869/881/35
f 871/883/25 882/894/25 870/882/25
f 872/884/158 847/859/158 835/847/158
f 873/885/159 884/896/159 872/884/159
f 874/886/160 885/897/160 873/885/160
f 875/887/161 886/898/161 874/886/161
f 876/888/162 887/899/162 875/887/162
f 877/889/163 888/900/163 876/888/163
f 878/890/164 889/901/164 877/889/164
f 879/891/165 890/902/165 878/890/165
f 880/892/166 891/903/166 879/891/166
f 881/893/167 892/904/167 880/892/167
f 882/894/168 893/905/168 881/893/168
f 883/895/169 894/906/169 882/894/169
f 884/896/16 859/871/16 847/859/16
f 885/897/119 896/908/119 884/896/119
f 886/898/110 897/909/110 885/897/110
f 887/899/100 898/910/100 886/898/100
f 888/900/91 899/911/91 887/899/91
f 889/901/81 900/912/81 888/900/81
f 890/902/72 901/913/72 889/901/72
f 891/903/63 902/914/63 890/902/63
f 892/904/54 903/915/54 891/903/54
f 893/905/44 904/916/44 892/904/44
f 894/906/35 905/917/35 893/905/35
f 895/907/25 906/918/25 894/906/25
f 896/908/170 871/883/170 859/871/170
f 897/909/171 908/920/171 896/908/171
f 898/910/172 909/921/172 897/909/172
f 899/911/173 910/922/173 898/910/173
f 900/912/174 911/923/174 899/911/174
f 901/913/175 912/924/175 900/912/175
f 902/914/176 913/925/176 901/913/176
f 903/915/177 914/926/177 902/914/177
f 904/916/178 915/927/178 903/915/178
f 905/917/179 916/928/179 904/916/179
f 906/918/180 917/929/180 905/917/180
f 907/919/181 918/930/181 906/918/181
f 908/920/16 883/895/16 871/883/16
f 909/921/119 920/932/119 908/920/119
f 910/922/110 921/933/110 909/921/110
f 911/923/100 922/934/100 910/922/100
f 912/924/91 923/935/91 911/923/91
f 913/925/81 924/936/81 912/924/81
f 914/926/72 925/937/72 913/925/72
f 915/927/63 926/938/63 914/926/63
f 916/928/54 927/939/54 915/927/54
f 917/929/44 928/940/44 916/928/44
f 918/930/35 929/941/35 917/929/35
f 919/931/25 930/942/25 918/930/25
f 920/932/158 895/907/158 883/895/158
f 921/933/159 932/944/159 920/932/159
f 922/934/160 933/945/160 921/933/160
f 923/935/161 934/946/161 922/934/161
f 924/936/162 935/947/162 923/935/162
f 925/937/163 936/948/163 924/936/163
f 926/938/164 937/949/164 925/937/164
f 927/939/165 938/950/165 926/938/165
f 928/940/166 939/951/166 927/939/166
f 929/941/167 940/952/167 928/940/167
f 930/942/168 941/953/168 929/941/168
f 931/943/169 942/954/169 930/942/169
f 932/944/16 907/919/16 895/907/16
f 933/945/119 944/956/119 932/944/119
f 934/946/110 945/957/110 933/945/110
f 935/947/100 946/958/100 934/946/100
f 936/948/91 947/959/91 935/947/91
f 937/949/81 948/960/81 936/948/81
f 938/950/72 949/961/72 937/949/72
f 939/951/63 950/962/63 938/950/63
f 940/952/54 951/963/54 939/951/54
f 941/953/44 952/964/44 940/952/44
f 942/954/35 953/965/35 941/953/35
f 943/955/25 954/966/25 942/954/25
f 944/956/170 919/931/170 907/919/170
f 945/957/171 956/968/171 944/956/171
f 946/958/172 957/969/172 945/957/172
f 947/959/173 958/970/173 946/958/173
f 948/960/174 959/971/174 947/959/174
f 949/961/175 960/972/175 948/960/175
f 950/962/176 961/973/176 949/961/176
f 951/963/177 962/974/177 950/962/177
f 952/964/178 963/975/178 951/963/178
f 953/965/179 964/976/179 952/964/179
f 954/966/180 965/977/180 953/965/180
f 955/967/181 966/978/181 954/966/181
f 956/968/16 931/943/16 919/931/16
f 957/969/119 968/980/119 956/968/119
f 958/970/110 969/981/110 957/969/110
f 959/971/100 970/982/100 958/970/100
f 960/972/91 971/983/91 959/971/91
f 961/973/81 972/984/81 960/972/81
f 962/974/72 973/985/72 961/973/72
f 963/975/63 974/986/63 962/974/63
f 964/976/54 975/987/54 963/975/54
f 965/977/44 976/988/44 964/976/44
f 966/978/35 977/989/35 965/977/35
f 967/979/25 978/990/25 966/978/25
f 968/980/158 943/955/158 931/943/158
f 969/981/159 980/992/159 968/980/159
f 970/982/160 981/993/160 969/981/160
f 971/983/161 982/994/161 970/982/161
f 972/984/162 983/995/162 971/983/162
f 973/985/163 984/996/163 972/984/163
f 974/986/164 985/997/164 973/985/164
f 975/987/165 986/998/165 974/986/165
f 976/988/166 987/999/166 975/987/166
f 977/989/167 988/1000/167 976/988/167
f 978/990/168 989/1001/168 977/989/168
f 979/991/169 990/1002/169 978/990/169
f 980/992/16 955/967/16 943/955/16
f 981/993/119 992/1004/119 980/992/119
f 982/994/110 993/1005/110 981/993/110
f 983/995/100 994/1006/100 982/994/100
f 984/996/91 995/1007/91 983/995/91
f 985/997/81 996/1008/81 984/996/81
f 986/998/72 997/1009/72 985/997/72
f 987/999/63 998/1010/63 986/998/63
f 988/1000/54 999/1011/54 987/999/54
f 989/1001/44 1000/1012/44 988/1000/44
f 1002/1014/182 989/1001/182 990/1002/182
f 991/1003/183 1002/1014/183 990/1002/183
f 992/1004/170 967/979/170 955/967/170
f 993/1005/171 1004/1016/171 992/1004/171
f 994/1006/172 1005/1017/172 993/1005/172
f 995/1007/173 1006/1018/173 994/1006/173
f 996/1008/174 1007/1019/174 995/1007/174
f 997/1009/175 1008/1020/175 996/1008/175
f 998/1010/176 1009/1021/176 997/1009/176
f 999/1011/177 1010/1022/177 998/1010/177
f 1000/1012/178 1011/1023/178 999/1011/178
f 1001/1013/179 1012/1024/179 1000/1012/179
f 1002/1014/184 1013/1025/184 1001/1013/184
f 1003/1015/185 1014/1026/185 1002/1014/185
f 1004/1016/16 979/991/16 967/979/16
f 1005/1017/119 1016/1028/119 1004/1016/119
f 1006/1018/110 1017/1029/110 1005/1017/110
f 1007/1019/100 1018/1030/100 1006/1018/100
f 1008/1020/91 1019/1031/91 1007/1019/91
f 1009/1021/81 1020/1032/81 1008/1020/81
f 1010/1022/72 1021/1033/72 1009/1021/72
f 1011/1023/63 1022/1034/63 1010/1022/63
f 1012/1024/54 1023/1035/54 1011/1023/54
f 1013/1025/44 1024/1036/44 1012/1024/44
f 1014/1026/35 1025/1037/35 1013/1025/35
f 1027/1039/186 1014/1026/186 1015/1027/186
f 1016/1028/187 991/1003/187 979/991/187
f 1017/1029/188 1028/1040/188 1016/1028/188
f 1018/1030/189 1029/1041/189 1017/1029/189
f 1019/1031/190 1030/1042/190 1018/1030/190
f 1020/1032/191 1031/1043/191 1019/1031/191
f 1021/1033/192 1032/1044/192 1020/1032/192
f 1022/1034/193 1033/1045/193 1021/1033/193
f 1023/1035/194 1034/1046/194 1022/1034/194
f 1024/1036/195 1035/1047/195 1023/1035/195
f 1025/1037/196 1036/1048/196 1024/1036/196
f 1026/1038/197 1037/1049/197 1025/1037/197
f 1027/1039/198 1038/1050/198 1026/1038/198
f 1028/1040/199 1003/1015/199 991/1003/199
f 1029/1041/200 1040/1052/200 1028/1040/200
f 1030/1042/201 1041/1053/201 1029/1041/201
f 1031/1043/202 1042/1054/202 1030/1042/202
f 1032/1044/203 1043/1055/203 1031/1043/203
f 1033/1045/204 1044/1056/204 1032/1044/204
f 1034/1046/205 1045/1057/205 1033/1045/205
f 1035/1047/206 1046/1058/206 1034/1046/206
f 1036/1048/207 1047/1059/207 1035/1047/207
f 1037/1049/208 1048/1060/208 1036/1048/208
f 1038/1050/209 1049/1061/209 1037/1049/209
f 1039/1051/210 1050/1062/210 1038/1050/210
f 1040/1052/199 1015/1027/199 1003/1015/199
f 1041/1053/200 1052/1064/200 1040/1052/200
f 1042/1054/201 1053/1065/201 1041/1053/201
f 1043/1055/211 1054/1066/211 1042/1054/211
f 1044/1056/203 1055/1067/203 1043/1055/203
f 1045/1057/204 1056/1068/204 1044/1056/204
f 1046/1058/205 1057/1069/205 1045/1057/205
f 1047/1059/206 1058/1070/206 1046/1058/206
f 1048/1060/207 1059/1071/207 1047/1059/207
f 1049/1061/208 1060/1072/208 1048/1060/208
f 1050/1062/209 1061/1073/209 1049/1061/209
f 1051/1063/210 1062/1074/210 1050/1062/210
f 1052/1064/212 1027/1039/212 1015/1027/212
f 1053/1065/200 1064/1076/200 1052/1064/200
f 1054/1066/213 1065/1077/213 1053/1065/213
f 1055/1067/202 1066/1078/202 1054/1066/202
f 1056/1068/203 1067/1079/203 1055/1067/203
f 1057/1069/214 1068/1080/214 1056/1068/214
f 1058/1070/205 1069/1081/205 1057/1069/205
f 1059/1071/206 1070/1082/206 1058/1070/206
f 1060/1072/215 1071/1083/215 1059/1071/215
f 1061/1073/216 1072/1084/216 1060/1072/216
f 1062/1074/217 1073/1085/217 1061/1073/217
f 1063/1075/210 1074/1086/210 1062/1074/210
f 1064/1076/199 1039/1051/199 1027/1039/199
f 1065/1077/200 1075/1087/200 1064/1076/200
f 1066/1078/201 1076/1088/201 1065/1077/201
f 1067/1079/211 1077/1089/211 1066/1078/211
f 1068/1080/203 1078/1090/203 1067/1079/203
f 1069/1081/204 1079/1091/204 1068/1080/204
f 1070/1082/205 1080/1092/205 1069/1081/205
f 1071/1083/206 1081/1093/206 1070/1082/206
f 1072/1084/207 1082/1094/207 1071/1083/207
f 1073/1085/208 1083/1095/208 1072/1084/208
f 1074/1086/209 1084/1096/209 1073/1085/209
f 1063/1075/210 1085/1097/210 1074/1086/210
f 1075/1087/199 1051/1063/199 1039/1051/199
f 1076/1088/200 1086/1098/200 1075/1087/200
f 1077/1089/218 1087/1099/218 1076/1088/218
f 1078/1090/211 1088/1100/211 1077/1089/211
f 1079/1091/203 1089/1101/203 1078/1090/203
f 1080/1092/204 1090/1102/204 1079/1091/204
f 1081/1093/219 1091/1103/219 1080/1092/219
f 1086/1098/199 1063/1075/199 1051/1063/199
f 1087/1099/200 1092/1104/200 1086/1098/200
f 1088/1100/201 1093/1105/201 1087/1099/201
f 1089/1101/211 1094/1106/211 1088/1100/211
f 1090/1102/203 1095/1107/203 1089/1101/203
f 1091/1103/220 1096/1108/220 1090/1102/220
f 1093/1105/14 1094/1106/14 1092/1104/14
f 1094/1106/14 1063/1075/14 1092/1104/14
f 1094/1106/14 1095/1107/14 1063/1075/14
f 1095/1107/14 1085/1097/14 1063/1075/14
f 1095/1107/14 1096/1108/14 1085/1097/14
f 1096/1108/14 1084/1096/14 1085/1097/14
f 1096/1108/14 1091/1103/14 1084/1096/14
f 1091/1103/14 1083/1095/14 1084/1096/14
f 1091/1103/14 1081/1093/14 1083/1095/14
f 1081/1093/14 1082/1094/14 1083/1095/14
f 17/17/3 4/4/3 1/1/3
f 18/18/6 14/14/6 12/12/6
f 18/18/1 17/17/1 16/16/1
f 34/34/7 23/23/7 20/20/7
f 16/16/3 1/1/3 31/31/3
f 16/16/1 34/34/1 33/33/1
f 49/49/9 38/38/9 35/35/9
f 33/33/7 20/20/7 46/46/7
f 33/33/1 49/49/1 48/48/1
f 61/61/6 51/51/6 14/14/6
f 48/48/9 35/35/9 59/59/9
f 19/19/1 48/48/1 61/61/1
f 62/62/1 63/63/1 3/3/1
f 64/64/1 62/62/1 2/2/1
f 7/7/1 65/65/1 64/64/1
f 62/62/221 66/66/221 67/67/221
f 64/64/12 68/68/12 66/66/12
f 65/65/13 69/69/13 68/68/13
f 66/66/10 70/70/10 71/71/10
f 68/68/10 72/72/10 70/70/10
f 73/73/10 74/74/10 71/71/10
f 75/75/10 73/73/10 70/70/10
f 76/76/10 75/75/10 72/72/10
f 78/78/14 77/77/14 73/73/14
f 79/79/14 78/78/14 75/75/14
f 80/80/15 81/81/15 74/74/15
f 82/82/16 80/80/16 77/77/16
f 83/83/17 82/82/17 78/78/17
f 80/80/14 84/84/14 85/85/14
f 86/86/14 84/84/14 80/80/14
f 87/87/14 86/86/14 82/82/14
f 84/84/18 88/88/18 89/89/18
f 86/86/19 90/91/19 88/88/19
f 91/92/20 90/91/20 86/86/20
f 63/63/1 92/94/1 32/32/1
f 92/94/1 93/95/1 30/30/1
f 93/95/1 94/96/1 29/29/1
f 67/67/222 95/97/222 92/94/222
f 95/97/22 96/98/22 93/95/22
f 96/98/23 97/99/23 94/96/23
f 71/71/10 98/100/10 95/97/10
f 98/100/10 99/101/10 96/98/10
f 74/74/10 100/102/10 98/100/10
f 100/102/10 101/103/10 99/101/10
f 101/103/10 102/104/10 97/99/10
f 100/102/14 103/105/14 104/106/14
f 101/103/14 104/106/14 105/107/14
f 81/81/24 106/108/24 103/105/24
f 106/108/25 107/109/25 104/106/25
f 107/109/26 108/110/26 105/107/26
f 85/85/14 109/111/14 106/108/14
f 109/111/14 110/112/14 107/109/14
f 110/112/14 111/113/14 108/110/14
f 89/89/27 112/114/27 109/111/27
f 112/114/28 113/115/28 110/112/28
f 110/112/29 113/115/29 114/116/29
f 27/27/1 115/118/1 116/119/1
f 118/121/1 115/118/1 27/27/1
f 94/96/1 118/121/1 28/28/1
f 115/118/223 120/123/223 121/124/223
f 118/121/31 122/125/31 120/123/31
f 94/96/32 97/99/32 122/125/32
f 120/123/33 123/126/33 124/127/33
f 122/125/33 125/128/33 123/126/33
f 126/129/33 127/130/33 124/127/33
f 128/131/33 126/129/33 123/126/33
f 102/104/33 128/131/33 125/128/33
f 130/133/14 129/132/14 126/129/14
f 105/107/14 130/133/14 128/131/14
f 131/134/224 132/135/224 127/130/224
f 133/136/35 131/134/35 129/132/35
f 108/110/36 133/136/36 130/133/36
f 134/137/14 135/138/14 132/135/14
f 136/139/14 134/137/14 131/134/14
f 111/113/14 136/139/14 133/136/14
f 137/140/225 138/141/225 135/138/225
f 139/143/38 137/140/38 134/137/38
f 114/116/39 139/143/39 136/139/39
f 116/119/1 140/144/1 24/24/1
f 24/24/1 140/144/1 141/145/1
f 141/145/1 142/146/1 22/22/1
f 121/124/40 143/147/40 140/144/40
f 143/147/41 144/148/41 141/145/41
f 144/148/42 145/149/42 142/146/42
f 124/127/33 146/150/33 143/147/33
f 146/150/33 147/151/33 144/148/33
f 127/130/33 148/152/33 146/150/33
f 148/152/33 149/153/33 147/151/33
f 149/153/33 150/154/33 145/149/33
f 148/152/14 151/155/14 152/156/14
f 149/153/14 152/156/14 153/157/14
f 132/135/43 154/158/43 151/155/43
f 154/158/44 155/159/44 152/156/44
f 155/159/45 156/160/45 153/157/45
f 135/138/14 157/161/14 154/158/14
f 157/161/14 158/162/14 155/159/14
f 158/162/14 159/163/14 156/160/14
f 135/138/46 138/141/46 160/164/46
f 160/164/47 161/165/47 158/162/47
f 158/162/48 161/165/48 162/167/48
f 163/168/1 164/169/1 44/44/1
f 165/170/1 163/168/1 45/45/1
f 142/146/1 165/170/1 47/47/1
f 163/168/49 166/171/49 167/172/49
f 165/170/50 168/173/50 166/171/50
f 142/146/51 145/149/51 168/173/51
f 166/171/52 169/174/52 170/175/52
f 168/173/52 171/176/52 169/174/52
f 172/177/52 173/178/52 170/175/52
f 174/179/52 172/177/52 169/174/52
f 150/154/52 174/179/52 171/176/52
f 176/181/14 175/180/14 172/177/14
f 153/157/14 176/181/14 174/179/14
f 177/182/53 178/183/53 173/178/53
f 179/184/54 177/182/54 175/180/54
f 156/160/55 179/184/55 176/181/55
f 180/185/14 181/186/14 178/183/14
f 182/187/14 180/185/14 177/182/14
f 159/163/14 182/187/14 179/184/14
f 180/185/56 183/188/56 184/189/56
f 182/187/57 185/191/57 183/188/57
f 162/167/58 185/191/58 182/187/58
f 164/169/1 186/192/1 43/43/1
f 43/43/1 186/192/1 187/193/1
f 187/193/1 188/194/1 41/41/1
f 167/172/226 189/195/226 186/192/226
f 189/195/227 190/196/227 187/193/227
f 190/196/61 191/197/61 188/194/61
f 170/175/52 192/198/52 189/195/52
f 192/198/52 193/199/52 190/196/52
f 173/178/52 194/200/52 192/198/52
f 194/200/52 195/201/52 193/199/52
f 195/201/52 196/202/52 191/197/52
f 194/200/14 197/203/14 198/204/14
f 195/201/14 198/204/14 199/205/14
f 178/183/228 200/206/228 197/203/228
f 200/206/63 201/207/63 198/204/63
f 201/207/64 202/208/64 199/205/64
f 181/186/14 203/209/14 200/206/14
f 203/209/14 204/210/14 201/207/14
f 201/207/14 204/210/14 205/211/14
f 184/189/65 206/212/65 203/209/65
f 203/209/229 206/212/229 207/213/229
f 204/210/67 207/213/67 208/214/67
f 209/216/1 210/217/1 37/37/1
f 211/218/1 209/216/1 36/36/1
f 188/194/1 211/218/1 39/39/1
f 209/216/230 212/219/230 213/220/230
f 211/218/69 214/221/69 212/219/69
f 188/194/70 191/197/70 214/221/70
f 212/219/5 215/222/5 216/223/5
f 214/221/5 217/224/5 215/222/5
f 218/225/5 219/226/5 216/223/5
f 220/227/5 218/225/5 215/222/5
f 196/202/5 220/227/5 217/224/5
f 222/229/14 221/228/14 218/225/14
f 199/205/14 222/229/14 220/227/14
f 223/230/71 224/231/71 219/226/71
f 225/232/72 223/230/72 221/228/72
f 202/208/73 225/232/73 222/229/73
f 223/230/14 226/233/14 227/234/14
f 228/235/14 226/233/14 223/230/14
f 205/211/14 228/235/14 225/232/14
f 229/236/74 230/237/74 227/234/74
f 228/235/75 231/239/75 229/236/75
f 208/214/76 231/239/76 228/235/76
f 210/217/1 232/240/1 60/60/1
f 232/240/1 233/241/1 58/58/1
f 233/241/1 234/242/1 235/243/1
f 213/220/231 236/244/231 232/240/231
f 236/244/78 237/245/78 233/241/78
f 237/245/79 238/246/79 234/242/79
f 216/223/5 239/247/5 236/244/5
f 239/247/5 240/248/5 237/245/5
f 219/226/5 241/249/5 239/247/5
f 241/249/5 242/250/5 240/248/5
f 242/250/5 243/251/5 238/246/5
f 241/249/14 244/252/14 245/253/14
f 242/250/14 245/253/14 246/254/14
f 224/231/80 247/255/80 244/252/80
f 247/255/81 248/256/81 245/253/81
f 248/256/82 249/257/82 246/254/82
f 224/231/14 227/234/14 250/258/14
f 250/258/14 251/259/14 248/256/14
f 248/256/14 251/259/14 252/260/14
f 230/237/83 253/261/83 250/258/83
f 253/261/84 254/262/84 251/259/84
f 251/259/85 254/262/85 255/263/85
f 256/265/1 257/266/1 54/54/1
f 56/56/1 258/267/1 256/265/1
f 234/242/1 258/267/1 56/56/1
f 256/265/232 259/268/232 260/269/232
f 258/267/233 261/270/233 259/268/233
f 234/242/88 238/246/88 261/270/88
f 259/268/89 262/271/89 263/272/89
f 261/270/89 264/273/89 262/271/89
f 265/274/89 266/275/89 263/272/89
f 267/276/89 265/274/89 262/271/89
f 243/251/89 267/276/89 264/273/89
f 269/278/14 268/277/14 265/274/14
f 246/254/14 269/278/14 267/276/14
f 270/279/234 271/280/234 266/275/234
f 272/281/91 270/279/91 268/277/91
f 249/257/92 272/281/92 269/278/92
f 273/282/14 274/283/14 271/280/14
f 275/284/14 273/282/14 270/279/14
f 249/257/14 252/260/14 275/284/14
f 273/282/93 276/285/93 277/286/93
f 278/288/94 276/285/94 273/282/94
f 255/263/95 278/288/95 275/284/95
f 257/266/1 279/289/1 52/52/1
f 279/289/1 280/290/1 50/50/1
f 280/290/1 281/291/1 15/15/1
f 260/269/96 282/292/96 279/289/96
f 282/292/97 283/293/97 280/290/97
f 283/293/98 284/294/98 281/291/98
f 263/272/89 285/295/89 282/292/89
f 285/295/89 286/296/89 283/293/89
f 266/275/89 287/297/89 285/295/89
f 287/297/89 288/298/89 286/296/89
f 288/298/89 289/299/89 284/294/89
f 287/297/14 290/300/14 291/301/14
f 288/298/14 291/301/14 292/302/14
f 271/280/99 293/303/99 290/300/99
f 293/303/100 294/304/100 291/301/100
f 294/304/101 295/305/101 292/302/101
f 274/283/14 296/306/14 293/303/14
f 296/306/14 297/307/14 294/304/14
f 294/304/14 297/307/14 298/308/14
f 277/286/102 299/309/102 296/306/102
f 296/306/103 299/309/103 300/310/103
f 297/307/104 300/310/104 301/312/104
f 302/313/1 303/314/1 10/10/1
f 304/315/1 302/313/1 11/11/1
f 15/15/1 281/291/1 304/315/1
f 302/313/105 305/316/105 306/317/105
f 304/315/106 307/318/106 305/316/106
f 281/291/107 284/294/107 307/318/107
f 305/316/108 308/319/108 309/320/108
f 307/318/108 310/321/108 308/319/108
f 311/322/108 312/323/108 309/320/108
f 313/324/108 311/322/108 308/319/108
f 289/299/108 313/324/108 310/321/108
f 315/326/14 314/325/14 311/322/14
f 292/302/14 315/326/14 313/324/14
f 316/327/109 317/328/109 312/323/109
f 318/329/110 316/327/110 314/325/110
f 295/305/111 318/329/111 315/326/111
f 316/327/14 319/330/14 320/331/14
f 321/332/14 319/330/14 316/327/14
f 298/308/14 321/332/14 318/329/14
f 322/333/112 323/334/112 320/331/112
f 324/336/113 322/333/113 319/330/113
f 301/312/114 324/336/114 321/332/114
f 303/314/1 325/337/1 9/9/1
f 325/337/1 326/338/1 8/8/1
f 326/338/1 65/65/1 327/339/1
f 306/317/235 328/340/235 325/337/235
f 328/340/116 329/341/116 326/338/116
f 329/341/117 69/69/117 65/65/117
f 309/320/108 330/342/108 328/340/108
f 330/342/108 331/343/108 329/341/108
f 312/323/108 332/344/108 330/342/108
f 332/344/108 333/345/108 331/343/108
f 333/345/108 76/76/108 69/69/108
f 332/344/14 334/346/14 335/347/14
f 333/345/14 335/347/14 79/79/14
f 317/328/236 336/348/236 334/346/236
f 336/348/119 337/349/119 335/347/119
f 337/349/120 83/83/120 79/79/120
f 317/328/14 320/331/14 338/350/14
f 338/350/14 339/351/14 337/349/14
f 339/351/14 87/87/14 83/83/14
f 323/334/237 340/352/237 338/350/237
f 340/352/238 341/353/238 339/351/238
f 339/351/123 341/353/123 91/92/123
f 342/354/16 343/355/16 89/90/16
f 344/356/119 342/354/119 91/93/119
f 345/357/110 344/356/110 323/335/110
f 277/287/100 346/358/100 345/357/100
f 255/264/91 347/359/91 346/358/91
f 348/360/81 347/359/81 255/264/81
f 349/361/72 348/360/72 230/238/72
f 350/362/63 349/361/63 208/215/63
f 351/363/54 350/362/54 184/190/54
f 138/142/44 352/364/44 351/363/44
f 353/365/35 352/364/35 138/142/35
f 343/355/25 353/365/25 114/117/25
f 342/354/14 354/366/14 355/367/14
f 356/368/14 354/366/14 342/354/14
f 345/357/14 357/369/14 356/368/14
f 346/358/14 358/370/14 357/369/14
f 359/371/14 358/370/14 346/358/14
f 348/360/14 360/372/14 359/371/14
f 349/361/14 361/373/14 360/372/14
f 362/374/14 361/373/14 349/361/14
f 351/363/14 363/375/14 362/374/14
f 352/364/14 364/376/14 363/375/14
f 365/377/14 364/376/14 352/364/14
f 343/355/14 355/367/14 365/377/14
f 362/374/63 368/380/63 367/379/63
f 363/375/54 369/381/54 368/380/54
f 364/376/44 370/382/44 369/381/44
f 365/377/35 371/383/35 370/382/35
f 366/378/25 372/384/25 371/383/25
f 367/379/72 374/386/72 373/385/72
f 368/380/63 375/387/63 374/386/63
f 369/381/54 376/388/54 375/387/54
f 370/382/44 377/389/44 376/388/44
f 371/383/35 378/390/35 377/389/35
f 372/384/25 379/391/25 378/390/25
f 356/368/119 381/393/119 380/392/119
f 357/369/110 382/394/110 381/393/110
f 358/370/100 383/395/100 382/394/100
f 359/371/91 384/396/91 383/395/91
f 373/385/81 385/397/81 384/396/81
f 374/386/72 386/398/72 385/397/72
f 375/387/63 387/399/63 386/398/63
f 376/388/54 388/400/54 387/399/54
f 377/389/44 389/401/44 388/400/44
f 378/390/35 390/402/35 389/401/35
f 379/391/25 391/403/25 390/402/25
f 380/392/16 392/404/16 366/378/16
f 381/393/119 393/405/119 392/404/119
f 382/394/110 394/406/110 393/405/110
f 383/395/100 395/407/100 394/406/100
f 384/396/91 396/408/91 395/407/91
f 385/397/81 397/409/81 396/408/81
f 386/398/72 398/410/72 397/409/72
f 387/399/63 399/411/63 398/410/63
f 388/400/54 400/412/54 399/411/54
f 389/401/44 401/413/44 400/412/44
f 390/402/35 402/414/35 401/413/35
f 391/403/25 403/415/25 402/414/25
f 392/404/239 404/416/239 372/384/239
f 393/405/240 405/417/240 404/416/240
f 394/406/241 406/418/241 405/417/241
f 395/407/242 407/419/242 406/418/242
f 396/408/243 408/420/243 407/419/243
f 397/409/244 409/421/244 408/420/244
f 398/410/245 410/422/245 409/421/245
f 399/411/246 411/423/246 410/422/246
f 400/412/247 412/424/247 411/423/247
f 401/413/248 413/425/248 412/424/248
f 402/414/249 414/426/249 413/425/249
f 403/415/250 415/427/250 414/426/250
f 404/416/135 416/428/135 379/391/135
f 405/417/136 417/429/136 416/428/136
f 406/418/137 418/430/137 417/429/137
f 407/419/138 419/431/138 418/430/138
f 408/420/139 420/432/139 419/431/139
f 409/421/140 421/433/140 420/432/140
f 410/422/141 422/434/141 421/433/141
f 411/423/142 423/435/142 422/434/142
f 412/424/143 424/436/143 423/435/143
f 413/425/144 425/437/144 424/436/144
f 414/426/145 426/438/145 425/437/145
f 415/427/146 427/439/146 426/438/146
f 416/428/251 428/440/251 391/403/251
f 417/429/252 429/441/252 428/440/252
f 418/430/253 430/442/253 429/441/253
f 419/431/254 431/443/254 430/442/254
f 420/432/255 432/444/255 431/443/255
f 421/433/256 433/445/256 432/444/256
f 422/434/257 434/446/257 433/445/257
f 423/435/258 435/447/258 434/446/258
f 424/436/259 436/448/259 435/447/259
f 425/437/260 437/449/260 436/448/260
f 426/438/261 438/450/261 437/449/261
f 427/439/262 439/451/262 438/450/262
f 428/440/16 440/452/16 403/415/16
f 429/441/119 441/453/119 440/452/119
f 430/442/110 442/454/110 441/453/110
f 431/443/100 443/455/100 442/454/100
f 432/444/91 444/456/91 443/455/91
f 433/445/81 445/457/81 444/456/81
f 434/446/72 446/458/72 445/457/72
f 435/447/63 447/459/63 446/458/63
f 436/448/54 448/460/54 447/459/54
f 437/449/44 449/461/44 448/460/44
f 438/450/35 450/462/35 449/461/35
f 439/451/25 451/463/25 450/462/25
f 440/452/263 452/464/263 415/427/263
f 441/453/264 453/465/264 452/464/264
f 442/454/265 454/466/265 453/465/265
f 443/455/266 455/467/266 454/466/266
f 444/456/267 456/468/267 455/467/267
f 445/457/268 457/469/268 456/468/268
f 446/458/269 458/470/269 457/469/269
f 447/459/270 459/471/270 458/470/270
f 448/460/271 460/472/271 459/471/271
f 449/461/272 461/473/272 460/472/272
f 450/462/273 462/474/273 461/473/273
f 451/463/274 463/475/274 462/474/274
f 452/464/16 464/476/16 427/439/16
f 453/465/119 465/477/119 464/476/119
f 454/466/110 466/478/110 465/477/110
f 455/467/100 467/479/100 466/478/100
f 456/468/91 468/480/91 467/479/91
f 457/469/81 469/481/81 468/480/81
f 458/470/72 470/482/72 469/481/72
f 459/471/63 471/483/63 470/482/63
f 460/472/54 472/484/54 471/483/54
f 461/473/44 473/485/44 472/484/44
f 462/474/35 474/486/35 473/485/35
f 463/475/25 475/487/25 474/486/25
f 464/476/275 476/488/275 439/451/275
f 465/477/276 477/489/276 476/488/276
f 466/478/277 478/490/277 477/489/277
f 467/479/278 479/491/278 478/490/278
f 468/480/279 480/492/279 479/491/279
f 469/481/280 481/493/280 480/492/280
f 470/482/281 482/494/281 481/493/281
f 471/483/282 483/495/282 482/494/282
f 472/484/283 484/496/283 483/495/283
f 473/485/284 485/497/284 484/496/284
f 474/486/285 486/498/285 485/497/285
f 475/487/262 487/499/262 486/498/262
f 476/488/16 488/500/16 451/463/16
f 477/489/119 489/501/119 488/500/119
f 478/490/110 490/502/110 489/501/110
f 479/491/100 491/503/100 490/502/100
f 480/492/91 492/504/91 491/503/91
f 481/493/81 493/505/81 492/504/81
f 482/494/72 494/506/72 493/505/72
f 483/495/63 495/507/63 494/506/63
f 484/496/54 496/508/54 495/507/54
f 485/497/44 497/509/44 496/508/44
f 486/498/35 498/510/35 497/509/35
f 487/499/25 499/511/25 498/510/25
f 488/500/263 500/512/263 463/475/263
f 489/501/264 501/513/264 500/512/264
f 490/502/265 502/514/265 501/513/265
f 491/503/266 503/515/266 502/514/266
f 492/504/267 504/516/267 503/515/267
f 493/505/268 505/517/268 504/516/268
f 494/506/269 506/518/269 505/517/269
f 495/507/270 507/519/270 506/518/270
f 496/508/271 508/520/271 507/519/271
f 497/509/272 509/521/272 508/520/272
f 498/510/273 510/522/273 509/521/273
f 499/511/274 511/523/274 510/522/274
f 500/512/16 512/524/16 475/487/16
f 501/513/119 513/525/119 512/524/119
f 502/514/110 514/526/110 513/525/110
f 503/515/100 515/527/100 514/526/100
f 504/516/91 516/528/91 515/527/91
f 505/517/81 517/529/81 516/528/81
f 506/518/72 518/530/72 517/529/72
f 507/519/63 519/531/63 518/530/63
f 508/520/54 520/532/54 519/531/54
f 509/521/44 521/533/44 520/532/44
f 510/522/35 522/534/35 521/533/35
f 511/523/25 523/535/25 522/534/25
f 512/524/275 524/536/275 487/499/275
f 513/525/276 525/537/276 524/536/276
f 514/526/277 526/538/277 525/537/277
f 515/527/278 527/539/278 526/538/278
f 516/528/279 528/540/279 527/539/279
f 517/529/280 529/541/280 528/540/280
f 518/530/281 530/542/281 529/541/281
f 519/531/282 531/543/282 530/542/282
f 520/532/283 532/544/283 531/543/283
f 521/533/284 533/545/284 532/544/284
f 522/534/285 534/546/285 533/545/285
f 523/535/262 535/547/262 534/546/262
f 524/536/16 536/548/16 499/511/16
f 525/537/119 537/549/119 536/548/119
f 526/538/110 538/550/110 537/549/110
f 527/539/100 539/551/100 538/550/100
f 528/540/91 540/552/91 539/551/91
f 529/541/81 541/553/81 540/552/81
f 530/542/72 542/554/72 541/553/72
f 531/543/63 543/555/63 542/554/63
f 532/544/54 544/556/54 543/555/54
f 533/545/44 545/557/44 544/556/44
f 534/546/35 546/558/35 545/557/35
f 535/547/25 547/559/25 546/558/25
f 536/548/263 548/560/263 511/523/263
f 537/549/264 549/561/264 548/560/264
f 538/550/265 550/562/265 549/561/265
f 539/551/266 551/563/266 550/562/266
f 540/552/267 552/564/267 551/563/267
f 541/553/268 553/565/268 552/564/268
f 542/554/269 554/566/269 553/565/269
f 543/555/270 555/567/270 554/566/270
f 544/556/271 556/568/271 555/567/271
f 545/557/272 557/569/272 556/568/272
f 546/558/273 558/570/273 557/569/273
f 547/559/274 559/571/274 558/570/274
f 548/560/16 560/572/16 523/535/16
f 549/561/119 561/573/119 560/572/119
f 550/562/110 562/574/110 561/573/110
f 551/563/100 563/575/100 562/574/100
f 552/564/91 564/576/91 563/575/91
f 553/565/81 565/577/81 564/576/81
f 554/566/72 566/578/72 565/577/72
f 555/567/63 567/579/63 566/578/63
f 556/568/54 568/580/54 567/579/54
f 557/569/44 569/581/44 568/580/44
f 558/570/35 570/582/35 569/581/35
f 559/571/25 571/583/25 570/582/25
f 560/572/275 572/584/275 535/547/275
f 561/573/276 573/585/276 572/584/276
f 562/574/277 574/586/277 573/585/277
f 563/575/278 575/587/278 574/586/278
f 564/576/279 576/588/279 575/587/279
f 565/577/280 577/589/280 576/588/280
f 566/578/281 578/590/281 577/589/281
f 567/579/282 579/591/282 578/590/282
f 568/580/283 580/592/283 579/591/283
f 569/581/284 581/593/284 580/592/284
f 570/582/285 582/594/285 581/593/285
f 571/583/262 583/595/262 582/594/262
f 572/584/16 584/596/16 547/559/16
f 573/585/119 585/597/119 584/596/119
f 574/586/110 586/598/110 585/597/110
f 575/587/100 587/599/100 586/598/100
f 576/588/91 588/600/91 587/599/91
f 577/589/81 589/601/81 588/600/81
f 578/590/72 590/602/72 589/601/72
f 579/591/63 591/603/63 590/602/63
f 580/592/54 592/604/54 591/603/54
f 581/593/44 593/605/44 592/604/44
f 582/594/35 594/606/35 593/605/35
f 583/595/25 595/607/25 594/606/25
f 584/596/263 596/608/263 559/571/263
f 585/597/264 597/609/264 596/608/264
f 586/598/265 598/610/265 597/609/265
f 587/599/266 599/611/266 598/610/266
f 588/600/267 600/612/267 599/611/267
f 589/601/268 601/613/268 600/612/268
f 590/602/269 602/614/269 601/613/269
f 591/603/270 603/615/270 602/614/270
f 592/604/271 604/616/271 603/615/271
f 593/605/272 605/617/272 604/616/272
f 594/606/273 606/618/273 605/617/273
f 595/607/274 607/619/274 606/618/274
f 596/608/16 608/620/16 571/583/16
f 597/609/119 609/621/119 608/620/119
f 598/610/110 610/622/110 609/621/110
f 599/611/100 611/623/100 610/622/100
f 600/612/91 612/624/91 611/623/91
f 601/613/81 613/625/81 612/624/81
f 602/614/72 614/626/72 613/625/72
f 603/615/63 615/627/63 614/626/63
f 604/616/54 616/628/54 615/627/54
f 605/617/44 617/629/44 616/628/44
f 606/618/35 618/630/35 617/629/35
f 607/619/25 619/631/25 618/630/25
f 608/620/275 620/632/275 583/595/275
f 609/621/276 621/633/276 620/632/276
f 610/622/277 622/634/277 621/633/277
f 611/623/278 623/635/278 622/634/278
f 612/624/279 624/636/279 623/635/279
f 613/625/280 625/637/280 624/636/280
f 614/626/281 626/638/281 625/637/281
f 615/627/282 627/639/282 626/638/282
f 616/628/283 628/640/283 627/639/283
f 617/629/284 629/641/284 628/640/284
f 618/630/285 630/642/285 629/641/285
f 619/631/262 631/643/262 630/642/262
f 620/632/16 632/644/16 595/607/16
f 621/633/119 633/645/119 632/644/119
f 622/634/110 634/646/110 633/645/110
f 623/635/100 635/647/100 634/646/100
f 624/636/91 636/648/91 635/647/91
f 625/637/81 637/649/81 636/648/81
f 626/638/72 638/650/72 637/649/72
f 627/639/63 639/651/63 638/650/63
f 628/640/54 640/652/54 639/651/54
f 629/641/44 641/653/44 640/652/44
f 630/642/35 642/654/35 641/653/35
f 631/643/25 643/655/25 642/654/25
f 632/644/263 644/656/263 607/619/263
f 633/645/264 645/657/264 644/656/264
f 634/646/265 646/658/265 645/657/265
f 635/647/266 647/659/266 646/658/266
f 636/648/267 648/660/267 647/659/267
f 637/649/268 649/661/268 648/660/268
f 638/650/269 650/662/269 649/661/269
f 639/651/270 651/663/270 650/662/270
f 640/652/271 652/664/271 651/663/271
f 641/653/272 653/665/272 652/664/272
f 642/654/273 654/666/273 653/665/273
f 643/655/274 655/667/274 654/666/274
f 644/656/16 656/668/16 619/631/16
f 645/657/119 657/669/119 656/668/119
f 646/658/110 658/670/110 657/669/110
f 647/659/100 659/671/100 658/670/100
f 648/660/91 660/672/91 659/671/91
f 649/661/81 661/673/81 660/672/81
f 650/662/72 662/674/72 661/673/72
f 651/663/63 663/675/63 662/674/63
f 652/664/54 664/676/54 663/675/54
f 653/665/44 665/677/44 664/676/44
f 654/666/35 666/678/35 665/677/35
f 655/667/25 667/679/25 666/678/25
f 656/668/275 668/680/275 631/643/275
f 657/669/276 669/681/276 668/680/276
f 658/670/277 670/682/277 669/681/277
f 659/671/278 671/683/278 670/682/278
f 660/672/279 672/684/279 671/683/279
f 661/673/280 673/685/280 672/684/280
f 662/674/281 674/686/281 673/685/281
f 663/675/282 675/687/282 674/686/282
f 664/676/283 676/688/283 675/687/283
f 665/677/284 677/689/284 676/688/284
f 666/678/285 678/690/285 677/689/285
f 667/679/262 679/691/262 678/690/262
f 668/680/16 680/692/16 643/655/16
f 669/681/119 681/693/119 680/692/119
f 670/682/110 682/694/110 681/693/110
f 671/683/100 683/695/100 682/694/100
f 672/684/91 684/696/91 683/695/91
f 673/685/81 685/697/81 684/696/81
f 674/686/72 686/698/72 685/697/72
f 675/687/63 687/699/63 686/698/63
f 676/688/54 688/700/54 687/699/54
f 677/689/44 689/701/44 688/700/44
f 678/690/35 690/702/35 689/701/35
f 679/691/25 691/703/25 690/702/25
f 680/692/263 692/704/263 655/667/263
f 681/693/264 693/705/264 692/704/264
f 682/694/265 694/706/265 693/705/265
f 683/695/266 695/707/266 694/706/266
f 684/696/267 696/708/267 695/707/267
f 685/697/268 697/709/268 696/708/268
f 686/698/269 698/710/269 697/709/269
f 687/699/270 699/711/270 698/710/270
f 688/700/271 700/712/271 699/711/271
f 689/701/272 701/713/272 700/712/272
f 690/702/273 702/714/273 701/713/273
f 691/703/274 703/715/274 702/714/274
f 692/704/16 704/716/16 667/679/16
f 693/705/119 705/717/119 704/716/119
f 694/706/110 706/718/110 705/717/110
f 695/707/100 707/719/100 706/718/100
f 696/708/91 708/720/91 707/719/91
f 697/709/81 709/721/81 708/720/81
f 698/710/72 710/722/72 709/721/72
f 699/711/63 711/723/63 710/722/63
f 700/712/54 712/724/54 711/723/54
f 701/713/44 713/725/44 712/724/44
f 702/714/35 714/726/35 713/725/35
f 703/715/25 715/727/25 714/726/25
f 704/716/275 716/728/275 679/691/275
f 705/717/276 717/729/276 716/728/276
f 706/718/277 718/730/277 717/729/277
f 707/719/278 719/731/278 718/730/278
f 708/720/279 720/732/279 719/731/279
f 709/721/280 721/733/280 720/732/280
f 710/722/281 722/734/281 721/733/281
f 711/723/282 723/735/282 722/734/282
f 712/724/283 724/736/283 723/735/283
f 713/725/284 725/737/284 724/736/284
f 714/726/285 726/738/285 725/737/285
f 715/727/262 727/739/262 726/738/262
f 716/728/16 728/740/16 691/703/16
f 717/729/119 729/741/119 728/740/119
f 718/730/110 730/742/110 729/741/110
f 719/731/100 731/743/100 730/742/100
f 720/732/91 732/744/91 731/743/91
f 721/733/81 733/745/81 732/744/81
f 722/734/72 734/746/72 733/745/72
f 723/735/63 735/747/63 734/746/63
f 724/736/54 736/748/54 735/747/54
f 725/737/44 737/749/44 736/748/44
f 726/738/35 738/750/35 737/749/35
f 727/739/25 739/751/25 738/750/25
f 728/740/263 740/752/263 703/715/263
f 729/741/264 741/753/264 740/752/264
f 730/742/265 742/754/265 741/753/265
f 731/743/266 743/755/266 742/754/266
f 732/744/267 744/756/267 743/755/267
f 733/745/268 745/757/268 744/756/268
f 734/746/269 746/758/269 745/757/269
f 735/747/270 747/759/270 746/758/270
f 736/748/271 748/760/271 747/759/271
f 737/749/272 749/761/272 748/760/272
f 738/750/273 750/762/273 749/761/273
f 739/751/274 751/763/274 750/762/274
f 740/752/16 752/764/16 715/727/16
f 741/753/119 753/765/119 752/764/119
f 742/754/110 754/766/110 753/765/110
f 743/755/100 755/767/100 754/766/100
f 744/756/91 756/768/91 755/767/91
f 745/757/81 757/769/81 756/768/81
f 746/758/72 758/770/72 757/769/72
f 747/759/63 759/771/63 758/770/63
f 748/760/54 760/772/54 759/771/54
f 749/761/44 761/773/44 760/772/44
f 750/762/35 762/774/35 761/773/35
f 751/763/25 763/775/25 762/774/25
f 752/764/275 764/776/275 727/739/275
f 753/765/276 765/777/276 764/776/276
f 754/766/277 766/778/277 765/777/277
f 755/767/278 767/779/278 766/778/278
f 756/768/279 768/780/279 767/779/279
f 757/769/280 769/781/280 768/780/280
f 758/770/281 770/782/281 769/781/281
f 759/771/282 771/783/282 770/782/282
f 760/772/283 772/784/283 771/783/283
f 761/773/284 773/785/284 772/784/284
f 762/774/285 774/786/285 773/785/285
f 763/775/262 775/787/262 774/786/262
f 764/776/16 776/788/16 739/751/16
f 765/777/119 777/789/119 776/788/119
f 766/778/110 778/790/110 777/789/110
f 767/779/100 779/791/100 778/790/100
f 768/780/91 780/792/91 779/791/91
f 769/781/81 781/793/81 780/792/81
f 770/782/72 782/794/72 781/793/72
f 771/783/63 783/795/63 782/794/63
f 772/784/54 784/796/54 783/795/54
f 773/785/44 785/797/44 784/796/44
f 774/786/35 786/798/35 785/797/35
f 775/787/25 787/799/25 786/798/25
f 776/788/263 788/800/263 751/763/263
f 777/789/264 789/801/264 788/800/264
f 778/790/265 790/802/265 789/801/265
f 779/791/266 791/803/266 790/802/266
f 780/792/267 792/804/267 791/803/267
f 781/793/268 793/805/268 792/804/268
f 782/794/269 794/806/269 793/805/269
f 783/795/270 795/807/270 794/806/270
f 784/796/271 796/808/271 795/807/271
f 785/797/272 797/809/272 796/808/272
f 786/798/273 798/810/273 797/809/273
f 787/799/274 799/811/274 798/810/274
f 788/800/16 800/812/16 763/775/16
f 789/801/119 801/813/119 800/812/119
f 790/802/110 802/814/110 801/813/110
f 791/803/100 803/815/100 802/814/100
f 792/804/91 804/816/91 803/815/91
f 793/805/81 805/817/81 804/816/81
f 794/806/72 806/818/72 805/817/72
f 795/807/63 807/819/63 806/818/63
f 796/808/54 808/820/54 807/819/54
f 797/809/44 809/821/44 808/820/44
f 798/810/35 810/822/35 809/821/35
f 799/811/25 811/823/25 810/822/25
f 800/812/275 812/824/275 775/787/275
f 801/813/276 813/825/276 812/824/276
f 802/814/277 814/826/277 813/825/277
f 803/815/278 815/827/278 814/826/278
f 804/816/279 816/828/279 815/827/279
f 805/817/280 817/829/280 816/828/280
f 806/818/281 818/830/281 817/829/281
f 807/819/282 819/831/282 818/830/282
f 808/820/283 820/832/283 819/831/283
f 809/821/284 821/833/284 820/832/284
f 810/822/285 822/834/285 821/833/285
f 811/823/262 823/835/262 822/834/262
f 812/824/16 824/836/16 787/799/16
f 813/825/119 825/837/119 824/836/119
f 814/826/110 826/838/110 825/837/110
f 815/827/100 827/839/100 826/838/100
f 816/828/91 828/840/91 827/839/91
f 817/829/81 829/841/81 828/840/81
f 818/830/72 830/842/72 829/841/72
f 819/831/63 831/843/63 830/842/63
f 820/832/54 832/844/54 831/843/54
f 821/833/44 833/845/44 832/844/44
f 822/834/35 834/846/35 833/845/35
f 823/835/25 835/847/25 834/846/25
f 824/836/263 836/848/263 799/811/263
f 825/837/264 837/849/264 836/848/264
f 826/838/265 838/850/265 837/849/265
f 827/839/266 839/851/266 838/850/266
f 828/840/267 840/852/267 839/851/267
f 829/841/268 841/853/268 840/852/268
f 830/842/269 842/854/269 841/853/269
f 831/843/270 843/855/270 842/854/270
f 832/844/271 844/856/271 843/855/271
f 833/845/272 845/857/272 844/856/272
f 834/846/273 846/858/273 845/857/273
f 835/847/274 847/859/274 846/858/274
f 836/848/16 848/860/16 811/823/16
f 837/849/119 849/861/119 848/860/119
f 838/850/110 850/862/110 849/861/110
f 839/851/100 851/863/100 850/862/100
f 840/852/91 852/864/91 851/863/91
f 841/853/81 853/865/81 852/864/81
f 842/854/72 854/866/72 853/865/72
f 843/855/63 855/867/63 854/866/63
f 844/856/54 856/868/54 855/867/54
f 845/857/44 857/869/44 856/868/44
f 846/858/35 858/870/35 857/869/35
f 847/859/25 859/871/25 858/870/25
f 848/860/275 860/872/275 823/835/275
f 849/861/276 861/873/276 860/872/276
f 850/862/277 862/874/277 861/873/277
f 851/863/278 863/875/278 862/874/278
f 852/864/279 864/876/279 863/875/279
f 853/865/280 865/877/280 864/876/280
f 854/866/281 866/878/281 865/877/281
f 855/867/282 867/879/282 866/878/282
f 856/868/283 868/880/283 867/879/283
f 857/869/284 869/881/284 868/880/284
f 858/870/285 870/882/285 869/881/285
f 859/871/262 871/883/262 870/882/262
f 860/872/16 872/884/16 835/847/16
f 861/873/119 873/885/119 872/884/119
f 862/874/110 874/886/110 873/885/110
f 863/875/100 875/887/100 874/886/100
f 864/876/91 876/888/91 875/887/91
f 865/877/81 877/889/81 876/888/81
f 866/878/72 878/890/72 877/889/72
f 867/879/63 879/891/63 878/890/63
f 868/880/54 880/892/54 879/891/54
f 869/881/44 881/893/44 880/892/44
f 870/882/35 882/894/35 881/893/35
f 871/883/25 883/895/25 882/894/25
f 872/884/263 884/896/263 847/859/263
f 873/885/264 885/897/264 884/896/264
f 874/886/265 886/898/265 885/897/265
f 875/887/266 887/899/266 886/898/266
f 876/888/267 888/900/267 887/899/267
f 877/889/268 889/901/268 888/900/268
f 878/890/269 890/902/269 889/901/269
f 879/891/270 891/903/270 890/902/270
f 880/892/271 892/904/271 891/903/271
f 881/893/272 893/905/272 892/904/272
f 882/894/273 894/906/273 893/905/273
f 883/895/274 895/907/274 894/906/274
f 884/896/16 896/908/16 859/871/16
f 885/897/119 897/909/119 896/908/119
f 886/898/110 898/910/110 897/909/110
f 887/899/100 899/911/100 898/910/100
f 888/900/91 900/912/91 899/911/91
f 889/901/81 901/913/81 900/912/81
f 890/902/72 902/914/72 901/913/72
f 891/903/63 903/915/63 902/914/63
f 892/904/54 904/916/54 903/915/54
f 893/905/44 905/917/44 904/916/44
f 894/906/35 906/918/35 905/917/35
f 895/907/25 907/919/25 906/918/25
f 896/908/275 908/920/275 871/883/275
f 897/909/276 909/921/276 908/920/276
f 898/910/277 910/922/277 909/921/277
f 899/911/278 911/923/278 910/922/278
f 900/912/279 912/924/279 911/923/279
f 901/913/280 913/925/280 912/924/280
f 902/914/281 914/926/281 913/925/281
f 903/915/282 915/927/282 914/926/282
f 904/916/283 916/928/283 915/927/283
f 905/917/284 917/929/284 916/928/284
f 906/918/285 918/930/285 917/929/285
f 907/919/262 919/931/262 918/930/262
f 908/920/16 920/932/16 883/895/16
f 909/921/119 921/933/119 920/932/119
f 910/922/110 922/934/110 921/933/110
f 911/923/100 923/935/100 922/934/100
f 912/924/91 924/936/91 923/935/91
f 913/925/81 925/937/81 924/936/81
f 914/926/72 926/938/72 925/937/72
f 915/927/63 927/939/63 926/938/63
f 916/928/54 928/940/54 927/939/54
f 917/929/44 929/941/44 928/940/44
f 918/930/35 930/942/35 929/941/35
f 919/931/25 931/943/25 930/942/25
f 920/932/263 932/944/263 895/907/263
f 921/933/264 933/945/264 932/944/264
f 922/934/265 934/946/265 933/945/265
f 923/935/266 935/947/266 934/946/266
f 924/936/267 936/948/267 935/947/267
f 925/937/268 937/949/268 936/948/268
f 926/938/269 938/950/269 937/949/269
f 927/939/270 939/951/270 938/950/270
f 928/940/271 940/952/271 939/951/271
f 929/941/272 941/953/272 940/952/272
f 930/942/273 942/954/273 941/953/273
f 931/943/274 943/955/274 942/954/274
f 932/944/16 944/956/16 907/919/16
f 933/945/119 945/957/119 944/956/119
f 934/946/110 946/958/110 945/957/110
f 935/947/100 947/959/100 946/958/100
f 936/948/91 948/960/91 947/959/91
f 937/949/81 949/961/81 948/960/81
f 938/950/72 950/962/72 949/961/72
f 939/951/63 951/963/63 950/962/63
f 940/952/54 952/964/54 951/963/54
f 941/953/44 953/965/44 952/964/44
f 942/954/35 954/966/35 953/965/35
f 943/955/25 955/967/25 954/966/25
f 944/956/275 956/968/275 919/931/275
f 945/957/276 957/969/276 956/968/276
f 946/958/277 958/970/277 957/969/277
f 947/959/278 959/971/278 958/970/278
f 948/960/279 960/972/279 959/971/279
f 949/961/280 961/973/280 960/972/280
f 950/962/281 962/974/281 961/973/281
f 951/963/282 963/975/282 962/974/282
f 952/964/283 964/976/283 963/975/283
f 953/965/284 965/977/284 964/976/284
f 954/966/285 966/978/285 965/977/285
f 955/967/262 967/979/262 966/978/262
f 956/968/16 968/980/16 931/943/16
f 957/969/119 969/981/119 968/980/119
f 958/970/110 970/982/110 969/981/110
f 959/971/100 971/983/100 970/982/100
f 960/972/91 972/984/91 971/983/91
f 961/973/81 973/985/81 972/984/81
f 962/974/72 974/986/72 973/985/72
f 963/975/63 975/987/63 974/986/63
f 964/976/54 976/988/54 975/987/54
f 965/977/44 977/989/44 976/988/44
f 966/978/35 978/990/35 977/989/35
f 967/979/25 979/991/25 978/990/25
f 968/980/263 980/992/263 943/955/263
f 969/981/264 981/993/264 980/992/264
f 970/982/265 982/994/265 981/993/265
f 971/983/266 983/995/266 982/994/266
f 972/984/267 984/996/267 983/995/267
f 973/985/268 985/997/268 984/996/268
f 974/986/269 986/998/269 985/997/269
f 975/987/270 987/999/270 986/998/270
f 976/988/271 988/1000/271 987/999/271
f 977/989/272 989/1001/272 988/1000/272
f 978/990/273 990/1002/273 989/1001/273
f 979/991/286 991/1003/286 990/1002/286
f 980/992/16 992/1004/16 955/967/16
f 981/993/119 993/1005/119 992/1004/119
f 982/994/110 994/1006/110 993/1005/110
f 983/995/100 995/1007/100 994/1006/100
f 984/996/91 996/1008/91 995/1007/91
f 985/997/81 997/1009/81 996/1008/81
f 986/998/72 998/1010/72 997/1009/72
f 987/999/63 999/1011/63 998/1010/63
f 988/1000/54 1000/1012/54 999/1011/54
f 989/1001/44 1001/1013/44 1000/1012/44
f 1002/1014/287 1001/1013/287 989/1001/287
f 991/1003/210 1003/1015/210 1002/1014/210
f 992/1004/275 1004/1016/275 967/979/275
f 993/1005/276 1005/1017/276 1004/1016/276
f 994/1006/277 1006/1018/277 1005/1017/277
f 995/1007/278 1007/1019/278 1006/1018/278
f 996/1008/279 1008/1020/279 1007/1019/279
f 997/1009/280 1009/1021/280 1008/1020/280
f 998/1010/281 1010/1022/281 1009/1021/281
f 999/1011/282 1011/1023/282 1010/1022/282
f 1000/1012/283 1012/1024/283 1011/1023/283
f 1001/1013/284 1013/1025/284 1012/1024/284
f 1002/1014/288 1014/1026/288 1013/1025/288
f 1003/1015/289 1015/1027/289 1014/1026/289
f 1004/1016/16 1016/1028/16 979/991/16
f 1005/1017/119 1017/1029/119 1016/1028/119
f 1006/1018/110 1018/1030/110 1017/1029/110
f 1007/1019/100 1019/1031/100 1018/1030/100
f 1008/1020/91 1020/1032/91 1019/1031/91
f 1009/1021/81 1021/1033/81 1020/1032/81
f 1010/1022/72 1022/1034/72 1021/1033/72
f 1011/1023/63 1023/1035/63 1022/1034/63
f 1012/1024/54 1024/1036/54 1023/1035/54
f 1013/1025/44 1025/1037/44 1024/1036/44
f 1014/1026/35 1026/1038/35 1025/1037/35
f 1027/1039/290 1026/1038/290 1014/1026/290
f 1016/1028/291 1028/1040/291 991/1003/291
f 1017/1029/292 1029/1041/292 1028/1040/292
f 1018/1030/293 1030/1042/293 1029/1041/293
f 1019/1031/294 1031/1043/294 1030/1042/294
f 1020/1032/295 1032/1044/295 1031/1043/295
f 1021/1033/296 1033/1045/296 1032/1044/296
f 1022/1034/297 1034/1046/297 1033/1045/297
f 1023/1035/298 1035/1047/298 1034/1046/298
f 1024/1036/299 1036/1048/299 1035/1047/299
f 1025/1037/300 1037/1049/300 1036/1048/300
f 1026/1038/301 1038/1050/301 1037/1049/301
f 1027/1039/210 1039/1051/210 1038/1050/210
f 1028/1040/199 1040/1052/199 1003/1015/199
f 1029/1041/200 1041/1053/200 1040/1052/200
f 1030/1042/201 1042/1054/201 1041/1053/201
f 1031/1043/211 1043/1055/211 1042/1054/211
f 1032/1044/203 1044/1056/203 1043/1055/203
f 1033/1045/204 1045/1057/204 1044/1056/204
f 1034/1046/205 1046/1058/205 1045/1057/205
f 1035/1047/206 1047/1059/206 1046/1058/206
f 1036/1048/302 1048/1060/302 1047/1059/302
f 1037/1049/208 1049/1061/208 1048/1060/208
f 1038/1050/209 1050/1062/209 1049/1061/209
f 1039/1051/210 1051/1063/210 1050/1062/210
f 1040/1052/199 1052/1064/199 1015/1027/199
f 1041/1053/200 1053/1065/200 1052/1064/200
f 1042/1054/201 1054/1066/201 1053/1065/201
f 1043/1055/211 1055/1067/211 1054/1066/211
f 1044/1056/203 1056/1068/203 1055/1067/203
f 1045/1057/204 1057/1069/204 1056/1068/204
f 1046/1058/205 1058/1070/205 1057/1069/205
f 1047/1059/206 1059/1071/206 1058/1070/206
f 1048/1060/207 1060/1072/207 1059/1071/207
f 1049/1061/208 1061/1073/208 1060/1072/208
f 1050/1062/209 1062/1074/209 1061/1073/209
f 1051/1063/210 1063/1075/210 1062/1074/210
f 1052/1064/303 1064/1076/303 1027/1039/303
f 1053/1065/200 1065/1077/200 1064/1076/200
f 1054/1066/201 1066/1078/201 1065/1077/201
f 1055/1067/304 1067/1079/304 1066/1078/304
f 1056/1068/305 1068/1080/305 1067/1079/305
f 1057/1069/306 1069/1081/306 1068/1080/306
f 1058/1070/307 1070/1082/307 1069/1081/307
f 1059/1071/206 1071/1083/206 1070/1082/206
f 1060/1072/207 1072/1084/207 1071/1083/207
f 1061/1073/308 1073/1085/308 1072/1084/308
f 1062/1074/209 1074/1086/209 1073/1085/209
f 1064/1076/199 1075/1087/199 1039/1051/199
f 1065/1077/200 1076/1088/200 1075/1087/200
f 1066/1078/201 1077/1089/201 1076/1088/201
f 1067/1079/211 1078/1090/211 1077/1089/211
f 1068/1080/203 1079/1091/203 1078/1090/203
f 1069/1081/204 1080/1092/204 1079/1091/204
f 1070/1082/205 1081/1093/205 1080/1092/205
f 1071/1083/206 1082/1094/206 1081/1093/206
f 1072/1084/207 1083/1095/207 1082/1094/207
f 1073/1085/208 1084/1096/208 1083/1095/208
f 1074/1086/209 1085/1097/209 1084/1096/209
f 1075/1087/199 1086/1098/199 1051/1063/199
f 1076/1088/200 1087/1099/200 1086/1098/200
f 1077/1089/201 1088/1100/201 1087/1099/201
f 1078/1090/211 1089/1101/211 1088/1100/211
f 1079/1091/305 1090/1102/305 1089/1101/305
f 1080/1092/204 1091/1103/204 1090/1102/204
f 1086/1098/199 1092/1104/199 1063/1075/199
f 1087/1099/200 1093/1105/200 1092/1104/200
f 1088/1100/201 1094/1106/201 1093/1105/201
f 1089/1101/211 1095/1107/211 1094/1106/211
f 1090/1102/305 1096/1108/305 1095/1107/305
