# Blender 3.6.0
# www.blender.org
mtllib Sword.mtl
o 歯車小.002
v 0.025964 5.490153 0.185448
v 0.025964 1.947946 0.185449
v 0.025964 4.680966 0.644116
v -0.018218 5.908345 0.185448
v -0.062399 5.490153 0.185448
v -0.018218 4.680966 0.885448
v -0.062399 4.680966 0.644116
v -0.018218 1.947946 0.885449
v 0.025964 1.947946 0.644117
v -0.062399 1.947946 0.644117
v -0.062399 1.947946 0.185449
v -0.068574 1.947946 0.178919
v -0.068963 1.947946 0.372176
v 0.032138 1.947946 0.178919
v -0.068574 1.867688 0.025578
v 0.032138 1.867688 0.025578
v -0.068574 1.607578 0.025578
v -0.068963 1.607578 0.372176
v 0.032138 1.607578 0.025578
v 0.032527 1.607578 0.372176
v 0.032527 1.867688 0.372176
v -0.068963 1.867688 0.372176
v 0.033695 1.867688 0.630627
v -0.018218 1.867688 0.908971
v 0.033695 1.947946 0.630627
v -0.070130 1.867688 0.630627
v -0.070130 1.947946 0.630627
v -0.018218 1.947946 0.908971
v 0.032527 1.947946 0.372176
v -0.121611 2.848952 -0.046580
v -0.088798 2.848952 -0.046580
v -0.121611 2.860275 -0.045089
v -0.121611 2.847810 -0.055255
v -0.121611 2.836486 -0.053764
v -0.088798 2.847810 -0.055255
v -0.088798 2.836486 -0.053764
v -0.088798 2.837629 -0.045089
v -0.121611 2.837629 -0.045089
v -0.088798 2.827077 -0.040718
v -0.121611 2.827077 -0.040718
v -0.088798 2.821751 -0.047660
v -0.121611 2.821751 -0.047660
v -0.088798 2.812690 -0.040708
v -0.121611 2.812690 -0.040708
v -0.088798 2.818016 -0.033766
v -0.121611 2.818016 -0.033766
v -0.088798 2.811063 -0.024705
v -0.121611 2.811063 -0.024705
v -0.088798 2.802979 -0.028053
v -0.121611 2.802979 -0.028053
v -0.088798 2.798609 -0.017502
v -0.121611 2.798609 -0.017502
v -0.088798 2.806693 -0.014153
v -0.121611 2.806693 -0.014153
v -0.088798 2.805202 -0.002830
v -0.121611 2.805202 -0.002830
v -0.088798 2.796527 -0.001688
v -0.121611 2.796527 -0.001688
v -0.088798 2.798018 0.009636
v -0.121611 2.798018 0.009636
v -0.088798 2.806693 0.008494
v -0.121611 2.806693 0.008494
v -0.088798 2.811063 0.019045
v -0.121611 2.811063 0.019045
v -0.088798 2.804121 0.024372
v -0.121611 2.804121 0.024372
v -0.088798 2.811074 0.033433
v -0.121611 2.811074 0.033433
v -0.088798 2.818016 0.028106
v -0.121611 2.818016 0.028106
v -0.088798 2.827077 0.035059
v -0.121611 2.827077 0.035059
v -0.088798 2.823729 0.043143
v -0.121611 2.823729 0.043143
v -0.088798 2.834280 0.047513
v -0.121611 2.834280 0.047513
v -0.088798 2.837629 0.039429
v -0.121611 2.837629 0.039429
v -0.088798 2.848952 0.040920
v -0.121611 2.848952 0.040920
v -0.088798 2.850094 0.049595
v -0.121611 2.850094 0.049595
v -0.088798 2.861418 0.048105
v -0.121611 2.861418 0.048105
v -0.088798 2.860275 0.039429
v -0.121611 2.860275 0.039429
v -0.088798 2.870827 0.035059
v -0.121611 2.870827 0.035059
v -0.088798 2.876153 0.042001
v -0.121611 2.876153 0.042001
v -0.088798 2.885215 0.035048
v -0.121611 2.885215 0.035048
v -0.088798 2.879888 0.028106
v -0.121611 2.879888 0.028106
v -0.088798 2.886841 0.019045
v -0.121611 2.886841 0.019045
v -0.088798 2.894925 0.022394
v -0.121611 2.894925 0.022394
v -0.088798 2.899295 0.011842
v -0.121611 2.899295 0.011842
v -0.088798 2.891212 0.008494
v -0.121611 2.891212 0.008494
v -0.088798 2.892702 -0.002830
v -0.121611 2.892702 -0.002830
v -0.088798 2.901377 -0.003972
v -0.121611 2.901377 -0.003972
v -0.088798 2.899887 -0.015295
v -0.121611 2.899887 -0.015295
v -0.088798 2.891212 -0.014153
v -0.121611 2.891212 -0.014153
v -0.088798 2.886841 -0.024705
v -0.121611 2.886841 -0.024705
v -0.088798 2.893783 -0.030031
v -0.121611 2.893783 -0.030031
v -0.088798 2.886830 -0.039092
v -0.121611 2.886830 -0.039092
v -0.088798 2.879888 -0.033766
v -0.121611 2.879888 -0.033766
v -0.088798 2.870827 -0.040718
v -0.121611 2.870827 -0.040718
v -0.088798 2.874176 -0.048802
v -0.121611 2.874176 -0.048802
v -0.088798 2.863624 -0.053173
v -0.121611 2.863624 -0.053173
v -0.088798 2.860275 -0.045089
v -0.018218 0.056114 -0.064769
v -0.004561 0.056114 -0.063424
v -0.031874 0.056114 -0.063424
v -0.018218 0.155092 -0.082279
v -0.018218 0.254156 -0.064769
v -0.001145 0.155092 -0.080597
v -0.035290 0.155092 -0.080597
v -0.031874 0.254156 -0.063424
v -0.051706 0.155092 -0.075617
v -0.045006 0.056114 -0.059440
v -0.045006 0.254156 -0.059440
v -0.066836 0.155092 -0.067531
v -0.057108 0.056114 -0.052972
v -0.057108 0.254156 -0.052972
v -0.080097 0.155092 -0.056648
v -0.067715 0.056114 -0.044266
v -0.067715 0.254156 -0.044266
v -0.090979 0.155092 -0.043387
v -0.076421 0.056114 -0.033659
v -0.076421 0.254156 -0.033659
v -0.099066 0.155092 -0.028257
v -0.082889 0.056114 -0.021557
v -0.082889 0.254156 -0.021557
v -0.104046 0.155092 -0.011841
v -0.086873 0.056114 -0.008425
v -0.086873 0.254156 -0.008425
v -0.105728 0.155092 0.005231
v -0.088218 0.056114 0.005231
v -0.088218 0.254156 0.005231
v -0.104046 0.155092 0.022304
v -0.086873 0.056114 0.018888
v -0.086873 0.254156 0.018888
v -0.099066 0.155092 0.038720
v -0.082889 0.056114 0.032019
v -0.082889 0.254156 0.032019
v -0.090979 0.155092 0.053849
v -0.076421 0.056114 0.044121
v -0.076421 0.254156 0.044121
v -0.080097 0.155092 0.067110
v -0.067715 0.056114 0.054729
v -0.067715 0.254156 0.054729
v -0.066836 0.155092 0.077993
v -0.057108 0.056114 0.063434
v -0.057108 0.254156 0.063434
v -0.051706 0.155092 0.086080
v -0.045006 0.056114 0.069903
v -0.045006 0.254156 0.069903
v -0.035290 0.155092 0.091060
v -0.031874 0.056114 0.073886
v -0.031874 0.254156 0.073886
v -0.018218 0.155092 0.092741
v -0.018218 0.056114 0.075231
v -0.018218 0.254156 0.075231
v -0.001145 0.155092 0.091060
v -0.004561 0.056114 0.073886
v -0.004561 0.254156 0.073886
v 0.015271 0.155092 0.086080
v 0.008570 0.056114 0.069903
v 0.008570 0.254156 0.069903
v 0.030400 0.155092 0.077993
v 0.020672 0.056114 0.063434
v 0.020672 0.254156 0.063434
v 0.043661 0.155092 0.067110
v 0.031280 0.056114 0.054729
v 0.031280 0.254156 0.054729
v 0.054544 0.155092 0.053849
v 0.039985 0.056114 0.044121
v 0.039985 0.254156 0.044121
v 0.062631 0.155092 0.038720
v 0.046454 0.056114 0.032019
v 0.046454 0.254156 0.032019
v 0.067611 0.155092 0.022304
v 0.050437 0.056114 0.018888
v 0.050437 0.254156 0.018888
v 0.069292 0.155092 0.005231
v 0.051782 0.056114 0.005231
v 0.051782 0.254156 0.005231
v 0.067611 0.155092 -0.011841
v 0.050437 0.056114 -0.008425
v 0.050437 0.254156 -0.008425
v 0.062631 0.155092 -0.028257
v 0.046454 0.056114 -0.021557
v 0.046454 0.254156 -0.021557
v 0.054544 0.155092 -0.043387
v 0.039985 0.056114 -0.033659
v 0.039985 0.254156 -0.033659
v 0.043661 0.155092 -0.056648
v 0.031280 0.056114 -0.044266
v 0.031280 0.254156 -0.044266
v 0.030400 0.155092 -0.067531
v 0.020672 0.056114 -0.052972
v 0.020672 0.254156 -0.052972
v 0.015271 0.155092 -0.075617
v 0.008570 0.056114 -0.059440
v 0.008570 0.254156 -0.059440
v 0.008570 0.353177 -0.059440
v -0.004561 0.254156 -0.063424
v -0.004561 0.353177 -0.063424
v -0.001457 0.452198 -0.079029
v -0.018218 0.353177 -0.064769
v -0.018218 0.452198 -0.080680
v -0.031874 0.353177 -0.063424
v -0.034978 0.452198 -0.079029
v -0.045006 0.353177 -0.059440
v -0.051094 0.452198 -0.074140
v -0.057108 0.353177 -0.052972
v -0.065947 0.452198 -0.066201
v -0.067715 0.353177 -0.044266
v -0.078966 0.452198 -0.055517
v -0.076421 0.353177 -0.033659
v -0.089650 0.452198 -0.042498
v -0.082889 0.353177 -0.021557
v -0.097589 0.452198 -0.027645
v -0.086873 0.353177 -0.008425
v -0.102478 0.452198 -0.011529
v -0.088218 0.353177 0.005231
v -0.104129 0.452198 0.005231
v -0.086873 0.353177 0.018888
v -0.102478 0.452198 0.021992
v -0.082889 0.353177 0.032019
v -0.097589 0.452198 0.038108
v -0.076421 0.353177 0.044121
v -0.089650 0.452198 0.052961
v -0.067715 0.353177 0.054729
v -0.078966 0.452198 0.065980
v -0.057108 0.353177 0.063434
v -0.065947 0.452198 0.076664
v -0.045006 0.353177 0.069903
v -0.051094 0.452198 0.084603
v -0.031874 0.353177 0.073886
v -0.034978 0.452198 0.089492
v -0.018218 0.353177 0.075231
v -0.018218 0.452198 0.091142
v -0.004561 0.353177 0.073886
v -0.001457 0.452198 0.089492
v 0.008570 0.353177 0.069903
v 0.014659 0.452198 0.084603
v 0.020672 0.353177 0.063434
v 0.029512 0.452198 0.076664
v 0.031280 0.353177 0.054729
v 0.042531 0.452198 0.065980
v 0.039985 0.353177 0.044121
v 0.053215 0.452198 0.052961
v 0.046454 0.353177 0.032019
v 0.061154 0.452198 0.038108
v 0.050437 0.353177 0.018888
v 0.066043 0.452198 0.021992
v 0.051782 0.353177 0.005231
v 0.067693 0.452198 0.005231
v 0.050437 0.353177 -0.008425
v 0.066043 0.452198 -0.011529
v 0.046454 0.353177 -0.021557
v 0.061154 0.452198 -0.027645
v 0.039985 0.353177 -0.033659
v 0.053215 0.452198 -0.042498
v 0.031280 0.353177 -0.044266
v 0.042531 0.452198 -0.055517
v 0.020672 0.353177 -0.052972
v 0.029512 0.452198 -0.066201
v 0.020672 0.551219 -0.052972
v 0.014659 0.452198 -0.074140
v 0.008570 0.551219 -0.059440
v 0.008570 0.650239 -0.059440
v -0.004561 0.551219 -0.063424
v -0.004561 0.650239 -0.063424
v -0.018218 0.551219 -0.064769
v -0.018218 0.650239 -0.064769
v -0.031874 0.551219 -0.063424
v -0.031874 0.650239 -0.063424
v -0.045006 0.551219 -0.059440
v -0.045006 0.650239 -0.059440
v -0.057108 0.551219 -0.052972
v -0.057108 0.650239 -0.052972
v -0.067715 0.551219 -0.044266
v -0.067715 0.650239 -0.044266
v -0.076421 0.551219 -0.033659
v -0.076421 0.650239 -0.033659
v -0.082889 0.551219 -0.021557
v -0.082889 0.650239 -0.021557
v -0.086873 0.551219 -0.008425
v -0.086873 0.650239 -0.008425
v -0.088218 0.551219 0.005231
v -0.088218 0.650239 0.005231
v -0.086873 0.551219 0.018888
v -0.086873 0.650239 0.018888
v -0.082889 0.551219 0.032019
v -0.082889 0.650239 0.032019
v -0.076421 0.551219 0.044121
v -0.076421 0.650239 0.044121
v -0.067715 0.551219 0.054729
v -0.067715 0.650239 0.054729
v -0.057108 0.551219 0.063434
v -0.057108 0.650239 0.063434
v -0.045006 0.551219 0.069903
v -0.045006 0.650239 0.069903
v -0.031874 0.551219 0.073886
v -0.031874 0.650239 0.073886
v -0.018218 0.551219 0.075231
v -0.018218 0.650239 0.075231
v -0.004561 0.551219 0.073886
v -0.004561 0.650239 0.073886
v 0.008570 0.551219 0.069903
v 0.008570 0.650239 0.069903
v 0.020672 0.551219 0.063434
v 0.020672 0.650239 0.063434
v 0.031280 0.551219 0.054729
v 0.031280 0.650239 0.054729
v 0.039985 0.551219 0.044121
v 0.039985 0.650239 0.044121
v 0.046454 0.551219 0.032019
v 0.046454 0.650239 0.032019
v 0.050437 0.551219 0.018888
v 0.050437 0.650239 0.018888
v 0.051782 0.551219 0.005231
v 0.051782 0.650239 0.005231
v 0.050437 0.551219 -0.008425
v 0.050437 0.650239 -0.008425
v 0.046454 0.551219 -0.021557
v 0.046454 0.650239 -0.021557
v 0.039985 0.551219 -0.033659
v 0.039985 0.650239 -0.033659
v 0.031280 0.551219 -0.044266
v 0.031280 0.650239 -0.044266
v 0.041028 0.749260 -0.054014
v 0.020672 0.650239 -0.052972
v 0.028331 0.749260 -0.064434
v 0.020672 0.848281 -0.052972
v 0.013846 0.749260 -0.072177
v 0.008570 0.848281 -0.059440
v -0.001872 0.749260 -0.076944
v -0.004561 0.848281 -0.063424
v -0.018218 0.749260 -0.078554
v -0.018218 0.848281 -0.064769
v -0.034563 0.749260 -0.076944
v -0.031874 0.848281 -0.063424
v -0.050281 0.749260 -0.072177
v -0.045006 0.848281 -0.059440
v -0.064767 0.749260 -0.064434
v -0.057108 0.848281 -0.052972
v -0.077463 0.749260 -0.054014
v -0.067715 0.848281 -0.044266
v -0.087883 0.749260 -0.041318
v -0.076421 0.848281 -0.033659
v -0.095626 0.749260 -0.026832
v -0.082889 0.848281 -0.021557
v -0.100393 0.749260 -0.011114
v -0.086873 0.848281 -0.008425
v -0.102003 0.749260 0.005231
v -0.088218 0.848281 0.005231
v -0.100393 0.749260 0.021577
v -0.086873 0.848281 0.018888
v -0.095626 0.749260 0.037295
v -0.082889 0.848281 0.032019
v -0.087883 0.749260 0.051780
v -0.076421 0.848281 0.044121
v -0.077463 0.749260 0.064477
v -0.067715 0.848281 0.054729
v -0.064767 0.749260 0.074897
v -0.057108 0.848281 0.063434
v -0.050281 0.749260 0.082639
v -0.045006 0.848281 0.069903
v -0.034563 0.749260 0.087407
v -0.031874 0.848281 0.073886
v -0.018218 0.749260 0.089017
v -0.018218 0.848281 0.075231
v -0.001872 0.749260 0.087407
v -0.004561 0.848281 0.073886
v 0.013846 0.749260 0.082639
v 0.008570 0.848281 0.069903
v 0.028331 0.749260 0.074897
v 0.020672 0.848281 0.063434
v 0.041028 0.749260 0.064477
v 0.031280 0.848281 0.054729
v 0.051448 0.749260 0.051780
v 0.039985 0.848281 0.044121
v 0.059190 0.749260 0.037295
v 0.046454 0.848281 0.032019
v 0.063958 0.749260 0.021577
v 0.050437 0.848281 0.018888
v 0.065568 0.749260 0.005231
v 0.051782 0.848281 0.005231
v 0.063958 0.749260 -0.011114
v 0.050437 0.848281 -0.008425
v 0.059190 0.749260 -0.026832
v 0.046454 0.848281 -0.021557
v 0.051448 0.749260 -0.041318
v 0.039985 0.848281 -0.033659
v 0.031280 0.848281 -0.044266
v 0.030782 1.729006 0.149064
v 0.065782 1.729006 0.149064
v 0.030782 1.747123 0.151449
v 0.030782 1.727179 0.135184
v 0.030782 1.709061 0.137569
v 0.065782 1.727179 0.135184
v 0.065782 1.709061 0.137569
v 0.065782 1.710889 0.151449
v 0.030782 1.710889 0.151449
v 0.065782 1.694006 0.158442
v 0.030782 1.694006 0.158442
v 0.065782 1.685483 0.147335
v 0.065782 1.670986 0.158459
v 0.030782 1.685483 0.147335
v 0.030782 1.670986 0.158459
v 0.030782 1.679509 0.169566
v 0.065782 1.679509 0.169566
v 0.030782 1.668384 0.184064
v 0.030782 1.704257 0.194315
v 0.030782 1.711506 0.188753
v 0.030782 1.698695 0.201564
v 0.065782 1.704257 0.194315
v 0.065782 1.698695 0.201564
v 0.065782 1.711506 0.188753
v 0.065782 1.719947 0.185256
v 0.065782 1.729006 0.184064
v 0.030782 1.719947 0.185256
v 0.030782 1.729006 0.184064
v 0.030782 1.738065 0.185256
v 0.065782 1.738065 0.185256
v 0.030782 1.746506 0.188753
v 0.065782 1.746506 0.188753
v 0.030782 1.753755 0.194315
v 0.030782 1.759317 0.201564
v 0.065782 1.753755 0.194315
v 0.065782 1.759317 0.201564
v 0.065782 1.762814 0.210005
v 0.065782 1.764006 0.219064
v 0.030782 1.762814 0.210005
v 0.030782 1.764006 0.219064
v 0.030782 1.762814 0.228123
v 0.065782 1.762814 0.228123
v 0.030782 1.759317 0.236564
v 0.030782 1.753755 0.243813
v 0.065782 1.759317 0.236564
v 0.065782 1.753755 0.243813
v 0.065782 1.746506 0.249375
v 0.065782 1.764006 0.279686
v 0.065782 1.738065 0.252871
v 0.030782 1.746506 0.249375
v 0.030782 1.738065 0.252871
v 0.030782 1.729006 0.254064
v 0.030782 1.719947 0.252871
v 0.065782 1.729006 0.254064
v 0.065782 1.719947 0.252871
v 0.065782 1.711506 0.249375
v 0.030782 1.711506 0.249375
v 0.065782 1.704257 0.243813
v 0.065782 1.698695 0.236564
v 0.030782 1.704257 0.243813
v 0.030782 1.698695 0.236564
v 0.030782 1.695199 0.228123
v 0.065782 1.695199 0.228123
v 0.030782 1.694006 0.219064
v 0.065782 1.694006 0.219064
v 0.030782 1.695199 0.210005
v 0.065782 1.695199 0.210005
v 0.030782 1.764006 0.279686
v 0.065782 1.747123 0.286679
v 0.065782 1.772529 0.290793
v 0.030782 1.772529 0.290793
v 0.065782 1.787026 0.279668
v 0.065782 1.778504 0.268561
v 0.030782 1.787026 0.279668
v 0.030782 1.778504 0.268561
v 0.030782 1.789628 0.254064
v 0.065782 1.789628 0.254064
v 0.030782 1.802562 0.259421
v 0.065782 1.802562 0.259421
v 0.030782 1.809555 0.242539
v 0.065782 1.809555 0.242539
v 0.030782 1.796621 0.237181
v 0.065782 1.796621 0.237181
v 0.030782 1.799006 0.219064
v 0.065782 1.799006 0.219064
v 0.030782 1.812886 0.217236
v 0.065782 1.812886 0.217236
v 0.030782 1.810501 0.199119
v 0.065782 1.810501 0.199119
v 0.030782 1.796621 0.200947
v 0.065782 1.796621 0.200947
v 0.030782 1.789628 0.184064
v 0.065782 1.789628 0.184064
v 0.030782 1.800735 0.175541
v 0.065782 1.800735 0.175541
v 0.030782 1.789611 0.161044
v 0.030782 1.778504 0.169566
v 0.065782 1.789611 0.161044
v 0.065782 1.778504 0.169566
v 0.065782 1.764006 0.158442
v 0.030782 1.764006 0.158442
v 0.065782 1.769364 0.145508
v 0.030782 1.769364 0.145508
v 0.065782 1.752481 0.138515
v 0.065782 1.747123 0.151449
v 0.030782 1.752481 0.138515
v 0.030782 1.747123 0.286679
v 0.065782 1.748951 0.300559
v 0.065782 1.730834 0.302944
v 0.030782 1.748951 0.300559
v 0.030782 1.730834 0.302944
v 0.030782 1.729006 0.289064
v 0.065782 1.729006 0.289064
v 0.030782 1.710889 0.286679
v 0.065782 1.710889 0.286679
v 0.030782 1.705531 0.299613
v 0.065782 1.705531 0.299613
v 0.030782 1.688649 0.292620
v 0.065782 1.688649 0.292620
v 0.030782 1.694006 0.279686
v 0.030782 1.679509 0.268561
v 0.065782 1.694006 0.279686
v 0.065782 1.679509 0.268561
v 0.065782 1.668402 0.277084
v 0.065782 1.657277 0.262587
v 0.030782 1.668402 0.277084
v 0.030782 1.657277 0.262587
v 0.030782 1.668384 0.254064
v 0.030782 1.661391 0.237181
v 0.065782 1.668384 0.254064
v 0.065782 1.661391 0.237181
v 0.065782 1.647511 0.239009
v 0.030782 1.647511 0.239009
v 0.065782 1.645126 0.220891
v 0.030782 1.645126 0.220891
v 0.065782 1.659006 0.219064
v 0.030782 1.659006 0.219064
v 0.065782 1.661391 0.200947
v 0.030782 1.661391 0.200947
v 0.065782 1.648457 0.195589
v 0.065782 1.655450 0.178706
v 0.030782 1.648457 0.195589
v 0.030782 1.655450 0.178706
v 0.065782 1.668384 0.184064
v 0.030782 1.868316 0.233739
v 0.065782 1.868316 0.233739
v 0.030782 1.886434 0.236124
v 0.030782 1.866489 0.219859
v 0.030782 1.848372 0.222244
v 0.065782 1.866489 0.219859
v 0.065782 1.848372 0.222244
v 0.065782 1.850199 0.236124
v 0.030782 1.850199 0.236124
v 0.065782 1.833316 0.243117
v 0.030782 1.833316 0.243117
v 0.065782 1.824794 0.232010
v 0.065782 1.810296 0.243134
v 0.030782 1.824794 0.232010
v 0.030782 1.810296 0.243134
v 0.030782 1.818819 0.254241
v 0.065782 1.818819 0.254241
v 0.030782 1.807694 0.268739
v 0.030782 1.843567 0.278990
v 0.030782 1.850816 0.273428
v 0.030782 1.838005 0.286239
v 0.065782 1.843567 0.278990
v 0.065782 1.838005 0.286239
v 0.065782 1.850816 0.273428
v 0.065782 1.859257 0.269931
v 0.065782 1.868316 0.268739
v 0.030782 1.859257 0.269931
v 0.030782 1.868316 0.268739
v 0.030782 1.877375 0.269931
v 0.065782 1.877375 0.269931
v 0.030782 1.885816 0.273428
v 0.065782 1.885816 0.273428
v 0.030782 1.893065 0.278990
v 0.030782 1.898627 0.286239
v 0.065782 1.893065 0.278990
v 0.065782 1.898627 0.286239
v 0.065782 1.902124 0.294680
v 0.065782 1.903316 0.303739
v 0.030782 1.902124 0.294680
v 0.030782 1.903316 0.303739
v 0.030782 1.902124 0.312798
v 0.065782 1.902124 0.312798
v 0.030782 1.898627 0.321239
v 0.030782 1.893065 0.328488
v 0.065782 1.898627 0.321239
v 0.065782 1.893065 0.328488
v 0.065782 1.885816 0.334050
v 0.065782 1.903316 0.364361
v 0.065782 1.877375 0.337546
v 0.030782 1.885816 0.334050
v 0.030782 1.877375 0.337546
v 0.030782 1.868316 0.338739
v 0.030782 1.859257 0.337546
v 0.065782 1.868316 0.338739
v 0.065782 1.859257 0.337546
v 0.065782 1.850816 0.334050
v 0.030782 1.850816 0.334050
v 0.065782 1.843567 0.328488
v 0.065782 1.838005 0.321239
v 0.030782 1.843567 0.328488
v 0.030782 1.838005 0.321239
v 0.030782 1.834509 0.312798
v 0.065782 1.834509 0.312798
v 0.030782 1.833316 0.303739
v 0.065782 1.833316 0.303739
v 0.030782 1.834509 0.294680
v 0.065782 1.834509 0.294680
v 0.030782 1.903316 0.364361
v 0.065782 1.886434 0.371354
v 0.065782 1.911839 0.375468
v 0.030782 1.911839 0.375468
v 0.065782 1.926336 0.364343
v 0.065782 1.917814 0.353236
v 0.030782 1.926336 0.364343
v 0.030782 1.917814 0.353236
v 0.030782 1.928938 0.338739
v 0.065782 1.928938 0.338739
v 0.030782 1.941872 0.344096
v 0.065782 1.941872 0.344096
v 0.030782 1.948865 0.327214
v 0.065782 1.948865 0.327214
v 0.030782 1.935931 0.321856
v 0.065782 1.935931 0.321856
v 0.030782 1.938316 0.303739
v 0.065782 1.938316 0.303739
v 0.030782 1.952197 0.301912
v 0.065782 1.952197 0.301912
v 0.030782 1.949811 0.283794
v 0.065782 1.949811 0.283794
v 0.030782 1.935931 0.285622
v 0.065782 1.935931 0.285622
v 0.030782 1.928938 0.268739
v 0.065782 1.928938 0.268739
v 0.030782 1.940045 0.260216
v 0.065782 1.940045 0.260216
v 0.030782 1.928921 0.245719
v 0.030782 1.917814 0.254241
v 0.065782 1.928921 0.245719
v 0.065782 1.917814 0.254241
v 0.065782 1.903316 0.243117
v 0.030782 1.903316 0.243117
v 0.065782 1.908674 0.230183
v 0.030782 1.908674 0.230183
v 0.065782 1.891791 0.223190
v 0.065782 1.886434 0.236124
v 0.030782 1.891791 0.223190
v 0.030782 1.886434 0.371354
v 0.065782 1.888261 0.385234
v 0.065782 1.870144 0.387619
v 0.030782 1.888261 0.385234
v 0.030782 1.870144 0.387619
v 0.030782 1.868316 0.373739
v 0.065782 1.868316 0.373739
v 0.030782 1.850199 0.371354
v 0.065782 1.850199 0.371354
v 0.030782 1.844841 0.384288
v 0.065782 1.844841 0.384288
v 0.030782 1.827959 0.377295
v 0.065782 1.827959 0.377295
v 0.030782 1.833316 0.364361
v 0.030782 1.818819 0.353236
v 0.065782 1.833316 0.364361
v 0.065782 1.818819 0.353236
v 0.065782 1.807712 0.361759
v 0.065782 1.796587 0.347262
v 0.030782 1.807712 0.361759
v 0.030782 1.796587 0.347262
v 0.030782 1.807694 0.338739
v 0.030782 1.800701 0.321856
v 0.065782 1.807694 0.338739
v 0.065782 1.800701 0.321856
v 0.065782 1.786821 0.323684
v 0.030782 1.786821 0.323684
v 0.065782 1.784436 0.305566
v 0.030782 1.784436 0.305566
v 0.065782 1.798316 0.303739
v 0.030782 1.798316 0.303739
v 0.065782 1.800701 0.285622
v 0.030782 1.800701 0.285622
v 0.065782 1.787767 0.280264
v 0.065782 1.794760 0.263381
v 0.030782 1.787767 0.280264
v 0.030782 1.794760 0.263381
v 0.065782 1.807694 0.268739
v 0.030782 1.841359 0.030442
v 0.065782 1.841359 0.030442
v 0.030782 1.859476 0.032827
v 0.030782 1.839532 0.016562
v 0.030782 1.821414 0.018947
v 0.065782 1.839532 0.016562
v 0.065782 1.821414 0.018947
v 0.065782 1.823242 0.032827
v 0.030782 1.823242 0.032827
v 0.065782 1.806359 0.039820
v 0.030782 1.806359 0.039820
v 0.065782 1.797836 0.028713
v 0.065782 1.783339 0.039838
v 0.030782 1.797836 0.028713
v 0.030782 1.783339 0.039838
v 0.030782 1.791862 0.050944
v 0.065782 1.791862 0.050944
v 0.030782 1.780737 0.065442
v 0.030782 1.816610 0.075693
v 0.030782 1.823859 0.070131
v 0.030782 1.811048 0.082942
v 0.065782 1.816610 0.075693
v 0.065782 1.811048 0.082942
v 0.065782 1.823859 0.070131
v 0.065782 1.832300 0.066635
v 0.065782 1.841359 0.065442
v 0.030782 1.832300 0.066635
v 0.030782 1.841359 0.065442
v 0.030782 1.850418 0.066635
v 0.065782 1.850418 0.066635
v 0.030782 1.858859 0.070131
v 0.065782 1.858859 0.070131
v 0.030782 1.866108 0.075693
v 0.030782 1.871670 0.082942
v 0.065782 1.866108 0.075693
v 0.065782 1.871670 0.082942
v 0.065782 1.875166 0.091383
v 0.065782 1.876359 0.100442
v 0.030782 1.875166 0.091383
v 0.030782 1.876359 0.100442
v 0.030782 1.875166 0.109501
v 0.065782 1.875166 0.109501
v 0.030782 1.871670 0.117942
v 0.030782 1.866108 0.125191
v 0.065782 1.871670 0.117942
v 0.065782 1.866108 0.125191
v 0.065782 1.858859 0.130753
v 0.065782 1.876359 0.161064
v 0.065782 1.850418 0.134249
v 0.030782 1.858859 0.130753
v 0.030782 1.850418 0.134249
v 0.030782 1.841359 0.135442
v 0.030782 1.832300 0.134249
v 0.065782 1.841359 0.135442
v 0.065782 1.832300 0.134249
v 0.065782 1.823859 0.130753
v 0.030782 1.823859 0.130753
v 0.065782 1.816610 0.125191
v 0.065782 1.811048 0.117942
v 0.030782 1.816610 0.125191
v 0.030782 1.811048 0.117942
v 0.030782 1.807552 0.109501
v 0.065782 1.807552 0.109501
v 0.030782 1.806359 0.100442
v 0.065782 1.806359 0.100442
v 0.030782 1.807552 0.091383
v 0.065782 1.807552 0.091383
v 0.030782 1.876359 0.161064
v 0.065782 1.859476 0.168057
v 0.065782 1.884882 0.172171
v 0.030782 1.884882 0.172171
v 0.065782 1.899379 0.161046
v 0.065782 1.890857 0.149939
v 0.030782 1.899379 0.161046
v 0.030782 1.890857 0.149939
v 0.030782 1.901981 0.135442
v 0.065782 1.901981 0.135442
v 0.030782 1.914915 0.140799
v 0.065782 1.914915 0.140799
v 0.030782 1.921908 0.123917
v 0.065782 1.921908 0.123917
v 0.030782 1.908974 0.118559
v 0.065782 1.908974 0.118559
v 0.030782 1.911359 0.100442
v 0.065782 1.911359 0.100442
v 0.030782 1.925239 0.098615
v 0.065782 1.925239 0.098615
v 0.030782 1.922854 0.080497
v 0.065782 1.922854 0.080497
v 0.030782 1.908974 0.082325
v 0.065782 1.908974 0.082325
v 0.030782 1.901981 0.065442
v 0.065782 1.901981 0.065442
v 0.030782 1.913088 0.056919
v 0.065782 1.913088 0.056919
v 0.030782 1.901963 0.042422
v 0.030782 1.890857 0.050944
v 0.065782 1.901963 0.042422
v 0.065782 1.890857 0.050944
v 0.065782 1.876359 0.039820
v 0.030782 1.876359 0.039820
v 0.065782 1.881717 0.026886
v 0.030782 1.881717 0.026886
v 0.065782 1.864834 0.019893
v 0.065782 1.859476 0.032827
v 0.030782 1.864834 0.019893
v 0.030782 1.859476 0.168057
v 0.065782 1.861304 0.181937
v 0.065782 1.843186 0.184322
v 0.030782 1.861304 0.181937
v 0.030782 1.843186 0.184322
v 0.030782 1.841359 0.170442
v 0.065782 1.841359 0.170442
v 0.030782 1.823242 0.168057
v 0.065782 1.823242 0.168057
v 0.030782 1.817884 0.180991
v 0.065782 1.817884 0.180991
v 0.030782 1.801002 0.173998
v 0.065782 1.801002 0.173998
v 0.030782 1.806359 0.161064
v 0.030782 1.791862 0.149939
v 0.065782 1.806359 0.161064
v 0.065782 1.791862 0.149939
v 0.065782 1.780755 0.158462
v 0.065782 1.769630 0.143965
v 0.030782 1.780755 0.158462
v 0.030782 1.769630 0.143965
v 0.030782 1.780737 0.135442
v 0.030782 1.773744 0.118559
v 0.065782 1.780737 0.135442
v 0.065782 1.773744 0.118559
v 0.065782 1.759864 0.120387
v 0.030782 1.759864 0.120387
v 0.065782 1.757479 0.102269
v 0.030782 1.757479 0.102269
v 0.065782 1.771359 0.100442
v 0.030782 1.771359 0.100442
v 0.065782 1.773744 0.082325
v 0.030782 1.773744 0.082325
v 0.065782 1.760810 0.076967
v 0.065782 1.767803 0.060084
v 0.030782 1.760810 0.076967
v 0.030782 1.767803 0.060084
v 0.065782 1.780737 0.065442
v -0.133718 2.376040 0.314649
v -0.133718 2.371511 0.315246
v 0.097282 2.376040 0.314649
v -0.133718 2.380570 0.315246
v -0.133718 2.384790 0.316994
v 0.097282 2.380570 0.315246
v 0.097282 2.384790 0.316994
v 0.097282 2.388415 0.319775
v 0.097282 2.391196 0.323399
v -0.133718 2.388415 0.319775
v -0.133718 2.391196 0.323399
v -0.133718 2.392944 0.327620
v -0.133718 2.393540 0.332149
v 0.097282 2.392944 0.327620
v 0.097282 2.393540 0.332149
v 0.097282 2.392944 0.336679
v 0.097282 2.391196 0.340899
v -0.133718 2.392944 0.336679
v -0.133718 2.391196 0.340899
v -0.133718 2.388415 0.344524
v -0.133718 2.384790 0.347305
v 0.097282 2.388415 0.344524
v 0.097282 2.384790 0.347305
v 0.097282 2.380570 0.349053
v 0.097282 2.376040 0.349649
v -0.133718 2.380570 0.349053
v -0.133718 2.376040 0.349649
v -0.133718 2.371511 0.349053
v -0.133718 2.367290 0.347305
v 0.097282 2.371511 0.349053
v 0.097282 2.367290 0.347305
v 0.097282 2.363667 0.344524
v 0.097282 2.360885 0.340899
v -0.133718 2.363666 0.344524
v -0.133718 2.360885 0.340899
v -0.133718 2.359137 0.336679
v -0.133718 2.358541 0.332149
v 0.097282 2.359137 0.336679
v 0.097282 2.358541 0.332149
v 0.097282 2.359137 0.327620
v 0.097282 2.360885 0.323399
v -0.133718 2.359137 0.327620
v -0.133718 2.360885 0.323399
v -0.133718 2.363666 0.319775
v -0.133718 2.367290 0.316994
v 0.097282 2.363667 0.319775
v 0.097282 2.367290 0.316994
v 0.097282 2.371511 0.315246
v -0.149468 0.822281 0.001775
v -0.083843 0.822281 -0.111891
v -0.149468 0.953531 0.001775
v -0.083843 0.822281 0.115441
v 0.047407 0.822281 0.115441
v -0.083843 0.953531 0.115441
v 0.047407 0.953531 0.115441
v 0.113032 0.953531 0.001775
v 0.047407 0.953531 -0.111891
v 0.113032 0.822281 0.001775
v 0.047407 0.822281 -0.111891
v -0.083843 0.953531 -0.111891
v -0.018218 3.015270 -0.064769
v -0.004561 3.015270 -0.063424
v -0.031874 3.015270 -0.063424
v -0.018218 0.887799 -0.064769
v -0.004561 0.887799 -0.063424
v -0.031874 0.887799 -0.063424
v -0.045006 0.887799 -0.059440
v -0.045006 3.015270 -0.059440
v -0.057108 0.887799 -0.052972
v -0.057108 3.015270 -0.052972
v -0.067715 0.887799 -0.044266
v -0.067715 3.015270 -0.044266
v -0.076421 0.887799 -0.033659
v -0.076421 3.015270 -0.033659
v -0.082889 0.887799 -0.021557
v -0.082889 3.015270 -0.021557
v -0.086873 0.887799 -0.008425
v -0.086873 3.015270 -0.008425
v -0.088218 0.887799 0.005231
v -0.088218 3.015270 0.005231
v -0.086873 0.887799 0.018888
v -0.086873 3.015270 0.018888
v -0.082889 0.887799 0.032019
v -0.082889 3.015270 0.032019
v -0.076421 0.887799 0.044121
v -0.076421 3.015270 0.044121
v -0.067715 0.887799 0.054729
v -0.067715 3.015270 0.054729
v -0.057108 0.887799 0.063434
v -0.057108 3.015270 0.063434
v -0.045006 0.887799 0.069903
v -0.045006 3.015270 0.069903
v -0.031874 0.887799 0.073886
v -0.031874 3.015270 0.073886
v -0.018218 0.887799 0.075231
v -0.018218 3.015270 0.075231
v -0.004561 0.887799 0.073886
v -0.004561 3.015270 0.073886
v 0.008570 0.887799 0.069903
v 0.008570 3.015270 0.069903
v 0.020672 0.887799 0.063434
v 0.020672 3.015270 0.063434
v 0.031280 0.887799 0.054729
v 0.031280 3.015270 0.054729
v 0.039985 0.887799 0.044121
v 0.039985 3.015270 0.044121
v 0.046454 0.887799 0.032019
v 0.046454 3.015270 0.032019
v 0.050437 0.887799 0.018888
v 0.050437 3.015270 0.018888
v 0.051782 0.887799 0.005231
v 0.051782 3.015270 0.005231
v 0.050437 0.887799 -0.008425
v 0.050437 3.015270 -0.008425
v 0.046454 0.887799 -0.021557
v 0.046454 3.015270 -0.021557
v 0.039985 0.887799 -0.033659
v 0.039985 3.015270 -0.033659
v 0.031280 0.887799 -0.044266
v 0.031280 3.015270 -0.044266
v 0.020672 0.887799 -0.052972
v 0.020672 3.015270 -0.052972
v 0.008570 0.887799 -0.059440
v 0.008570 3.015270 -0.059440
v -0.105718 1.729006 0.149064
v -0.070718 1.729006 0.149064
v -0.105718 1.747123 0.151449
v -0.105718 1.727179 0.135184
v -0.105718 1.709061 0.137569
v -0.070718 1.727179 0.135184
v -0.070718 1.709061 0.137569
v -0.070718 1.710889 0.151449
v -0.105718 1.710889 0.151449
v -0.070718 1.694006 0.158442
v -0.105718 1.694006 0.158442
v -0.070718 1.685483 0.147335
v -0.070718 1.670986 0.158459
v -0.105718 1.685483 0.147335
v -0.105718 1.670986 0.158459
v -0.105718 1.679509 0.169566
v -0.070718 1.679509 0.169566
v -0.105718 1.668384 0.184064
v -0.105718 1.704257 0.194315
v -0.105718 1.711506 0.188753
v -0.105718 1.698695 0.201564
v -0.070718 1.704257 0.194315
v -0.070718 1.698695 0.201564
v -0.070718 1.711506 0.188753
v -0.070718 1.719947 0.185256
v -0.070718 1.729006 0.184064
v -0.105718 1.719948 0.185256
v -0.105718 1.729006 0.184064
v -0.105718 1.738065 0.185256
v -0.070718 1.738065 0.185256
v -0.105718 1.746506 0.188753
v -0.070718 1.746506 0.188753
v -0.105718 1.753755 0.194315
v -0.105718 1.759317 0.201564
v -0.070718 1.753755 0.194315
v -0.070718 1.759317 0.201564
v -0.070718 1.762814 0.210005
v -0.070718 1.764006 0.219064
v -0.105718 1.762814 0.210005
v -0.105718 1.764006 0.219064
v -0.105718 1.762814 0.228123
v -0.070718 1.762814 0.228123
v -0.105718 1.759317 0.236564
v -0.105718 1.753755 0.243813
v -0.070718 1.759317 0.236564
v -0.070718 1.753755 0.243813
v -0.070718 1.746506 0.249375
v -0.070718 1.764006 0.279686
v -0.070718 1.738065 0.252871
v -0.105718 1.746506 0.249375
v -0.105718 1.738065 0.252871
v -0.105718 1.729006 0.254064
v -0.105718 1.719948 0.252871
v -0.070718 1.729006 0.254064
v -0.070718 1.719947 0.252871
v -0.070718 1.711506 0.249375
v -0.105718 1.711506 0.249375
v -0.070718 1.704257 0.243813
v -0.070718 1.698695 0.236564
v -0.105718 1.704257 0.243813
v -0.105718 1.698695 0.236564
v -0.105718 1.695199 0.228123
v -0.070718 1.695199 0.228123
v -0.105718 1.694006 0.219064
v -0.070718 1.694006 0.219064
v -0.105718 1.695199 0.210005
v -0.070718 1.695199 0.210005
v -0.105718 1.764006 0.279686
v -0.070718 1.747123 0.286679
v -0.070718 1.772529 0.290793
v -0.105718 1.772529 0.290793
v -0.070718 1.787026 0.279668
v -0.070718 1.778504 0.268561
v -0.105718 1.787026 0.279668
v -0.105718 1.778504 0.268561
v -0.105718 1.789628 0.254064
v -0.070718 1.789628 0.254064
v -0.105718 1.802562 0.259421
v -0.070718 1.802562 0.259421
v -0.105718 1.809555 0.242539
v -0.070718 1.809555 0.242539
v -0.105718 1.796621 0.237181
v -0.070718 1.796621 0.237181
v -0.105718 1.799006 0.219064
v -0.070718 1.799006 0.219064
v -0.105718 1.812886 0.217236
v -0.070718 1.812886 0.217236
v -0.105718 1.810501 0.199119
v -0.070718 1.810501 0.199119
v -0.105718 1.796621 0.200947
v -0.070718 1.796621 0.200947
v -0.105718 1.789628 0.184064
v -0.070718 1.789628 0.184064
v -0.105718 1.800735 0.175541
v -0.070718 1.800735 0.175541
v -0.105718 1.789611 0.161044
v -0.105718 1.778504 0.169566
v -0.070718 1.789611 0.161044
v -0.070718 1.778504 0.169566
v -0.070718 1.764006 0.158442
v -0.105718 1.764006 0.158442
v -0.070718 1.769364 0.145508
v -0.105718 1.769364 0.145508
v -0.070718 1.752481 0.138515
v -0.070718 1.747123 0.151449
v -0.105718 1.752481 0.138515
v -0.105718 1.747123 0.286679
v -0.070718 1.748951 0.300559
v -0.070718 1.730834 0.302944
v -0.105718 1.748951 0.300559
v -0.105718 1.730834 0.302944
v -0.105718 1.729006 0.289064
v -0.070718 1.729006 0.289064
v -0.105718 1.710889 0.286679
v -0.070718 1.710889 0.286679
v -0.105718 1.705531 0.299613
v -0.070718 1.705531 0.299613
v -0.105718 1.688649 0.292620
v -0.070718 1.688649 0.292620
v -0.105718 1.694006 0.279686
v -0.105718 1.679509 0.268561
v -0.070718 1.694006 0.279686
v -0.070718 1.679509 0.268561
v -0.070718 1.668402 0.277084
v -0.070718 1.657277 0.262587
v -0.105718 1.668402 0.277084
v -0.105718 1.657277 0.262587
v -0.105718 1.668384 0.254064
v -0.105718 1.661391 0.237181
v -0.070718 1.668384 0.254064
v -0.070718 1.661391 0.237181
v -0.070718 1.647511 0.239009
v -0.105718 1.647511 0.239009
v -0.070718 1.645126 0.220891
v -0.105718 1.645126 0.220891
v -0.070718 1.659006 0.219064
v -0.105718 1.659006 0.219064
v -0.070718 1.661391 0.200947
v -0.105718 1.661391 0.200947
v -0.070718 1.648457 0.195589
v -0.070718 1.655450 0.178706
v -0.105718 1.648457 0.195589
v -0.105718 1.655450 0.178706
v -0.070718 1.668384 0.184064
v -0.105718 1.868316 0.233739
v -0.070718 1.868316 0.233739
v -0.105718 1.886434 0.236124
v -0.105718 1.866489 0.219859
v -0.105718 1.848372 0.222244
v -0.070718 1.866489 0.219859
v -0.070718 1.848372 0.222244
v -0.070718 1.850199 0.236124
v -0.105718 1.850199 0.236124
v -0.070718 1.833316 0.243117
v -0.105718 1.833316 0.243117
v -0.070718 1.818819 0.254241
v -0.070718 1.824794 0.232010
v -0.070718 1.810296 0.243134
v -0.105718 1.824794 0.232010
v -0.105718 1.810296 0.243134
v -0.105718 1.818819 0.254241
v -0.105718 1.807694 0.268739
v -0.105718 1.843567 0.278990
v -0.105718 1.850816 0.273428
v -0.105718 1.838005 0.286239
v -0.070718 1.843567 0.278990
v -0.070718 1.838005 0.286239
v -0.070718 1.850816 0.273428
v -0.070718 1.859257 0.269931
v -0.070718 1.868316 0.268739
v -0.105718 1.859258 0.269931
v -0.105718 1.868316 0.268739
v -0.105718 1.877375 0.269931
v -0.070718 1.877375 0.269931
v -0.105718 1.885816 0.273428
v -0.070718 1.885816 0.273428
v -0.105718 1.893065 0.278990
v -0.105718 1.898627 0.286239
v -0.070718 1.893065 0.278990
v -0.070718 1.898627 0.286239
v -0.070718 1.902124 0.294680
v -0.070718 1.903316 0.303739
v -0.105718 1.902124 0.294680
v -0.105718 1.903316 0.303739
v -0.105718 1.902124 0.312798
v -0.070718 1.902124 0.312798
v -0.105718 1.898627 0.321239
v -0.105718 1.893065 0.328488
v -0.070718 1.898627 0.321239
v -0.070718 1.893065 0.328488
v -0.070718 1.885816 0.334050
v -0.070718 1.903316 0.364361
v -0.070718 1.877375 0.337546
v -0.105718 1.885816 0.334050
v -0.105718 1.877375 0.337546
v -0.105718 1.868316 0.338739
v -0.105718 1.859258 0.337546
v -0.070718 1.868316 0.338739
v -0.070718 1.859257 0.337546
v -0.070718 1.850816 0.334050
v -0.105718 1.850816 0.334050
v -0.070718 1.843567 0.328488
v -0.070718 1.838005 0.321239
v -0.105718 1.843567 0.328488
v -0.105718 1.838005 0.321239
v -0.105718 1.834509 0.312798
v -0.070718 1.834509 0.312798
v -0.105718 1.833316 0.303739
v -0.070718 1.833316 0.303739
v -0.105718 1.834509 0.294680
v -0.070718 1.834509 0.294680
v -0.105718 1.903316 0.364361
v -0.070718 1.886434 0.371354
v -0.070718 1.917814 0.353236
v -0.070718 1.911839 0.375468
v -0.105718 1.911839 0.375468
v -0.070718 1.926336 0.364343
v -0.105718 1.926336 0.364343
v -0.105718 1.917814 0.353236
v -0.105718 1.928938 0.338739
v -0.070718 1.928938 0.338739
v -0.105718 1.941872 0.344096
v -0.070718 1.941872 0.344096
v -0.105718 1.948865 0.327214
v -0.070718 1.948865 0.327214
v -0.105718 1.935931 0.321856
v -0.070718 1.935931 0.321856
v -0.105718 1.938316 0.303739
v -0.070718 1.938316 0.303739
v -0.105718 1.952197 0.301912
v -0.070718 1.952197 0.301912
v -0.105718 1.949811 0.283794
v -0.070718 1.949811 0.283794
v -0.105718 1.935931 0.285622
v -0.070718 1.935931 0.285622
v -0.105718 1.928938 0.268739
v -0.070718 1.928938 0.268739
v -0.105718 1.940045 0.260216
v -0.070718 1.940045 0.260216
v -0.105718 1.928921 0.245719
v -0.105718 1.917814 0.254241
v -0.070718 1.928921 0.245719
v -0.070718 1.917814 0.254241
v -0.070718 1.903316 0.243117
v -0.105718 1.903316 0.243117
v -0.070718 1.886434 0.236124
v -0.070718 1.908674 0.230183
v -0.105718 1.908674 0.230183
v -0.070718 1.891791 0.223190
v -0.105718 1.891791 0.223190
v -0.105718 1.886434 0.371354
v -0.070718 1.868316 0.373739
v -0.070718 1.888261 0.385234
v -0.070718 1.870144 0.387619
v -0.105718 1.888261 0.385234
v -0.105718 1.870144 0.387619
v -0.105718 1.868316 0.373739
v -0.105718 1.850199 0.371354
v -0.070718 1.850199 0.371354
v -0.105718 1.844841 0.384288
v -0.070718 1.844841 0.384288
v -0.105718 1.827959 0.377295
v -0.070718 1.827959 0.377295
v -0.105718 1.833316 0.364361
v -0.105718 1.818819 0.353236
v -0.070718 1.833316 0.364361
v -0.070718 1.818819 0.353236
v -0.070718 1.807694 0.338739
v -0.070718 1.807712 0.361759
v -0.070718 1.796587 0.347262
v -0.105718 1.807712 0.361759
v -0.105718 1.796587 0.347262
v -0.105718 1.807694 0.338739
v -0.105718 1.800701 0.321856
v -0.070718 1.800701 0.321856
v -0.105718 1.786821 0.323684
v -0.070718 1.786821 0.323684
v -0.105718 1.784436 0.305566
v -0.105718 1.798316 0.303739
v -0.070718 1.784436 0.305566
v -0.070718 1.798316 0.303739
v -0.070718 1.800701 0.285622
v -0.105718 1.800701 0.285622
v -0.070718 1.787767 0.280264
v -0.070718 1.807694 0.268739
v -0.070718 1.794760 0.263381
v -0.105718 1.794760 0.263381
v -0.105718 1.787767 0.280264
v -0.105718 1.841359 0.030442
v -0.070718 1.841359 0.030442
v -0.105718 1.859476 0.032827
v -0.105718 1.839532 0.016562
v -0.105718 1.821414 0.018947
v -0.070718 1.839532 0.016562
v -0.070718 1.821414 0.018947
v -0.070718 1.823242 0.032827
v -0.105718 1.823242 0.032827
v -0.070718 1.806359 0.039820
v -0.105718 1.806359 0.039820
v -0.070718 1.797836 0.028713
v -0.070718 1.783339 0.039838
v -0.105718 1.797836 0.028713
v -0.105718 1.783339 0.039838
v -0.105718 1.791862 0.050944
v -0.070718 1.791862 0.050944
v -0.105718 1.780737 0.065442
v -0.105718 1.816610 0.075693
v -0.105718 1.823859 0.070131
v -0.105718 1.811048 0.082942
v -0.070718 1.816610 0.075693
v -0.070718 1.811048 0.082942
v -0.070718 1.823859 0.070131
v -0.070718 1.832300 0.066635
v -0.070718 1.841359 0.065442
v -0.105718 1.832300 0.066635
v -0.105718 1.841359 0.065442
v -0.105718 1.850418 0.066635
v -0.070718 1.850418 0.066635
v -0.105718 1.858859 0.070131
v -0.070718 1.858859 0.070131
v -0.105718 1.866108 0.075693
v -0.105718 1.871670 0.082942
v -0.070718 1.866108 0.075693
v -0.070718 1.871670 0.082942
v -0.070718 1.875166 0.091383
v -0.070718 1.876359 0.100442
v -0.105718 1.875166 0.091383
v -0.105718 1.876359 0.100442
v -0.105718 1.875166 0.109501
v -0.070718 1.875166 0.109501
v -0.105718 1.871670 0.117942
v -0.105718 1.866108 0.125191
v -0.070718 1.871670 0.117942
v -0.070718 1.866108 0.125191
v -0.070718 1.858859 0.130753
v -0.070718 1.876359 0.161064
v -0.070718 1.850418 0.134249
v -0.105718 1.858859 0.130753
v -0.105718 1.850418 0.134249
v -0.105718 1.841359 0.135442
v -0.105718 1.832300 0.134249
v -0.070718 1.841359 0.135442
v -0.070718 1.832300 0.134249
v -0.070718 1.823859 0.130753
v -0.105718 1.823859 0.130753
v -0.070718 1.816610 0.125191
v -0.070718 1.811048 0.117942
v -0.105718 1.816610 0.125191
v -0.105718 1.811048 0.117942
v -0.105718 1.807552 0.109501
v -0.070718 1.807552 0.109501
v -0.105718 1.806359 0.100442
v -0.070718 1.806359 0.100442
v -0.105718 1.807552 0.091383
v -0.070718 1.807552 0.091383
v -0.105718 1.876359 0.161064
v -0.070718 1.859476 0.168057
v -0.070718 1.884882 0.172171
v -0.105718 1.884882 0.172171
v -0.070718 1.899379 0.161046
v -0.070718 1.890857 0.149939
v -0.105718 1.899379 0.161046
v -0.105718 1.890857 0.149939
v -0.105718 1.901981 0.135442
v -0.070718 1.901981 0.135442
v -0.105718 1.914915 0.140799
v -0.070718 1.914915 0.140799
v -0.105718 1.921908 0.123917
v -0.070718 1.921908 0.123917
v -0.105718 1.908974 0.118559
v -0.070718 1.908974 0.118559
v -0.105718 1.911359 0.100442
v -0.070718 1.911359 0.100442
v -0.105718 1.925239 0.098615
v -0.070718 1.925239 0.098615
v -0.105718 1.922854 0.080497
v -0.070718 1.922854 0.080497
v -0.105718 1.908974 0.082325
v -0.070718 1.908974 0.082325
v -0.105718 1.901981 0.065442
v -0.070718 1.901981 0.065442
v -0.105718 1.913088 0.056919
v -0.070718 1.913088 0.056919
v -0.105718 1.901963 0.042422
v -0.105718 1.890857 0.050944
v -0.070718 1.901963 0.042422
v -0.070718 1.890857 0.050944
v -0.070718 1.876359 0.039820
v -0.105718 1.876359 0.039820
v -0.070718 1.881717 0.026886
v -0.105718 1.881717 0.026886
v -0.070718 1.864834 0.019893
v -0.070718 1.859476 0.032827
v -0.105718 1.864834 0.019893
v -0.105718 1.859476 0.168057
v -0.070718 1.861304 0.181937
v -0.070718 1.843186 0.184322
v -0.105718 1.861304 0.181937
v -0.105718 1.843186 0.184322
v -0.105718 1.841359 0.170442
v -0.070718 1.841359 0.170442
v -0.105718 1.823242 0.168057
v -0.070718 1.823242 0.168057
v -0.105718 1.817884 0.180991
v -0.070718 1.817884 0.180991
v -0.105718 1.801002 0.173998
v -0.070718 1.801002 0.173998
v -0.105718 1.806359 0.161064
v -0.105718 1.791862 0.149939
v -0.070718 1.806359 0.161064
v -0.070718 1.791862 0.149939
v -0.070718 1.780755 0.158462
v -0.070718 1.769630 0.143965
v -0.105718 1.780755 0.158462
v -0.105718 1.769630 0.143965
v -0.105718 1.780737 0.135442
v -0.105718 1.773744 0.118559
v -0.070718 1.780737 0.135442
v -0.070718 1.773744 0.118559
v -0.070718 1.759864 0.120387
v -0.105718 1.759864 0.120387
v -0.070718 1.757479 0.102269
v -0.105718 1.757479 0.102269
v -0.070718 1.771359 0.100442
v -0.105718 1.771359 0.100442
v -0.070718 1.773744 0.082325
v -0.105718 1.773744 0.082325
v -0.070718 1.760810 0.076967
v -0.070718 1.767803 0.060084
v -0.105718 1.760810 0.076967
v -0.105718 1.767803 0.060084
v -0.070718 1.780737 0.065442
v -0.133718 2.040494 -0.020527
v -0.133718 2.035964 -0.019931
v 0.097282 2.040494 -0.020527
v -0.133718 2.045023 -0.019931
v -0.133718 2.049244 -0.018183
v 0.097282 2.045023 -0.019931
v 0.097282 2.049244 -0.018183
v 0.097282 2.052868 -0.015402
v 0.097282 2.055649 -0.011777
v -0.133718 2.052868 -0.015402
v -0.133718 2.055649 -0.011777
v -0.133718 2.057398 -0.007557
v -0.133718 2.057994 -0.003027
v 0.097282 2.057398 -0.007557
v 0.097282 2.057994 -0.003027
v 0.097282 2.057398 0.001502
v 0.097282 2.055649 0.005723
v -0.133718 2.057398 0.001502
v -0.133718 2.055649 0.005723
v -0.133718 2.052868 0.009347
v -0.133718 2.049244 0.012128
v 0.097282 2.052868 0.009347
v 0.097282 2.049244 0.012128
v 0.097282 2.045023 0.013876
v 0.097282 2.040494 0.014473
v -0.133718 2.045023 0.013876
v -0.133718 2.040494 0.014473
v -0.133718 2.035964 0.013876
v -0.133718 2.031744 0.012128
v 0.097282 2.035964 0.013876
v 0.097282 2.031744 0.012128
v 0.097282 2.028120 0.009347
v 0.097282 2.025338 0.005723
v -0.133718 2.028120 0.009347
v -0.133718 2.025338 0.005723
v -0.133718 2.023590 0.001502
v -0.133718 2.022994 -0.003027
v 0.097282 2.023590 0.001502
v 0.097282 2.022994 -0.003027
v 0.097282 2.023590 -0.007557
v 0.097282 2.025338 -0.011777
v -0.133718 2.023590 -0.007557
v -0.133718 2.025338 -0.011777
v -0.133718 2.028120 -0.015402
v -0.133718 2.031744 -0.018183
v 0.097282 2.028120 -0.015402
v 0.097282 2.031744 -0.018183
v 0.097282 2.035964 -0.019931
v -0.193348 2.026814 -0.016605
v -0.127806 2.026814 -0.016605
v -0.190654 2.036260 -0.022241
v -0.190654 2.021178 -0.007160
v -0.193348 2.097908 0.054488
v -0.190654 2.090367 0.062029
v -0.190654 2.105448 0.046948
v -0.183294 2.110969 0.041428
v -0.183294 2.046984 -0.022556
v -0.173239 2.112989 0.039407
v -0.173239 2.056114 -0.017468
v -0.163185 2.110969 0.041428
v -0.163185 2.061203 -0.008338
v -0.155825 2.105448 0.046948
v -0.155825 2.060887 0.002387
v -0.153131 2.097908 0.054488
v -0.153131 2.055251 0.011832
v -0.155825 2.090367 0.062029
v -0.155825 2.045806 0.017468
v -0.163185 2.084847 0.067549
v -0.163185 2.035081 0.017784
v -0.173239 2.082827 0.069570
v -0.173239 2.025951 0.012695
v -0.183294 2.084847 0.067549
v -0.183294 2.020863 0.003565
v -0.127806 2.020863 0.003565
v -0.127806 2.021178 -0.007160
v -0.127806 2.025951 0.012695
v -0.127806 2.035081 0.017784
v -0.127806 2.045806 0.017468
v -0.127806 2.055251 0.011832
v -0.127806 2.060887 0.002387
v -0.127806 2.061203 -0.008338
v -0.127806 2.056114 -0.017468
v -0.127806 2.046984 -0.022556
v -0.127806 2.036260 -0.022241
v -0.173306 2.098016 0.034186
v -0.169682 2.097678 0.034523
v -0.176929 2.097678 0.034523
v -0.173305 2.159887 0.096058
v -0.173305 2.169787 0.086158
v -0.169682 2.159550 0.096395
v -0.176929 2.159550 0.096395
v -0.180305 2.158561 0.097384
v -0.180305 2.096689 0.035512
v -0.183205 2.156988 0.098957
v -0.183205 2.095116 0.037085
v -0.185430 2.154938 0.101007
v -0.185430 2.093066 0.039136
v -0.186828 2.152550 0.103395
v -0.186828 2.090678 0.041523
v -0.187305 2.149988 0.105957
v -0.187305 2.088116 0.044085
v -0.186828 2.147426 0.108519
v -0.186828 2.085554 0.046647
v -0.185430 2.145038 0.110907
v -0.185430 2.083166 0.049035
v -0.183205 2.142988 0.112957
v -0.183205 2.081116 0.051085
v -0.180305 2.141415 0.114530
v -0.180305 2.079543 0.052659
v -0.176929 2.140426 0.115519
v -0.176929 2.078554 0.053647
v -0.173305 2.140089 0.115857
v -0.173306 2.078217 0.053985
v -0.169682 2.140426 0.115519
v -0.173305 2.130189 0.125756
v -0.173305 2.253932 0.249500
v -0.166059 2.130864 0.125082
v -0.180552 2.130864 0.125082
v -0.180552 2.254607 0.248825
v -0.187305 2.132842 0.123104
v -0.187306 2.256585 0.246847
v -0.193104 2.135988 0.119957
v -0.193104 2.259732 0.243701
v -0.197554 2.140089 0.115857
v -0.197554 2.263832 0.239600
v -0.200351 2.144864 0.111082
v -0.200351 2.268607 0.234825
v -0.201306 2.149988 0.105957
v -0.201306 2.273732 0.229701
v -0.200351 2.155112 0.100833
v -0.200351 2.278856 0.224577
v -0.197554 2.159887 0.096058
v -0.197554 2.283631 0.219801
v -0.193104 2.163988 0.091957
v -0.193104 2.287732 0.215701
v -0.187305 2.167134 0.088811
v -0.187305 2.290878 0.212554
v -0.180552 2.169112 0.086833
v -0.180552 2.292856 0.210577
v -0.173305 2.293530 0.209902
v -0.166059 2.292856 0.210577
v -0.173305 2.283631 0.219801
v -0.173305 2.345503 0.281673
v -0.176929 2.283294 0.220139
v -0.169682 2.283294 0.220139
v -0.169682 2.345166 0.282011
v -0.166305 2.282305 0.221128
v -0.166306 2.344177 0.282999
v -0.163406 2.280732 0.222701
v -0.163406 2.342603 0.284573
v -0.161181 2.278681 0.224751
v -0.161181 2.340553 0.286623
v -0.159783 2.276294 0.227139
v -0.159783 2.338166 0.289011
v -0.159305 2.273732 0.229701
v -0.159306 2.335603 0.291573
v -0.159783 2.271170 0.232263
v -0.159783 2.333041 0.294135
v -0.161181 2.268782 0.234651
v -0.161181 2.330654 0.296522
v -0.163406 2.266732 0.236701
v -0.163406 2.328603 0.298573
v -0.166305 2.265158 0.238274
v -0.166306 2.327030 0.300146
v -0.169682 2.264169 0.239263
v -0.169682 2.326041 0.301135
v -0.173305 2.263832 0.239600
v -0.173305 2.325704 0.301472
v -0.176929 2.264169 0.239263
v -0.176929 2.326041 0.301135
v -0.180305 2.265158 0.238274
v -0.180305 2.327030 0.300146
v -0.183205 2.266732 0.236701
v -0.183205 2.328603 0.298573
v -0.185430 2.268782 0.234651
v -0.185430 2.330654 0.296522
v -0.186828 2.271170 0.232263
v -0.186828 2.333041 0.294135
v -0.187305 2.273732 0.229701
v -0.187306 2.335603 0.291573
v -0.186828 2.276294 0.227139
v -0.186828 2.338166 0.289011
v -0.185430 2.278681 0.224751
v -0.185430 2.340553 0.286623
v -0.183205 2.280732 0.222701
v -0.183205 2.342603 0.284573
v -0.180305 2.282305 0.221128
v -0.180305 2.344177 0.282999
v -0.176929 2.345166 0.282011
v -0.166059 2.169112 0.086833
v -0.159305 2.290878 0.212554
v -0.159305 2.167134 0.088811
v -0.153507 2.287732 0.215701
v -0.153507 2.163988 0.091957
v -0.149057 2.283631 0.219801
v -0.149057 2.159887 0.096058
v -0.146260 2.278856 0.224577
v -0.146260 2.155112 0.100833
v -0.145305 2.273732 0.229701
v -0.145305 2.149988 0.105957
v -0.146260 2.268607 0.234825
v -0.146260 2.144864 0.111082
v -0.149057 2.263832 0.239600
v -0.149057 2.140089 0.115857
v -0.153507 2.259732 0.243701
v -0.153507 2.135988 0.119957
v -0.159305 2.256585 0.246847
v -0.159305 2.132842 0.123104
v -0.166059 2.254607 0.248825
v -0.169682 2.078554 0.053647
v -0.166305 2.141415 0.114530
v -0.166305 2.079543 0.052659
v -0.163406 2.142988 0.112957
v -0.163406 2.081116 0.051085
v -0.161181 2.145038 0.110907
v -0.161181 2.083166 0.049035
v -0.159783 2.147426 0.108519
v -0.159783 2.085554 0.046647
v -0.159305 2.149988 0.105957
v -0.159305 2.088116 0.044085
v -0.159783 2.152550 0.103395
v -0.159783 2.090678 0.041523
v -0.161181 2.154938 0.101007
v -0.161181 2.093066 0.039136
v -0.163406 2.156988 0.098957
v -0.163406 2.095116 0.037085
v -0.166305 2.158561 0.097384
v -0.166305 2.096689 0.035512
v -0.193348 2.389814 0.347908
v -0.127806 2.389814 0.347908
v -0.190654 2.380368 0.353543
v -0.190654 2.395450 0.338462
v -0.193348 2.318720 0.276814
v -0.190654 2.326261 0.269273
v -0.190654 2.311180 0.284354
v -0.183294 2.305659 0.289874
v -0.183294 2.369644 0.353859
v -0.173239 2.303639 0.291895
v -0.173239 2.360514 0.348770
v -0.163185 2.305659 0.289874
v -0.163185 2.355425 0.339640
v -0.155825 2.311180 0.284354
v -0.155825 2.355741 0.328916
v -0.153131 2.318720 0.276814
v -0.153131 2.361377 0.319470
v -0.155825 2.326261 0.269273
v -0.155825 2.370822 0.313834
v -0.163185 2.331781 0.263753
v -0.163185 2.381547 0.313519
v -0.173239 2.333802 0.261732
v -0.173239 2.390676 0.318608
v -0.183294 2.331781 0.263753
v -0.183294 2.395765 0.327737
v -0.127806 2.395765 0.327737
v -0.127806 2.395450 0.338462
v -0.127806 2.390676 0.318608
v -0.127806 2.381547 0.313519
v -0.127806 2.370822 0.313834
v -0.127806 2.361377 0.319470
v -0.127806 2.355741 0.328916
v -0.127806 2.355425 0.339640
v -0.127806 2.360514 0.348770
v -0.127806 2.369644 0.353859
v -0.127806 2.380368 0.353543
v -0.119265 2.374841 0.246865
v -0.119265 2.299064 0.290615
v 0.082830 2.374841 0.246865
v -0.119265 2.450618 0.290615
v -0.119265 2.450618 0.378115
v 0.082830 2.450618 0.290615
v 0.082830 2.450618 0.378115
v 0.082830 2.374841 0.421865
v 0.082830 2.299064 0.378115
v -0.119265 2.374841 0.421865
v -0.119265 2.299064 0.378115
v 0.082830 2.299064 0.290615
v 0.157115 2.026605 -0.016397
v 0.091574 2.026605 -0.016397
v 0.154421 2.020969 -0.006951
v 0.154421 2.036050 -0.022032
v 0.157115 2.097698 0.054697
v 0.154421 2.105239 0.047157
v 0.154421 2.090158 0.062238
v 0.147061 2.084638 0.067758
v 0.147061 2.020654 0.003774
v 0.137007 2.082617 0.069779
v 0.137007 2.025742 0.012904
v 0.126953 2.084638 0.067758
v 0.126953 2.034872 0.017992
v 0.119592 2.090158 0.062238
v 0.119592 2.045596 0.017677
v 0.116898 2.097698 0.054697
v 0.116898 2.055042 0.012041
v 0.119592 2.105239 0.047157
v 0.119592 2.060678 0.002595
v 0.126953 2.110759 0.041636
v 0.126953 2.060994 -0.008129
v 0.137007 2.112780 0.039616
v 0.137007 2.055905 -0.017259
v 0.147061 2.110759 0.041636
v 0.147061 2.046775 -0.022348
v 0.091574 2.046775 -0.022348
v 0.091574 2.036050 -0.022032
v 0.091574 2.055905 -0.017259
v 0.091574 2.060994 -0.008129
v 0.091574 2.060678 0.002595
v 0.091574 2.055042 0.012041
v 0.091574 2.045596 0.017677
v 0.091574 2.034872 0.017992
v 0.091574 2.025742 0.012904
v 0.091574 2.020654 0.003774
v 0.091574 2.020969 -0.006951
v 0.137073 2.077396 0.054805
v 0.133449 2.077733 0.054468
v 0.140696 2.077733 0.054468
v 0.137073 2.139640 0.117050
v 0.137073 2.129741 0.126949
v 0.133449 2.139977 0.116712
v 0.140696 2.139977 0.116712
v 0.144073 2.140967 0.115723
v 0.144073 2.078722 0.053479
v 0.146972 2.142540 0.114150
v 0.146972 2.080296 0.051906
v 0.149197 2.144590 0.112100
v 0.149197 2.082346 0.049855
v 0.150596 2.146978 0.109712
v 0.150596 2.084733 0.047468
v 0.151073 2.149540 0.107150
v 0.151073 2.087296 0.044906
v 0.150596 2.152102 0.104588
v 0.150596 2.089858 0.042343
v 0.149197 2.154490 0.102200
v 0.149197 2.092245 0.039956
v 0.146972 2.156540 0.100150
v 0.146972 2.094296 0.037906
v 0.144073 2.158113 0.098577
v 0.144073 2.095869 0.036332
v 0.140696 2.159102 0.097588
v 0.140696 2.096858 0.035343
v 0.137073 2.159440 0.097251
v 0.137073 2.097195 0.035006
v 0.137073 2.169339 0.087351
v 0.133449 2.159102 0.097588
v 0.133449 2.096858 0.035343
v 0.130073 2.158113 0.098577
v 0.130073 2.095869 0.036332
v 0.127173 2.156540 0.100150
v 0.127173 2.094296 0.037906
v 0.124949 2.154490 0.102200
v 0.124949 2.092245 0.039956
v 0.123550 2.152102 0.104588
v 0.123550 2.089858 0.042343
v 0.123073 2.149540 0.107150
v 0.123073 2.087296 0.044906
v 0.123550 2.146978 0.109712
v 0.123550 2.084733 0.047468
v 0.124949 2.144590 0.112100
v 0.124949 2.082346 0.049855
v 0.127173 2.142540 0.114150
v 0.127173 2.080296 0.051906
v 0.130073 2.140967 0.115723
v 0.130073 2.078722 0.053479
v 0.137073 2.292710 0.210722
v 0.129826 2.168664 0.088026
v 0.144320 2.168664 0.088026
v 0.144320 2.292036 0.211397
v 0.151073 2.166687 0.090004
v 0.151073 2.290057 0.213375
v 0.156872 2.163540 0.093150
v 0.156872 2.286911 0.216521
v 0.161322 2.159440 0.097251
v 0.161322 2.282811 0.220622
v 0.164119 2.154665 0.102026
v 0.164119 2.278036 0.225397
v 0.165073 2.149540 0.107150
v 0.165073 2.272911 0.230521
v 0.164119 2.144416 0.112274
v 0.164119 2.267787 0.235646
v 0.161322 2.139640 0.117050
v 0.161322 2.263011 0.240421
v 0.156872 2.135540 0.121150
v 0.156872 2.258911 0.244521
v 0.151073 2.132393 0.124296
v 0.151073 2.255764 0.247667
v 0.144320 2.130415 0.126274
v 0.144320 2.253787 0.249645
v 0.137073 2.253112 0.250320
v 0.129826 2.253787 0.249645
v 0.137073 2.263011 0.240421
v 0.137073 2.324883 0.302292
v 0.140696 2.263349 0.240083
v 0.133449 2.263349 0.240083
v 0.133449 2.325221 0.301955
v 0.130073 2.264338 0.239094
v 0.130073 2.326210 0.300966
v 0.127173 2.265911 0.237521
v 0.127173 2.327783 0.299393
v 0.124949 2.267961 0.235471
v 0.124949 2.329833 0.297343
v 0.123550 2.270349 0.233083
v 0.123550 2.332221 0.294955
v 0.123073 2.272911 0.230521
v 0.123073 2.334783 0.292393
v 0.123550 2.275473 0.227959
v 0.123550 2.337345 0.289831
v 0.124949 2.277861 0.225571
v 0.124949 2.339733 0.287443
v 0.127173 2.279911 0.223521
v 0.127173 2.341783 0.285393
v 0.130073 2.281484 0.221948
v 0.130073 2.343356 0.283820
v 0.133449 2.282473 0.220959
v 0.133449 2.344345 0.282831
v 0.137073 2.282810 0.220622
v 0.137073 2.344682 0.282493
v 0.140696 2.282473 0.220959
v 0.140696 2.344345 0.282831
v 0.144073 2.281484 0.221948
v 0.144073 2.343356 0.283820
v 0.146972 2.279911 0.223521
v 0.146972 2.341783 0.285393
v 0.149197 2.277861 0.225571
v 0.149197 2.339733 0.287443
v 0.150596 2.275473 0.227959
v 0.150596 2.337345 0.289831
v 0.151073 2.272911 0.230521
v 0.151073 2.334783 0.292393
v 0.150596 2.270349 0.233083
v 0.150596 2.332221 0.294955
v 0.149197 2.267961 0.235471
v 0.149197 2.329833 0.297343
v 0.146972 2.265911 0.237521
v 0.146972 2.327783 0.299393
v 0.144073 2.264338 0.239094
v 0.144073 2.326210 0.300966
v 0.140696 2.325221 0.301955
v 0.123073 2.255764 0.247667
v 0.129826 2.130415 0.126274
v 0.123073 2.132393 0.124296
v 0.117274 2.135540 0.121150
v 0.117274 2.258911 0.244521
v 0.112824 2.139640 0.117049
v 0.112824 2.263011 0.240420
v 0.110027 2.144415 0.112274
v 0.110027 2.267787 0.235645
v 0.109073 2.149540 0.107150
v 0.109073 2.272911 0.230521
v 0.110027 2.154664 0.102026
v 0.110027 2.278035 0.225397
v 0.112824 2.159439 0.097250
v 0.112824 2.282810 0.220622
v 0.117274 2.163540 0.093150
v 0.117274 2.286911 0.216521
v 0.123073 2.166687 0.090004
v 0.123073 2.290057 0.213375
v 0.129826 2.292036 0.211397
v 0.157115 2.391117 0.346604
v 0.091574 2.391117 0.346604
v 0.154421 2.396753 0.337158
v 0.154421 2.381672 0.352239
v 0.157115 2.320024 0.275510
v 0.154421 2.312483 0.283050
v 0.154421 2.327564 0.267969
v 0.147061 2.333084 0.262449
v 0.147061 2.397069 0.326433
v 0.137007 2.335105 0.260428
v 0.137007 2.391980 0.317304
v 0.126953 2.333084 0.262449
v 0.126953 2.382850 0.312215
v 0.119592 2.327564 0.267969
v 0.119592 2.372126 0.312530
v 0.116898 2.320024 0.275510
v 0.116898 2.362680 0.318166
v 0.119592 2.312483 0.283050
v 0.119592 2.357044 0.327612
v 0.126953 2.306963 0.288571
v 0.126953 2.356729 0.338336
v 0.137007 2.304943 0.290591
v 0.137007 2.361817 0.347466
v 0.147061 2.306963 0.288571
v 0.147061 2.370947 0.352555
v 0.091574 2.370947 0.352555
v 0.091574 2.381672 0.352239
v 0.091574 2.361817 0.347466
v 0.091574 2.356729 0.338336
v 0.091574 2.357044 0.327612
v 0.091574 2.362680 0.318166
v 0.091574 2.372126 0.312530
v 0.091574 2.382850 0.312215
v 0.091574 2.391980 0.317304
v 0.091574 2.397069 0.326433
v 0.091574 2.396753 0.337158
v 0.052296 2.041831 -0.046580
v 0.085108 2.041831 -0.046580
v 0.052296 2.053155 -0.045089
v 0.052296 2.040689 -0.055255
v 0.052296 2.029366 -0.053764
v 0.085108 2.040689 -0.055255
v 0.085108 2.029366 -0.053764
v 0.085108 2.030508 -0.045089
v 0.052296 2.030508 -0.045089
v 0.085108 2.019957 -0.040718
v 0.052296 2.019957 -0.040718
v 0.085108 2.014630 -0.047660
v 0.052296 2.014630 -0.047660
v 0.085108 2.005569 -0.040708
v 0.052296 2.005569 -0.040708
v 0.085108 2.010895 -0.033766
v 0.052296 2.010895 -0.033766
v 0.085108 2.003942 -0.024705
v 0.052296 2.003942 -0.024705
v 0.085108 1.995859 -0.028053
v 0.052296 1.995859 -0.028053
v 0.085108 1.991488 -0.017502
v 0.052296 1.991488 -0.017502
v 0.085108 1.999572 -0.014153
v 0.052296 1.999572 -0.014153
v 0.085108 1.998081 -0.002830
v 0.052296 1.998081 -0.002830
v 0.085108 1.989406 -0.001688
v 0.052296 1.989406 -0.001688
v 0.085108 1.990897 0.009636
v 0.052296 1.990897 0.009636
v 0.085108 1.999572 0.008494
v 0.052296 1.999572 0.008494
v 0.085108 2.003942 0.019045
v 0.052296 2.003942 0.019045
v 0.085108 1.997001 0.024372
v 0.052296 1.997001 0.024372
v 0.085108 2.003953 0.033433
v 0.052296 2.003953 0.033433
v 0.085108 2.010895 0.028106
v 0.052296 2.010895 0.028106
v 0.085108 2.019957 0.035059
v 0.052296 2.019957 0.035059
v 0.085108 2.016608 0.043143
v 0.052296 2.016608 0.043143
v 0.085108 2.027160 0.047513
v 0.052296 2.027160 0.047513
v 0.085108 2.030508 0.039429
v 0.052296 2.030508 0.039429
v 0.085108 2.041831 0.040920
v 0.052296 2.041831 0.040920
v 0.085108 2.042974 0.049595
v 0.052296 2.042974 0.049595
v 0.085108 2.054296 0.048105
v 0.052296 2.054296 0.048105
v 0.085108 2.053155 0.039429
v 0.052296 2.053155 0.039429
v 0.085108 2.063706 0.035059
v 0.052296 2.063706 0.035059
v 0.085108 2.069033 0.042001
v 0.052296 2.069033 0.042001
v 0.085108 2.078094 0.035048
v 0.052296 2.078094 0.035048
v 0.085108 2.072767 0.028106
v 0.052296 2.072767 0.028106
v 0.085108 2.079720 0.019045
v 0.052296 2.079720 0.019045
v 0.085108 2.087804 0.022394
v 0.052296 2.087804 0.022394
v 0.085108 2.092175 0.011842
v 0.052296 2.092175 0.011842
v 0.085108 2.084091 0.008494
v 0.052296 2.084091 0.008494
v 0.085108 2.085581 -0.002830
v 0.052296 2.085581 -0.002830
v 0.085108 2.094256 -0.003972
v 0.052296 2.094256 -0.003972
v 0.085108 2.092766 -0.015295
v 0.052296 2.092766 -0.015295
v 0.085108 2.084091 -0.014153
v 0.052296 2.084091 -0.014153
v 0.085108 2.079720 -0.024705
v 0.052296 2.079720 -0.024705
v 0.085108 2.086662 -0.030031
v 0.052296 2.086662 -0.030031
v 0.085108 2.079709 -0.039092
v 0.052296 2.079709 -0.039092
v 0.085108 2.072767 -0.033766
v 0.052296 2.072767 -0.033766
v 0.085108 2.063706 -0.040718
v 0.052296 2.063706 -0.040718
v 0.085108 2.067055 -0.048802
v 0.052296 2.067055 -0.048802
v 0.085108 2.056503 -0.053173
v 0.052296 2.056503 -0.053173
v 0.085108 2.053155 -0.045089
v -0.121611 2.041831 -0.046580
v -0.088798 2.041831 -0.046580
v -0.121611 2.053155 -0.045089
v -0.121611 2.040689 -0.055255
v -0.121611 2.029366 -0.053764
v -0.088798 2.040689 -0.055255
v -0.088798 2.029366 -0.053764
v -0.088798 2.030508 -0.045089
v -0.121611 2.030508 -0.045089
v -0.088798 2.019957 -0.040718
v -0.121611 2.019957 -0.040718
v -0.088798 2.014630 -0.047660
v -0.121611 2.014630 -0.047660
v -0.088798 2.005569 -0.040708
v -0.121611 2.005569 -0.040708
v -0.088798 2.010896 -0.033766
v -0.121611 2.010896 -0.033766
v -0.088798 2.003942 -0.024705
v -0.121611 2.003942 -0.024705
v -0.088798 1.995859 -0.028053
v -0.121611 1.995859 -0.028053
v -0.088798 1.991488 -0.017502
v -0.121611 1.991488 -0.017502
v -0.088798 1.999572 -0.014153
v -0.121611 1.999572 -0.014153
v -0.088798 1.998081 -0.002830
v -0.121611 1.998081 -0.002830
v -0.088798 1.989406 -0.001688
v -0.121611 1.989406 -0.001688
v -0.088798 1.990897 0.009636
v -0.121611 1.990897 0.009636
v -0.088798 1.999572 0.008494
v -0.121611 1.999572 0.008494
v -0.088798 2.003942 0.019045
v -0.121611 2.003942 0.019045
v -0.088798 1.997001 0.024372
v -0.121611 1.997001 0.024372
v -0.088798 2.003953 0.033433
v -0.121611 2.003953 0.033433
v -0.088798 2.010896 0.028106
v -0.121611 2.010896 0.028106
v -0.088798 2.019957 0.035059
v -0.121611 2.019957 0.035059
v -0.088798 2.016608 0.043143
v -0.121611 2.016608 0.043143
v -0.088798 2.027160 0.047513
v -0.121611 2.027160 0.047513
v -0.088798 2.030508 0.039429
v -0.121611 2.030508 0.039429
v -0.088798 2.041831 0.040920
v -0.121611 2.041831 0.040920
v -0.088798 2.042974 0.049595
v -0.121611 2.042974 0.049595
v -0.088798 2.054297 0.048105
v -0.121611 2.054297 0.048105
v -0.088798 2.053155 0.039429
v -0.121611 2.053155 0.039429
v -0.088798 2.063706 0.035059
v -0.121611 2.063706 0.035059
v -0.088798 2.069033 0.042001
v -0.121611 2.069033 0.042001
v -0.088798 2.078094 0.035048
v -0.121611 2.078094 0.035048
v -0.088798 2.072767 0.028106
v -0.121611 2.072767 0.028106
v -0.088798 2.079720 0.019045
v -0.121611 2.079720 0.019045
v -0.088798 2.087804 0.022394
v -0.121611 2.087804 0.022394
v -0.088798 2.092175 0.011842
v -0.121611 2.092175 0.011842
v -0.088798 2.084091 0.008494
v -0.121611 2.084091 0.008494
v -0.088798 2.085581 -0.002830
v -0.121611 2.085581 -0.002830
v -0.088798 2.094256 -0.003972
v -0.121611 2.094256 -0.003972
v -0.088798 2.092766 -0.015295
v -0.121611 2.092766 -0.015295
v -0.088798 2.084091 -0.014153
v -0.121611 2.084091 -0.014153
v -0.088798 2.079720 -0.024705
v -0.121611 2.079720 -0.024705
v -0.088798 2.086662 -0.030031
v -0.121611 2.086662 -0.030031
v -0.088798 2.079709 -0.039092
v -0.121611 2.079709 -0.039092
v -0.088798 2.072767 -0.033766
v -0.121611 2.072767 -0.033766
v -0.088798 2.063706 -0.040718
v -0.121611 2.063706 -0.040718
v -0.088798 2.067055 -0.048802
v -0.121611 2.067055 -0.048802
v -0.088798 2.056503 -0.053173
v -0.121611 2.056503 -0.053173
v -0.088798 2.053155 -0.045089
v -0.133718 2.537465 0.314649
v -0.133718 2.532935 0.315246
v 0.097282 2.537465 0.314649
v -0.133718 2.541994 0.315246
v -0.133718 2.546215 0.316994
v 0.097282 2.541994 0.315246
v 0.097282 2.546215 0.316994
v 0.097282 2.549839 0.319775
v 0.097282 2.552620 0.323399
v -0.133718 2.549839 0.319775
v -0.133718 2.552620 0.323399
v -0.133718 2.554368 0.327620
v -0.133718 2.554965 0.332149
v 0.097282 2.554368 0.327620
v 0.097282 2.554965 0.332149
v 0.097282 2.554368 0.336679
v 0.097282 2.552620 0.340899
v -0.133718 2.554368 0.336679
v -0.133718 2.552620 0.340899
v -0.133718 2.549839 0.344524
v -0.133718 2.546215 0.347305
v 0.097282 2.549839 0.344524
v 0.097282 2.546215 0.347305
v 0.097282 2.541994 0.349053
v 0.097282 2.537465 0.349649
v -0.133718 2.541994 0.349053
v -0.133718 2.537465 0.349649
v -0.133718 2.532935 0.349053
v -0.133718 2.528715 0.347305
v 0.097282 2.532935 0.349053
v 0.097282 2.528715 0.347305
v 0.097282 2.525090 0.344524
v 0.097282 2.522309 0.340899
v -0.133718 2.525090 0.344524
v -0.133718 2.522309 0.340899
v -0.133718 2.520561 0.336679
v -0.133718 2.519965 0.332149
v 0.097282 2.520561 0.336679
v 0.097282 2.519965 0.332149
v 0.097282 2.520561 0.327620
v 0.097282 2.522309 0.323399
v -0.133718 2.520561 0.327620
v -0.133718 2.522309 0.323399
v -0.133718 2.525090 0.319775
v -0.133718 2.528715 0.316994
v 0.097282 2.525090 0.319775
v 0.097282 2.528715 0.316994
v 0.097282 2.532935 0.315246
v -0.133718 2.201918 -0.020527
v -0.133718 2.197389 -0.019931
v 0.097282 2.201918 -0.020527
v -0.133718 2.206448 -0.019931
v -0.133718 2.210668 -0.018183
v 0.097282 2.206448 -0.019931
v 0.097282 2.210668 -0.018183
v 0.097282 2.214293 -0.015402
v 0.097282 2.217073 -0.011777
v -0.133718 2.214293 -0.015402
v -0.133718 2.217073 -0.011777
v -0.133718 2.218822 -0.007557
v -0.133718 2.219418 -0.003027
v 0.097282 2.218822 -0.007557
v 0.097282 2.219418 -0.003027
v 0.097282 2.218822 0.001502
v 0.097282 2.217073 0.005723
v -0.133718 2.218822 0.001502
v -0.133718 2.217073 0.005723
v -0.133718 2.214293 0.009347
v -0.133718 2.210668 0.012128
v 0.097282 2.214293 0.009347
v 0.097282 2.210668 0.012128
v 0.097282 2.206448 0.013876
v 0.097282 2.201918 0.014473
v -0.133718 2.206448 0.013876
v -0.133718 2.201918 0.014473
v -0.133718 2.197389 0.013876
v -0.133718 2.193168 0.012128
v 0.097282 2.197389 0.013876
v 0.097282 2.193168 0.012128
v 0.097282 2.189544 0.009347
v 0.097282 2.186763 0.005723
v -0.133718 2.189544 0.009347
v -0.133718 2.186763 0.005723
v -0.133718 2.185014 0.001502
v -0.133718 2.184418 -0.003027
v 0.097282 2.185014 0.001502
v 0.097282 2.184418 -0.003027
v 0.097282 2.185014 -0.007557
v 0.097282 2.186763 -0.011777
v -0.133718 2.185014 -0.007557
v -0.133718 2.186763 -0.011777
v -0.133718 2.189544 -0.015402
v -0.133718 2.193168 -0.018183
v 0.097282 2.189544 -0.015402
v 0.097282 2.193168 -0.018183
v 0.097282 2.197389 -0.019931
v -0.193348 2.188238 -0.016605
v -0.127806 2.188238 -0.016605
v -0.190654 2.197684 -0.022241
v -0.190654 2.182602 -0.007160
v -0.193348 2.259332 0.054488
v -0.190654 2.251791 0.062029
v -0.190654 2.266872 0.046948
v -0.183294 2.272392 0.041428
v -0.183294 2.208408 -0.022556
v -0.173239 2.274413 0.039407
v -0.173239 2.217538 -0.017468
v -0.163185 2.272392 0.041428
v -0.163185 2.222627 -0.008338
v -0.155825 2.266872 0.046948
v -0.155825 2.222311 0.002387
v -0.153131 2.259332 0.054488
v -0.153131 2.216675 0.011832
v -0.155825 2.251791 0.062029
v -0.155825 2.207230 0.017468
v -0.163185 2.246271 0.067549
v -0.163185 2.196505 0.017784
v -0.173239 2.244250 0.069570
v -0.173239 2.187376 0.012695
v -0.183294 2.246271 0.067549
v -0.183294 2.182287 0.003565
v -0.127806 2.182287 0.003565
v -0.127806 2.182602 -0.007160
v -0.127806 2.187376 0.012695
v -0.127806 2.196505 0.017784
v -0.127806 2.207230 0.017468
v -0.127806 2.216675 0.011832
v -0.127806 2.222311 0.002387
v -0.127806 2.222627 -0.008338
v -0.127806 2.217538 -0.017468
v -0.127806 2.208408 -0.022556
v -0.127806 2.197684 -0.022241
v -0.173306 2.259439 0.034186
v -0.169682 2.259102 0.034523
v -0.176929 2.259102 0.034523
v -0.173305 2.321311 0.096058
v -0.173305 2.331211 0.086158
v -0.169682 2.320974 0.096395
v -0.176929 2.320974 0.096395
v -0.180305 2.319985 0.097384
v -0.180305 2.258113 0.035512
v -0.183205 2.318412 0.098957
v -0.183205 2.256540 0.037085
v -0.185430 2.316362 0.101007
v -0.185430 2.254490 0.039136
v -0.186828 2.313974 0.103395
v -0.186828 2.252102 0.041523
v -0.187305 2.311412 0.105957
v -0.187305 2.249540 0.044085
v -0.186828 2.308850 0.108519
v -0.186828 2.246978 0.046647
v -0.185430 2.306462 0.110907
v -0.185430 2.244590 0.049035
v -0.183205 2.304412 0.112957
v -0.183205 2.242540 0.051085
v -0.180305 2.302839 0.114530
v -0.180305 2.240967 0.052659
v -0.176929 2.301850 0.115519
v -0.176929 2.239978 0.053647
v -0.173305 2.301513 0.115857
v -0.173306 2.239641 0.053985
v -0.169682 2.301850 0.115519
v -0.173305 2.291613 0.125756
v -0.173305 2.415357 0.249500
v -0.166059 2.292288 0.125082
v -0.180552 2.292288 0.125082
v -0.180552 2.416031 0.248825
v -0.187305 2.294266 0.123104
v -0.187306 2.418009 0.246847
v -0.193104 2.297412 0.119957
v -0.193104 2.421156 0.243701
v -0.197554 2.301513 0.115857
v -0.197554 2.425256 0.239600
v -0.200351 2.306288 0.111082
v -0.200351 2.430031 0.234825
v -0.201306 2.311412 0.105957
v -0.201306 2.435156 0.229701
v -0.200351 2.316536 0.100833
v -0.200351 2.440280 0.224577
v -0.197554 2.321311 0.096058
v -0.197554 2.445055 0.219801
v -0.193104 2.325412 0.091957
v -0.193104 2.449156 0.215701
v -0.187305 2.328558 0.088811
v -0.187305 2.452302 0.212554
v -0.180552 2.330536 0.086833
v -0.180552 2.454280 0.210577
v -0.173305 2.454955 0.209902
v -0.166059 2.454280 0.210577
v -0.173305 2.445055 0.219801
v -0.173305 2.506927 0.281673
v -0.176929 2.444718 0.220139
v -0.169682 2.444718 0.220139
v -0.169682 2.506590 0.282011
v -0.166305 2.443729 0.221128
v -0.166306 2.505601 0.282999
v -0.163406 2.442156 0.222701
v -0.163406 2.504027 0.284573
v -0.161181 2.440105 0.224751
v -0.161181 2.501977 0.286623
v -0.159783 2.437718 0.227139
v -0.159783 2.499590 0.289011
v -0.159305 2.435156 0.229701
v -0.159306 2.497027 0.291573
v -0.159783 2.432593 0.232263
v -0.159783 2.494465 0.294135
v -0.161181 2.430206 0.234651
v -0.161181 2.492078 0.296522
v -0.163406 2.428156 0.236701
v -0.163406 2.490027 0.298573
v -0.166305 2.426582 0.238274
v -0.166306 2.488454 0.300146
v -0.169682 2.425593 0.239263
v -0.169682 2.487465 0.301135
v -0.173305 2.425256 0.239600
v -0.173305 2.487128 0.301472
v -0.176929 2.425593 0.239263
v -0.176929 2.487465 0.301135
v -0.180305 2.426582 0.238274
v -0.180305 2.488454 0.300146
v -0.183205 2.428156 0.236701
v -0.183205 2.490027 0.298573
v -0.185430 2.430206 0.234651
v -0.185430 2.492078 0.296522
v -0.186828 2.432593 0.232263
v -0.186828 2.494465 0.294135
v -0.187305 2.435156 0.229701
v -0.187306 2.497027 0.291573
v -0.186828 2.437718 0.227139
v -0.186828 2.499590 0.289011
v -0.185430 2.440105 0.224751
v -0.185430 2.501977 0.286623
v -0.183205 2.442156 0.222701
v -0.183205 2.504027 0.284573
v -0.180305 2.443729 0.221128
v -0.180305 2.505601 0.282999
v -0.176929 2.506590 0.282011
v -0.166059 2.330536 0.086833
v -0.159305 2.452302 0.212554
v -0.159305 2.328558 0.088811
v -0.153507 2.449156 0.215701
v -0.153507 2.325412 0.091957
v -0.149057 2.445055 0.219801
v -0.149057 2.321311 0.096058
v -0.146260 2.440280 0.224577
v -0.146260 2.316536 0.100833
v -0.145305 2.435156 0.229701
v -0.145305 2.311412 0.105957
v -0.146260 2.430031 0.234825
v -0.146260 2.306288 0.111082
v -0.149057 2.425256 0.239600
v -0.149057 2.301513 0.115857
v -0.153507 2.421156 0.243701
v -0.153507 2.297412 0.119957
v -0.159305 2.418009 0.246847
v -0.159305 2.294266 0.123104
v -0.166059 2.416031 0.248825
v -0.169682 2.239978 0.053647
v -0.166305 2.302839 0.114530
v -0.166305 2.240967 0.052659
v -0.163406 2.304412 0.112957
v -0.163406 2.242540 0.051085
v -0.161181 2.306462 0.110907
v -0.161181 2.244590 0.049035
v -0.159783 2.308850 0.108519
v -0.159783 2.246978 0.046647
v -0.159305 2.311412 0.105957
v -0.159305 2.249540 0.044085
v -0.159783 2.313974 0.103395
v -0.159783 2.252102 0.041523
v -0.161181 2.316362 0.101007
v -0.161181 2.254490 0.039136
v -0.163406 2.318412 0.098957
v -0.163406 2.256540 0.037085
v -0.166305 2.319985 0.097384
v -0.166305 2.258113 0.035512
v -0.193348 2.551238 0.347908
v -0.127806 2.551238 0.347908
v -0.190654 2.541792 0.353543
v -0.190654 2.556874 0.338462
v -0.193348 2.480145 0.276814
v -0.190654 2.487685 0.269273
v -0.190654 2.472604 0.284354
v -0.183294 2.467083 0.289874
v -0.183294 2.531068 0.353859
v -0.173239 2.465063 0.291895
v -0.173239 2.521938 0.348770
v -0.163185 2.467083 0.289874
v -0.163185 2.516850 0.339640
v -0.155825 2.472604 0.284354
v -0.155825 2.517165 0.328916
v -0.153131 2.480145 0.276814
v -0.153131 2.522800 0.319470
v -0.155825 2.487685 0.269273
v -0.155825 2.532246 0.313834
v -0.163185 2.493205 0.263753
v -0.163185 2.542971 0.313519
v -0.173239 2.495226 0.261732
v -0.173239 2.552101 0.318608
v -0.183294 2.493205 0.263753
v -0.183294 2.557189 0.327737
v -0.127806 2.557189 0.327737
v -0.127806 2.556874 0.338462
v -0.127806 2.552101 0.318608
v -0.127806 2.542971 0.313519
v -0.127806 2.532246 0.313834
v -0.127806 2.522800 0.319470
v -0.127806 2.517165 0.328916
v -0.127806 2.516850 0.339640
v -0.127806 2.521938 0.348770
v -0.127806 2.531068 0.353859
v -0.127806 2.541792 0.353543
v -0.119265 2.536265 0.246865
v -0.119265 2.460487 0.290615
v 0.082830 2.536265 0.246865
v -0.119265 2.612042 0.290615
v -0.119265 2.612042 0.378115
v 0.082830 2.612042 0.290615
v 0.082830 2.612042 0.378115
v 0.082830 2.536265 0.421865
v 0.082830 2.460488 0.378115
v -0.119265 2.536265 0.421865
v -0.119265 2.460487 0.378115
v 0.082830 2.460488 0.290615
v 0.157115 2.188028 -0.016397
v 0.091574 2.188028 -0.016397
v 0.154421 2.182393 -0.006951
v 0.154421 2.197474 -0.022032
v 0.157115 2.259122 0.054697
v 0.154421 2.266663 0.047157
v 0.154421 2.251582 0.062238
v 0.147061 2.246062 0.067758
v 0.147061 2.182077 0.003774
v 0.137007 2.244041 0.069779
v 0.137007 2.187166 0.012904
v 0.126953 2.246062 0.067758
v 0.126953 2.196296 0.017992
v 0.119592 2.251582 0.062238
v 0.119592 2.207021 0.017677
v 0.116898 2.259122 0.054697
v 0.116898 2.216466 0.012041
v 0.119592 2.266663 0.047157
v 0.119592 2.222102 0.002595
v 0.126953 2.272183 0.041636
v 0.126953 2.222418 -0.008129
v 0.137007 2.274204 0.039616
v 0.137007 2.217329 -0.017259
v 0.147061 2.272183 0.041636
v 0.147061 2.208199 -0.022348
v 0.091574 2.208199 -0.022348
v 0.091574 2.197474 -0.022032
v 0.091574 2.217329 -0.017259
v 0.091574 2.222418 -0.008129
v 0.091574 2.222102 0.002595
v 0.091574 2.216466 0.012041
v 0.091574 2.207021 0.017677
v 0.091574 2.196296 0.017992
v 0.091574 2.187166 0.012904
v 0.091574 2.182077 0.003774
v 0.091574 2.182393 -0.006951
v 0.137073 2.238820 0.054805
v 0.133449 2.239158 0.054468
v 0.140696 2.239158 0.054468
v 0.137073 2.301064 0.117050
v 0.137073 2.291165 0.126949
v 0.133449 2.301402 0.116712
v 0.140696 2.301402 0.116712
v 0.144073 2.302391 0.115723
v 0.144073 2.240147 0.053479
v 0.146972 2.303964 0.114150
v 0.146972 2.241720 0.051906
v 0.149197 2.306014 0.112100
v 0.149197 2.243770 0.049855
v 0.150596 2.308402 0.109712
v 0.150596 2.246158 0.047468
v 0.151073 2.310964 0.107150
v 0.151073 2.248720 0.044906
v 0.150596 2.313526 0.104588
v 0.150596 2.251282 0.042343
v 0.149197 2.315914 0.102200
v 0.149197 2.253669 0.039956
v 0.146972 2.317964 0.100150
v 0.146972 2.255720 0.037906
v 0.144073 2.319537 0.098577
v 0.144073 2.257293 0.036332
v 0.140696 2.320526 0.097588
v 0.140696 2.258282 0.035343
v 0.137073 2.320864 0.097251
v 0.137073 2.258619 0.035006
v 0.137073 2.330763 0.087351
v 0.133449 2.320526 0.097588
v 0.133449 2.258282 0.035343
v 0.130073 2.319537 0.098577
v 0.130073 2.257293 0.036332
v 0.127173 2.317964 0.100150
v 0.127173 2.255720 0.037906
v 0.124949 2.315914 0.102200
v 0.124949 2.253669 0.039956
v 0.123550 2.313526 0.104588
v 0.123550 2.251282 0.042343
v 0.123073 2.310964 0.107150
v 0.123073 2.248720 0.044906
v 0.123550 2.308402 0.109712
v 0.123550 2.246158 0.047468
v 0.124949 2.306014 0.112100
v 0.124949 2.243770 0.049855
v 0.127173 2.303964 0.114150
v 0.127173 2.241720 0.051906
v 0.130073 2.302391 0.115723
v 0.130073 2.240147 0.053479
v 0.137073 2.454134 0.210722
v 0.129826 2.330089 0.088026
v 0.144320 2.330089 0.088026
v 0.144320 2.453460 0.211397
v 0.151073 2.328111 0.090004
v 0.151073 2.451482 0.213375
v 0.156872 2.324964 0.093150
v 0.156872 2.448335 0.216521
v 0.161322 2.320864 0.097251
v 0.161322 2.444235 0.220622
v 0.164119 2.316089 0.102026
v 0.164119 2.439460 0.225397
v 0.165073 2.310964 0.107150
v 0.165073 2.434335 0.230521
v 0.164119 2.305840 0.112274
v 0.164119 2.429211 0.235646
v 0.161322 2.301064 0.117050
v 0.161322 2.424436 0.240421
v 0.156872 2.296964 0.121150
v 0.156872 2.420335 0.244521
v 0.151073 2.293818 0.124296
v 0.151073 2.417189 0.247667
v 0.144320 2.291840 0.126274
v 0.144320 2.415211 0.249645
v 0.137073 2.414536 0.250320
v 0.129826 2.415211 0.249645
v 0.137073 2.424436 0.240421
v 0.137073 2.486307 0.302292
v 0.140696 2.424773 0.240083
v 0.133449 2.424773 0.240083
v 0.133449 2.486645 0.301955
v 0.130073 2.425762 0.239094
v 0.130073 2.487634 0.300966
v 0.127173 2.427335 0.237521
v 0.127173 2.489207 0.299393
v 0.124949 2.429385 0.235471
v 0.124949 2.491257 0.297343
v 0.123550 2.431773 0.233083
v 0.123550 2.493645 0.294955
v 0.123073 2.434335 0.230521
v 0.123073 2.496207 0.292393
v 0.123550 2.436897 0.227959
v 0.123550 2.498769 0.289831
v 0.124949 2.439285 0.225571
v 0.124949 2.501157 0.287443
v 0.127173 2.441335 0.223521
v 0.127173 2.503207 0.285393
v 0.130073 2.442908 0.221948
v 0.130073 2.504780 0.283820
v 0.133449 2.443897 0.220959
v 0.133449 2.505769 0.282831
v 0.137073 2.444234 0.220622
v 0.137073 2.506106 0.282493
v 0.140696 2.443897 0.220959
v 0.140696 2.505769 0.282831
v 0.144073 2.442908 0.221948
v 0.144073 2.504780 0.283820
v 0.146972 2.441335 0.223521
v 0.146972 2.503207 0.285393
v 0.149197 2.439285 0.225571
v 0.149197 2.501157 0.287443
v 0.150596 2.436897 0.227959
v 0.150596 2.498769 0.289831
v 0.151073 2.434335 0.230521
v 0.151073 2.496207 0.292393
v 0.150596 2.431773 0.233083
v 0.150596 2.493645 0.294955
v 0.149197 2.429385 0.235471
v 0.149197 2.491257 0.297343
v 0.146972 2.427335 0.237521
v 0.146972 2.489207 0.299393
v 0.144073 2.425762 0.239094
v 0.144073 2.487634 0.300966
v 0.140696 2.486645 0.301955
v 0.123073 2.417189 0.247667
v 0.129826 2.291840 0.126274
v 0.123073 2.293818 0.124296
v 0.117274 2.296964 0.121150
v 0.117274 2.420335 0.244521
v 0.112824 2.301064 0.117049
v 0.112824 2.424436 0.240420
v 0.110027 2.305840 0.112274
v 0.110027 2.429211 0.235645
v 0.109073 2.310964 0.107150
v 0.109073 2.434335 0.230521
v 0.110027 2.316088 0.102026
v 0.110027 2.439459 0.225397
v 0.112824 2.320863 0.097250
v 0.112824 2.444234 0.220622
v 0.117274 2.324964 0.093150
v 0.117274 2.448335 0.216521
v 0.123073 2.328111 0.090004
v 0.123073 2.451482 0.213375
v 0.129826 2.453460 0.211397
v 0.157115 2.552541 0.346604
v 0.091574 2.552541 0.346604
v 0.154421 2.558177 0.337158
v 0.154421 2.543096 0.352239
v 0.157115 2.481448 0.275510
v 0.154421 2.473907 0.283050
v 0.154421 2.488988 0.267969
v 0.147061 2.494508 0.262449
v 0.147061 2.558493 0.326433
v 0.137007 2.496529 0.260428
v 0.137007 2.553404 0.317304
v 0.126953 2.494508 0.262449
v 0.126953 2.544274 0.312215
v 0.119592 2.488988 0.267969
v 0.119592 2.533550 0.312530
v 0.116898 2.481448 0.275510
v 0.116898 2.524104 0.318166
v 0.119592 2.473907 0.283050
v 0.119592 2.518468 0.327612
v 0.126953 2.468387 0.288571
v 0.126953 2.518153 0.338336
v 0.137007 2.466367 0.290591
v 0.137007 2.523242 0.347466
v 0.147061 2.468387 0.288571
v 0.147061 2.532372 0.352555
v 0.091574 2.532372 0.352555
v 0.091574 2.543096 0.352239
v 0.091574 2.523242 0.347466
v 0.091574 2.518153 0.338336
v 0.091574 2.518468 0.327612
v 0.091574 2.524104 0.318166
v 0.091574 2.533550 0.312530
v 0.091574 2.544274 0.312215
v 0.091574 2.553404 0.317304
v 0.091574 2.558493 0.326433
v 0.091574 2.558177 0.337158
v 0.052296 2.203256 -0.046580
v 0.085108 2.203256 -0.046580
v 0.052296 2.214579 -0.045089
v 0.052296 2.202113 -0.055255
v 0.052296 2.190790 -0.053764
v 0.085108 2.202113 -0.055255
v 0.085108 2.190790 -0.053764
v 0.085108 2.191932 -0.045089
v 0.052296 2.191932 -0.045089
v 0.085108 2.181380 -0.040718
v 0.052296 2.181380 -0.040718
v 0.085108 2.176054 -0.047660
v 0.052296 2.176054 -0.047660
v 0.085108 2.166993 -0.040708
v 0.052296 2.166993 -0.040708
v 0.085108 2.172319 -0.033766
v 0.052296 2.172319 -0.033766
v 0.085108 2.165367 -0.024705
v 0.052296 2.165367 -0.024705
v 0.085108 2.157283 -0.028053
v 0.052296 2.157283 -0.028053
v 0.085108 2.152912 -0.017502
v 0.052296 2.152912 -0.017502
v 0.085108 2.160996 -0.014153
v 0.052296 2.160996 -0.014153
v 0.085108 2.159505 -0.002830
v 0.052296 2.159505 -0.002830
v 0.085108 2.150830 -0.001688
v 0.052296 2.150830 -0.001688
v 0.085108 2.152321 0.009636
v 0.052296 2.152321 0.009636
v 0.085108 2.160996 0.008494
v 0.052296 2.160996 0.008494
v 0.085108 2.165367 0.019045
v 0.052296 2.165367 0.019045
v 0.085108 2.158425 0.024372
v 0.052296 2.158425 0.024372
v 0.085108 2.165378 0.033433
v 0.052296 2.165378 0.033433
v 0.085108 2.172319 0.028106
v 0.052296 2.172319 0.028106
v 0.085108 2.181380 0.035059
v 0.052296 2.181380 0.035059
v 0.085108 2.178032 0.043143
v 0.052296 2.178032 0.043143
v 0.085108 2.188583 0.047513
v 0.052296 2.188583 0.047513
v 0.085108 2.191932 0.039429
v 0.052296 2.191932 0.039429
v 0.085108 2.203256 0.040920
v 0.052296 2.203256 0.040920
v 0.085108 2.204398 0.049595
v 0.052296 2.204398 0.049595
v 0.085108 2.215721 0.048105
v 0.052296 2.215721 0.048105
v 0.085108 2.214579 0.039429
v 0.052296 2.214579 0.039429
v 0.085108 2.225131 0.035059
v 0.052296 2.225131 0.035059
v 0.085108 2.230457 0.042001
v 0.052296 2.230457 0.042001
v 0.085108 2.239518 0.035048
v 0.052296 2.239518 0.035048
v 0.085108 2.234191 0.028106
v 0.052296 2.234191 0.028106
v 0.085108 2.241144 0.019045
v 0.052296 2.241144 0.019045
v 0.085108 2.249228 0.022394
v 0.052296 2.249228 0.022394
v 0.085108 2.253599 0.011842
v 0.052296 2.253599 0.011842
v 0.085108 2.245515 0.008494
v 0.052296 2.245515 0.008494
v 0.085108 2.247005 -0.002830
v 0.052296 2.247005 -0.002830
v 0.085108 2.255681 -0.003972
v 0.052296 2.255681 -0.003972
v 0.085108 2.254190 -0.015295
v 0.052296 2.254190 -0.015295
v 0.085108 2.245515 -0.014153
v 0.052296 2.245515 -0.014153
v 0.085108 2.241144 -0.024705
v 0.052296 2.241144 -0.024705
v 0.085108 2.248086 -0.030031
v 0.052296 2.248086 -0.030031
v 0.085108 2.241133 -0.039092
v 0.052296 2.241133 -0.039092
v 0.085108 2.234191 -0.033766
v 0.052296 2.234191 -0.033766
v 0.085108 2.225131 -0.040718
v 0.052296 2.225131 -0.040718
v 0.085108 2.228479 -0.048802
v 0.052296 2.228479 -0.048802
v 0.085108 2.217927 -0.053173
v 0.052296 2.217927 -0.053173
v 0.085108 2.214579 -0.045089
v -0.121611 2.203256 -0.046580
v -0.088798 2.203256 -0.046580
v -0.121611 2.214579 -0.045089
v -0.121611 2.202113 -0.055255
v -0.121611 2.190790 -0.053764
v -0.088798 2.202113 -0.055255
v -0.088798 2.190790 -0.053764
v -0.088798 2.191932 -0.045089
v -0.121611 2.191932 -0.045089
v -0.088798 2.181380 -0.040718
v -0.121611 2.181380 -0.040718
v -0.088798 2.176054 -0.047660
v -0.121611 2.176054 -0.047660
v -0.088798 2.166993 -0.040708
v -0.121611 2.166993 -0.040708
v -0.088798 2.172319 -0.033766
v -0.121611 2.172319 -0.033766
v -0.088798 2.165367 -0.024705
v -0.121611 2.165367 -0.024705
v -0.088798 2.157283 -0.028053
v -0.121611 2.157283 -0.028053
v -0.088798 2.152912 -0.017502
v -0.121611 2.152912 -0.017502
v -0.088798 2.160996 -0.014153
v -0.121611 2.160996 -0.014153
v -0.088798 2.159505 -0.002830
v -0.121611 2.159505 -0.002830
v -0.088798 2.150830 -0.001688
v -0.121611 2.150830 -0.001688
v -0.088798 2.152321 0.009636
v -0.121611 2.152321 0.009636
v -0.088798 2.160996 0.008494
v -0.121611 2.160996 0.008494
v -0.088798 2.165367 0.019045
v -0.121611 2.165367 0.019045
v -0.088798 2.158425 0.024372
v -0.121611 2.158425 0.024372
v -0.088798 2.165378 0.033433
v -0.121611 2.165378 0.033433
v -0.088798 2.172319 0.028106
v -0.121611 2.172319 0.028106
v -0.088798 2.181380 0.035059
v -0.121611 2.181380 0.035059
v -0.088798 2.178032 0.043143
v -0.121611 2.178032 0.043143
v -0.088798 2.188583 0.047513
v -0.121611 2.188583 0.047513
v -0.088798 2.191932 0.039429
v -0.121611 2.191932 0.039429
v -0.088798 2.203256 0.040920
v -0.121611 2.203256 0.040920
v -0.088798 2.204398 0.049595
v -0.121611 2.204398 0.049595
v -0.088798 2.215721 0.048105
v -0.121611 2.215721 0.048105
v -0.088798 2.214579 0.039429
v -0.121611 2.214579 0.039429
v -0.088798 2.225131 0.035059
v -0.121611 2.225131 0.035059
v -0.088798 2.230457 0.042001
v -0.121611 2.230457 0.042001
v -0.088798 2.239518 0.035048
v -0.121611 2.239518 0.035048
v -0.088798 2.234191 0.028106
v -0.121611 2.234191 0.028106
v -0.088798 2.241144 0.019045
v -0.121611 2.241144 0.019045
v -0.088798 2.249228 0.022394
v -0.121611 2.249228 0.022394
v -0.088798 2.253599 0.011842
v -0.121611 2.253599 0.011842
v -0.088798 2.245515 0.008494
v -0.121611 2.245515 0.008494
v -0.088798 2.247005 -0.002830
v -0.121611 2.247005 -0.002830
v -0.088798 2.255681 -0.003972
v -0.121611 2.255681 -0.003972
v -0.088798 2.254190 -0.015295
v -0.121611 2.254190 -0.015295
v -0.088798 2.245515 -0.014153
v -0.121611 2.245515 -0.014153
v -0.088798 2.241144 -0.024705
v -0.121611 2.241144 -0.024705
v -0.088798 2.248086 -0.030031
v -0.121611 2.248086 -0.030031
v -0.088798 2.241133 -0.039092
v -0.121611 2.241133 -0.039092
v -0.088798 2.234191 -0.033766
v -0.121611 2.234191 -0.033766
v -0.088798 2.225131 -0.040718
v -0.121611 2.225131 -0.040718
v -0.088798 2.228479 -0.048802
v -0.121611 2.228479 -0.048802
v -0.088798 2.217927 -0.053173
v -0.121611 2.217927 -0.053173
v -0.088798 2.214579 -0.045089
v -0.133718 2.698889 0.314649
v -0.133718 2.694360 0.315246
v 0.097282 2.698889 0.314649
v -0.133718 2.703418 0.315246
v -0.133718 2.707639 0.316994
v 0.097282 2.703418 0.315246
v 0.097282 2.707639 0.316994
v 0.097282 2.711263 0.319775
v 0.097282 2.714045 0.323399
v -0.133718 2.711263 0.319775
v -0.133718 2.714045 0.323399
v -0.133718 2.715793 0.327620
v -0.133718 2.716389 0.332149
v 0.097282 2.715793 0.327620
v 0.097282 2.716389 0.332149
v 0.097282 2.715793 0.336679
v 0.097282 2.714045 0.340899
v -0.133718 2.715793 0.336679
v -0.133718 2.714045 0.340899
v -0.133718 2.711263 0.344524
v -0.133718 2.707639 0.347305
v 0.097282 2.711263 0.344524
v 0.097282 2.707639 0.347305
v 0.097282 2.703418 0.349053
v 0.097282 2.698889 0.349649
v -0.133718 2.703418 0.349053
v -0.133718 2.698889 0.349649
v -0.133718 2.694360 0.349053
v -0.133718 2.690139 0.347305
v 0.097282 2.694360 0.349053
v 0.097282 2.690139 0.347305
v 0.097282 2.686515 0.344524
v 0.097282 2.683733 0.340899
v -0.133718 2.686514 0.344524
v -0.133718 2.683733 0.340899
v -0.133718 2.681985 0.336679
v -0.133718 2.681389 0.332149
v 0.097282 2.681985 0.336679
v 0.097282 2.681389 0.332149
v 0.097282 2.681985 0.327620
v 0.097282 2.683733 0.323399
v -0.133718 2.681985 0.327620
v -0.133718 2.683733 0.323399
v -0.133718 2.686514 0.319775
v -0.133718 2.690139 0.316994
v 0.097282 2.686515 0.319775
v 0.097282 2.690139 0.316994
v 0.097282 2.694360 0.315246
v -0.133718 2.363342 -0.020527
v -0.133718 2.358813 -0.019931
v 0.097282 2.363342 -0.020527
v -0.133718 2.367872 -0.019931
v -0.133718 2.372092 -0.018183
v 0.097282 2.367872 -0.019931
v 0.097282 2.372092 -0.018183
v 0.097282 2.375717 -0.015402
v 0.097282 2.378498 -0.011777
v -0.133718 2.375717 -0.015402
v -0.133718 2.378498 -0.011777
v -0.133718 2.380246 -0.007557
v -0.133718 2.380842 -0.003027
v 0.097282 2.380246 -0.007557
v 0.097282 2.380842 -0.003027
v 0.097282 2.380246 0.001502
v 0.097282 2.378498 0.005723
v -0.133718 2.380246 0.001502
v -0.133718 2.378498 0.005723
v -0.133718 2.375717 0.009347
v -0.133718 2.372092 0.012128
v 0.097282 2.375717 0.009347
v 0.097282 2.372092 0.012128
v 0.097282 2.367872 0.013876
v 0.097282 2.363342 0.014473
v -0.133718 2.367872 0.013876
v -0.133718 2.363342 0.014473
v -0.133718 2.358813 0.013876
v -0.133718 2.354592 0.012128
v 0.097282 2.358813 0.013876
v 0.097282 2.354592 0.012128
v 0.097282 2.350968 0.009347
v 0.097282 2.348186 0.005723
v -0.133718 2.350968 0.009347
v -0.133718 2.348186 0.005723
v -0.133718 2.346438 0.001502
v -0.133718 2.345842 -0.003027
v 0.097282 2.346438 0.001502
v 0.097282 2.345842 -0.003027
v 0.097282 2.346438 -0.007557
v 0.097282 2.348186 -0.011777
v -0.133718 2.346438 -0.007557
v -0.133718 2.348186 -0.011777
v -0.133718 2.350968 -0.015402
v -0.133718 2.354592 -0.018183
v 0.097282 2.350968 -0.015402
v 0.097282 2.354592 -0.018183
v 0.097282 2.358813 -0.019931
v -0.193348 2.349662 -0.016605
v -0.127806 2.349662 -0.016605
v -0.190654 2.359108 -0.022241
v -0.190654 2.344027 -0.007160
v -0.193348 2.420756 0.054488
v -0.190654 2.413215 0.062029
v -0.190654 2.428297 0.046948
v -0.183294 2.433817 0.041428
v -0.183294 2.369832 -0.022556
v -0.173239 2.435837 0.039407
v -0.173239 2.378962 -0.017468
v -0.163185 2.433817 0.041428
v -0.163185 2.384051 -0.008338
v -0.155825 2.428297 0.046948
v -0.155825 2.383735 0.002387
v -0.153131 2.420756 0.054488
v -0.153131 2.378099 0.011832
v -0.155825 2.413215 0.062029
v -0.155825 2.368654 0.017468
v -0.163185 2.407695 0.067549
v -0.163185 2.357929 0.017784
v -0.173239 2.405675 0.069570
v -0.173239 2.348800 0.012695
v -0.183294 2.407695 0.067549
v -0.183294 2.343711 0.003565
v -0.127806 2.343711 0.003565
v -0.127806 2.344027 -0.007160
v -0.127806 2.348800 0.012695
v -0.127806 2.357929 0.017784
v -0.127806 2.368654 0.017468
v -0.127806 2.378099 0.011832
v -0.127806 2.383735 0.002387
v -0.127806 2.384051 -0.008338
v -0.127806 2.378962 -0.017468
v -0.127806 2.369832 -0.022556
v -0.127806 2.359108 -0.022241
v -0.173306 2.420864 0.034186
v -0.169682 2.420527 0.034523
v -0.176929 2.420527 0.034523
v -0.173305 2.482736 0.096058
v -0.173305 2.492635 0.086158
v -0.169682 2.482399 0.096395
v -0.176929 2.482399 0.096395
v -0.180305 2.481410 0.097384
v -0.180305 2.419538 0.035512
v -0.183205 2.479836 0.098957
v -0.183205 2.417964 0.037085
v -0.185430 2.477786 0.101007
v -0.185430 2.415914 0.039136
v -0.186828 2.475399 0.103395
v -0.186828 2.413527 0.041523
v -0.187305 2.472836 0.105957
v -0.187305 2.410964 0.044085
v -0.186828 2.470274 0.108519
v -0.186828 2.408402 0.046647
v -0.185430 2.467886 0.110907
v -0.185430 2.406014 0.049035
v -0.183205 2.465837 0.112957
v -0.183205 2.403965 0.051085
v -0.180305 2.464263 0.114530
v -0.180305 2.402391 0.052659
v -0.176929 2.463274 0.115519
v -0.176929 2.401402 0.053647
v -0.173305 2.462937 0.115857
v -0.173306 2.401065 0.053985
v -0.169682 2.463274 0.115519
v -0.173305 2.453037 0.125756
v -0.173305 2.576781 0.249500
v -0.166059 2.453712 0.125082
v -0.180552 2.453712 0.125082
v -0.180552 2.577456 0.248825
v -0.187305 2.455690 0.123104
v -0.187306 2.579433 0.246847
v -0.193104 2.458836 0.119957
v -0.193104 2.582580 0.243701
v -0.197554 2.462937 0.115857
v -0.197554 2.586680 0.239600
v -0.200351 2.467712 0.111082
v -0.200351 2.591455 0.234825
v -0.201306 2.472836 0.105957
v -0.201306 2.596580 0.229701
v -0.200351 2.477961 0.100833
v -0.200351 2.601704 0.224577
v -0.197554 2.482736 0.096058
v -0.197554 2.606480 0.219801
v -0.193104 2.486836 0.091957
v -0.193104 2.610580 0.215701
v -0.187305 2.489983 0.088811
v -0.187305 2.613727 0.212554
v -0.180552 2.491961 0.086833
v -0.180552 2.615705 0.210577
v -0.173305 2.616379 0.209902
v -0.166059 2.615705 0.210577
v -0.173305 2.606480 0.219801
v -0.173305 2.668351 0.281673
v -0.176929 2.606142 0.220139
v -0.169682 2.606142 0.220139
v -0.169682 2.668014 0.282011
v -0.166305 2.605153 0.221128
v -0.166306 2.667025 0.282999
v -0.163406 2.603580 0.222701
v -0.163406 2.665452 0.284573
v -0.161181 2.601530 0.224751
v -0.161181 2.663402 0.286623
v -0.159783 2.599142 0.227139
v -0.159783 2.661014 0.289011
v -0.159305 2.596580 0.229701
v -0.159306 2.658452 0.291573
v -0.159783 2.594018 0.232263
v -0.159783 2.655890 0.294135
v -0.161181 2.591630 0.234651
v -0.161181 2.653502 0.296522
v -0.163406 2.589580 0.236701
v -0.163406 2.651452 0.298573
v -0.166305 2.588007 0.238274
v -0.166306 2.649879 0.300146
v -0.169682 2.587018 0.239263
v -0.169682 2.648890 0.301135
v -0.173305 2.586680 0.239600
v -0.173305 2.648552 0.301472
v -0.176929 2.587018 0.239263
v -0.176929 2.648890 0.301135
v -0.180305 2.588007 0.238274
v -0.180305 2.649879 0.300146
v -0.183205 2.589580 0.236701
v -0.183205 2.651452 0.298573
v -0.185430 2.591630 0.234651
v -0.185430 2.653502 0.296522
v -0.186828 2.594018 0.232263
v -0.186828 2.655890 0.294135
v -0.187305 2.596580 0.229701
v -0.187306 2.658452 0.291573
v -0.186828 2.599142 0.227139
v -0.186828 2.661014 0.289011
v -0.185430 2.601530 0.224751
v -0.185430 2.663402 0.286623
v -0.183205 2.603580 0.222701
v -0.183205 2.665452 0.284573
v -0.180305 2.605153 0.221128
v -0.180305 2.667025 0.282999
v -0.176929 2.668014 0.282011
v -0.166059 2.491961 0.086833
v -0.159305 2.613727 0.212554
v -0.159305 2.489983 0.088811
v -0.153507 2.610580 0.215701
v -0.153507 2.486836 0.091957
v -0.149057 2.606480 0.219801
v -0.149057 2.482736 0.096058
v -0.146260 2.601704 0.224577
v -0.146260 2.477961 0.100833
v -0.145305 2.596580 0.229701
v -0.145305 2.472836 0.105957
v -0.146260 2.591455 0.234825
v -0.146260 2.467712 0.111082
v -0.149057 2.586680 0.239600
v -0.149057 2.462937 0.115857
v -0.153507 2.582580 0.243701
v -0.153507 2.458837 0.119957
v -0.159305 2.579433 0.246847
v -0.159305 2.455690 0.123104
v -0.166059 2.577456 0.248825
v -0.169682 2.401402 0.053647
v -0.166305 2.464263 0.114530
v -0.166305 2.402391 0.052659
v -0.163406 2.465837 0.112957
v -0.163406 2.403965 0.051085
v -0.161181 2.467886 0.110907
v -0.161181 2.406014 0.049035
v -0.159783 2.470274 0.108519
v -0.159783 2.408402 0.046647
v -0.159305 2.472836 0.105957
v -0.159305 2.410964 0.044085
v -0.159783 2.475399 0.103395
v -0.159783 2.413527 0.041523
v -0.161181 2.477786 0.101007
v -0.161181 2.415914 0.039136
v -0.163406 2.479836 0.098957
v -0.163406 2.417964 0.037085
v -0.166305 2.481410 0.097384
v -0.166305 2.419538 0.035512
v -0.193348 2.712663 0.347908
v -0.127806 2.712663 0.347908
v -0.190654 2.703217 0.353543
v -0.190654 2.718298 0.338462
v -0.193348 2.641569 0.276814
v -0.190654 2.649109 0.269273
v -0.190654 2.634028 0.284354
v -0.183294 2.628508 0.289874
v -0.183294 2.692492 0.353859
v -0.173239 2.626487 0.291895
v -0.173239 2.683362 0.348770
v -0.163185 2.628508 0.289874
v -0.163185 2.678274 0.339640
v -0.155825 2.634028 0.284354
v -0.155825 2.678589 0.328916
v -0.153131 2.641569 0.276814
v -0.153131 2.684225 0.319470
v -0.155825 2.649109 0.269273
v -0.155825 2.693670 0.313834
v -0.163185 2.654629 0.263753
v -0.163185 2.704395 0.313519
v -0.173239 2.656650 0.261732
v -0.173239 2.713525 0.318608
v -0.183294 2.654629 0.263753
v -0.183294 2.718614 0.327737
v -0.127806 2.718614 0.327737
v -0.127806 2.718298 0.338462
v -0.127806 2.713525 0.318608
v -0.127806 2.704395 0.313519
v -0.127806 2.693670 0.313834
v -0.127806 2.684225 0.319470
v -0.127806 2.678589 0.328916
v -0.127806 2.678274 0.339640
v -0.127806 2.683362 0.348770
v -0.127806 2.692492 0.353859
v -0.127806 2.703217 0.353543
v -0.119265 2.697689 0.246865
v -0.119265 2.621912 0.290615
v 0.082830 2.697689 0.246865
v -0.119265 2.773466 0.290615
v -0.119265 2.773466 0.378115
v 0.082830 2.773466 0.290615
v 0.082830 2.773466 0.378115
v 0.082830 2.697689 0.421865
v 0.082830 2.621912 0.378115
v -0.119265 2.697689 0.421865
v -0.119265 2.621912 0.378115
v 0.082830 2.621912 0.290615
v 0.157115 2.349453 -0.016397
v 0.091574 2.349453 -0.016397
v 0.154421 2.343817 -0.006951
v 0.154421 2.358899 -0.022032
v 0.157115 2.420547 0.054697
v 0.154421 2.428087 0.047157
v 0.154421 2.413006 0.062238
v 0.147061 2.407486 0.067758
v 0.147061 2.343502 0.003774
v 0.137007 2.405466 0.069779
v 0.137007 2.348590 0.012904
v 0.126953 2.407486 0.067758
v 0.126953 2.357720 0.017992
v 0.119592 2.413006 0.062238
v 0.119592 2.368445 0.017677
v 0.116898 2.420547 0.054697
v 0.116898 2.377891 0.012041
v 0.119592 2.428087 0.047157
v 0.119592 2.383526 0.002595
v 0.126953 2.433608 0.041636
v 0.126953 2.383842 -0.008129
v 0.137007 2.435628 0.039616
v 0.137007 2.378753 -0.017259
v 0.147061 2.433608 0.041636
v 0.147061 2.369623 -0.022348
v 0.091574 2.369623 -0.022348
v 0.091574 2.358899 -0.022032
v 0.091574 2.378753 -0.017259
v 0.091574 2.383842 -0.008129
v 0.091574 2.383526 0.002595
v 0.091574 2.377891 0.012041
v 0.091574 2.368445 0.017677
v 0.091574 2.357720 0.017992
v 0.091574 2.348590 0.012904
v 0.091574 2.343502 0.003774
v 0.091574 2.343817 -0.006951
v 0.137073 2.400244 0.054805
v 0.133449 2.400582 0.054468
v 0.140696 2.400582 0.054468
v 0.137073 2.462489 0.117050
v 0.137073 2.452589 0.126949
v 0.133449 2.462826 0.116712
v 0.140696 2.462826 0.116712
v 0.144073 2.463815 0.115723
v 0.144073 2.401571 0.053479
v 0.146972 2.465388 0.114150
v 0.146972 2.403144 0.051906
v 0.149197 2.467439 0.112100
v 0.149197 2.405194 0.049855
v 0.150596 2.469826 0.109712
v 0.150596 2.407582 0.047468
v 0.151073 2.472388 0.107150
v 0.151073 2.410144 0.044906
v 0.150596 2.474951 0.104588
v 0.150596 2.412706 0.042343
v 0.149197 2.477338 0.102200
v 0.149197 2.415093 0.039956
v 0.146972 2.479388 0.100150
v 0.146972 2.417144 0.037906
v 0.144073 2.480962 0.098577
v 0.144073 2.418717 0.036332
v 0.140696 2.481951 0.097588
v 0.140696 2.419706 0.035343
v 0.137073 2.482288 0.097251
v 0.137073 2.420043 0.035006
v 0.137073 2.492188 0.087351
v 0.133449 2.481951 0.097588
v 0.133449 2.419706 0.035343
v 0.130073 2.480962 0.098577
v 0.130073 2.418717 0.036332
v 0.127173 2.479388 0.100150
v 0.127173 2.417144 0.037906
v 0.124949 2.477338 0.102200
v 0.124949 2.415093 0.039956
v 0.123550 2.474951 0.104588
v 0.123550 2.412706 0.042343
v 0.123073 2.472388 0.107150
v 0.123073 2.410144 0.044906
v 0.123550 2.469826 0.109712
v 0.123550 2.407582 0.047468
v 0.124949 2.467439 0.112100
v 0.124949 2.405194 0.049855
v 0.127173 2.465388 0.114150
v 0.127173 2.403144 0.051906
v 0.130073 2.463815 0.115723
v 0.130073 2.401571 0.053479
v 0.137073 2.615559 0.210722
v 0.129826 2.491513 0.088026
v 0.144320 2.491513 0.088026
v 0.144320 2.614884 0.211397
v 0.151073 2.489535 0.090004
v 0.151073 2.612906 0.213375
v 0.156872 2.486388 0.093150
v 0.156872 2.609759 0.216521
v 0.161322 2.482288 0.097251
v 0.161322 2.605659 0.220622
v 0.164119 2.477513 0.102026
v 0.164119 2.600884 0.225397
v 0.165073 2.472388 0.107150
v 0.165073 2.595759 0.230521
v 0.164119 2.467264 0.112274
v 0.164119 2.590635 0.235646
v 0.161322 2.462489 0.117050
v 0.161322 2.585860 0.240421
v 0.156872 2.458388 0.121150
v 0.156872 2.581759 0.244521
v 0.151073 2.455242 0.124296
v 0.151073 2.578613 0.247667
v 0.144320 2.453264 0.126274
v 0.144320 2.576635 0.249645
v 0.137073 2.575960 0.250320
v 0.129826 2.576635 0.249645
v 0.137073 2.585860 0.240421
v 0.137073 2.647732 0.302292
v 0.140696 2.586197 0.240083
v 0.133449 2.586197 0.240083
v 0.133449 2.648069 0.301955
v 0.130073 2.587186 0.239094
v 0.130073 2.649058 0.300966
v 0.127173 2.588759 0.237521
v 0.127173 2.650631 0.299393
v 0.124949 2.590809 0.235471
v 0.124949 2.652681 0.297343
v 0.123550 2.593197 0.233083
v 0.123550 2.655069 0.294955
v 0.123073 2.595759 0.230521
v 0.123073 2.657631 0.292393
v 0.123550 2.598321 0.227959
v 0.123550 2.660193 0.289831
v 0.124949 2.600709 0.225571
v 0.124949 2.662581 0.287443
v 0.127173 2.602759 0.223521
v 0.127173 2.664631 0.285393
v 0.130073 2.604332 0.221948
v 0.130073 2.666204 0.283820
v 0.133449 2.605321 0.220959
v 0.133449 2.667193 0.282831
v 0.137073 2.605659 0.220622
v 0.137073 2.667531 0.282493
v 0.140696 2.605321 0.220959
v 0.140696 2.667193 0.282831
v 0.144073 2.604332 0.221948
v 0.144073 2.666204 0.283820
v 0.146972 2.602759 0.223521
v 0.146972 2.664631 0.285393
v 0.149197 2.600709 0.225571
v 0.149197 2.662581 0.287443
v 0.150596 2.598321 0.227959
v 0.150596 2.660193 0.289831
v 0.151073 2.595759 0.230521
v 0.151073 2.657631 0.292393
v 0.150596 2.593197 0.233083
v 0.150596 2.655069 0.294955
v 0.149197 2.590809 0.235471
v 0.149197 2.652681 0.297343
v 0.146972 2.588759 0.237521
v 0.146972 2.650631 0.299393
v 0.144073 2.587186 0.239094
v 0.144073 2.649058 0.300966
v 0.140696 2.648069 0.301955
v 0.123073 2.578613 0.247667
v 0.129826 2.453264 0.126274
v 0.123073 2.455242 0.124296
v 0.117274 2.458388 0.121150
v 0.117274 2.581759 0.244521
v 0.112824 2.462489 0.117049
v 0.112824 2.585860 0.240420
v 0.110027 2.467264 0.112274
v 0.110027 2.590635 0.235645
v 0.109073 2.472388 0.107150
v 0.109073 2.595759 0.230521
v 0.110027 2.477512 0.102026
v 0.110027 2.600883 0.225397
v 0.112824 2.482287 0.097250
v 0.112824 2.605659 0.220622
v 0.117274 2.486388 0.093150
v 0.117274 2.609759 0.216521
v 0.123073 2.489535 0.090004
v 0.123073 2.612906 0.213375
v 0.129826 2.614884 0.211397
v 0.157115 2.713965 0.346604
v 0.091574 2.713965 0.346604
v 0.154421 2.719601 0.337158
v 0.154421 2.704520 0.352239
v 0.157115 2.642872 0.275510
v 0.154421 2.635331 0.283050
v 0.154421 2.650413 0.267969
v 0.147061 2.655932 0.262449
v 0.147061 2.719917 0.326433
v 0.137007 2.657953 0.260428
v 0.137007 2.714828 0.317304
v 0.126953 2.655932 0.262449
v 0.126953 2.705698 0.312215
v 0.119592 2.650413 0.267969
v 0.119592 2.694974 0.312530
v 0.116898 2.642872 0.275510
v 0.116898 2.685528 0.318166
v 0.119592 2.635331 0.283050
v 0.119592 2.679893 0.327612
v 0.126953 2.629811 0.288571
v 0.126953 2.679577 0.338336
v 0.137007 2.627791 0.290591
v 0.137007 2.684666 0.347466
v 0.147061 2.629811 0.288571
v 0.147061 2.693796 0.352555
v 0.091574 2.693796 0.352555
v 0.091574 2.704520 0.352239
v 0.091574 2.684666 0.347466
v 0.091574 2.679577 0.338336
v 0.091574 2.679893 0.327612
v 0.091574 2.685528 0.318166
v 0.091574 2.694974 0.312530
v 0.091574 2.705698 0.312215
v 0.091574 2.714828 0.317304
v 0.091574 2.719917 0.326433
v 0.091574 2.719601 0.337158
v 0.052296 2.364680 -0.046580
v 0.085108 2.364680 -0.046580
v 0.052296 2.376003 -0.045089
v 0.052296 2.363538 -0.055255
v 0.052296 2.352214 -0.053764
v 0.085108 2.363538 -0.055255
v 0.085108 2.352214 -0.053764
v 0.085108 2.353356 -0.045089
v 0.052296 2.353356 -0.045089
v 0.085108 2.342805 -0.040718
v 0.052296 2.342805 -0.040718
v 0.085108 2.337478 -0.047660
v 0.052296 2.337478 -0.047660
v 0.085108 2.328417 -0.040708
v 0.052296 2.328417 -0.040708
v 0.085108 2.333744 -0.033766
v 0.052296 2.333744 -0.033766
v 0.085108 2.326791 -0.024705
v 0.052296 2.326791 -0.024705
v 0.085108 2.318707 -0.028053
v 0.052296 2.318707 -0.028053
v 0.085108 2.314337 -0.017502
v 0.052296 2.314337 -0.017502
v 0.085108 2.322420 -0.014153
v 0.052296 2.322420 -0.014153
v 0.085108 2.320930 -0.002830
v 0.052296 2.320930 -0.002830
v 0.085108 2.312254 -0.001688
v 0.052296 2.312254 -0.001688
v 0.085108 2.313745 0.009636
v 0.052296 2.313745 0.009636
v 0.085108 2.322420 0.008494
v 0.052296 2.322420 0.008494
v 0.085108 2.326791 0.019045
v 0.052296 2.326791 0.019045
v 0.085108 2.319849 0.024372
v 0.052296 2.319849 0.024372
v 0.085108 2.326802 0.033433
v 0.052296 2.326802 0.033433
v 0.085108 2.333744 0.028106
v 0.052296 2.333744 0.028106
v 0.085108 2.342805 0.035059
v 0.052296 2.342805 0.035059
v 0.085108 2.339456 0.043143
v 0.052296 2.339456 0.043143
v 0.085108 2.350008 0.047513
v 0.052296 2.350008 0.047513
v 0.085108 2.353356 0.039429
v 0.052296 2.353356 0.039429
v 0.085108 2.364680 0.040920
v 0.052296 2.364680 0.040920
v 0.085108 2.365822 0.049595
v 0.052296 2.365822 0.049595
v 0.085108 2.377145 0.048105
v 0.052296 2.377145 0.048105
v 0.085108 2.376003 0.039429
v 0.052296 2.376003 0.039429
v 0.085108 2.386555 0.035059
v 0.052296 2.386555 0.035059
v 0.085108 2.391881 0.042001
v 0.052296 2.391881 0.042001
v 0.085108 2.400942 0.035048
v 0.052296 2.400942 0.035048
v 0.085108 2.395616 0.028106
v 0.052296 2.395616 0.028106
v 0.085108 2.402568 0.019045
v 0.052296 2.402568 0.019045
v 0.085108 2.410652 0.022394
v 0.052296 2.410652 0.022394
v 0.085108 2.415023 0.011842
v 0.052296 2.415023 0.011842
v 0.085108 2.406939 0.008494
v 0.052296 2.406939 0.008494
v 0.085108 2.408430 -0.002830
v 0.052296 2.408430 -0.002830
v 0.085108 2.417105 -0.003972
v 0.052296 2.417105 -0.003972
v 0.085108 2.415614 -0.015295
v 0.052296 2.415614 -0.015295
v 0.085108 2.406939 -0.014153
v 0.052296 2.406939 -0.014153
v 0.085108 2.402568 -0.024705
v 0.052296 2.402568 -0.024705
v 0.085108 2.409510 -0.030031
v 0.052296 2.409510 -0.030031
v 0.085108 2.402557 -0.039092
v 0.052296 2.402557 -0.039092
v 0.085108 2.395616 -0.033766
v 0.052296 2.395616 -0.033766
v 0.085108 2.386555 -0.040718
v 0.052296 2.386555 -0.040718
v 0.085108 2.389903 -0.048802
v 0.052296 2.389903 -0.048802
v 0.085108 2.379352 -0.053173
v 0.052296 2.379352 -0.053173
v 0.085108 2.376003 -0.045089
v -0.121611 2.364680 -0.046580
v -0.088798 2.364680 -0.046580
v -0.121611 2.376003 -0.045089
v -0.121611 2.363538 -0.055255
v -0.121611 2.352214 -0.053764
v -0.088798 2.363538 -0.055255
v -0.088798 2.352214 -0.053764
v -0.088798 2.353356 -0.045089
v -0.121611 2.353356 -0.045089
v -0.088798 2.342805 -0.040718
v -0.121611 2.342805 -0.040718
v -0.088798 2.337478 -0.047660
v -0.121611 2.337478 -0.047660
v -0.088798 2.328417 -0.040708
v -0.121611 2.328417 -0.040708
v -0.088798 2.333744 -0.033766
v -0.121611 2.333744 -0.033766
v -0.088798 2.326791 -0.024705
v -0.121611 2.326791 -0.024705
v -0.088798 2.318707 -0.028053
v -0.121611 2.318707 -0.028053
v -0.088798 2.314337 -0.017502
v -0.121611 2.314337 -0.017502
v -0.088798 2.322421 -0.014153
v -0.121611 2.322421 -0.014153
v -0.088798 2.320930 -0.002830
v -0.121611 2.320930 -0.002830
v -0.088798 2.312254 -0.001688
v -0.121611 2.312254 -0.001688
v -0.088798 2.313745 0.009636
v -0.121611 2.313745 0.009636
v -0.088798 2.322421 0.008494
v -0.121611 2.322421 0.008494
v -0.088798 2.326791 0.019045
v -0.121611 2.326791 0.019045
v -0.088798 2.319849 0.024372
v -0.121611 2.319849 0.024372
v -0.088798 2.326802 0.033433
v -0.121611 2.326802 0.033433
v -0.088798 2.333744 0.028106
v -0.121611 2.333744 0.028106
v -0.088798 2.342805 0.035059
v -0.121611 2.342805 0.035059
v -0.088798 2.339457 0.043143
v -0.121611 2.339457 0.043143
v -0.088798 2.350008 0.047513
v -0.121611 2.350008 0.047513
v -0.088798 2.353356 0.039429
v -0.121611 2.353356 0.039429
v -0.088798 2.364680 0.040920
v -0.121611 2.364680 0.040920
v -0.088798 2.365822 0.049595
v -0.121611 2.365822 0.049595
v -0.088798 2.377145 0.048105
v -0.121611 2.377145 0.048105
v -0.088798 2.376003 0.039429
v -0.121611 2.376003 0.039429
v -0.088798 2.386555 0.035059
v -0.121611 2.386555 0.035059
v -0.088798 2.391881 0.042001
v -0.121611 2.391881 0.042001
v -0.088798 2.400942 0.035048
v -0.121611 2.400942 0.035048
v -0.088798 2.395616 0.028106
v -0.121611 2.395616 0.028106
v -0.088798 2.402568 0.019045
v -0.121611 2.402568 0.019045
v -0.088798 2.410652 0.022394
v -0.121611 2.410652 0.022394
v -0.088798 2.415023 0.011842
v -0.121611 2.415023 0.011842
v -0.088798 2.406939 0.008494
v -0.121611 2.406939 0.008494
v -0.088798 2.408430 -0.002830
v -0.121611 2.408430 -0.002830
v -0.088798 2.417105 -0.003972
v -0.121611 2.417105 -0.003972
v -0.088798 2.415614 -0.015295
v -0.121611 2.415614 -0.015295
v -0.088798 2.406939 -0.014153
v -0.121611 2.406939 -0.014153
v -0.088798 2.402568 -0.024705
v -0.121611 2.402568 -0.024705
v -0.088798 2.409510 -0.030031
v -0.121611 2.409510 -0.030031
v -0.088798 2.402557 -0.039092
v -0.121611 2.402557 -0.039092
v -0.088798 2.395616 -0.033766
v -0.121611 2.395616 -0.033766
v -0.088798 2.386555 -0.040718
v -0.121611 2.386555 -0.040718
v -0.088798 2.389903 -0.048802
v -0.121611 2.389903 -0.048802
v -0.088798 2.379352 -0.053173
v -0.121611 2.379352 -0.053173
v -0.088798 2.376003 -0.045089
v -0.133718 2.860313 0.314649
v -0.133718 2.855783 0.315246
v 0.097282 2.860313 0.314649
v -0.133718 2.864842 0.315246
v -0.133718 2.869063 0.316994
v 0.097282 2.864842 0.315246
v 0.097282 2.869063 0.316994
v 0.097282 2.872687 0.319775
v 0.097282 2.875468 0.323399
v -0.133718 2.872687 0.319775
v -0.133718 2.875468 0.323399
v -0.133718 2.877217 0.327620
v -0.133718 2.877813 0.332149
v 0.097282 2.877217 0.327620
v 0.097282 2.877813 0.332149
v 0.097282 2.877217 0.336679
v 0.097282 2.875468 0.340899
v -0.133718 2.877217 0.336679
v -0.133718 2.875468 0.340899
v -0.133718 2.872687 0.344524
v -0.133718 2.869063 0.347305
v 0.097282 2.872687 0.344524
v 0.097282 2.869063 0.347305
v 0.097282 2.864842 0.349053
v 0.097282 2.860313 0.349649
v -0.133718 2.864842 0.349053
v -0.133718 2.860313 0.349649
v -0.133718 2.855783 0.349053
v -0.133718 2.851563 0.347305
v 0.097282 2.855783 0.349053
v 0.097282 2.851563 0.347305
v 0.097282 2.847939 0.344524
v 0.097282 2.845158 0.340899
v -0.133718 2.847939 0.344524
v -0.133718 2.845158 0.340899
v -0.133718 2.843409 0.336679
v -0.133718 2.842813 0.332149
v 0.097282 2.843409 0.336679
v 0.097282 2.842813 0.332149
v 0.097282 2.843409 0.327620
v 0.097282 2.845158 0.323399
v -0.133718 2.843409 0.327620
v -0.133718 2.845158 0.323399
v -0.133718 2.847939 0.319775
v -0.133718 2.851563 0.316994
v 0.097282 2.847939 0.319775
v 0.097282 2.851563 0.316994
v 0.097282 2.855783 0.315246
v -0.133718 2.524766 -0.020527
v -0.133718 2.520237 -0.019931
v 0.097282 2.524766 -0.020527
v -0.133718 2.529296 -0.019931
v -0.133718 2.533516 -0.018183
v 0.097282 2.529296 -0.019931
v 0.097282 2.533516 -0.018183
v 0.097282 2.537141 -0.015402
v 0.097282 2.539922 -0.011777
v -0.133718 2.537141 -0.015402
v -0.133718 2.539922 -0.011777
v -0.133718 2.541670 -0.007557
v -0.133718 2.542266 -0.003027
v 0.097282 2.541670 -0.007557
v 0.097282 2.542266 -0.003027
v 0.097282 2.541670 0.001502
v 0.097282 2.539922 0.005723
v -0.133718 2.541670 0.001502
v -0.133718 2.539922 0.005723
v -0.133718 2.537141 0.009347
v -0.133718 2.533516 0.012128
v 0.097282 2.537141 0.009347
v 0.097282 2.533516 0.012128
v 0.097282 2.529296 0.013876
v 0.097282 2.524766 0.014473
v -0.133718 2.529296 0.013876
v -0.133718 2.524766 0.014473
v -0.133718 2.520237 0.013876
v -0.133718 2.516016 0.012128
v 0.097282 2.520237 0.013876
v 0.097282 2.516016 0.012128
v 0.097282 2.512392 0.009347
v 0.097282 2.509611 0.005723
v -0.133718 2.512392 0.009347
v -0.133718 2.509611 0.005723
v -0.133718 2.507863 0.001502
v -0.133718 2.507267 -0.003027
v 0.097282 2.507863 0.001502
v 0.097282 2.507267 -0.003027
v 0.097282 2.507863 -0.007557
v 0.097282 2.509611 -0.011777
v -0.133718 2.507863 -0.007557
v -0.133718 2.509611 -0.011777
v -0.133718 2.512392 -0.015402
v -0.133718 2.516016 -0.018183
v 0.097282 2.512392 -0.015402
v 0.097282 2.516016 -0.018183
v 0.097282 2.520237 -0.019931
v -0.193348 2.511086 -0.016605
v -0.127806 2.511086 -0.016605
v -0.190654 2.520532 -0.022241
v -0.190654 2.505451 -0.007160
v -0.193348 2.582180 0.054488
v -0.190654 2.574639 0.062029
v -0.190654 2.589721 0.046948
v -0.183294 2.595241 0.041428
v -0.183294 2.531257 -0.022556
v -0.173239 2.597261 0.039407
v -0.173239 2.540386 -0.017468
v -0.163185 2.595241 0.041428
v -0.163185 2.545475 -0.008338
v -0.155825 2.589721 0.046948
v -0.155825 2.545159 0.002387
v -0.153131 2.582180 0.054488
v -0.153131 2.539524 0.011832
v -0.155825 2.574639 0.062029
v -0.155825 2.530078 0.017468
v -0.163185 2.569119 0.067549
v -0.163185 2.519353 0.017784
v -0.173239 2.567099 0.069570
v -0.173239 2.510224 0.012695
v -0.183294 2.569119 0.067549
v -0.183294 2.505135 0.003565
v -0.127806 2.505135 0.003565
v -0.127806 2.505451 -0.007160
v -0.127806 2.510224 0.012695
v -0.127806 2.519353 0.017784
v -0.127806 2.530078 0.017468
v -0.127806 2.539524 0.011832
v -0.127806 2.545159 0.002387
v -0.127806 2.545475 -0.008338
v -0.127806 2.540386 -0.017468
v -0.127806 2.531257 -0.022556
v -0.127806 2.520532 -0.022241
v -0.173306 2.582288 0.034186
v -0.169682 2.581951 0.034523
v -0.176929 2.581951 0.034523
v -0.173305 2.644160 0.096058
v -0.173305 2.654059 0.086158
v -0.169682 2.643823 0.096395
v -0.176929 2.643823 0.096395
v -0.180305 2.642834 0.097384
v -0.180305 2.580962 0.035512
v -0.183205 2.641260 0.098957
v -0.183205 2.579389 0.037085
v -0.185430 2.639210 0.101007
v -0.185430 2.577338 0.039136
v -0.186828 2.636823 0.103395
v -0.186828 2.574951 0.041523
v -0.187305 2.634260 0.105957
v -0.187305 2.572389 0.044085
v -0.186828 2.631698 0.108519
v -0.186828 2.569826 0.046647
v -0.185430 2.629311 0.110907
v -0.185430 2.567439 0.049035
v -0.183205 2.627260 0.112957
v -0.183205 2.565389 0.051085
v -0.180305 2.625687 0.114530
v -0.180305 2.563815 0.052659
v -0.176929 2.624698 0.115519
v -0.176929 2.562826 0.053647
v -0.173305 2.624361 0.115857
v -0.173306 2.562489 0.053985
v -0.169682 2.624698 0.115519
v -0.173305 2.614461 0.125756
v -0.173305 2.738205 0.249500
v -0.166059 2.615136 0.125082
v -0.180552 2.615136 0.125082
v -0.180552 2.738880 0.248825
v -0.187305 2.617114 0.123104
v -0.187306 2.740858 0.246847
v -0.193104 2.620260 0.119957
v -0.193104 2.744004 0.243701
v -0.197554 2.624361 0.115857
v -0.197554 2.748105 0.239600
v -0.200351 2.629136 0.111082
v -0.200351 2.752880 0.234825
v -0.201306 2.634260 0.105957
v -0.201306 2.758004 0.229701
v -0.200351 2.639385 0.100833
v -0.200351 2.763128 0.224577
v -0.197554 2.644160 0.096058
v -0.197554 2.767903 0.219801
v -0.193104 2.648260 0.091957
v -0.193104 2.772004 0.215701
v -0.187305 2.651407 0.088811
v -0.187305 2.775150 0.212554
v -0.180552 2.653385 0.086833
v -0.180552 2.777128 0.210577
v -0.173305 2.777803 0.209902
v -0.166059 2.777128 0.210577
v -0.173305 2.767903 0.219801
v -0.173305 2.829775 0.281673
v -0.176929 2.767566 0.220139
v -0.169682 2.767566 0.220139
v -0.169682 2.829438 0.282011
v -0.166305 2.766577 0.221128
v -0.166306 2.828449 0.282999
v -0.163406 2.765004 0.222701
v -0.163406 2.826876 0.284573
v -0.161181 2.762954 0.224751
v -0.161181 2.824826 0.286623
v -0.159783 2.760566 0.227139
v -0.159783 2.822438 0.289011
v -0.159305 2.758004 0.229701
v -0.159306 2.819876 0.291573
v -0.159783 2.755442 0.232263
v -0.159783 2.817314 0.294135
v -0.161181 2.753055 0.234651
v -0.161181 2.814926 0.296522
v -0.163406 2.751004 0.236701
v -0.163406 2.812876 0.298573
v -0.166305 2.749431 0.238274
v -0.166306 2.811303 0.300146
v -0.169682 2.748442 0.239263
v -0.169682 2.810314 0.301135
v -0.173305 2.748105 0.239600
v -0.173305 2.809977 0.301472
v -0.176929 2.748442 0.239263
v -0.176929 2.810314 0.301135
v -0.180305 2.749431 0.238274
v -0.180305 2.811303 0.300146
v -0.183205 2.751004 0.236701
v -0.183205 2.812876 0.298573
v -0.185430 2.753055 0.234651
v -0.185430 2.814926 0.296522
v -0.186828 2.755442 0.232263
v -0.186828 2.817314 0.294135
v -0.187305 2.758004 0.229701
v -0.187306 2.819876 0.291573
v -0.186828 2.760566 0.227139
v -0.186828 2.822438 0.289011
v -0.185430 2.762954 0.224751
v -0.185430 2.824826 0.286623
v -0.183205 2.765004 0.222701
v -0.183205 2.826876 0.284573
v -0.180305 2.766577 0.221128
v -0.180305 2.828449 0.282999
v -0.176929 2.829438 0.282011
v -0.166059 2.653385 0.086833
v -0.159305 2.775150 0.212554
v -0.159305 2.651407 0.088811
v -0.153507 2.772004 0.215701
v -0.153507 2.648260 0.091957
v -0.149057 2.767903 0.219801
v -0.149057 2.644160 0.096058
v -0.146260 2.763128 0.224577
v -0.146260 2.639385 0.100833
v -0.145305 2.758004 0.229701
v -0.145305 2.634260 0.105957
v -0.146260 2.752880 0.234825
v -0.146260 2.629136 0.111082
v -0.149057 2.748105 0.239600
v -0.149057 2.624361 0.115857
v -0.153507 2.744004 0.243701
v -0.153507 2.620260 0.119957
v -0.159305 2.740858 0.246847
v -0.159305 2.617114 0.123104
v -0.166059 2.738880 0.248825
v -0.169682 2.562826 0.053647
v -0.166305 2.625687 0.114530
v -0.166305 2.563815 0.052659
v -0.163406 2.627260 0.112957
v -0.163406 2.565389 0.051085
v -0.161181 2.629311 0.110907
v -0.161181 2.567439 0.049035
v -0.159783 2.631698 0.108519
v -0.159783 2.569826 0.046647
v -0.159305 2.634260 0.105957
v -0.159305 2.572389 0.044085
v -0.159783 2.636823 0.103395
v -0.159783 2.574951 0.041523
v -0.161181 2.639210 0.101007
v -0.161181 2.577338 0.039136
v -0.163406 2.641260 0.098957
v -0.163406 2.579389 0.037085
v -0.166305 2.642834 0.097384
v -0.166305 2.580962 0.035512
v -0.193348 2.874086 0.347908
v -0.127806 2.874086 0.347908
v -0.190654 2.864641 0.353543
v -0.190654 2.879722 0.338462
v -0.193348 2.802993 0.276814
v -0.190654 2.810534 0.269273
v -0.190654 2.795452 0.284354
v -0.183294 2.789932 0.289874
v -0.183294 2.853916 0.353859
v -0.173239 2.787911 0.291895
v -0.173239 2.844787 0.348770
v -0.163185 2.789932 0.289874
v -0.163185 2.839698 0.339640
v -0.155825 2.795452 0.284354
v -0.155825 2.840014 0.328916
v -0.153131 2.802993 0.276814
v -0.153131 2.845649 0.319470
v -0.155825 2.810534 0.269273
v -0.155825 2.855094 0.313834
v -0.163185 2.816053 0.263753
v -0.163185 2.865819 0.313519
v -0.173239 2.818074 0.261732
v -0.173239 2.874949 0.318608
v -0.183294 2.816053 0.263753
v -0.183294 2.880038 0.327737
v -0.127806 2.880038 0.327737
v -0.127806 2.879722 0.338462
v -0.127806 2.874949 0.318608
v -0.127806 2.865819 0.313519
v -0.127806 2.855094 0.313834
v -0.127806 2.845649 0.319470
v -0.127806 2.840014 0.328916
v -0.127806 2.839698 0.339640
v -0.127806 2.844787 0.348770
v -0.127806 2.853916 0.353859
v -0.127806 2.864641 0.353543
v -0.119265 2.859113 0.246865
v -0.119265 2.783336 0.290615
v 0.082830 2.859113 0.246865
v -0.119265 2.934891 0.290615
v -0.119265 2.934891 0.378115
v 0.082830 2.934891 0.290615
v 0.082830 2.934891 0.378115
v 0.082830 2.859113 0.421865
v 0.082830 2.783336 0.378115
v -0.119265 2.859113 0.421865
v -0.119265 2.783336 0.378115
v 0.082830 2.783336 0.290615
v 0.157115 2.510877 -0.016397
v 0.091574 2.510877 -0.016397
v 0.154421 2.505241 -0.006951
v 0.154421 2.520323 -0.022032
v 0.157115 2.581971 0.054697
v 0.154421 2.589511 0.047157
v 0.154421 2.574430 0.062238
v 0.147061 2.568910 0.067758
v 0.147061 2.504926 0.003774
v 0.137007 2.566890 0.069779
v 0.137007 2.510015 0.012904
v 0.126953 2.568910 0.067758
v 0.126953 2.519145 0.017992
v 0.119592 2.574430 0.062238
v 0.119592 2.529869 0.017677
v 0.116898 2.581971 0.054697
v 0.116898 2.539315 0.012041
v 0.119592 2.589511 0.047157
v 0.119592 2.544950 0.002595
v 0.126953 2.595032 0.041636
v 0.126953 2.545266 -0.008129
v 0.137007 2.597052 0.039616
v 0.137007 2.540177 -0.017259
v 0.147061 2.595032 0.041636
v 0.147061 2.531047 -0.022348
v 0.091574 2.531047 -0.022348
v 0.091574 2.520323 -0.022032
v 0.091574 2.540177 -0.017259
v 0.091574 2.545266 -0.008129
v 0.091574 2.544950 0.002595
v 0.091574 2.539315 0.012041
v 0.091574 2.529869 0.017677
v 0.091574 2.519145 0.017992
v 0.091574 2.510015 0.012904
v 0.091574 2.504926 0.003774
v 0.091574 2.505241 -0.006951
v 0.137073 2.561668 0.054805
v 0.133449 2.562006 0.054468
v 0.140696 2.562006 0.054468
v 0.137073 2.623913 0.117050
v 0.137073 2.614013 0.126949
v 0.133449 2.624250 0.116712
v 0.140696 2.624250 0.116712
v 0.144073 2.625239 0.115723
v 0.144073 2.562995 0.053479
v 0.146972 2.626812 0.114150
v 0.146972 2.564568 0.051906
v 0.149197 2.628862 0.112100
v 0.149197 2.566618 0.049855
v 0.150596 2.631250 0.109712
v 0.150596 2.569006 0.047468
v 0.151073 2.633812 0.107150
v 0.151073 2.571568 0.044906
v 0.150596 2.636374 0.104588
v 0.150596 2.574130 0.042343
v 0.149197 2.638762 0.102200
v 0.149197 2.576518 0.039956
v 0.146972 2.640812 0.100150
v 0.146972 2.578568 0.037906
v 0.144073 2.642385 0.098577
v 0.144073 2.580141 0.036332
v 0.140696 2.643374 0.097588
v 0.140696 2.581130 0.035343
v 0.137073 2.643712 0.097251
v 0.137073 2.581468 0.035006
v 0.137073 2.653612 0.087351
v 0.133449 2.643374 0.097588
v 0.133449 2.581130 0.035343
v 0.130073 2.642385 0.098577
v 0.130073 2.580141 0.036332
v 0.127173 2.640812 0.100150
v 0.127173 2.578568 0.037906
v 0.124949 2.638762 0.102200
v 0.124949 2.576518 0.039956
v 0.123550 2.636374 0.104588
v 0.123550 2.574130 0.042343
v 0.123073 2.633812 0.107150
v 0.123073 2.571568 0.044906
v 0.123550 2.631250 0.109712
v 0.123550 2.569006 0.047468
v 0.124949 2.628862 0.112100
v 0.124949 2.566618 0.049855
v 0.127173 2.626812 0.114150
v 0.127173 2.564568 0.051906
v 0.130073 2.625239 0.115723
v 0.130073 2.562995 0.053479
v 0.137073 2.776982 0.210722
v 0.129826 2.652937 0.088026
v 0.144320 2.652937 0.088026
v 0.144320 2.776308 0.211397
v 0.151073 2.650959 0.090004
v 0.151073 2.774330 0.213375
v 0.156872 2.647812 0.093150
v 0.156872 2.771183 0.216521
v 0.161322 2.643712 0.097251
v 0.161322 2.767083 0.220622
v 0.164119 2.638937 0.102026
v 0.164119 2.762308 0.225397
v 0.165073 2.633812 0.107150
v 0.165073 2.757184 0.230521
v 0.164119 2.628688 0.112274
v 0.164119 2.752059 0.235646
v 0.161322 2.623913 0.117050
v 0.161322 2.747284 0.240421
v 0.156872 2.619812 0.121150
v 0.156872 2.743184 0.244521
v 0.151073 2.616666 0.124296
v 0.151073 2.740037 0.247667
v 0.144320 2.614688 0.126274
v 0.144320 2.738059 0.249645
v 0.137073 2.737384 0.250320
v 0.129826 2.738059 0.249645
v 0.137073 2.747284 0.240421
v 0.137073 2.809156 0.302292
v 0.140696 2.747621 0.240083
v 0.133449 2.747621 0.240083
v 0.133449 2.809493 0.301955
v 0.130073 2.748610 0.239094
v 0.130073 2.810482 0.300966
v 0.127173 2.750184 0.237521
v 0.127173 2.812055 0.299393
v 0.124949 2.752234 0.235471
v 0.124949 2.814106 0.297343
v 0.123550 2.754621 0.233083
v 0.123550 2.816493 0.294955
v 0.123073 2.757184 0.230521
v 0.123073 2.819055 0.292393
v 0.123550 2.759746 0.227959
v 0.123550 2.821617 0.289831
v 0.124949 2.762133 0.225571
v 0.124949 2.824005 0.287443
v 0.127173 2.764184 0.223521
v 0.127173 2.826055 0.285393
v 0.130073 2.765757 0.221948
v 0.130073 2.827629 0.283820
v 0.133449 2.766746 0.220959
v 0.133449 2.828617 0.282831
v 0.137073 2.767083 0.220622
v 0.137073 2.828955 0.282493
v 0.140696 2.766746 0.220959
v 0.140696 2.828617 0.282831
v 0.144073 2.765757 0.221948
v 0.144073 2.827629 0.283820
v 0.146972 2.764184 0.223521
v 0.146972 2.826055 0.285393
v 0.149197 2.762133 0.225571
v 0.149197 2.824005 0.287443
v 0.150596 2.759746 0.227959
v 0.150596 2.821617 0.289831
v 0.151073 2.757184 0.230521
v 0.151073 2.819055 0.292393
v 0.150596 2.754621 0.233083
v 0.150596 2.816493 0.294955
v 0.149197 2.752234 0.235471
v 0.149197 2.814106 0.297343
v 0.146972 2.750184 0.237521
v 0.146972 2.812055 0.299393
v 0.144073 2.748610 0.239094
v 0.144073 2.810482 0.300966
v 0.140696 2.809493 0.301955
v 0.123073 2.740037 0.247667
v 0.129826 2.614688 0.126274
v 0.123073 2.616666 0.124296
v 0.117274 2.619812 0.121150
v 0.117274 2.743183 0.244521
v 0.112824 2.623913 0.117049
v 0.112824 2.747284 0.240420
v 0.110027 2.628688 0.112274
v 0.110027 2.752059 0.235645
v 0.109073 2.633812 0.107150
v 0.109073 2.757183 0.230521
v 0.110027 2.638937 0.102026
v 0.110027 2.762308 0.225397
v 0.112824 2.643712 0.097250
v 0.112824 2.767083 0.220622
v 0.117274 2.647812 0.093150
v 0.117274 2.771183 0.216521
v 0.123073 2.650959 0.090004
v 0.123073 2.774330 0.213375
v 0.129826 2.776308 0.211397
v 0.157115 2.875390 0.346604
v 0.091574 2.875390 0.346604
v 0.154421 2.881025 0.337158
v 0.154421 2.865944 0.352239
v 0.157115 2.804296 0.275510
v 0.154421 2.796755 0.283050
v 0.154421 2.811837 0.267969
v 0.147061 2.817357 0.262449
v 0.147061 2.881341 0.326433
v 0.137007 2.819377 0.260428
v 0.137007 2.876252 0.317304
v 0.126953 2.817357 0.262449
v 0.126953 2.867123 0.312215
v 0.119592 2.811837 0.267969
v 0.119592 2.856398 0.312530
v 0.116898 2.804296 0.275510
v 0.116898 2.846952 0.318166
v 0.119592 2.796755 0.283050
v 0.119592 2.841317 0.327612
v 0.126953 2.791235 0.288571
v 0.126953 2.841001 0.338336
v 0.137007 2.789215 0.290591
v 0.137007 2.846090 0.347466
v 0.147061 2.791235 0.288571
v 0.147061 2.855220 0.352555
v 0.091574 2.855220 0.352555
v 0.091574 2.865944 0.352239
v 0.091574 2.846090 0.347466
v 0.091574 2.841001 0.338336
v 0.091574 2.841317 0.327612
v 0.091574 2.846952 0.318166
v 0.091574 2.856398 0.312530
v 0.091574 2.867123 0.312215
v 0.091574 2.876252 0.317304
v 0.091574 2.881341 0.326433
v 0.091574 2.881025 0.337158
v 0.052296 2.526104 -0.046580
v 0.085108 2.526104 -0.046580
v 0.052296 2.537427 -0.045089
v 0.052296 2.524961 -0.055255
v 0.052296 2.513638 -0.053764
v 0.085108 2.524961 -0.055255
v 0.085108 2.513638 -0.053764
v 0.085108 2.514781 -0.045089
v 0.052296 2.514781 -0.045089
v 0.085108 2.504229 -0.040718
v 0.052296 2.504229 -0.040718
v 0.085108 2.498902 -0.047660
v 0.052296 2.498902 -0.047660
v 0.085108 2.489841 -0.040708
v 0.052296 2.489841 -0.040708
v 0.085108 2.495168 -0.033766
v 0.052296 2.495168 -0.033766
v 0.085108 2.488215 -0.024705
v 0.052296 2.488215 -0.024705
v 0.085108 2.480131 -0.028053
v 0.052296 2.480131 -0.028053
v 0.085108 2.475760 -0.017502
v 0.052296 2.475760 -0.017502
v 0.085108 2.483845 -0.014153
v 0.052296 2.483845 -0.014153
v 0.085108 2.482354 -0.002830
v 0.052296 2.482354 -0.002830
v 0.085108 2.473679 -0.001688
v 0.052296 2.473679 -0.001688
v 0.085108 2.475169 0.009636
v 0.052296 2.475169 0.009636
v 0.085108 2.483845 0.008494
v 0.052296 2.483845 0.008494
v 0.085108 2.488215 0.019045
v 0.052296 2.488215 0.019045
v 0.085108 2.481273 0.024372
v 0.052296 2.481273 0.024372
v 0.085108 2.488226 0.033433
v 0.052296 2.488226 0.033433
v 0.085108 2.495168 0.028106
v 0.052296 2.495168 0.028106
v 0.085108 2.504229 0.035059
v 0.052296 2.504229 0.035059
v 0.085108 2.500880 0.043143
v 0.052296 2.500880 0.043143
v 0.085108 2.511432 0.047513
v 0.052296 2.511432 0.047513
v 0.085108 2.514781 0.039429
v 0.052296 2.514781 0.039429
v 0.085108 2.526104 0.040920
v 0.052296 2.526104 0.040920
v 0.085108 2.527246 0.049595
v 0.052296 2.527246 0.049595
v 0.085108 2.538569 0.048105
v 0.052296 2.538569 0.048105
v 0.085108 2.537427 0.039429
v 0.052296 2.537427 0.039429
v 0.085108 2.547979 0.035059
v 0.052296 2.547979 0.035059
v 0.085108 2.553306 0.042001
v 0.052296 2.553306 0.042001
v 0.085108 2.562366 0.035048
v 0.052296 2.562366 0.035048
v 0.085108 2.557040 0.028106
v 0.052296 2.557040 0.028106
v 0.085108 2.563993 0.019045
v 0.052296 2.563993 0.019045
v 0.085108 2.572076 0.022394
v 0.052296 2.572076 0.022394
v 0.085108 2.576447 0.011842
v 0.052296 2.576447 0.011842
v 0.085108 2.568363 0.008494
v 0.052296 2.568363 0.008494
v 0.085108 2.569854 -0.002830
v 0.052296 2.569854 -0.002830
v 0.085108 2.578529 -0.003972
v 0.052296 2.578529 -0.003972
v 0.085108 2.577038 -0.015295
v 0.052296 2.577038 -0.015295
v 0.085108 2.568363 -0.014153
v 0.052296 2.568363 -0.014153
v 0.085108 2.563993 -0.024705
v 0.052296 2.563993 -0.024705
v 0.085108 2.570934 -0.030031
v 0.052296 2.570934 -0.030031
v 0.085108 2.563982 -0.039092
v 0.052296 2.563982 -0.039092
v 0.085108 2.557040 -0.033766
v 0.052296 2.557040 -0.033766
v 0.085108 2.547979 -0.040718
v 0.052296 2.547979 -0.040718
v 0.085108 2.551327 -0.048802
v 0.052296 2.551327 -0.048802
v 0.085108 2.540776 -0.053173
v 0.052296 2.540776 -0.053173
v 0.085108 2.537427 -0.045089
v -0.121611 2.526104 -0.046580
v -0.088798 2.526104 -0.046580
v -0.121611 2.537427 -0.045089
v -0.121611 2.524961 -0.055255
v -0.121611 2.513638 -0.053764
v -0.088798 2.524961 -0.055255
v -0.088798 2.513638 -0.053764
v -0.088798 2.514781 -0.045089
v -0.121611 2.514781 -0.045089
v -0.088798 2.504229 -0.040718
v -0.121611 2.504229 -0.040718
v -0.088798 2.498902 -0.047660
v -0.121611 2.498902 -0.047660
v -0.088798 2.489841 -0.040708
v -0.121611 2.489841 -0.040708
v -0.088798 2.495168 -0.033766
v -0.121611 2.495168 -0.033766
v -0.088798 2.488215 -0.024705
v -0.121611 2.488215 -0.024705
v -0.088798 2.480131 -0.028053
v -0.121611 2.480131 -0.028053
v -0.088798 2.475760 -0.017502
v -0.121611 2.475760 -0.017502
v -0.088798 2.483845 -0.014153
v -0.121611 2.483845 -0.014153
v -0.088798 2.482354 -0.002830
v -0.121611 2.482354 -0.002830
v -0.088798 2.473679 -0.001688
v -0.121611 2.473679 -0.001688
v -0.088798 2.475169 0.009636
v -0.121611 2.475169 0.009636
v -0.088798 2.483845 0.008494
v -0.121611 2.483845 0.008494
v -0.088798 2.488215 0.019045
v -0.121611 2.488215 0.019045
v -0.088798 2.481273 0.024372
v -0.121611 2.481273 0.024372
v -0.088798 2.488226 0.033433
v -0.121611 2.488226 0.033433
v -0.088798 2.495168 0.028106
v -0.121611 2.495168 0.028106
v -0.088798 2.504229 0.035059
v -0.121611 2.504229 0.035059
v -0.088798 2.500880 0.043143
v -0.121611 2.500880 0.043143
v -0.088798 2.511432 0.047513
v -0.121611 2.511432 0.047513
v -0.088798 2.514781 0.039429
v -0.121611 2.514781 0.039429
v -0.088798 2.526104 0.040920
v -0.121611 2.526104 0.040920
v -0.088798 2.527246 0.049595
v -0.121611 2.527246 0.049595
v -0.088798 2.538569 0.048105
v -0.121611 2.538569 0.048105
v -0.088798 2.537427 0.039429
v -0.121611 2.537427 0.039429
v -0.088798 2.547979 0.035059
v -0.121611 2.547979 0.035059
v -0.088798 2.553306 0.042001
v -0.121611 2.553306 0.042001
v -0.088798 2.562366 0.035048
v -0.121611 2.562366 0.035048
v -0.088798 2.557040 0.028106
v -0.121611 2.557040 0.028106
v -0.088798 2.563993 0.019045
v -0.121611 2.563993 0.019045
v -0.088798 2.572076 0.022394
v -0.121611 2.572076 0.022394
v -0.088798 2.576447 0.011842
v -0.121611 2.576447 0.011842
v -0.088798 2.568363 0.008494
v -0.121611 2.568363 0.008494
v -0.088798 2.569854 -0.002830
v -0.121611 2.569854 -0.002830
v -0.088798 2.578529 -0.003972
v -0.121611 2.578529 -0.003972
v -0.088798 2.577038 -0.015295
v -0.121611 2.577038 -0.015295
v -0.088798 2.568363 -0.014153
v -0.121611 2.568363 -0.014153
v -0.088798 2.563993 -0.024705
v -0.121611 2.563993 -0.024705
v -0.088798 2.570934 -0.030031
v -0.121611 2.570934 -0.030031
v -0.088798 2.563982 -0.039092
v -0.121611 2.563982 -0.039092
v -0.088798 2.557040 -0.033766
v -0.121611 2.557040 -0.033766
v -0.088798 2.547979 -0.040718
v -0.121611 2.547979 -0.040718
v -0.088798 2.551327 -0.048802
v -0.121611 2.551327 -0.048802
v -0.088798 2.540776 -0.053173
v -0.121611 2.540776 -0.053173
v -0.088798 2.537427 -0.045089
v -0.133718 3.021737 0.314649
v -0.133718 3.017208 0.315246
v 0.097282 3.021737 0.314649
v -0.133718 3.026266 0.315246
v -0.133718 3.030487 0.316994
v 0.097282 3.026266 0.315246
v 0.097282 3.030487 0.316994
v 0.097282 3.034111 0.319775
v 0.097282 3.036892 0.323399
v -0.133718 3.034111 0.319775
v -0.133718 3.036892 0.323399
v -0.133718 3.038641 0.327620
v -0.133718 3.039237 0.332149
v 0.097282 3.038641 0.327620
v 0.097282 3.039237 0.332149
v 0.097282 3.038641 0.336679
v 0.097282 3.036892 0.340899
v -0.133718 3.038641 0.336679
v -0.133718 3.036892 0.340899
v -0.133718 3.034111 0.344524
v -0.133718 3.030487 0.347305
v 0.097282 3.034111 0.344524
v 0.097282 3.030487 0.347305
v 0.097282 3.026266 0.349053
v 0.097282 3.021737 0.349649
v -0.133718 3.026266 0.349053
v -0.133718 3.021737 0.349649
v -0.133718 3.017208 0.349053
v -0.133718 3.012987 0.347305
v 0.097282 3.017208 0.349053
v 0.097282 3.012987 0.347305
v 0.097282 3.009363 0.344524
v 0.097282 3.006582 0.340899
v -0.133718 3.009363 0.344524
v -0.133718 3.006582 0.340899
v -0.133718 3.004833 0.336679
v -0.133718 3.004237 0.332149
v 0.097282 3.004833 0.336679
v 0.097282 3.004237 0.332149
v 0.097282 3.004833 0.327620
v 0.097282 3.006582 0.323399
v -0.133718 3.004833 0.327620
v -0.133718 3.006582 0.323399
v -0.133718 3.009363 0.319775
v -0.133718 3.012987 0.316994
v 0.097282 3.009363 0.319775
v 0.097282 3.012987 0.316994
v 0.097282 3.017208 0.315246
v -0.133718 2.686191 -0.020527
v -0.133718 2.681661 -0.019931
v 0.097282 2.686191 -0.020527
v -0.133718 2.690720 -0.019931
v -0.133718 2.694941 -0.018183
v 0.097282 2.690720 -0.019931
v 0.097282 2.694941 -0.018183
v 0.097282 2.698565 -0.015402
v 0.097282 2.701346 -0.011777
v -0.133718 2.698565 -0.015402
v -0.133718 2.701346 -0.011777
v -0.133718 2.703094 -0.007557
v -0.133718 2.703691 -0.003027
v 0.097282 2.703094 -0.007557
v 0.097282 2.703691 -0.003027
v 0.097282 2.703094 0.001502
v 0.097282 2.701346 0.005723
v -0.133718 2.703094 0.001502
v -0.133718 2.701346 0.005723
v -0.133718 2.698565 0.009347
v -0.133718 2.694941 0.012128
v 0.097282 2.698565 0.009347
v 0.097282 2.694941 0.012128
v 0.097282 2.690720 0.013876
v 0.097282 2.686191 0.014473
v -0.133718 2.690720 0.013876
v -0.133718 2.686191 0.014473
v -0.133718 2.681661 0.013876
v -0.133718 2.677441 0.012128
v 0.097282 2.681661 0.013876
v 0.097282 2.677441 0.012128
v 0.097282 2.673816 0.009347
v 0.097282 2.671035 0.005723
v -0.133718 2.673816 0.009347
v -0.133718 2.671035 0.005723
v -0.133718 2.669287 0.001502
v -0.133718 2.668691 -0.003027
v 0.097282 2.669287 0.001502
v 0.097282 2.668691 -0.003027
v 0.097282 2.669287 -0.007557
v 0.097282 2.671035 -0.011777
v -0.133718 2.669287 -0.007557
v -0.133718 2.671035 -0.011777
v -0.133718 2.673816 -0.015402
v -0.133718 2.677441 -0.018183
v 0.097282 2.673816 -0.015402
v 0.097282 2.677441 -0.018183
v 0.097282 2.681661 -0.019931
v -0.193348 2.672510 -0.016605
v -0.127806 2.672510 -0.016605
v -0.190654 2.681956 -0.022241
v -0.190654 2.666875 -0.007160
v -0.193348 2.743604 0.054488
v -0.190654 2.736063 0.062029
v -0.190654 2.751145 0.046948
v -0.183294 2.756665 0.041428
v -0.183294 2.692680 -0.022556
v -0.173239 2.758686 0.039407
v -0.173239 2.701810 -0.017468
v -0.163185 2.756665 0.041428
v -0.163185 2.706899 -0.008338
v -0.155825 2.751145 0.046948
v -0.155825 2.706583 0.002387
v -0.153131 2.743604 0.054488
v -0.153131 2.700948 0.011832
v -0.155825 2.736063 0.062029
v -0.155825 2.691502 0.017468
v -0.163185 2.730543 0.067549
v -0.163185 2.680778 0.017784
v -0.173239 2.728523 0.069570
v -0.173239 2.671648 0.012695
v -0.183294 2.730543 0.067549
v -0.183294 2.666559 0.003565
v -0.127806 2.666559 0.003565
v -0.127806 2.666875 -0.007160
v -0.127806 2.671648 0.012695
v -0.127806 2.680778 0.017784
v -0.127806 2.691502 0.017468
v -0.127806 2.700948 0.011832
v -0.127806 2.706583 0.002387
v -0.127806 2.706899 -0.008338
v -0.127806 2.701810 -0.017468
v -0.127806 2.692680 -0.022556
v -0.127806 2.681956 -0.022241
v -0.173306 2.743712 0.034186
v -0.169682 2.743375 0.034523
v -0.176929 2.743375 0.034523
v -0.173305 2.805584 0.096058
v -0.173305 2.815484 0.086158
v -0.169682 2.805246 0.096395
v -0.176929 2.805246 0.096395
v -0.180305 2.804257 0.097384
v -0.180305 2.742386 0.035512
v -0.183205 2.802685 0.098957
v -0.183205 2.740812 0.037085
v -0.185430 2.800634 0.101007
v -0.185430 2.738762 0.039136
v -0.186828 2.798246 0.103395
v -0.186828 2.736375 0.041523
v -0.187305 2.795684 0.105957
v -0.187305 2.733812 0.044085
v -0.186828 2.793122 0.108519
v -0.186828 2.731250 0.046647
v -0.185430 2.790735 0.110907
v -0.185430 2.728863 0.049035
v -0.183205 2.788684 0.112957
v -0.183205 2.726812 0.051085
v -0.180305 2.787111 0.114530
v -0.180305 2.725240 0.052659
v -0.176929 2.786122 0.115519
v -0.176929 2.724250 0.053647
v -0.173305 2.785785 0.115857
v -0.173306 2.723913 0.053985
v -0.169682 2.786122 0.115519
v -0.173305 2.775886 0.125756
v -0.173305 2.899629 0.249500
v -0.166059 2.776560 0.125082
v -0.180552 2.776560 0.125082
v -0.180552 2.900304 0.248825
v -0.187305 2.778538 0.123104
v -0.187306 2.902282 0.246847
v -0.193104 2.781684 0.119957
v -0.193104 2.905428 0.243701
v -0.197554 2.785785 0.115857
v -0.197554 2.909529 0.239600
v -0.200351 2.790560 0.111082
v -0.200351 2.914304 0.234825
v -0.201306 2.795684 0.105957
v -0.201306 2.919428 0.229701
v -0.200351 2.800809 0.100833
v -0.200351 2.924552 0.224577
v -0.197554 2.805584 0.096058
v -0.197554 2.929327 0.219801
v -0.193104 2.809685 0.091957
v -0.193104 2.933428 0.215701
v -0.187305 2.812831 0.088811
v -0.187305 2.936574 0.212554
v -0.180552 2.814809 0.086833
v -0.180552 2.938552 0.210577
v -0.173305 2.939227 0.209902
v -0.166059 2.938552 0.210577
v -0.173305 2.929327 0.219801
v -0.173305 2.991199 0.281673
v -0.176929 2.928990 0.220139
v -0.169682 2.928990 0.220139
v -0.169682 2.990862 0.282011
v -0.166305 2.928001 0.221128
v -0.166306 2.989873 0.282999
v -0.163406 2.926428 0.222701
v -0.163406 2.988300 0.284573
v -0.161181 2.924378 0.224751
v -0.161181 2.986250 0.286623
v -0.159783 2.921990 0.227139
v -0.159783 2.983862 0.289011
v -0.159305 2.919428 0.229701
v -0.159306 2.981300 0.291573
v -0.159783 2.916866 0.232263
v -0.159783 2.978738 0.294135
v -0.161181 2.914478 0.234651
v -0.161181 2.976350 0.296522
v -0.163406 2.912428 0.236701
v -0.163406 2.974300 0.298573
v -0.166305 2.910855 0.238274
v -0.166306 2.972727 0.300146
v -0.169682 2.909866 0.239263
v -0.169682 2.971738 0.301135
v -0.173305 2.909529 0.239600
v -0.173305 2.971400 0.301472
v -0.176929 2.909866 0.239263
v -0.176929 2.971738 0.301135
v -0.180305 2.910855 0.238274
v -0.180305 2.972727 0.300146
v -0.183205 2.912428 0.236701
v -0.183205 2.974300 0.298573
v -0.185430 2.914478 0.234651
v -0.185430 2.976350 0.296522
v -0.186828 2.916866 0.232263
v -0.186828 2.978738 0.294135
v -0.187305 2.919428 0.229701
v -0.187306 2.981300 0.291573
v -0.186828 2.921990 0.227139
v -0.186828 2.983862 0.289011
v -0.185430 2.924378 0.224751
v -0.185430 2.986250 0.286623
v -0.183205 2.926428 0.222701
v -0.183205 2.988300 0.284573
v -0.180305 2.928001 0.221128
v -0.180305 2.989873 0.282999
v -0.176929 2.990862 0.282011
v -0.166059 2.814809 0.086833
v -0.159305 2.936574 0.212554
v -0.159305 2.812831 0.088811
v -0.153507 2.933428 0.215701
v -0.153507 2.809685 0.091957
v -0.149057 2.929327 0.219801
v -0.149057 2.805584 0.096058
v -0.146260 2.924552 0.224577
v -0.146260 2.800809 0.100833
v -0.145305 2.919428 0.229701
v -0.145305 2.795684 0.105957
v -0.146260 2.914304 0.234825
v -0.146260 2.790560 0.111082
v -0.149057 2.909529 0.239600
v -0.149057 2.785785 0.115857
v -0.153507 2.905428 0.243701
v -0.153507 2.781684 0.119957
v -0.159305 2.902282 0.246847
v -0.159305 2.778538 0.123104
v -0.166059 2.900304 0.248825
v -0.169682 2.724250 0.053647
v -0.166305 2.787111 0.114530
v -0.166305 2.725240 0.052659
v -0.163406 2.788684 0.112957
v -0.163406 2.726812 0.051085
v -0.161181 2.790735 0.110907
v -0.161181 2.728863 0.049035
v -0.159783 2.793122 0.108519
v -0.159783 2.731250 0.046647
v -0.159305 2.795684 0.105957
v -0.159305 2.733812 0.044085
v -0.159783 2.798246 0.103395
v -0.159783 2.736375 0.041523
v -0.161181 2.800634 0.101007
v -0.161181 2.738762 0.039136
v -0.163406 2.802685 0.098957
v -0.163406 2.740812 0.037085
v -0.166305 2.804257 0.097384
v -0.166305 2.742386 0.035512
v -0.193348 3.035511 0.347908
v -0.127806 3.035511 0.347908
v -0.190654 3.026065 0.353543
v -0.190654 3.041146 0.338462
v -0.193348 2.964417 0.276814
v -0.190654 2.971957 0.269273
v -0.190654 2.956876 0.284354
v -0.183294 2.951356 0.289874
v -0.183294 3.015340 0.353859
v -0.173239 2.949335 0.291895
v -0.173239 3.006210 0.348770
v -0.163185 2.951356 0.289874
v -0.163185 3.001122 0.339640
v -0.155825 2.956876 0.284354
v -0.155825 3.001437 0.328916
v -0.153131 2.964417 0.276814
v -0.153131 3.007073 0.319470
v -0.155825 2.971957 0.269273
v -0.155825 3.016519 0.313834
v -0.163185 2.977478 0.263753
v -0.163185 3.027244 0.313519
v -0.173239 2.979498 0.261732
v -0.173239 3.036373 0.318608
v -0.183294 2.977478 0.263753
v -0.183294 3.041462 0.327737
v -0.127806 3.041462 0.327737
v -0.127806 3.041146 0.338462
v -0.127806 3.036373 0.318608
v -0.127806 3.027244 0.313519
v -0.127806 3.016519 0.313834
v -0.127806 3.007073 0.319470
v -0.127806 3.001437 0.328916
v -0.127806 3.001122 0.339640
v -0.127806 3.006210 0.348770
v -0.127806 3.015340 0.353859
v -0.127806 3.026065 0.353543
v -0.119265 3.020537 0.246865
v -0.119265 2.944760 0.290615
v 0.082830 3.020537 0.246865
v -0.119265 3.096314 0.290615
v -0.119265 3.096314 0.378115
v 0.082830 3.096314 0.290615
v 0.082830 3.096314 0.378115
v 0.082830 3.020537 0.421865
v 0.082830 2.944760 0.378115
v -0.119265 3.020537 0.421865
v -0.119265 2.944760 0.378115
v 0.082830 2.944760 0.290615
v 0.157115 2.672301 -0.016397
v 0.091574 2.672301 -0.016397
v 0.154421 2.666666 -0.006951
v 0.154421 2.681747 -0.022032
v 0.157115 2.743395 0.054697
v 0.154421 2.750936 0.047157
v 0.154421 2.735854 0.062238
v 0.147061 2.730334 0.067758
v 0.147061 2.666350 0.003774
v 0.137007 2.728313 0.069779
v 0.137007 2.671438 0.012904
v 0.126953 2.730334 0.067758
v 0.126953 2.680569 0.017992
v 0.119592 2.735854 0.062238
v 0.119592 2.691293 0.017677
v 0.116898 2.743395 0.054697
v 0.116898 2.700739 0.012041
v 0.119592 2.750936 0.047157
v 0.119592 2.706374 0.002595
v 0.126953 2.756456 0.041636
v 0.126953 2.706690 -0.008129
v 0.137007 2.758476 0.039616
v 0.137007 2.701601 -0.017259
v 0.147061 2.756456 0.041636
v 0.147061 2.692472 -0.022348
v 0.091574 2.692472 -0.022348
v 0.091574 2.681747 -0.022032
v 0.091574 2.701601 -0.017259
v 0.091574 2.706690 -0.008129
v 0.091574 2.706374 0.002595
v 0.091574 2.700739 0.012041
v 0.091574 2.691293 0.017677
v 0.091574 2.680569 0.017992
v 0.091574 2.671438 0.012904
v 0.091574 2.666350 0.003774
v 0.091574 2.666666 -0.006951
v 0.137073 2.723093 0.054805
v 0.133449 2.723430 0.054468
v 0.140696 2.723430 0.054468
v 0.137073 2.785337 0.117050
v 0.137073 2.775437 0.126949
v 0.133449 2.785674 0.116712
v 0.140696 2.785674 0.116712
v 0.144073 2.786663 0.115723
v 0.144073 2.724419 0.053479
v 0.146972 2.788237 0.114150
v 0.146972 2.725992 0.051906
v 0.149197 2.790287 0.112100
v 0.149197 2.728042 0.049855
v 0.150596 2.792674 0.109712
v 0.150596 2.730430 0.047468
v 0.151073 2.795237 0.107150
v 0.151073 2.732992 0.044906
v 0.150596 2.797799 0.104588
v 0.150596 2.735554 0.042343
v 0.149197 2.800186 0.102200
v 0.149197 2.737942 0.039956
v 0.146972 2.802237 0.100150
v 0.146972 2.739992 0.037906
v 0.144073 2.803810 0.098577
v 0.144073 2.741565 0.036332
v 0.140696 2.804799 0.097588
v 0.140696 2.742554 0.035343
v 0.137073 2.805136 0.097251
v 0.137073 2.742891 0.035006
v 0.137073 2.815036 0.087351
v 0.133449 2.804799 0.097588
v 0.133449 2.742554 0.035343
v 0.130073 2.803810 0.098577
v 0.130073 2.741565 0.036332
v 0.127173 2.802237 0.100150
v 0.127173 2.739992 0.037906
v 0.124949 2.800186 0.102200
v 0.124949 2.737942 0.039956
v 0.123550 2.797799 0.104588
v 0.123550 2.735554 0.042343
v 0.123073 2.795237 0.107150
v 0.123073 2.732992 0.044906
v 0.123550 2.792674 0.109712
v 0.123550 2.730430 0.047468
v 0.124949 2.790287 0.112100
v 0.124949 2.728042 0.049855
v 0.127173 2.788237 0.114150
v 0.127173 2.725992 0.051906
v 0.130073 2.786663 0.115723
v 0.130073 2.724419 0.053479
v 0.137073 2.938406 0.210722
v 0.129826 2.814361 0.088026
v 0.144320 2.814361 0.088026
v 0.144320 2.937732 0.211397
v 0.151073 2.812383 0.090004
v 0.151073 2.935754 0.213375
v 0.156872 2.809237 0.093150
v 0.156872 2.932608 0.216521
v 0.161322 2.805136 0.097251
v 0.161322 2.928507 0.220622
v 0.164119 2.800361 0.102026
v 0.164119 2.923732 0.225397
v 0.165073 2.795237 0.107150
v 0.165073 2.918608 0.230521
v 0.164119 2.790112 0.112274
v 0.164119 2.913483 0.235646
v 0.161322 2.785337 0.117050
v 0.161322 2.908708 0.240421
v 0.156872 2.781237 0.121150
v 0.156872 2.904608 0.244521
v 0.151073 2.778090 0.124296
v 0.151073 2.901461 0.247667
v 0.144320 2.776112 0.126274
v 0.144320 2.899483 0.249645
v 0.137073 2.898808 0.250320
v 0.129826 2.899483 0.249645
v 0.137073 2.908708 0.240421
v 0.137073 2.970580 0.302292
v 0.140696 2.909045 0.240083
v 0.133449 2.909045 0.240083
v 0.133449 2.970917 0.301955
v 0.130073 2.910034 0.239094
v 0.130073 2.971906 0.300966
v 0.127173 2.911608 0.237521
v 0.127173 2.973479 0.299393
v 0.124949 2.913658 0.235471
v 0.124949 2.975530 0.297343
v 0.123550 2.916045 0.233083
v 0.123550 2.977917 0.294955
v 0.123073 2.918608 0.230521
v 0.123073 2.980479 0.292393
v 0.123550 2.921170 0.227959
v 0.123550 2.983041 0.289831
v 0.124949 2.923557 0.225571
v 0.124949 2.985429 0.287443
v 0.127173 2.925608 0.223521
v 0.127173 2.987479 0.285393
v 0.130073 2.927181 0.221948
v 0.130073 2.989053 0.283820
v 0.133449 2.928170 0.220959
v 0.133449 2.990041 0.282831
v 0.137073 2.928507 0.220622
v 0.137073 2.990379 0.282493
v 0.140696 2.928170 0.220959
v 0.140696 2.990041 0.282831
v 0.144073 2.927181 0.221948
v 0.144073 2.989053 0.283820
v 0.146972 2.925608 0.223521
v 0.146972 2.987479 0.285393
v 0.149197 2.923557 0.225571
v 0.149197 2.985429 0.287443
v 0.150596 2.921170 0.227959
v 0.150596 2.983041 0.289831
v 0.151073 2.918608 0.230521
v 0.151073 2.980479 0.292393
v 0.150596 2.916045 0.233083
v 0.150596 2.977917 0.294955
v 0.149197 2.913658 0.235471
v 0.149197 2.975530 0.297343
v 0.146972 2.911608 0.237521
v 0.146972 2.973479 0.299393
v 0.144073 2.910034 0.239094
v 0.144073 2.971906 0.300966
v 0.140696 2.970917 0.301955
v 0.123073 2.901461 0.247667
v 0.129826 2.776112 0.126274
v 0.123073 2.778090 0.124296
v 0.117274 2.781236 0.121150
v 0.117274 2.904607 0.244521
v 0.112824 2.785337 0.117049
v 0.112824 2.908708 0.240420
v 0.110027 2.790112 0.112274
v 0.110027 2.913483 0.235645
v 0.109073 2.795237 0.107150
v 0.109073 2.918607 0.230521
v 0.110027 2.800361 0.102026
v 0.110027 2.923732 0.225397
v 0.112824 2.805136 0.097250
v 0.112824 2.928507 0.220622
v 0.117274 2.809237 0.093150
v 0.117274 2.932608 0.216521
v 0.123073 2.812383 0.090004
v 0.123073 2.935754 0.213375
v 0.129826 2.937732 0.211397
v 0.157115 3.036814 0.346604
v 0.091574 3.036814 0.346604
v 0.154421 3.042449 0.337158
v 0.154421 3.027369 0.352239
v 0.157115 2.965720 0.275510
v 0.154421 2.958179 0.283050
v 0.154421 2.973261 0.267969
v 0.147061 2.978781 0.262449
v 0.147061 3.042765 0.326433
v 0.137007 2.980802 0.260428
v 0.137007 3.037677 0.317304
v 0.126953 2.978781 0.262449
v 0.126953 3.028546 0.312215
v 0.119592 2.973261 0.267969
v 0.119592 3.017822 0.312530
v 0.116898 2.965720 0.275510
v 0.116898 3.008377 0.318166
v 0.119592 2.958179 0.283050
v 0.119592 3.002741 0.327612
v 0.126953 2.952660 0.288571
v 0.126953 3.002425 0.338336
v 0.137007 2.950639 0.290591
v 0.137007 3.007514 0.347466
v 0.147061 2.952660 0.288571
v 0.147061 3.016644 0.352555
v 0.091574 3.016644 0.352555
v 0.091574 3.027369 0.352239
v 0.091574 3.007514 0.347466
v 0.091574 3.002425 0.338336
v 0.091574 3.002741 0.327612
v 0.091574 3.008377 0.318166
v 0.091574 3.017822 0.312530
v 0.091574 3.028546 0.312215
v 0.091574 3.037677 0.317304
v 0.091574 3.042765 0.326433
v 0.091574 3.042449 0.337158
v 0.052296 2.687528 -0.046580
v 0.085108 2.687528 -0.046580
v 0.052296 2.698851 -0.045089
v 0.052296 2.686386 -0.055255
v 0.052296 2.675062 -0.053764
v 0.085108 2.686386 -0.055255
v 0.085108 2.675062 -0.053764
v 0.085108 2.676205 -0.045089
v 0.052296 2.676205 -0.045089
v 0.085108 2.665653 -0.040718
v 0.052296 2.665653 -0.040718
v 0.085108 2.660326 -0.047660
v 0.052296 2.660326 -0.047660
v 0.085108 2.651265 -0.040708
v 0.052296 2.651265 -0.040708
v 0.085108 2.656592 -0.033766
v 0.052296 2.656592 -0.033766
v 0.085108 2.649639 -0.024705
v 0.052296 2.649639 -0.024705
v 0.085108 2.641555 -0.028053
v 0.052296 2.641555 -0.028053
v 0.085108 2.637185 -0.017502
v 0.052296 2.637185 -0.017502
v 0.085108 2.645268 -0.014153
v 0.052296 2.645268 -0.014153
v 0.085108 2.643778 -0.002830
v 0.052296 2.643778 -0.002830
v 0.085108 2.635103 -0.001688
v 0.052296 2.635103 -0.001688
v 0.085108 2.636593 0.009636
v 0.052296 2.636593 0.009636
v 0.085108 2.645268 0.008494
v 0.052296 2.645268 0.008494
v 0.085108 2.649639 0.019045
v 0.052296 2.649639 0.019045
v 0.085108 2.642697 0.024372
v 0.052296 2.642697 0.024372
v 0.085108 2.649650 0.033433
v 0.052296 2.649650 0.033433
v 0.085108 2.656592 0.028106
v 0.052296 2.656592 0.028106
v 0.085108 2.665653 0.035059
v 0.052296 2.665653 0.035059
v 0.085108 2.662304 0.043143
v 0.052296 2.662304 0.043143
v 0.085108 2.672856 0.047513
v 0.052296 2.672856 0.047513
v 0.085108 2.676205 0.039429
v 0.052296 2.676205 0.039429
v 0.085108 2.687528 0.040920
v 0.052296 2.687528 0.040920
v 0.085108 2.688670 0.049595
v 0.052296 2.688670 0.049595
v 0.085108 2.699993 0.048105
v 0.052296 2.699993 0.048105
v 0.085108 2.698851 0.039429
v 0.052296 2.698851 0.039429
v 0.085108 2.709403 0.035059
v 0.052296 2.709403 0.035059
v 0.085108 2.714729 0.042001
v 0.052296 2.714729 0.042001
v 0.085108 2.723791 0.035048
v 0.052296 2.723791 0.035048
v 0.085108 2.718464 0.028106
v 0.052296 2.718464 0.028106
v 0.085108 2.725417 0.019045
v 0.052296 2.725417 0.019045
v 0.085108 2.733500 0.022394
v 0.052296 2.733500 0.022394
v 0.085108 2.737871 0.011842
v 0.052296 2.737871 0.011842
v 0.085108 2.729787 0.008494
v 0.052296 2.729787 0.008494
v 0.085108 2.731278 -0.002830
v 0.052296 2.731278 -0.002830
v 0.085108 2.739953 -0.003972
v 0.052296 2.739953 -0.003972
v 0.085108 2.738462 -0.015295
v 0.052296 2.738462 -0.015295
v 0.085108 2.729787 -0.014153
v 0.052296 2.729787 -0.014153
v 0.085108 2.725417 -0.024705
v 0.052296 2.725417 -0.024705
v 0.085108 2.732358 -0.030031
v 0.052296 2.732358 -0.030031
v 0.085108 2.725406 -0.039092
v 0.052296 2.725406 -0.039092
v 0.085108 2.718464 -0.033766
v 0.052296 2.718464 -0.033766
v 0.085108 2.709403 -0.040718
v 0.052296 2.709403 -0.040718
v 0.085108 2.712751 -0.048802
v 0.052296 2.712751 -0.048802
v 0.085108 2.702200 -0.053173
v 0.052296 2.702200 -0.053173
v 0.085108 2.698851 -0.045089
v -0.121611 2.687528 -0.046580
v -0.088798 2.687528 -0.046580
v -0.121611 2.698851 -0.045089
v -0.121611 2.686386 -0.055255
v -0.121611 2.675062 -0.053764
v -0.088798 2.686386 -0.055255
v -0.088798 2.675062 -0.053764
v -0.088798 2.676205 -0.045089
v -0.121611 2.676205 -0.045089
v -0.088798 2.665653 -0.040718
v -0.121611 2.665653 -0.040718
v -0.088798 2.660326 -0.047660
v -0.121611 2.660326 -0.047660
v -0.088798 2.651265 -0.040708
v -0.121611 2.651265 -0.040708
v -0.088798 2.656592 -0.033766
v -0.121611 2.656592 -0.033766
v -0.088798 2.649639 -0.024705
v -0.121611 2.649639 -0.024705
v -0.088798 2.641555 -0.028053
v -0.121611 2.641555 -0.028053
v -0.088798 2.637185 -0.017502
v -0.121611 2.637185 -0.017502
v -0.088798 2.645268 -0.014153
v -0.121611 2.645268 -0.014153
v -0.088798 2.643778 -0.002830
v -0.121611 2.643778 -0.002830
v -0.088798 2.635103 -0.001688
v -0.121611 2.635103 -0.001688
v -0.088798 2.636593 0.009636
v -0.121611 2.636593 0.009636
v -0.088798 2.645268 0.008494
v -0.121611 2.645268 0.008494
v -0.088798 2.649639 0.019045
v -0.121611 2.649639 0.019045
v -0.088798 2.642697 0.024372
v -0.121611 2.642697 0.024372
v -0.088798 2.649650 0.033433
v -0.121611 2.649650 0.033433
v -0.088798 2.656592 0.028106
v -0.121611 2.656592 0.028106
v -0.088798 2.665653 0.035059
v -0.121611 2.665653 0.035059
v -0.088798 2.662304 0.043143
v -0.121611 2.662304 0.043143
v -0.088798 2.672856 0.047513
v -0.121611 2.672856 0.047513
v -0.088798 2.676205 0.039429
v -0.121611 2.676205 0.039429
v -0.088798 2.687528 0.040920
v -0.121611 2.687528 0.040920
v -0.088798 2.688670 0.049595
v -0.121611 2.688670 0.049595
v -0.088798 2.699993 0.048105
v -0.121611 2.699993 0.048105
v -0.088798 2.698851 0.039429
v -0.121611 2.698851 0.039429
v -0.088798 2.709403 0.035059
v -0.121611 2.709403 0.035059
v -0.088798 2.714729 0.042001
v -0.121611 2.714729 0.042001
v -0.088798 2.723791 0.035048
v -0.121611 2.723791 0.035048
v -0.088798 2.718464 0.028106
v -0.121611 2.718464 0.028106
v -0.088798 2.725417 0.019045
v -0.121611 2.725417 0.019045
v -0.088798 2.733500 0.022394
v -0.121611 2.733500 0.022394
v -0.088798 2.737871 0.011842
v -0.121611 2.737871 0.011842
v -0.088798 2.729787 0.008494
v -0.121611 2.729787 0.008494
v -0.088798 2.731278 -0.002830
v -0.121611 2.731278 -0.002830
v -0.088798 2.739953 -0.003972
v -0.121611 2.739953 -0.003972
v -0.088798 2.738462 -0.015295
v -0.121611 2.738462 -0.015295
v -0.088798 2.729787 -0.014153
v -0.121611 2.729787 -0.014153
v -0.088798 2.725417 -0.024705
v -0.121611 2.725417 -0.024705
v -0.088798 2.732358 -0.030031
v -0.121611 2.732358 -0.030031
v -0.088798 2.725406 -0.039092
v -0.121611 2.725406 -0.039092
v -0.088798 2.718464 -0.033766
v -0.121611 2.718464 -0.033766
v -0.088798 2.709403 -0.040718
v -0.121611 2.709403 -0.040718
v -0.088798 2.712751 -0.048802
v -0.121611 2.712751 -0.048802
v -0.088798 2.702200 -0.053173
v -0.121611 2.702200 -0.053173
v -0.088798 2.698851 -0.045089
v -0.133718 3.183161 0.314649
v -0.133718 3.178632 0.315246
v 0.097282 3.183161 0.314649
v -0.133718 3.187691 0.315246
v -0.133718 3.191911 0.316994
v 0.097282 3.187691 0.315246
v 0.097282 3.191911 0.316994
v 0.097282 3.195536 0.319775
v 0.097282 3.198317 0.323399
v -0.133718 3.195536 0.319775
v -0.133718 3.198317 0.323399
v -0.133718 3.200065 0.327620
v -0.133718 3.200662 0.332149
v 0.097282 3.200065 0.327620
v 0.097282 3.200662 0.332149
v 0.097282 3.200065 0.336679
v 0.097282 3.198317 0.340899
v -0.133718 3.200065 0.336679
v -0.133718 3.198317 0.340899
v -0.133718 3.195536 0.344524
v -0.133718 3.191911 0.347305
v 0.097282 3.195536 0.344524
v 0.097282 3.191911 0.347305
v 0.097282 3.187691 0.349053
v 0.097282 3.183161 0.349649
v -0.133718 3.187691 0.349053
v -0.133718 3.183161 0.349649
v -0.133718 3.178632 0.349053
v -0.133718 3.174411 0.347305
v 0.097282 3.178632 0.349053
v 0.097282 3.174411 0.347305
v 0.097282 3.170787 0.344524
v 0.097282 3.168006 0.340899
v -0.133718 3.170787 0.344524
v -0.133718 3.168006 0.340899
v -0.133718 3.166257 0.336679
v -0.133718 3.165661 0.332149
v 0.097282 3.166257 0.336679
v 0.097282 3.165661 0.332149
v 0.097282 3.166257 0.327620
v 0.097282 3.168006 0.323399
v -0.133718 3.166257 0.327620
v -0.133718 3.168006 0.323399
v -0.133718 3.170787 0.319775
v -0.133718 3.174411 0.316994
v 0.097282 3.170787 0.319775
v 0.097282 3.174411 0.316994
v 0.097282 3.178632 0.315246
v -0.133718 2.847615 -0.020527
v -0.133718 2.843085 -0.019931
v 0.097282 2.847615 -0.020527
v -0.133718 2.852144 -0.019931
v -0.133718 2.856364 -0.018183
v 0.097282 2.852144 -0.019931
v 0.097282 2.856364 -0.018183
v 0.097282 2.859989 -0.015402
v 0.097282 2.862770 -0.011777
v -0.133718 2.859989 -0.015402
v -0.133718 2.862770 -0.011777
v -0.133718 2.864518 -0.007557
v -0.133718 2.865115 -0.003027
v 0.097282 2.864518 -0.007557
v 0.097282 2.865115 -0.003027
v 0.097282 2.864518 0.001502
v 0.097282 2.862770 0.005723
v -0.133718 2.864518 0.001502
v -0.133718 2.862770 0.005723
v -0.133718 2.859989 0.009347
v -0.133718 2.856364 0.012128
v 0.097282 2.859989 0.009347
v 0.097282 2.856364 0.012128
v 0.097282 2.852144 0.013876
v 0.097282 2.847615 0.014473
v -0.133718 2.852144 0.013876
v -0.133718 2.847615 0.014473
v -0.133718 2.843085 0.013876
v -0.133718 2.838864 0.012128
v 0.097282 2.843085 0.013876
v 0.097282 2.838864 0.012128
v 0.097282 2.835240 0.009347
v 0.097282 2.832459 0.005723
v -0.133718 2.835240 0.009347
v -0.133718 2.832459 0.005723
v -0.133718 2.830711 0.001502
v -0.133718 2.830114 -0.003027
v 0.097282 2.830711 0.001502
v 0.097282 2.830114 -0.003027
v 0.097282 2.830711 -0.007557
v 0.097282 2.832459 -0.011777
v -0.133718 2.830711 -0.007557
v -0.133718 2.832459 -0.011777
v -0.133718 2.835240 -0.015402
v -0.133718 2.838864 -0.018183
v 0.097282 2.835240 -0.015402
v 0.097282 2.838864 -0.018183
v 0.097282 2.843085 -0.019931
v -0.193348 2.833934 -0.016605
v -0.127806 2.833934 -0.016605
v -0.190654 2.843380 -0.022241
v -0.190654 2.828299 -0.007160
v -0.193348 2.905028 0.054488
v -0.190654 2.897488 0.062029
v -0.190654 2.912569 0.046948
v -0.183294 2.918089 0.041428
v -0.183294 2.854105 -0.022556
v -0.173239 2.920110 0.039407
v -0.173239 2.863235 -0.017468
v -0.163185 2.918089 0.041428
v -0.163185 2.868323 -0.008338
v -0.155825 2.912569 0.046948
v -0.155825 2.868008 0.002387
v -0.153131 2.905028 0.054488
v -0.153131 2.862372 0.011832
v -0.155825 2.897488 0.062029
v -0.155825 2.852926 0.017468
v -0.163185 2.891967 0.067549
v -0.163185 2.842202 0.017784
v -0.173239 2.889947 0.069570
v -0.173239 2.833072 0.012695
v -0.183294 2.891967 0.067549
v -0.183294 2.827983 0.003565
v -0.127806 2.827983 0.003565
v -0.127806 2.828299 -0.007160
v -0.127806 2.833072 0.012695
v -0.127806 2.842202 0.017784
v -0.127806 2.852926 0.017468
v -0.127806 2.862372 0.011832
v -0.127806 2.868008 0.002387
v -0.127806 2.868323 -0.008338
v -0.127806 2.863235 -0.017468
v -0.127806 2.854105 -0.022556
v -0.127806 2.843380 -0.022241
v -0.173306 2.905136 0.034186
v -0.169682 2.904799 0.034523
v -0.176929 2.904799 0.034523
v -0.173305 2.967008 0.096058
v -0.173305 2.976908 0.086158
v -0.169682 2.966671 0.096395
v -0.176929 2.966671 0.096395
v -0.180305 2.965682 0.097384
v -0.180305 2.903810 0.035512
v -0.183205 2.964108 0.098957
v -0.183205 2.902237 0.037085
v -0.185430 2.962059 0.101007
v -0.185430 2.900187 0.039136
v -0.186828 2.959671 0.103395
v -0.186828 2.897799 0.041523
v -0.187305 2.957108 0.105957
v -0.187305 2.895237 0.044085
v -0.186828 2.954546 0.108519
v -0.186828 2.892674 0.046647
v -0.185430 2.952159 0.110907
v -0.185430 2.890287 0.049035
v -0.183205 2.950109 0.112957
v -0.183205 2.888237 0.051085
v -0.180305 2.948535 0.114530
v -0.180305 2.886663 0.052659
v -0.176929 2.947546 0.115519
v -0.176929 2.885674 0.053647
v -0.173305 2.947209 0.115857
v -0.173306 2.885337 0.053985
v -0.169682 2.947546 0.115519
v -0.173305 2.937310 0.125756
v -0.173305 3.061053 0.249500
v -0.166059 2.937984 0.125082
v -0.180552 2.937984 0.125082
v -0.180552 3.061728 0.248825
v -0.187305 2.939962 0.123104
v -0.187306 3.063706 0.246847
v -0.193104 2.943109 0.119957
v -0.193104 3.066853 0.243701
v -0.197554 2.947209 0.115857
v -0.197554 3.070953 0.239600
v -0.200351 2.951984 0.111082
v -0.200351 3.075728 0.234825
v -0.201306 2.957108 0.105957
v -0.201306 3.080853 0.229701
v -0.200351 2.962233 0.100833
v -0.200351 3.085977 0.224577
v -0.197554 2.967008 0.096058
v -0.197554 3.090752 0.219801
v -0.193104 2.971109 0.091957
v -0.193104 3.094852 0.215701
v -0.187305 2.974255 0.088811
v -0.187305 3.097999 0.212554
v -0.180552 2.976233 0.086833
v -0.180552 3.099977 0.210577
v -0.173305 3.100652 0.209902
v -0.166059 3.099977 0.210577
v -0.173305 3.090752 0.219801
v -0.173305 3.152624 0.281673
v -0.176929 3.090415 0.220139
v -0.169682 3.090415 0.220139
v -0.169682 3.152287 0.282011
v -0.166305 3.089426 0.221128
v -0.166306 3.151298 0.282999
v -0.163406 3.087852 0.222701
v -0.163406 3.149724 0.284573
v -0.161181 3.085802 0.224751
v -0.161181 3.147674 0.286623
v -0.159783 3.083414 0.227139
v -0.159783 3.145287 0.289011
v -0.159305 3.080853 0.229701
v -0.159306 3.142724 0.291573
v -0.159783 3.078290 0.232263
v -0.159783 3.140162 0.294135
v -0.161181 3.075902 0.234651
v -0.161181 3.137774 0.296522
v -0.163406 3.073853 0.236701
v -0.163406 3.135724 0.298573
v -0.166305 3.072279 0.238274
v -0.166306 3.134151 0.300146
v -0.169682 3.071290 0.239263
v -0.169682 3.133162 0.301135
v -0.173305 3.070953 0.239600
v -0.173305 3.132825 0.301472
v -0.176929 3.071290 0.239263
v -0.176929 3.133162 0.301135
v -0.180305 3.072279 0.238274
v -0.180305 3.134151 0.300146
v -0.183205 3.073853 0.236701
v -0.183205 3.135724 0.298573
v -0.185430 3.075902 0.234651
v -0.185430 3.137774 0.296522
v -0.186828 3.078290 0.232263
v -0.186828 3.140162 0.294135
v -0.187305 3.080853 0.229701
v -0.187306 3.142724 0.291573
v -0.186828 3.083414 0.227139
v -0.186828 3.145287 0.289011
v -0.185430 3.085802 0.224751
v -0.185430 3.147674 0.286623
v -0.183205 3.087852 0.222701
v -0.183205 3.149724 0.284573
v -0.180305 3.089426 0.221128
v -0.180305 3.151298 0.282999
v -0.176929 3.152287 0.282011
v -0.166059 2.976233 0.086833
v -0.159305 3.097999 0.212554
v -0.159305 2.974255 0.088811
v -0.153507 3.094852 0.215701
v -0.153507 2.971109 0.091957
v -0.149057 3.090752 0.219801
v -0.149057 2.967008 0.096058
v -0.146260 3.085977 0.224577
v -0.146260 2.962233 0.100833
v -0.145305 3.080853 0.229701
v -0.145305 2.957108 0.105957
v -0.146260 3.075728 0.234825
v -0.146260 2.951984 0.111082
v -0.149057 3.070953 0.239600
v -0.149057 2.947209 0.115857
v -0.153507 3.066853 0.243701
v -0.153507 2.943109 0.119957
v -0.159305 3.063706 0.246847
v -0.159305 2.939962 0.123104
v -0.166059 3.061728 0.248825
v -0.169682 2.885674 0.053647
v -0.166305 2.948535 0.114530
v -0.166305 2.886663 0.052659
v -0.163406 2.950109 0.112957
v -0.163406 2.888237 0.051085
v -0.161181 2.952159 0.110907
v -0.161181 2.890287 0.049035
v -0.159783 2.954546 0.108519
v -0.159783 2.892674 0.046647
v -0.159305 2.957108 0.105957
v -0.159305 2.895237 0.044085
v -0.159783 2.959671 0.103395
v -0.159783 2.897799 0.041523
v -0.161181 2.962059 0.101007
v -0.161181 2.900187 0.039136
v -0.163406 2.964108 0.098957
v -0.163406 2.902237 0.037085
v -0.166305 2.965682 0.097384
v -0.166305 2.903810 0.035512
v -0.193348 3.196935 0.347908
v -0.127806 3.196935 0.347908
v -0.190654 3.187490 0.353543
v -0.190654 3.202570 0.338462
v -0.193348 3.125841 0.276814
v -0.190654 3.133381 0.269273
v -0.190654 3.118300 0.284354
v -0.183294 3.112780 0.289874
v -0.183294 3.176764 0.353859
v -0.173239 3.110760 0.291895
v -0.173239 3.167634 0.348770
v -0.163185 3.112780 0.289874
v -0.163185 3.162546 0.339640
v -0.155825 3.118300 0.284354
v -0.155825 3.162861 0.328916
v -0.153131 3.125841 0.276814
v -0.153131 3.168497 0.319470
v -0.155825 3.133381 0.269273
v -0.155825 3.177943 0.313834
v -0.163185 3.138902 0.263753
v -0.163185 3.188668 0.313519
v -0.173239 3.140923 0.261732
v -0.173239 3.197797 0.318608
v -0.183294 3.138902 0.263753
v -0.183294 3.202886 0.327737
v -0.127806 3.202886 0.327737
v -0.127806 3.202570 0.338462
v -0.127806 3.197797 0.318608
v -0.127806 3.188668 0.313519
v -0.127806 3.177943 0.313834
v -0.127806 3.168497 0.319470
v -0.127806 3.162861 0.328916
v -0.127806 3.162546 0.339640
v -0.127806 3.167634 0.348770
v -0.127806 3.176764 0.353859
v -0.127806 3.187490 0.353543
v -0.119265 3.181961 0.246865
v -0.119265 3.106184 0.290615
v 0.082830 3.181961 0.246865
v -0.119265 3.257739 0.290615
v -0.119265 3.257739 0.378115
v 0.082830 3.257739 0.290615
v 0.082830 3.257739 0.378115
v 0.082830 3.181961 0.421865
v 0.082830 3.106184 0.378115
v -0.119265 3.181961 0.421865
v -0.119265 3.106184 0.378115
v 0.082830 3.106184 0.290615
v 0.157115 2.833725 -0.016397
v 0.091574 2.833725 -0.016397
v 0.154421 2.828090 -0.006951
v 0.154421 2.843171 -0.022032
v 0.157115 2.904819 0.054697
v 0.154421 2.912360 0.047157
v 0.154421 2.897279 0.062238
v 0.147061 2.891758 0.067758
v 0.147061 2.827774 0.003774
v 0.137007 2.889738 0.069779
v 0.137007 2.832863 0.012904
v 0.126953 2.891758 0.067758
v 0.126953 2.841992 0.017992
v 0.119592 2.897279 0.062238
v 0.119592 2.852717 0.017677
v 0.116898 2.904819 0.054697
v 0.116898 2.862163 0.012041
v 0.119592 2.912360 0.047157
v 0.119592 2.867799 0.002595
v 0.126953 2.917880 0.041636
v 0.126953 2.868114 -0.008129
v 0.137007 2.919900 0.039616
v 0.137007 2.863026 -0.017259
v 0.147061 2.917880 0.041636
v 0.147061 2.853896 -0.022348
v 0.091574 2.853896 -0.022348
v 0.091574 2.843171 -0.022032
v 0.091574 2.863026 -0.017259
v 0.091574 2.868114 -0.008129
v 0.091574 2.867799 0.002595
v 0.091574 2.862163 0.012041
v 0.091574 2.852717 0.017677
v 0.091574 2.841992 0.017992
v 0.091574 2.832863 0.012904
v 0.091574 2.827774 0.003774
v 0.091574 2.828090 -0.006951
v 0.137073 2.884517 0.054805
v 0.133449 2.884854 0.054468
v 0.140696 2.884854 0.054468
v 0.137073 2.946761 0.117050
v 0.137073 2.936862 0.126949
v 0.133449 2.947099 0.116712
v 0.140696 2.947099 0.116712
v 0.144073 2.948088 0.115723
v 0.144073 2.885843 0.053479
v 0.146972 2.949661 0.114150
v 0.146972 2.887416 0.051906
v 0.149197 2.951711 0.112100
v 0.149197 2.889466 0.049855
v 0.150596 2.954098 0.109712
v 0.150596 2.891854 0.047468
v 0.151073 2.956660 0.107150
v 0.151073 2.894416 0.044906
v 0.150596 2.959223 0.104588
v 0.150596 2.896978 0.042343
v 0.149197 2.961611 0.102200
v 0.149197 2.899366 0.039956
v 0.146972 2.963661 0.100150
v 0.146972 2.901416 0.037906
v 0.144073 2.965234 0.098577
v 0.144073 2.902989 0.036332
v 0.140696 2.966223 0.097588
v 0.140696 2.903978 0.035343
v 0.137073 2.966560 0.097251
v 0.137073 2.904316 0.035006
v 0.137073 2.976460 0.087351
v 0.133449 2.966223 0.097588
v 0.133449 2.903978 0.035343
v 0.130073 2.965234 0.098577
v 0.130073 2.902989 0.036332
v 0.127173 2.963661 0.100150
v 0.127173 2.901416 0.037906
v 0.124949 2.961611 0.102200
v 0.124949 2.899366 0.039956
v 0.123550 2.959223 0.104588
v 0.123550 2.896978 0.042343
v 0.123073 2.956660 0.107150
v 0.123073 2.894416 0.044906
v 0.123550 2.954098 0.109712
v 0.123550 2.891854 0.047468
v 0.124949 2.951711 0.112100
v 0.124949 2.889466 0.049855
v 0.127173 2.949661 0.114150
v 0.127173 2.887416 0.051906
v 0.130073 2.948088 0.115723
v 0.130073 2.885843 0.053479
v 0.137073 3.099831 0.210722
v 0.129826 2.975785 0.088026
v 0.144320 2.975785 0.088026
v 0.144320 3.099156 0.211397
v 0.151073 2.973807 0.090004
v 0.151073 3.097178 0.213375
v 0.156872 2.970661 0.093150
v 0.156872 3.094032 0.216521
v 0.161322 2.966560 0.097251
v 0.161322 3.089931 0.220622
v 0.164119 2.961785 0.102026
v 0.164119 3.085156 0.225397
v 0.165073 2.956661 0.107150
v 0.165073 3.080032 0.230521
v 0.164119 2.951536 0.112274
v 0.164119 3.074907 0.235646
v 0.161322 2.946761 0.117050
v 0.161322 3.070132 0.240421
v 0.156872 2.942660 0.121150
v 0.156872 3.066031 0.244521
v 0.151073 2.939514 0.124296
v 0.151073 3.062885 0.247667
v 0.144320 2.937536 0.126274
v 0.144320 3.060907 0.249645
v 0.137073 3.060233 0.250320
v 0.129826 3.060907 0.249645
v 0.137073 3.070132 0.240421
v 0.137073 3.132004 0.302292
v 0.140696 3.070469 0.240083
v 0.133449 3.070469 0.240083
v 0.133449 3.132341 0.301955
v 0.130073 3.071459 0.239094
v 0.130073 3.133330 0.300966
v 0.127173 3.073031 0.237521
v 0.127173 3.134903 0.299393
v 0.124949 3.075082 0.235471
v 0.124949 3.136953 0.297343
v 0.123550 3.077469 0.233083
v 0.123550 3.139341 0.294955
v 0.123073 3.080032 0.230521
v 0.123073 3.141903 0.292393
v 0.123550 3.082594 0.227959
v 0.123550 3.144465 0.289831
v 0.124949 3.084981 0.225571
v 0.124949 3.146853 0.287443
v 0.127173 3.087031 0.223521
v 0.127173 3.148904 0.285393
v 0.130073 3.088605 0.221948
v 0.130073 3.150476 0.283820
v 0.133449 3.089594 0.220959
v 0.133449 3.151465 0.282831
v 0.137073 3.089931 0.220622
v 0.137073 3.151803 0.282493
v 0.140696 3.089594 0.220959
v 0.140696 3.151465 0.282831
v 0.144073 3.088605 0.221948
v 0.144073 3.150476 0.283820
v 0.146972 3.087031 0.223521
v 0.146972 3.148904 0.285393
v 0.149197 3.084981 0.225571
v 0.149197 3.146853 0.287443
v 0.150596 3.082594 0.227959
v 0.150596 3.144465 0.289831
v 0.151073 3.080032 0.230521
v 0.151073 3.141903 0.292393
v 0.150596 3.077469 0.233083
v 0.150596 3.139341 0.294955
v 0.149197 3.075082 0.235471
v 0.149197 3.136953 0.297343
v 0.146972 3.073031 0.237521
v 0.146972 3.134903 0.299393
v 0.144073 3.071459 0.239094
v 0.144073 3.133330 0.300966
v 0.140696 3.132341 0.301955
v 0.123073 3.062885 0.247667
v 0.129826 2.937536 0.126274
v 0.123073 2.939514 0.124296
v 0.117274 2.942660 0.121150
v 0.117274 3.066031 0.244521
v 0.112824 2.946761 0.117049
v 0.112824 3.070132 0.240420
v 0.110027 2.951536 0.112274
v 0.110027 3.074907 0.235645
v 0.109073 2.956660 0.107150
v 0.109073 3.080031 0.230521
v 0.110027 2.961785 0.102026
v 0.110027 3.085156 0.225397
v 0.112824 2.966560 0.097250
v 0.112824 3.089931 0.220622
v 0.117274 2.970660 0.093150
v 0.117274 3.094032 0.216521
v 0.123073 2.973807 0.090004
v 0.123073 3.097178 0.213375
v 0.129826 3.099156 0.211397
v 0.157115 3.198238 0.346604
v 0.091574 3.198238 0.346604
v 0.154421 3.203874 0.337158
v 0.154421 3.188793 0.352239
v 0.157115 3.127144 0.275510
v 0.154421 3.119604 0.283050
v 0.154421 3.134686 0.267969
v 0.147061 3.140205 0.262449
v 0.147061 3.204189 0.326433
v 0.137007 3.142225 0.260428
v 0.137007 3.199100 0.317304
v 0.126953 3.140205 0.262449
v 0.126953 3.189971 0.312215
v 0.119592 3.134686 0.267969
v 0.119592 3.179246 0.312530
v 0.116898 3.127144 0.275510
v 0.116898 3.169801 0.318166
v 0.119592 3.119604 0.283050
v 0.119592 3.164165 0.327612
v 0.126953 3.114083 0.288571
v 0.126953 3.163849 0.338336
v 0.137007 3.112063 0.290591
v 0.137007 3.168939 0.347466
v 0.147061 3.114083 0.288571
v 0.147061 3.178068 0.352555
v 0.091574 3.178068 0.352555
v 0.091574 3.188793 0.352239
v 0.091574 3.168939 0.347466
v 0.091574 3.163849 0.338336
v 0.091574 3.164165 0.327612
v 0.091574 3.169801 0.318166
v 0.091574 3.179246 0.312530
v 0.091574 3.189971 0.312215
v 0.091574 3.199100 0.317304
v 0.091574 3.204189 0.326433
v 0.091574 3.203874 0.337158
v 0.052296 2.848952 -0.046580
v 0.085108 2.848952 -0.046580
v 0.052296 2.860275 -0.045089
v 0.052296 2.847810 -0.055255
v 0.052296 2.836486 -0.053764
v 0.085108 2.847810 -0.055255
v 0.085108 2.836486 -0.053764
v 0.085108 2.837629 -0.045089
v 0.052296 2.837629 -0.045089
v 0.085108 2.827077 -0.040718
v 0.052296 2.827077 -0.040718
v 0.085108 2.821751 -0.047660
v 0.052296 2.821751 -0.047660
v 0.085108 2.812690 -0.040708
v 0.052296 2.812690 -0.040708
v 0.085108 2.818016 -0.033766
v 0.052296 2.818016 -0.033766
v 0.085108 2.811063 -0.024705
v 0.052296 2.811063 -0.024705
v 0.085108 2.802979 -0.028053
v 0.052296 2.802979 -0.028053
v 0.085108 2.798609 -0.017502
v 0.052296 2.798609 -0.017502
v 0.085108 2.806693 -0.014153
v 0.052296 2.806693 -0.014153
v 0.085108 2.805202 -0.002830
v 0.052296 2.805202 -0.002830
v 0.085108 2.796527 -0.001688
v 0.052296 2.796527 -0.001688
v 0.085108 2.798018 0.009636
v 0.052296 2.798018 0.009636
v 0.085108 2.806693 0.008494
v 0.052296 2.806693 0.008494
v 0.085108 2.811063 0.019045
v 0.052296 2.811063 0.019045
v 0.085108 2.804121 0.024372
v 0.052296 2.804121 0.024372
v 0.085108 2.811074 0.033433
v 0.052296 2.811074 0.033433
v 0.085108 2.818016 0.028106
v 0.052296 2.818016 0.028106
v 0.085108 2.827077 0.035059
v 0.052296 2.827077 0.035059
v 0.085108 2.823729 0.043143
v 0.052296 2.823729 0.043143
v 0.085108 2.834280 0.047513
v 0.052296 2.834280 0.047513
v 0.085108 2.837629 0.039429
v 0.052296 2.837629 0.039429
v 0.085108 2.848952 0.040920
v 0.052296 2.848952 0.040920
v 0.085108 2.850094 0.049595
v 0.052296 2.850094 0.049595
v 0.085108 2.861417 0.048105
v 0.052296 2.861417 0.048105
v 0.085108 2.860275 0.039429
v 0.052296 2.860275 0.039429
v 0.085108 2.870827 0.035059
v 0.052296 2.870827 0.035059
v 0.085108 2.876153 0.042001
v 0.052296 2.876153 0.042001
v 0.085108 2.885215 0.035048
v 0.052296 2.885215 0.035048
v 0.085108 2.879888 0.028106
v 0.052296 2.879888 0.028106
v 0.085108 2.886841 0.019045
v 0.052296 2.886841 0.019045
v 0.085108 2.894924 0.022394
v 0.052296 2.894924 0.022394
v 0.085108 2.899295 0.011842
v 0.052296 2.899295 0.011842
v 0.085108 2.891212 0.008494
v 0.052296 2.891212 0.008494
v 0.085108 2.892702 -0.002830
v 0.052296 2.892702 -0.002830
v 0.085108 2.901377 -0.003972
v 0.052296 2.901377 -0.003972
v 0.085108 2.899887 -0.015295
v 0.052296 2.899887 -0.015295
v 0.085108 2.891212 -0.014153
v 0.052296 2.891212 -0.014153
v 0.085108 2.886841 -0.024705
v 0.052296 2.886841 -0.024705
v 0.085108 2.893783 -0.030031
v 0.052296 2.893783 -0.030031
v 0.085108 2.886830 -0.039092
v 0.052296 2.886830 -0.039092
v 0.085108 2.879888 -0.033766
v 0.052296 2.879888 -0.033766
v 0.085108 2.870827 -0.040718
v 0.052296 2.870827 -0.040718
v 0.085108 2.874176 -0.048802
v 0.052296 2.874176 -0.048802
v 0.085108 2.863624 -0.053173
v 0.052296 2.863624 -0.053173
v 0.085108 2.860275 -0.045089
v -0.149468 -0.030844 0.001775
v -0.083843 -0.030844 -0.111891
v -0.149468 0.100406 0.001775
v -0.083843 -0.030844 0.115441
v 0.047407 -0.030844 0.115441
v -0.083843 0.100406 0.115441
v 0.047407 0.100406 0.115441
v 0.113032 0.100406 0.001775
v 0.047407 0.100406 -0.111891
v 0.113032 -0.030844 0.001775
v 0.047407 -0.030844 -0.111891
v -0.083843 0.100406 -0.111891
vn -0.0000 -0.0000 -1.0000
vn 1.0000 -0.0000 -0.0000
vn 0.9786 0.1015 0.1792
vn -0.9780 0.1033 0.1812
vn -0.9837 -0.0000 0.1801
vn 0.9837 -0.0000 0.1801
vn -0.0000 1.0000 -0.0000
vn -1.0000 -0.0000 -0.0000
vn -1.0000 -0.0000 -0.0045
vn -0.0000 0.8860 -0.4637
vn -0.0000 -1.0000 -0.0000
vn -0.0000 -0.0000 1.0000
vn 0.9830 -0.0000 0.1833
vn -0.9830 -0.0000 0.1833
vn -0.0000 0.9914 -0.1305
vn -0.0000 0.1306 -0.9914
vn -0.0000 -0.1305 -0.9914
vn -0.0000 -0.9914 0.1306
vn -0.0000 -0.3827 -0.9239
vn -0.0000 0.7934 -0.6087
vn -0.0000 -0.6087 -0.7934
vn -0.0000 -0.7934 0.6087
vn -0.0000 -0.7933 -0.6088
vn -0.0000 0.3826 -0.9239
vn -0.0000 -0.9239 -0.3827
vn -0.0000 -0.3827 0.9239
vn -0.0000 -0.9914 -0.1306
vn -0.0000 -0.9914 0.1305
vn -0.0000 0.1305 0.9914
vn -0.0000 -0.9239 0.3826
vn -0.0000 -0.6088 -0.7933
vn -0.0000 -0.7934 0.6088
vn -0.0000 0.6090 0.7931
vn -0.0000 -0.6088 0.7933
vn -0.0000 -0.9239 -0.3826
vn -0.0000 0.9239 0.3827
vn -0.0000 -0.1306 0.9914
vn -0.0000 0.1305 0.9915
vn -0.0000 0.9914 -0.1306
vn -0.0000 0.3826 0.9239
vn -0.0000 0.6087 0.7934
vn -0.0000 0.7934 0.6088
vn -0.0000 0.9239 0.3826
vn -0.0000 0.3827 -0.9239
vn -0.0000 0.9914 0.1305
vn -0.0000 0.9239 -0.3827
vn -0.0000 0.6091 0.7931
vn -0.0000 0.7933 -0.6088
vn -0.0000 0.6087 -0.7934
vn -0.0000 -0.9240 -0.3823
vn 0.0965 -0.1734 -0.9801
vn -0.0965 -0.1734 -0.9801
vn 0.0966 0.1732 -0.9801
vn -0.0966 0.1732 -0.9801
vn -0.2859 -0.1734 -0.9424
vn -0.2859 0.1732 -0.9425
vn -0.4642 -0.1734 -0.8686
vn -0.4642 0.1732 -0.8686
vn -0.6248 -0.1734 -0.7613
vn -0.6248 0.1733 -0.7613
vn -0.7613 -0.1734 -0.6248
vn -0.7614 0.1732 -0.6248
vn -0.8686 -0.1734 -0.4642
vn -0.8686 0.1732 -0.4643
vn -0.9424 -0.1734 -0.2859
vn -0.9425 0.1732 -0.2859
vn -0.9801 -0.1734 -0.0965
vn -0.9801 0.1732 -0.0966
vn -0.9801 -0.1734 0.0965
vn -0.9801 0.1732 0.0966
vn -0.9424 -0.1734 0.2859
vn -0.9425 0.1732 0.2859
vn -0.8686 -0.1734 0.4642
vn -0.8686 0.1732 0.4643
vn -0.7613 -0.1734 0.6248
vn -0.7614 0.1732 0.6248
vn -0.6248 -0.1734 0.7613
vn -0.6248 0.1732 0.7613
vn -0.4643 -0.1734 0.8686
vn -0.4643 0.1732 0.8686
vn -0.2859 -0.1734 0.9425
vn -0.2859 0.1732 0.9425
vn -0.0965 -0.1734 0.9801
vn -0.0965 0.1732 0.9801
vn 0.0965 -0.1734 0.9801
vn 0.0965 0.1732 0.9801
vn 0.2859 -0.1734 0.9425
vn 0.2859 0.1732 0.9425
vn 0.4643 -0.1734 0.8686
vn 0.4643 0.1732 0.8686
vn 0.6248 -0.1734 0.7613
vn 0.6248 0.1732 0.7613
vn 0.7613 -0.1734 0.6248
vn 0.7613 0.1732 0.6248
vn 0.8686 -0.1734 0.4643
vn 0.8686 0.1732 0.4643
vn 0.9425 -0.1734 0.2859
vn 0.9425 0.1732 0.2859
vn 0.9801 -0.1734 0.0965
vn 0.9801 0.1732 0.0965
vn 0.9801 -0.1734 -0.0965
vn 0.9801 0.1732 -0.0965
vn 0.9425 -0.1734 -0.2859
vn 0.9425 0.1732 -0.2859
vn 0.8686 -0.1734 -0.4643
vn 0.8686 0.1732 -0.4643
vn 0.7613 -0.1734 -0.6248
vn 0.7613 0.1732 -0.6248
vn 0.6248 -0.1734 -0.7613
vn 0.6248 0.1732 -0.7613
vn 0.4642 -0.1734 -0.8686
vn 0.4642 0.1732 -0.8686
vn 0.2859 -0.1734 -0.9424
vn 0.2859 0.1732 -0.9425
vn 0.2903 -0.0000 -0.9569
vn 0.4714 -0.0000 -0.8819
vn 0.0980 -0.0000 -0.9952
vn 0.2867 -0.1579 -0.9449
vn 0.0968 -0.1579 -0.9827
vn -0.0968 -0.1579 -0.9827
vn -0.0980 -0.0000 -0.9952
vn -0.2903 -0.0000 -0.9569
vn -0.2867 -0.1579 -0.9449
vn -0.4714 -0.0000 -0.8819
vn -0.4654 -0.1579 -0.8709
vn -0.6344 -0.0000 -0.7730
vn -0.6265 -0.1579 -0.7633
vn -0.7730 -0.0000 -0.6344
vn -0.7633 -0.1579 -0.6265
vn -0.8819 -0.0000 -0.4714
vn -0.8709 -0.1579 -0.4654
vn -0.9569 -0.0000 -0.2903
vn -0.9449 -0.1579 -0.2867
vn -0.9952 -0.0000 -0.0980
vn -0.9827 -0.1579 -0.0968
vn -0.9952 -0.0000 0.0980
vn -0.9827 -0.1579 0.0968
vn -0.9569 -0.0000 0.2903
vn -0.9449 -0.1579 0.2867
vn -0.8819 -0.0000 0.4714
vn -0.8709 -0.1579 0.4654
vn -0.7730 -0.0000 0.6344
vn -0.7633 -0.1579 0.6264
vn -0.6344 -0.0000 0.7730
vn -0.6264 -0.1579 0.7633
vn -0.4714 -0.0000 0.8819
vn -0.4655 -0.1579 0.8708
vn -0.2902 -0.0000 0.9570
vn -0.2866 -0.1579 0.9449
vn -0.0980 -0.0000 0.9952
vn -0.0968 -0.1579 0.9827
vn 0.0980 -0.0000 0.9952
vn 0.0968 -0.1579 0.9827
vn 0.2903 -0.0000 0.9569
vn 0.2866 -0.1579 0.9449
vn 0.4714 -0.0000 0.8819
vn 0.4655 -0.1579 0.8708
vn 0.6344 -0.0000 0.7730
vn 0.6264 -0.1579 0.7633
vn 0.7730 -0.0000 0.6344
vn 0.7633 -0.1579 0.6264
vn 0.8819 -0.0000 0.4714
vn 0.8708 -0.1579 0.4655
vn 0.9569 -0.0000 0.2903
vn 0.9449 -0.1579 0.2866
vn 0.9952 -0.0000 0.0980
vn 0.9827 -0.1579 0.0968
vn 0.9952 -0.0000 -0.0980
vn 0.9827 -0.1579 -0.0968
vn 0.9570 -0.0000 -0.2902
vn 0.9449 -0.1579 -0.2866
vn 0.8819 -0.0000 -0.4714
vn 0.8708 -0.1579 -0.4655
vn 0.7730 -0.0000 -0.6344
vn 0.7633 -0.1579 -0.6264
vn 0.6344 -0.0000 -0.7730
vn 0.6264 -0.1579 -0.7633
vn 0.4654 -0.1579 -0.8709
vn 0.4655 0.1579 -0.8709
vn 0.6264 0.1579 -0.7633
vn 0.2867 0.1579 -0.9449
vn 0.0968 0.1579 -0.9827
vn -0.0968 0.1579 -0.9827
vn -0.2867 0.1579 -0.9449
vn -0.4655 0.1579 -0.8709
vn -0.6264 0.1579 -0.7633
vn -0.7633 0.1579 -0.6264
vn -0.8709 0.1579 -0.4655
vn -0.9449 0.1579 -0.2867
vn -0.9827 0.1579 -0.0968
vn -0.9827 0.1579 0.0968
vn -0.9449 0.1579 0.2867
vn -0.8709 0.1579 0.4655
vn -0.7633 0.1579 0.6264
vn -0.6264 0.1579 0.7633
vn -0.4655 0.1579 0.8709
vn -0.2867 0.1579 0.9449
vn -0.0967 0.1579 0.9827
vn 0.0967 0.1579 0.9827
vn 0.2867 0.1579 0.9449
vn 0.4655 0.1579 0.8709
vn 0.6264 0.1579 0.7633
vn 0.7633 0.1579 0.6264
vn 0.8709 0.1579 0.4655
vn 0.9449 0.1579 0.2867
vn 0.9827 0.1579 0.0967
vn 0.9827 0.1579 -0.0967
vn 0.9449 0.1579 -0.2867
vn 0.8709 0.1579 -0.4655
vn 0.7633 0.1579 -0.6264
vn 0.7657 -0.1372 -0.6284
vn 0.6284 -0.1372 -0.7657
vn 0.4669 -0.1372 -0.8736
vn 0.4670 0.1372 -0.8736
vn 0.6284 0.1372 -0.7657
vn 0.2876 -0.1372 -0.9479
vn 0.2875 0.1372 -0.9479
vn 0.0971 -0.1372 -0.9858
vn 0.0971 0.1372 -0.9858
vn -0.0971 0.1372 -0.9858
vn -0.0971 -0.1372 -0.9858
vn -0.2876 -0.1372 -0.9479
vn -0.2875 0.1372 -0.9479
vn -0.4669 -0.1372 -0.8736
vn -0.4669 0.1372 -0.8736
vn -0.6284 -0.1372 -0.7657
vn -0.6284 0.1372 -0.7657
vn -0.7657 -0.1372 -0.6284
vn -0.7657 0.1372 -0.6284
vn -0.8736 -0.1372 -0.4669
vn -0.8736 0.1372 -0.4669
vn -0.9479 -0.1372 -0.2876
vn -0.9479 0.1372 -0.2875
vn -0.9858 -0.1372 -0.0971
vn -0.9858 0.1372 -0.0971
vn -0.9858 -0.1372 0.0971
vn -0.9858 0.1372 0.0971
vn -0.9479 -0.1372 0.2876
vn -0.9479 0.1372 0.2875
vn -0.8736 -0.1372 0.4669
vn -0.8736 0.1372 0.4670
vn -0.7657 -0.1372 0.6284
vn -0.7657 0.1372 0.6284
vn -0.6284 -0.1372 0.7657
vn -0.6284 0.1372 0.7657
vn -0.4670 -0.1372 0.8736
vn -0.4669 0.1372 0.8736
vn -0.2875 -0.1372 0.9479
vn -0.2875 0.1372 0.9479
vn -0.0971 -0.1372 0.9858
vn -0.0971 0.1372 0.9858
vn 0.0971 -0.1372 0.9858
vn 0.0971 0.1372 0.9858
vn 0.2875 -0.1372 0.9479
vn 0.2875 0.1372 0.9479
vn 0.4670 -0.1372 0.8736
vn 0.4669 0.1372 0.8736
vn 0.6284 -0.1372 0.7657
vn 0.6284 0.1372 0.7657
vn 0.7657 -0.1372 0.6284
vn 0.7657 0.1372 0.6284
vn 0.8736 -0.1372 0.4670
vn 0.8736 0.1372 0.4669
vn 0.9479 -0.1372 0.2875
vn 0.9479 0.1372 0.2875
vn 0.9858 -0.1372 0.0971
vn 0.9858 0.1372 0.0971
vn 0.9858 -0.1372 -0.0971
vn 0.9858 0.1372 -0.0971
vn 0.9479 -0.1372 -0.2875
vn 0.9479 0.1372 -0.2875
vn 0.8736 -0.1372 -0.4670
vn 0.8736 0.1372 -0.4669
vn 0.7657 0.1372 -0.6284
vn -0.0000 0.1305 -0.9914
vn -0.0000 -0.6088 -0.7934
vn -0.0000 -0.7933 0.6088
vn -0.0000 0.7934 0.6087
vn -0.0000 0.3827 0.9239
vn -0.0000 -0.1305 0.9915
vn -0.0000 -0.6087 0.7934
vn -0.0000 -0.9239 0.3827
vn -0.0000 -0.9915 0.1304
vn -0.0000 -0.9915 -0.1304
vn -0.0000 -0.9238 -0.3828
vn -0.0000 -0.7934 -0.6087
vn -0.0000 -0.1306 -0.9914
vn -0.0000 0.9239 -0.3826
vn -0.0000 0.9914 0.1306
vn -0.0000 0.6088 0.7933
vn -0.0000 0.7933 0.6088
vn -0.0000 0.1306 0.9914
vn -0.0000 0.7934 -0.6088
vn -0.0000 -0.1305 0.9914
vn -0.0000 -0.9914 -0.1305
vn -0.0000 -0.9915 0.1305
vn -0.0000 -0.9915 -0.1305
vn -0.0000 -0.3826 -0.9239
vn -0.0000 0.6088 0.7934
vn -0.0000 -0.1307 -0.9914
vn -0.0000 0.1307 -0.9914
vn -0.0000 0.9238 -0.3829
vn -0.0000 0.9915 -0.1305
vn -0.0000 0.9915 0.1305
vn -0.0000 0.1304 0.9915
vn -0.0000 -0.3829 0.9238
vn -0.0000 -0.6088 0.7934
vn -0.0000 -0.7935 0.6086
vn -0.8660 -0.0000 -0.5000
vn -0.8660 -0.0000 0.5000
vn 0.8660 -0.0000 0.5000
vn 0.8660 -0.0000 -0.5000
vn -0.0000 -0.9239 0.3828
vn -0.0000 0.3829 -0.9238
vn -0.0000 -0.1304 -0.9915
vn -0.0000 0.1305 -0.9915
vn -0.0000 0.3831 -0.9237
vn -0.0000 0.6088 -0.7933
vn -0.0000 0.9238 0.3828
vn -0.0000 0.1307 0.9914
vn -0.0000 -0.1307 0.9914
vn -0.0000 -0.7932 0.6089
vn -0.0000 -0.5124 -0.8588
vn -0.0000 -0.8587 -0.5124
vn -0.9695 0.1732 -0.1732
vn -0.9695 -0.1732 0.1732
vn -0.0000 0.7070 0.7072
vn -0.7276 0.4851 -0.4851
vn -0.2734 0.6802 -0.6802
vn 0.2734 0.6802 -0.6802
vn 0.7276 0.4850 -0.4850
vn 0.9695 0.1732 -0.1732
vn 0.9695 -0.1732 0.1732
vn 0.7276 -0.4850 0.4851
vn 0.2734 -0.6802 0.6802
vn -0.2734 -0.6802 0.6802
vn -0.7276 -0.4851 0.4851
vn -0.0000 -0.8735 0.4868
vn -0.0000 -0.9996 -0.0293
vn -0.0000 -0.4869 0.8735
vn -0.0000 0.0295 0.9996
vn -0.0000 0.5124 0.8587
vn -0.0000 0.8587 0.5124
vn -0.0000 0.9996 0.0295
vn -0.0000 0.8735 -0.4869
vn -0.0000 0.4868 -0.8735
vn -0.0000 -0.0294 -0.9996
vn 0.1305 0.7011 -0.7011
vn -0.1305 0.7011 -0.7011
vn -0.0000 -0.7071 -0.7071
vn -0.3827 0.6533 -0.6533
vn -0.6089 0.5609 -0.5609
vn -0.7934 0.4304 -0.4305
vn -0.9239 0.2705 -0.2705
vn -0.9914 0.0923 -0.0923
vn -0.9914 -0.0923 0.0923
vn -0.9240 -0.2705 0.2705
vn -0.7933 -0.4305 0.4305
vn -0.6088 -0.5610 0.5610
vn -0.3826 -0.6533 0.6533
vn -0.1306 -0.7010 0.7010
vn 0.1306 -0.7011 0.7010
vn -0.1306 -0.7011 0.7010
vn 0.1305 -0.7011 0.7011
vn -0.3827 -0.6533 0.6533
vn -0.9239 -0.2706 0.2706
vn -0.9914 -0.0924 0.0924
vn -0.9914 0.0924 -0.0924
vn -0.9239 0.2706 -0.2706
vn -0.7934 0.4304 -0.4304
vn -0.6088 0.5610 -0.5610
vn -0.3826 0.6533 -0.6533
vn -0.1306 0.7011 -0.7011
vn -0.0001 0.7071 0.7071
vn 0.1306 0.7011 -0.7011
vn 0.3827 0.6533 -0.6533
vn 0.6087 0.5610 -0.5610
vn 0.7934 0.4304 -0.4304
vn 0.9239 0.2705 -0.2705
vn 0.9914 0.0925 -0.0925
vn 0.9914 -0.0925 0.0925
vn 0.9240 -0.2705 0.2705
vn 0.7933 -0.4305 0.4305
vn 0.6089 -0.5609 0.5609
vn 0.3826 -0.6533 0.6533
vn 0.1304 -0.7011 0.7011
vn -0.1304 -0.7011 0.7011
vn -0.6086 0.5611 -0.5611
vn -0.3828 0.6532 -0.6532
vn 0.6088 0.5610 -0.5610
vn 0.7933 0.4305 -0.4305
vn 0.9239 0.2706 -0.2706
vn 0.9914 0.0924 -0.0924
vn 0.9914 -0.0924 0.0924
vn 0.9239 -0.2706 0.2706
vn 0.6088 -0.5610 0.5610
vn 0.3825 -0.6533 0.6533
vn 0.6085 -0.5611 0.5611
vn 0.9915 -0.0923 0.0922
vn 0.9915 0.0922 -0.0922
vn 0.7934 0.4304 -0.4305
vn 0.3826 0.6533 -0.6533
vn -0.0000 0.5123 0.8588
vn -0.0000 0.8588 0.5124
vn -0.0000 -0.7070 -0.7072
vn 0.7276 -0.4851 0.4851
vn 0.7276 0.4851 -0.4851
vn 0.2733 0.6802 -0.6802
vn -0.2733 0.6802 -0.6802
vn -0.0000 0.9996 0.0293
vn -0.0000 0.4869 -0.8735
vn -0.0000 -0.5124 -0.8587
vn -0.0000 -0.8588 -0.5124
vn -0.0000 -0.9996 -0.0295
vn -0.0000 -0.8735 0.4869
vn -0.0000 -0.5000 -0.8660
vn -0.0000 0.5000 -0.8660
vn -0.0000 0.5000 0.8660
vn -0.0000 -0.5000 0.8660
vn -0.0000 0.7071 0.7071
vn 0.2735 -0.6802 0.6802
vn -0.7275 -0.4851 0.4851
vn -0.0000 -0.0295 -0.9996
vn -0.0000 0.0294 0.9996
vn -0.0000 -0.4868 0.8735
vn 0.7934 -0.4304 0.4304
vn 0.9238 -0.2707 0.2707
vn 0.9914 -0.0923 0.0923
vn 0.9914 0.0923 -0.0923
vn 0.9238 0.2707 -0.2707
vn 0.7934 0.4305 -0.4305
vn 0.6089 0.5609 -0.5609
vn 0.1304 0.7011 -0.7011
vn -0.1304 0.7011 -0.7011
vn -0.7935 0.4303 -0.4303
vn -0.9238 -0.2707 0.2707
vn -0.7935 -0.4303 0.4303
vn 0.1306 0.7011 -0.7010
vn -0.1306 0.7010 -0.7011
vn 0.3828 0.6533 -0.6533
vn -0.1305 -0.7011 0.7011
vn -0.1308 -0.7010 0.7010
vn 0.1308 -0.7010 0.7010
vn -0.6087 -0.5610 0.5610
vn -0.7934 -0.4304 0.4304
vn -0.6087 0.5610 -0.5610
vn -0.7933 0.4305 -0.4305
vn -0.0000 0.8588 0.5123
vn -0.7275 0.4851 -0.4851
vn 0.7276 -0.4850 0.4850
vn -0.0000 0.9996 0.0291
vn -0.0000 -0.6089 -0.7933
vn -0.0000 -0.3826 0.9239
vn -0.0000 0.9915 -0.1304
vn -0.0000 0.9915 0.1304
vn -0.0000 -0.9238 -0.3829
vn -0.0000 -0.7933 -0.6089
vn -0.0000 0.9914 0.1307
vn -0.0000 0.9237 0.3831
vn -0.0000 0.6092 0.7930
vn -0.0000 0.3829 0.9238
vn -0.0000 -0.1304 0.9915
vn -0.0000 -0.9237 0.3831
vn -0.0000 -0.9240 -0.3825
vn -0.0000 -0.1305 -0.9915
vn -0.0000 0.1304 -0.9915
vn -0.0000 0.6090 -0.7932
vn -0.0000 0.7935 -0.6085
vn -0.0000 0.9238 0.3829
vn -0.0000 -0.7933 0.6089
vn -0.0000 -0.9238 0.3828
vn -0.0000 -0.9914 -0.1307
vn -0.0000 -0.7934 -0.6088
vn 0.7276 0.4851 -0.4850
vn 0.2733 -0.6802 0.6802
vn -0.0000 -0.4869 0.8734
vn -0.1308 0.7010 -0.7010
vn -0.7935 -0.4305 0.4302
vn -0.3829 -0.6532 0.6532
vn -0.6088 -0.5609 0.5609
vn -0.1306 0.7011 -0.7010
vn -0.0001 0.7072 0.7070
vn 0.1306 0.7010 -0.7010
vn 0.7934 0.4305 -0.4304
vn 0.9915 -0.0922 0.0922
vn 0.9239 -0.2705 0.2705
vn -0.9239 -0.2705 0.2705
vn -0.7934 0.4305 -0.4304
vn 0.6088 0.5609 -0.5609
vn 0.6088 -0.5609 0.5609
vn 0.3828 -0.6532 0.6533
vn -0.0000 0.8735 -0.4868
vn -0.0000 0.9996 0.0294
vn -0.0000 -0.8588 -0.5123
vn -0.0000 -0.5123 -0.8588
vn -0.1306 -0.7011 0.7011
vn 0.1306 -0.7010 0.7010
vn 0.0001 -0.7071 -0.7071
vn -0.1303 0.7011 -0.7011
vn -0.9238 0.2707 -0.2707
vn 0.6087 -0.5610 0.5610
vn 0.3827 -0.6533 0.6533
vn -0.6086 -0.5611 0.5611
vn -0.7935 -0.4304 0.4304
vn -0.7935 0.4304 -0.4304
vn -0.1309 0.7010 -0.7010
vn 0.1309 0.7010 -0.7010
vn -0.0000 0.5124 0.8588
vn -0.0000 0.8734 -0.4869
vn -0.0000 0.6089 0.7933
vn -0.0000 0.6088 -0.7934
vn -0.0000 0.9240 0.3824
vn -0.0000 0.9915 -0.1301
vn -0.0000 0.7933 -0.6089
vn -0.0000 0.9238 -0.3830
vn -0.0000 -0.6086 -0.7934
vn -0.0000 -0.3829 -0.9238
vn -0.0000 0.6089 -0.7932
vn -0.0000 0.7935 -0.6086
vn -0.0000 0.6086 0.7935
vn -0.0000 -0.9237 0.3830
vn -0.0000 -0.9914 0.1308
vn -0.2733 -0.6802 0.6802
vn -0.7276 -0.4851 0.4850
vn -0.9239 0.2705 -0.2706
vn -0.7935 -0.4304 0.4302
vn -0.6089 -0.5609 0.5609
vn -0.1306 -0.7010 0.7011
vn -0.6088 0.5609 -0.5609
vn 0.0001 0.7071 0.7071
vn 0.1303 0.7011 -0.7011
vn 0.9240 0.2705 -0.2705
vn -0.6090 -0.5608 0.5609
vn -0.9240 0.2705 -0.2705
vn -0.6090 0.5608 -0.5608
vn 0.3829 -0.6532 0.6532
vn 0.6090 -0.5608 0.5608
vn 0.7932 -0.4306 0.4306
vn -0.7276 -0.4850 0.4850
vn -0.7276 0.4850 -0.4850
vn -0.0000 -0.9996 -0.0294
vn -0.0001 -0.7072 -0.7070
vn 0.1306 -0.7010 0.7011
vn -0.6090 -0.5608 0.5608
vn -0.0000 -0.7072 -0.7070
vn -0.0000 -0.3828 0.9238
vn -0.0000 0.7931 0.6091
vn -0.0000 0.9240 -0.3823
vn -0.0000 -0.9238 0.3829
vn -0.0000 0.9237 -0.3831
vn -0.0000 0.9914 0.1308
vn -0.0000 0.9240 0.3825
vn -0.0000 0.7933 0.6089
vn -0.0000 -0.6091 0.7931
vn -0.0000 -0.9237 -0.3832
vn -0.0000 -0.7935 -0.6086
vn -0.0000 -0.6091 -0.7931
vn -0.0000 -0.3830 -0.9237
vn 0.0001 -0.7072 -0.7071
vn -0.0001 0.7072 0.7071
vn 0.0001 0.7072 0.7070
vn 0.7934 -0.4305 0.4305
vn -0.7934 -0.4305 0.4305
vn -0.6090 0.5609 -0.5609
vn 0.6090 -0.5609 0.5608
vn 0.9239 0.2706 -0.2705
vn 0.7935 0.4303 -0.4303
vn 0.7936 -0.4302 0.4302
vn 0.1306 -0.7011 0.7011
vn -0.7934 -0.4304 0.4305
vn -0.0000 0.7932 -0.6089
vn -0.0000 -0.9241 -0.3823
vn -0.0000 -0.9240 -0.3824
vn -0.0000 0.9240 -0.3824
vn -0.0000 0.7935 0.6086
vn -0.0000 -0.9238 -0.3830
vn -0.0000 0.3830 -0.9237
vn -0.0000 0.9237 -0.3832
vn -0.0000 0.9914 -0.1307
vn -0.0000 0.9915 0.1302
vn -0.0000 -0.9237 -0.3830
vn 0.1307 0.7010 -0.7010
vn 0.0001 -0.7073 -0.7069
vn -0.3828 -0.6532 0.6532
vn -0.1303 -0.7011 0.7011
vn -0.0000 0.7071 0.7072
vn -0.2735 -0.6801 0.6801
vn -0.0000 0.7070 0.7073
vn 0.1308 0.7010 -0.7010
vn -0.2734 0.6802 -0.6801
vn -0.0000 -0.9914 0.1307
vn 0.2735 0.6802 -0.6802
vn -0.1306 0.7010 -0.7010
vn 0.7935 0.4305 -0.4302
vn -0.7932 -0.4306 0.4306
vn 0.6085 0.5611 -0.5611
vn -0.7277 -0.4850 0.4850
vn -0.0000 0.8734 -0.4870
vn -0.1307 -0.7011 0.7010
vn 0.0001 -0.7070 -0.7072
vn 0.1306 0.7010 -0.7011
vn -0.0000 0.7069 0.7073
vn -0.3825 -0.6533 0.6533
vn -0.6085 -0.5611 0.5611
vn 0.6086 0.5611 -0.5611
vn 0.7934 -0.4305 0.4304
vn 0.3828 -0.6532 0.6532
vn -0.0000 -0.8734 0.4869
vn -0.0000 -0.5125 -0.8587
vn -0.0000 0.7931 -0.6091
vn 0.9780 0.1033 0.1812
vn -0.9786 0.1015 0.1791
vn -1.0000 -0.0000 -0.0020
vn -1.0000 0.0005 -0.0011
vn 1.0000 -0.0000 -0.0020
vn 1.0000 -0.0000 -0.0045
vn 1.0000 0.0005 -0.0011
vn 0.0966 -0.1734 -0.9801
vn -0.0966 -0.1734 -0.9801
vn 0.0965 0.1732 -0.9801
vn -0.0965 0.1732 -0.9801
vn -0.6248 0.1732 -0.7613
vn -0.7613 -0.1734 -0.6247
vn -0.7613 0.1733 -0.6248
vn -0.8686 0.1732 -0.4642
vn -0.9801 -0.1734 -0.0966
vn -0.9801 0.1732 -0.0965
vn -0.9801 -0.1734 0.0966
vn -0.9801 0.1732 0.0965
vn -0.8686 -0.1734 0.4643
vn -0.8686 0.1732 0.4642
vn -0.7613 -0.1734 0.6247
vn -0.7613 0.1732 0.6248
vn -0.4642 -0.1734 0.8686
vn -0.2859 -0.1734 0.9424
vn 0.2859 -0.1734 0.9424
vn 0.9424 -0.1734 0.2859
vn 0.9424 -0.1734 -0.2859
vn -0.4655 -0.1579 -0.8709
vn -0.6264 -0.1579 -0.7633
vn -0.7633 -0.1579 -0.6264
vn -0.8709 -0.1579 -0.4655
vn -0.8709 -0.1579 0.4655
vn -0.4655 -0.1579 0.8709
vn -0.2867 -0.1579 0.9449
vn -0.0967 -0.1579 0.9827
vn 0.0967 -0.1579 0.9827
vn 0.2867 -0.1579 0.9449
vn 0.4655 -0.1579 0.8709
vn 0.8709 -0.1579 0.4655
vn 0.9449 -0.1579 0.2867
vn 0.9827 -0.1579 0.0967
vn 0.9827 -0.1579 -0.0967
vn 0.9449 -0.1579 -0.2867
vn 0.8709 -0.1579 -0.4655
vn 0.4655 -0.1579 -0.8709
vn 0.4654 0.1579 -0.8709
vn -0.4654 0.1579 -0.8709
vn -0.6265 0.1579 -0.7633
vn -0.7633 0.1579 -0.6265
vn -0.8709 0.1579 -0.4654
vn -0.8709 0.1579 0.4654
vn -0.4655 0.1579 0.8708
vn -0.2866 0.1579 0.9449
vn -0.0968 0.1579 0.9827
vn 0.0968 0.1579 0.9827
vn 0.2866 0.1579 0.9449
vn 0.4655 0.1579 0.8708
vn 0.8708 0.1579 0.4655
vn 0.9449 0.1579 0.2866
vn 0.9827 0.1579 0.0968
vn 0.9827 0.1579 -0.0968
vn 0.9449 0.1579 -0.2866
vn 0.8708 0.1579 -0.4655
vn 0.4670 -0.1372 -0.8736
vn 0.4669 0.1372 -0.8736
vn 0.2875 -0.1372 -0.9479
vn 0.2876 0.1372 -0.9479
vn -0.2875 -0.1372 -0.9479
vn -0.2876 0.1372 -0.9479
vn -0.9479 -0.1372 -0.2875
vn -0.9479 0.1372 -0.2876
vn -0.9479 -0.1372 0.2875
vn -0.9479 0.1372 0.2876
vn -0.8736 -0.1372 0.4670
vn -0.8736 0.1372 0.4669
vn -0.4669 -0.1372 0.8736
vn -0.4670 0.1372 0.8736
vn 0.4669 -0.1372 0.8736
vn 0.4670 0.1372 0.8736
vn 0.8736 -0.1372 0.4669
vn 0.8736 0.1372 0.4670
vn 0.8736 -0.1372 -0.4669
vn 0.8736 0.1372 -0.4670
vn -0.0000 -0.6089 0.7932
vn -0.0000 -0.7932 -0.6089
vn -0.0000 -0.6086 -0.7935
vn -0.0000 1.0000 0.0001
vn -0.0000 1.0000 0.0002
vn -0.0000 1.0000 -0.0001
vn -0.0000 1.0000 -0.0002
vn -0.0000 -0.8587 -0.5125
vn -0.0000 0.7073 0.7069
vn 0.0001 -0.7071 -0.7072
vn -0.0000 -0.7072 -0.7071
vn -0.0002 -0.7071 -0.7071
vn 0.0002 -0.7071 -0.7072
vn -0.0001 -0.7071 -0.7071
vn 0.1302 -0.7011 0.7011
vn 0.0003 0.7071 0.7071
vn 0.0001 0.7072 0.7071
vn -0.0001 0.7070 0.7072
vn -0.0000 0.7072 0.7070
vn 0.0001 0.7073 0.7069
vn 0.0001 0.7070 0.7072
vn -0.0002 0.7070 0.7072
vn -0.0000 0.7072 0.7071
vn 0.0002 0.7071 0.7071
vn 0.0002 0.7070 0.7072
vn -0.0001 0.7073 0.7069
vn 0.6088 0.5610 -0.5609
vn 0.9239 -0.2705 0.2706
vn 0.7935 -0.4303 0.4304
vn -0.9239 -0.2705 0.2706
vn -0.9915 -0.0922 0.0922
vn -0.9914 0.0925 -0.0925
vn 0.9915 -0.0922 0.0923
vn 0.9240 0.2704 -0.2705
vn -0.0000 -0.7073 -0.7069
vn -0.2735 -0.6802 0.6802
vn 0.0002 -0.7071 -0.7071
vn -0.0000 -0.7071 -0.7072
vn -0.0001 -0.7071 -0.7072
vn 0.0001 -0.7072 -0.7070
vn -0.6087 -0.5610 0.5611
vn -0.0001 0.7071 0.7072
vn -0.3828 0.6533 -0.6533
vn -0.0000 -0.9915 -0.1303
vn 0.2735 0.6802 -0.6801
vn 0.2735 -0.6801 0.6802
vn 0.0001 -0.7070 -0.7073
vn 0.0003 -0.7071 -0.7072
vn -0.0001 -0.7070 -0.7072
vn -0.0001 -0.7072 -0.7071
vn 0.0002 0.7071 0.7072
vn -0.0002 0.7071 0.7071
vn 0.0001 0.7073 0.7070
vn 0.6087 -0.5610 0.5611
vn -0.9914 -0.0925 0.0925
vn 0.7276 -0.4851 0.4850
vn 0.0002 -0.7072 -0.7071
vn -0.0002 -0.7072 -0.7070
vn 0.0001 0.7071 0.7072
vn -0.0002 0.7071 0.7072
vn -0.2735 0.6802 -0.6802
vn -0.0000 -0.9996 -0.0297
vn -0.0000 -0.9240 0.3823
vn -0.0000 0.3830 0.9237
vn -0.0000 0.6086 -0.7935
vn -0.0000 0.9238 -0.3828
vn -0.0000 -0.3831 -0.9237
vn 0.0001 -0.7073 -0.7070
vn -0.0002 -0.7071 -0.7072
vn -0.0002 -0.7070 -0.7072
vn 0.7934 -0.4304 0.4305
vn 0.9238 -0.2708 0.2708
vn 0.7277 0.4850 -0.4850
vn 0.0003 -0.7071 -0.7071
vn -0.0000 -0.7069 -0.7073
vn 0.0001 -0.7069 -0.7073
vn -0.0002 -0.7070 -0.7073
vn -0.0003 -0.7071 -0.7072
vn -0.7934 -0.4305 0.4304
vn -0.0000 0.9237 0.3830
vn 0.0002 -0.7070 -0.7072
vn -0.0000 -0.7074 -0.7069
vn 0.0003 0.7071 0.7072
vn -0.0003 0.7071 0.7072
vn -0.7276 0.4851 -0.4850
vn 0.3828 0.6533 -0.6532
vn -0.0000 -0.8586 -0.5127
vn -0.0000 0.9238 0.3830
vn -0.0000 -0.6092 0.7930
vn -0.0000 0.9915 -0.1303
vn 0.2731 -0.6802 0.6802
vn -0.0001 -0.7073 -0.7069
vn -0.7934 0.4305 -0.4305
vn 0.7276 0.4850 -0.4851
vn -0.0001 -0.7073 -0.7070
vn 0.0001 0.7069 0.7073
vn -0.0002 0.7072 0.7070
vn 0.0002 0.7072 0.7070
vn 0.3825 0.6533 -0.6533
vn -0.0000 -0.3823 0.9240
vn -0.0000 -0.3825 0.9240
vn -0.0000 0.6086 -0.7934
vn 0.1308 0.7011 -0.7010
vn -0.7932 0.4306 -0.4306
vn 0.1302 0.7011 -0.7011
vn 0.6086 -0.5611 0.5610
vn 0.7932 0.4306 -0.4306
vn 0.6086 0.5610 -0.5611
vn -0.7935 0.4303 -0.4304
vn 0.0002 0.7072 0.7071
vn -0.6085 0.5611 -0.5611
vn 0.7277 -0.4850 0.4850
vn -0.0000 -0.8734 0.4870
vn -0.0000 0.4869 -0.8734
vt 0.475739 0.187499
vt 0.473040 0.187499
vt 0.473040 0.079285
vt 0.546525 0.045264
vt 0.518962 0.209502
vt 0.518962 0.045264
vt 0.677680 0.140992
vt 0.660448 0.055603
vt 0.677876 0.065328
vt 0.629446 0.142053
vt 0.647712 0.051538
vt 0.647712 0.173376
vt 0.565635 0.062287
vt 0.580792 0.231123
vt 0.565635 0.231123
vt 0.587065 0.063838
vt 0.602221 0.232673
vt 0.587065 0.232673
vt 0.799083 0.057344
vt 0.792181 0.091217
vt 0.799083 0.054217
vt 0.509710 0.209560
vt 0.483054 0.050725
vt 0.509710 0.050725
vt 0.868370 0.135528
vt 0.869238 0.148095
vt 0.868370 0.147274
vt 0.862019 0.100290
vt 0.862019 0.134646
vt 0.851351 0.134646
vt 0.854921 0.157714
vt 0.868308 0.134707
vt 0.868308 0.157714
vt 0.910148 0.100290
vt 0.896709 0.054217
vt 0.910096 0.054217
vt 0.806045 0.054217
vt 0.840621 0.054217
vt 0.851289 0.074601
vt 0.827505 0.169283
vt 0.840996 0.134707
vt 0.840996 0.169283
vt 0.854859 0.169063
vt 0.841213 0.134707
vt 0.854704 0.134707
vt 0.896657 0.137989
vt 0.896657 0.100352
vt 0.910224 0.102882
vt 0.816713 0.172345
vt 0.806045 0.134707
vt 0.816713 0.134707
vt 0.816775 0.134707
vt 0.827443 0.172345
vt 0.816775 0.172345
vt 0.334409 0.935030
vt 0.335444 0.938912
vt 0.334409 0.938912
vt 0.370980 0.894244
vt 0.369629 0.890362
vt 0.370980 0.890362
vt 0.442118 0.907737
vt 0.443424 0.907387
vt 0.444775 0.907387
vt 0.422114 0.896751
vt 0.420762 0.892869
vt 0.422114 0.892869
vt 0.436153 0.910538
vt 0.436503 0.913195
vt 0.436153 0.914500
vt 0.330944 0.938912
vt 0.329909 0.935030
vt 0.330944 0.935030
vt 0.364180 0.872975
vt 0.365532 0.876857
vt 0.364180 0.876857
vt 0.328409 0.935030
vt 0.329444 0.938912
vt 0.328409 0.938912
vt 0.405981 0.917804
vt 0.407332 0.913922
vt 0.407332 0.917804
vt 0.475592 0.848269
vt 0.474556 0.844387
vt 0.475592 0.844387
vt 0.367813 0.877322
vt 0.369164 0.881204
vt 0.367813 0.881204
vt 0.474285 0.820147
vt 0.475320 0.824028
vt 0.474285 0.824028
vt 0.348111 0.881669
vt 0.349462 0.885551
vt 0.348111 0.885551
vt 0.339636 0.938912
vt 0.340671 0.935030
vt 0.340671 0.938912
vt 0.346295 0.881669
vt 0.347646 0.885551
vt 0.346295 0.885551
vt 0.473760 0.856650
vt 0.472725 0.852768
vt 0.473760 0.852768
vt 0.342663 0.877322
vt 0.344014 0.881204
vt 0.342663 0.881204
vt 0.396901 0.939537
vt 0.397936 0.935656
vt 0.397936 0.939537
vt 0.344479 0.877322
vt 0.345830 0.881204
vt 0.344479 0.881204
vt 0.475354 0.922997
vt 0.474319 0.919116
vt 0.475354 0.919116
vt 0.362364 0.877322
vt 0.363716 0.881204
vt 0.362364 0.881204
vt 0.475320 0.819682
vt 0.474285 0.815800
vt 0.475320 0.815800
vt 0.346295 0.872975
vt 0.347646 0.876857
vt 0.346295 0.876857
vt 0.337409 0.935030
vt 0.338444 0.938912
vt 0.337409 0.938912
vt 0.365997 0.877322
vt 0.367348 0.881204
vt 0.365997 0.881204
vt 0.475592 0.893563
vt 0.474556 0.889681
vt 0.475592 0.889681
vt 0.365532 0.881669
vt 0.364180 0.885551
vt 0.364180 0.881669
vt 0.475592 0.872510
vt 0.474556 0.868628
vt 0.475592 0.868628
vt 0.364180 0.877322
vt 0.365532 0.881204
vt 0.364180 0.881204
vt 0.475592 0.852616
vt 0.474556 0.848734
vt 0.475592 0.848734
vt 0.369629 0.872975
vt 0.370980 0.876857
vt 0.369629 0.876857
vt 0.380541 0.939225
vt 0.381576 0.935343
vt 0.381576 0.939225
vt 0.465240 0.906388
vt 0.466591 0.910269
vt 0.465240 0.910269
vt 0.475592 0.868163
vt 0.474556 0.864281
vt 0.475592 0.864281
vt 0.346295 0.877322
vt 0.347646 0.881204
vt 0.346295 0.881204
vt 0.344136 0.935030
vt 0.345171 0.938912
vt 0.344136 0.938912
vt 0.369164 0.889898
vt 0.367813 0.886016
vt 0.369164 0.886016
vt 0.475320 0.799788
vt 0.474285 0.795906
vt 0.475320 0.795906
vt 0.342198 0.885551
vt 0.340846 0.881669
vt 0.342198 0.881669
vt 0.437503 0.940072
vt 0.436468 0.936190
vt 0.437503 0.936190
vt 0.367348 0.885551
vt 0.365996 0.881669
vt 0.367348 0.881669
vt 0.332444 0.938912
vt 0.331409 0.935030
vt 0.332444 0.935030
vt 0.369629 0.881204
vt 0.370980 0.877322
vt 0.370980 0.881204
vt 0.474319 0.927809
vt 0.475354 0.931691
vt 0.474319 0.931691
vt 0.342198 0.877322
vt 0.340846 0.881204
vt 0.340846 0.877322
vt 0.475592 0.843923
vt 0.474556 0.840041
vt 0.475592 0.840041
vt 0.420762 0.914603
vt 0.422114 0.918485
vt 0.420762 0.918485
vt 0.474556 0.889216
vt 0.475592 0.885334
vt 0.475592 0.889216
vt 0.348111 0.877322
vt 0.349462 0.881204
vt 0.348111 0.881204
vt 0.343671 0.938912
vt 0.342636 0.935030
vt 0.343671 0.935030
vt 0.313822 0.061347
vt 0.311369 0.077315
vt 0.311642 0.061347
vt 0.332402 0.061008
vt 0.329949 0.045039
vt 0.332129 0.045039
vt 0.289413 0.061021
vt 0.286960 0.045039
vt 0.289686 0.045039
vt 0.317146 0.045039
vt 0.314693 0.061021
vt 0.314420 0.045039
vt 0.274157 0.061347
vt 0.271704 0.077315
vt 0.271977 0.061347
vt 0.304669 0.044714
vt 0.302216 0.028732
vt 0.304941 0.028732
vt 0.301890 0.077315
vt 0.299437 0.061347
vt 0.301618 0.061347
vt 0.298566 0.044714
vt 0.296113 0.028732
vt 0.298839 0.028732
vt 0.322976 0.045039
vt 0.320523 0.061008
vt 0.320795 0.045039
vt 0.301618 0.044714
vt 0.299165 0.028732
vt 0.301890 0.028732
vt 0.283311 0.061347
vt 0.280857 0.077315
vt 0.281130 0.061347
vt 0.304669 0.061021
vt 0.302216 0.045039
vt 0.304941 0.045039
vt 0.307720 0.061347
vt 0.305267 0.077315
vt 0.305540 0.061347
vt 0.286362 0.044714
vt 0.283909 0.028732
vt 0.286634 0.028732
vt 0.277208 0.061347
vt 0.274755 0.077315
vt 0.275028 0.061347
vt 0.319925 0.044714
vt 0.317472 0.028732
vt 0.320197 0.028732
vt 0.298839 0.077315
vt 0.296386 0.061347
vt 0.298566 0.061347
vt 0.283311 0.061021
vt 0.280857 0.045039
vt 0.283583 0.045039
vt 0.332402 0.044701
vt 0.329949 0.028732
vt 0.332129 0.028732
vt 0.313822 0.044714
vt 0.311369 0.028732
vt 0.314095 0.028732
vt 0.335180 0.045039
vt 0.332727 0.061008
vt 0.333000 0.045039
vt 0.277208 0.044714
vt 0.274755 0.028732
vt 0.277481 0.028732
vt 0.329078 0.061347
vt 0.326625 0.077315
vt 0.326898 0.061347
vt 0.310771 0.044714
vt 0.308318 0.028732
vt 0.311044 0.028732
vt 0.322976 0.061347
vt 0.320523 0.077315
vt 0.320795 0.061347
vt 0.301618 0.061021
vt 0.299165 0.045039
vt 0.301890 0.045039
vt 0.329078 0.045039
vt 0.326625 0.061008
vt 0.326898 0.045039
vt 0.286362 0.061021
vt 0.283909 0.045039
vt 0.286634 0.045039
vt 0.323248 0.093609
vt 0.320795 0.077641
vt 0.322976 0.077641
vt 0.320197 0.061347
vt 0.317744 0.077329
vt 0.317472 0.061347
vt 0.280259 0.061347
vt 0.277806 0.077315
vt 0.278079 0.061347
vt 0.280259 0.044714
vt 0.277806 0.028732
vt 0.280532 0.028732
vt 0.322976 0.028732
vt 0.320523 0.044701
vt 0.320795 0.028732
vt 0.292464 0.061021
vt 0.290011 0.045039
vt 0.292737 0.045039
vt 0.289686 0.077315
vt 0.287233 0.061347
vt 0.289413 0.061347
vt 0.311044 0.045039
vt 0.308591 0.061021
vt 0.308318 0.045039
vt 0.329351 0.044701
vt 0.326898 0.028732
vt 0.329078 0.028732
vt 0.289686 0.028732
vt 0.287232 0.044714
vt 0.286960 0.028732
vt 0.286634 0.077315
vt 0.284181 0.061347
vt 0.286362 0.061347
vt 0.274157 0.061021
vt 0.271704 0.045039
vt 0.274430 0.045039
vt 0.326300 0.077315
vt 0.323847 0.061347
vt 0.326027 0.061347
vt 0.292737 0.028732
vt 0.290284 0.044714
vt 0.290011 0.028732
vt 0.335453 0.077315
vt 0.333000 0.061347
vt 0.335180 0.061347
vt 0.277481 0.045039
vt 0.275028 0.061021
vt 0.274755 0.045039
vt 0.317146 0.077315
vt 0.314693 0.061347
vt 0.316873 0.061347
vt 0.295788 0.045039
vt 0.293335 0.061021
vt 0.293062 0.045039
vt 0.304941 0.077315
vt 0.302488 0.061347
vt 0.304669 0.061347
vt 0.283583 0.028732
vt 0.281130 0.044714
vt 0.280857 0.028732
vt 0.332402 0.077315
vt 0.329949 0.061347
vt 0.332129 0.061347
vt 0.295515 0.044714
vt 0.293062 0.028732
vt 0.295788 0.028732
vt 0.326300 0.061008
vt 0.323847 0.045039
vt 0.326027 0.045039
vt 0.316873 0.044714
vt 0.314420 0.028732
vt 0.317146 0.028732
vt 0.280532 0.061008
vt 0.278079 0.045039
vt 0.280259 0.045039
vt 0.307993 0.028732
vt 0.305539 0.044714
vt 0.305267 0.028732
vt 0.311044 0.077315
vt 0.308591 0.061347
vt 0.310771 0.061347
vt 0.320197 0.045039
vt 0.317744 0.061021
vt 0.317472 0.045039
vt 0.335453 0.044701
vt 0.333000 0.028732
vt 0.335180 0.028732
vt 0.298839 0.045039
vt 0.296386 0.061021
vt 0.296113 0.045039
vt 0.295788 0.077315
vt 0.293335 0.061347
vt 0.295515 0.061347
vt 0.274430 0.028732
vt 0.271977 0.044714
vt 0.271704 0.028732
vt 0.292737 0.077315
vt 0.290284 0.061347
vt 0.292464 0.061347
vt 0.307720 0.061021
vt 0.305267 0.045039
vt 0.307993 0.045039
vt 0.326300 0.044701
vt 0.323847 0.028732
vt 0.326027 0.028732
vt 0.314095 0.045039
vt 0.311642 0.061021
vt 0.311369 0.045039
vt 0.375588 0.060773
vt 0.373408 0.045039
vt 0.375588 0.045039
vt 0.378094 0.076832
vt 0.375914 0.061098
vt 0.378094 0.061098
vt 0.320081 0.142064
vt 0.317901 0.126331
vt 0.320081 0.126331
vt 0.347409 0.093574
vt 0.344981 0.077641
vt 0.347161 0.077641
vt 0.338207 0.045039
vt 0.335779 0.060973
vt 0.336026 0.045039
vt 0.310994 0.093574
vt 0.308566 0.077641
vt 0.310746 0.077641
vt 0.383056 0.125642
vt 0.380876 0.109909
vt 0.383056 0.109909
vt 0.375588 0.076832
vt 0.373408 0.061098
vt 0.375588 0.061098
vt 0.326250 0.109833
vt 0.323822 0.093899
vt 0.326002 0.093899
vt 0.378044 0.125642
vt 0.375864 0.109909
vt 0.378044 0.109909
vt 0.295540 0.093899
vt 0.293112 0.109833
vt 0.293360 0.093899
vt 0.383106 0.076832
vt 0.380925 0.061098
vt 0.383106 0.061098
vt 0.298789 0.093574
vt 0.296361 0.077641
vt 0.298541 0.077641
vt 0.314915 0.142101
vt 0.312734 0.126367
vt 0.314915 0.126367
vt 0.335156 0.077641
vt 0.332727 0.093574
vt 0.332975 0.077641
vt 0.370527 0.109583
vt 0.368347 0.093850
vt 0.370527 0.093850
vt 0.301593 0.077641
vt 0.299165 0.093574
vt 0.299412 0.077641
vt 0.378094 0.044466
vt 0.375914 0.028732
vt 0.378094 0.028732
vt 0.313797 0.077641
vt 0.311369 0.093574
vt 0.311617 0.077641
vt 0.370527 0.125792
vt 0.368347 0.110059
vt 0.370527 0.110059
vt 0.274430 0.093574
vt 0.272002 0.077641
vt 0.274182 0.077641
vt 0.373083 0.076832
vt 0.370902 0.061098
vt 0.373083 0.061098
vt 0.289686 0.093574
vt 0.287257 0.077641
vt 0.289438 0.077641
vt 0.370527 0.093374
vt 0.368347 0.077641
vt 0.370527 0.077641
vt 0.338455 0.044665
vt 0.336026 0.028732
vt 0.338207 0.028732
vt 0.373083 0.060773
vt 0.370902 0.045039
vt 0.373083 0.045039
vt 0.280234 0.077641
vt 0.277806 0.093574
vt 0.278054 0.077641
vt 0.383056 0.109583
vt 0.380876 0.093850
vt 0.383056 0.093850
vt 0.347211 0.061347
vt 0.344783 0.077280
vt 0.345031 0.061347
vt 0.322703 0.142086
vt 0.320523 0.126353
vt 0.322703 0.126353
vt 0.350460 0.044665
vt 0.348032 0.028732
vt 0.350212 0.028732
vt 0.375539 0.109583
vt 0.373358 0.093850
vt 0.375539 0.093850
vt 0.344457 0.044665
vt 0.342029 0.028732
vt 0.344209 0.028732
vt 0.380550 0.141701
vt 0.378370 0.125968
vt 0.380550 0.125968
vt 0.344407 0.093574
vt 0.341979 0.077641
vt 0.344160 0.077641
vt 0.370577 0.044466
vt 0.368396 0.028732
vt 0.370577 0.028732
vt 0.316848 0.077641
vt 0.314420 0.093574
vt 0.314668 0.077641
vt 0.378044 0.093374
vt 0.375864 0.077641
vt 0.378044 0.077641
vt 0.283484 0.109833
vt 0.281055 0.093899
vt 0.283236 0.093899
vt 0.383056 0.141701
vt 0.380876 0.125967
vt 0.383056 0.125967
vt 0.338405 0.093574
vt 0.335977 0.077641
vt 0.338157 0.077641
vt 0.375539 0.093374
vt 0.373358 0.077641
vt 0.375539 0.077641
vt 0.314095 0.109833
vt 0.311667 0.093899
vt 0.313847 0.093899
vt 0.304759 0.142101
vt 0.302579 0.126367
vt 0.304759 0.126367
vt 0.341158 0.077641
vt 0.338730 0.093574
vt 0.338978 0.077641
vt 0.370577 0.060773
vt 0.368396 0.045039
vt 0.370577 0.045039
vt 0.277481 0.109833
vt 0.275053 0.093899
vt 0.277233 0.093899
vt 0.362151 0.142001
vt 0.359971 0.126268
vt 0.362151 0.126268
vt 0.338405 0.109833
vt 0.335977 0.093899
vt 0.338157 0.093899
vt 0.380550 0.093374
vt 0.378370 0.077641
vt 0.380550 0.077641
vt 0.320147 0.093587
vt 0.317719 0.077654
vt 0.319900 0.077654
vt 0.380550 0.109583
vt 0.378370 0.093850
vt 0.380550 0.093850
vt 0.280482 0.109833
vt 0.278054 0.093899
vt 0.280234 0.093899
vt 0.378094 0.060524
vt 0.375914 0.044791
vt 0.378094 0.044791
vt 0.286634 0.093574
vt 0.284206 0.077641
vt 0.286387 0.077641
vt 0.317421 0.142101
vt 0.315240 0.126367
vt 0.317421 0.126367
vt 0.292687 0.093574
vt 0.290259 0.077641
vt 0.292439 0.077641
vt 0.370577 0.076982
vt 0.368396 0.061249
vt 0.370577 0.061249
vt 0.338455 0.077280
vt 0.336026 0.061347
vt 0.338207 0.061347
vt 0.375588 0.044466
vt 0.373408 0.028732
vt 0.375588 0.028732
vt 0.347459 0.060973
vt 0.345030 0.045039
vt 0.347211 0.045039
vt 0.352916 0.142051
vt 0.350736 0.126318
vt 0.352916 0.126318
vt 0.295788 0.093574
vt 0.293360 0.077641
vt 0.295540 0.077641
vt 0.347459 0.044665
vt 0.345030 0.028732
vt 0.347211 0.028732
vt 0.329053 0.109833
vt 0.326625 0.093899
vt 0.329301 0.093899
vt 0.329053 0.093574
vt 0.326625 0.077641
vt 0.329301 0.077641
vt 0.341208 0.060973
vt 0.338780 0.045039
vt 0.341456 0.045039
vt 0.277051 0.142101
vt 0.274871 0.126367
vt 0.277051 0.126367
vt 0.378044 0.109583
vt 0.375864 0.093850
vt 0.378044 0.093850
vt 0.341158 0.109833
vt 0.338730 0.093899
vt 0.341406 0.093899
vt 0.383106 0.044466
vt 0.380925 0.028732
vt 0.383106 0.028732
vt 0.307397 0.142101
vt 0.305217 0.126367
vt 0.307397 0.126367
vt 0.350410 0.093899
vt 0.347982 0.109833
vt 0.347734 0.093899
vt 0.344160 0.109833
vt 0.341732 0.093899
vt 0.344407 0.093899
vt 0.383106 0.060524
vt 0.380925 0.044791
vt 0.383106 0.044791
vt 0.274182 0.109833
vt 0.271754 0.093899
vt 0.274430 0.093899
vt 0.380600 0.044466
vt 0.378420 0.028732
vt 0.380600 0.028732
vt 0.310796 0.109833
vt 0.308368 0.093899
vt 0.311044 0.093899
vt 0.380550 0.125642
vt 0.378370 0.109909
vt 0.380550 0.109909
vt 0.304644 0.109833
vt 0.302216 0.093899
vt 0.304892 0.093899
vt 0.365086 0.142001
vt 0.362906 0.126268
vt 0.365086 0.126268
vt 0.344209 0.060973
vt 0.341781 0.045039
vt 0.344457 0.045039
vt 0.373083 0.044466
vt 0.370902 0.028732
vt 0.373083 0.028732
vt 0.350212 0.060973
vt 0.347784 0.045039
vt 0.350460 0.045039
vt 0.298227 0.142101
vt 0.296047 0.126367
vt 0.298227 0.126367
vt 0.301642 0.109833
vt 0.299214 0.093899
vt 0.301890 0.093899
vt 0.367592 0.142001
vt 0.365411 0.126268
vt 0.367592 0.126268
vt 0.304644 0.093574
vt 0.302216 0.077641
vt 0.304892 0.077641
vt 0.358786 0.142001
vt 0.356606 0.126268
vt 0.358786 0.126268
vt 0.289438 0.109833
vt 0.287010 0.093899
vt 0.289686 0.093899
vt 0.373033 0.125642
vt 0.370852 0.109909
vt 0.373033 0.109909
vt 0.292439 0.109833
vt 0.290011 0.093899
vt 0.292687 0.093899
vt 0.309903 0.142101
vt 0.307723 0.126367
vt 0.309903 0.126367
vt 0.307695 0.093574
vt 0.305267 0.077641
vt 0.307943 0.077641
vt 0.375539 0.125642
vt 0.373358 0.109909
vt 0.375539 0.109909
vt 0.335403 0.093899
vt 0.332975 0.109833
vt 0.332727 0.093899
vt 0.286353 0.142101
vt 0.284172 0.126367
vt 0.286353 0.126367
vt 0.347409 0.093899
vt 0.344981 0.109833
vt 0.344733 0.093899
vt 0.380600 0.076832
vt 0.378420 0.061098
vt 0.380600 0.061098
vt 0.332154 0.093574
vt 0.329726 0.077641
vt 0.332402 0.077641
vt 0.292357 0.142101
vt 0.290177 0.126367
vt 0.292357 0.126367
vt 0.326002 0.093574
vt 0.323574 0.077641
vt 0.326250 0.077641
vt 0.282988 0.142101
vt 0.280808 0.126367
vt 0.282988 0.126367
vt 0.277481 0.077641
vt 0.275053 0.093574
vt 0.274805 0.077641
vt 0.375539 0.141701
vt 0.373358 0.125968
vt 0.375539 0.125968
vt 0.341208 0.077280
vt 0.338780 0.061347
vt 0.341456 0.061347
vt 0.280482 0.142101
vt 0.278302 0.126367
vt 0.280482 0.126367
vt 0.344209 0.077280
vt 0.341781 0.061347
vt 0.344457 0.061347
vt 0.380600 0.060524
vt 0.378420 0.044791
vt 0.380600 0.044791
vt 0.298541 0.109833
vt 0.296113 0.093899
vt 0.298789 0.093899
vt 0.355851 0.142001
vt 0.353671 0.126268
vt 0.355851 0.126268
vt 0.350410 0.077641
vt 0.347982 0.093574
vt 0.347734 0.077641
vt 0.383056 0.093374
vt 0.380876 0.077641
vt 0.383056 0.077641
vt 0.286634 0.093899
vt 0.284206 0.109833
vt 0.283958 0.093899
vt 0.288858 0.142101
vt 0.286678 0.126367
vt 0.288858 0.126367
vt 0.317096 0.093899
vt 0.314668 0.109833
vt 0.314420 0.093899
vt 0.373033 0.109583
vt 0.370852 0.093850
vt 0.373033 0.093850
vt 0.350212 0.077280
vt 0.347784 0.061347
vt 0.350460 0.061347
vt 0.370527 0.141851
vt 0.368347 0.126118
vt 0.370527 0.126118
vt 0.332154 0.109833
vt 0.329726 0.093899
vt 0.332402 0.093899
vt 0.373033 0.141701
vt 0.370852 0.125968
vt 0.373033 0.125968
vt 0.341456 0.028732
vt 0.339028 0.044665
vt 0.338780 0.028732
vt 0.312409 0.142101
vt 0.310229 0.126367
vt 0.312409 0.126367
vt 0.283533 0.077641
vt 0.281105 0.093574
vt 0.280857 0.077641
vt 0.373033 0.093374
vt 0.370852 0.077641
vt 0.373033 0.077641
vt 0.307893 0.093899
vt 0.305465 0.109833
vt 0.305217 0.093899
vt 0.274546 0.142101
vt 0.272365 0.126367
vt 0.274546 0.126367
vt 0.378044 0.141701
vt 0.375864 0.125968
vt 0.378044 0.125968
vt 0.277481 0.126042
vt 0.275086 0.110158
vt 0.277266 0.110158
vt 0.338339 0.126042
vt 0.335943 0.110158
vt 0.338124 0.110158
vt 0.274363 0.126042
vt 0.271968 0.110158
vt 0.274149 0.110158
vt 0.292572 0.126042
vt 0.290177 0.110158
vt 0.292787 0.110158
vt 0.353345 0.093899
vt 0.350950 0.109783
vt 0.350736 0.093899
vt 0.317030 0.126042
vt 0.314635 0.110158
vt 0.316815 0.110158
vt 0.347128 0.126042
vt 0.344733 0.110158
vt 0.347343 0.110158
vt 0.307612 0.110158
vt 0.305217 0.126042
vt 0.305432 0.110158
vt 0.364871 0.093524
vt 0.362476 0.077641
vt 0.365086 0.077641
vt 0.353395 0.045039
vt 0.351000 0.060923
vt 0.350785 0.045039
vt 0.365136 0.077132
vt 0.362741 0.061249
vt 0.364921 0.061249
vt 0.341274 0.126042
vt 0.338879 0.110158
vt 0.341059 0.110158
vt 0.356066 0.109734
vt 0.353671 0.093850
vt 0.356281 0.093850
vt 0.365136 0.060923
vt 0.362741 0.045039
vt 0.364921 0.045039
vt 0.356116 0.044616
vt 0.353721 0.028732
vt 0.356330 0.028732
vt 0.323132 0.109818
vt 0.320737 0.093935
vt 0.322918 0.093935
vt 0.364921 0.044616
vt 0.362526 0.028732
vt 0.365136 0.028732
vt 0.359001 0.110059
vt 0.356606 0.125943
vt 0.356821 0.110059
vt 0.361936 0.093524
vt 0.359541 0.077641
vt 0.362151 0.077641
vt 0.310879 0.110158
vt 0.308484 0.126042
vt 0.308699 0.110158
vt 0.361986 0.044616
vt 0.359591 0.028732
vt 0.362201 0.028732
vt 0.332187 0.110158
vt 0.329792 0.126042
vt 0.330007 0.110158
vt 0.356116 0.060923
vt 0.353721 0.045039
vt 0.356330 0.045039
vt 0.283417 0.126042
vt 0.281022 0.110158
vt 0.283203 0.110158
vt 0.359001 0.109733
vt 0.356606 0.093850
vt 0.359216 0.093850
vt 0.322918 0.110144
vt 0.320523 0.126027
vt 0.320737 0.110144
vt 0.344127 0.126042
vt 0.341732 0.110158
vt 0.344341 0.110158
vt 0.356066 0.110059
vt 0.353671 0.125943
vt 0.353886 0.110059
vt 0.367856 0.077132
vt 0.365461 0.061249
vt 0.368071 0.061249
vt 0.301609 0.110158
vt 0.299214 0.126042
vt 0.299429 0.110158
vt 0.353180 0.077230
vt 0.350785 0.061347
vt 0.353395 0.061347
vt 0.353131 0.110109
vt 0.350736 0.125992
vt 0.350950 0.110109
vt 0.304545 0.126042
vt 0.302150 0.110158
vt 0.304759 0.110158
vt 0.289288 0.126042
vt 0.286893 0.110158
vt 0.289073 0.110158
vt 0.286138 0.126042
vt 0.283743 0.110158
vt 0.286353 0.110158
vt 0.280201 0.110158
vt 0.277806 0.126042
vt 0.278021 0.110158
vt 0.361986 0.077230
vt 0.359591 0.061347
vt 0.362201 0.061347
vt 0.295722 0.126042
vt 0.293327 0.110158
vt 0.295507 0.110158
vt 0.353131 0.093524
vt 0.350736 0.077641
vt 0.353345 0.077641
vt 0.325969 0.110158
vt 0.323574 0.126042
vt 0.323789 0.110158
vt 0.353180 0.044616
vt 0.350785 0.028732
vt 0.353395 0.028732
vt 0.368071 0.060923
vt 0.365676 0.045039
vt 0.367856 0.045039
vt 0.359266 0.045039
vt 0.356871 0.060923
vt 0.356656 0.045039
vt 0.356281 0.093524
vt 0.353886 0.077641
vt 0.356066 0.077641
vt 0.359051 0.077230
vt 0.356656 0.061347
vt 0.359266 0.061347
vt 0.368021 0.125943
vt 0.365626 0.110059
vt 0.367807 0.110059
vt 0.356116 0.077230
vt 0.353721 0.061347
vt 0.356330 0.061347
vt 0.320081 0.109796
vt 0.317686 0.093913
vt 0.319867 0.093913
vt 0.359051 0.044616
vt 0.356656 0.028732
vt 0.359266 0.028732
vt 0.329119 0.126042
vt 0.326724 0.110158
vt 0.328904 0.110158
vt 0.368021 0.077641
vt 0.365626 0.093524
vt 0.365411 0.077641
vt 0.350278 0.126042
vt 0.347883 0.110158
vt 0.350063 0.110158
vt 0.361986 0.060923
vt 0.359591 0.045039
vt 0.362201 0.045039
vt 0.314029 0.126042
vt 0.311634 0.110158
vt 0.313814 0.110158
vt 0.359216 0.077641
vt 0.356821 0.093524
vt 0.356606 0.077641
vt 0.320081 0.126006
vt 0.317686 0.110122
vt 0.319867 0.110122
vt 0.365086 0.093850
vt 0.362691 0.109733
vt 0.362476 0.093850
vt 0.365086 0.125943
vt 0.362691 0.110059
vt 0.364871 0.110059
vt 0.335337 0.110158
vt 0.332942 0.126042
vt 0.332727 0.110158
vt 0.298723 0.126042
vt 0.296328 0.110158
vt 0.298508 0.110158
vt 0.362151 0.110059
vt 0.359756 0.125943
vt 0.359541 0.110059
vt 0.368021 0.109734
vt 0.365626 0.093850
vt 0.367807 0.093850
vt 0.362151 0.093850
vt 0.359756 0.109733
vt 0.359541 0.093850
vt 0.368071 0.028732
vt 0.365676 0.044616
vt 0.365461 0.028732
vt 0.189186 0.849332
vt 0.191221 0.854420
vt 0.189186 0.854420
vt 0.175965 0.854780
vt 0.178622 0.859869
vt 0.175965 0.859869
vt 0.128214 0.865483
vt 0.128124 0.860059
vt 0.129441 0.864974
vt 0.175965 0.849332
vt 0.178622 0.854420
vt 0.175965 0.854420
vt 0.132445 0.844754
vt 0.127360 0.844957
vt 0.127135 0.843648
vt 0.142880 0.917104
vt 0.140844 0.912016
vt 0.142880 0.912016
vt 0.080899 0.903755
vt 0.083556 0.908843
vt 0.080899 0.908843
vt 0.155174 0.913128
vt 0.157209 0.918216
vt 0.155174 0.918216
vt 0.178622 0.832986
vt 0.175965 0.838074
vt 0.175965 0.832986
vt 0.154813 0.918216
vt 0.152778 0.913128
vt 0.154813 0.913128
vt 0.106482 0.899947
vt 0.109138 0.905035
vt 0.106482 0.905035
vt 0.107326 0.874320
vt 0.108553 0.873811
vt 0.108643 0.879235
vt 0.192963 0.908399
vt 0.191635 0.903311
vt 0.192963 0.903311
vt 0.197975 0.865678
vt 0.196647 0.870766
vt 0.196647 0.865678
vt 0.195104 0.819174
vt 0.196433 0.824262
vt 0.195104 0.824262
vt 0.193323 0.919657
vt 0.194651 0.924745
vt 0.193323 0.924745
vt 0.198389 0.892414
vt 0.199717 0.897502
vt 0.198389 0.897502
vt 0.118820 0.920100
vt 0.120148 0.925188
vt 0.118820 0.925188
vt 0.184088 0.924745
vt 0.182759 0.919657
vt 0.184088 0.919657
vt 0.120508 0.920100
vt 0.121837 0.925188
vt 0.120508 0.925188
vt 0.098106 0.897969
vt 0.094508 0.894371
vt 0.095317 0.893317
vt 0.084537 0.925189
vt 0.083209 0.920100
vt 0.084537 0.920100
vt 0.084897 0.920100
vt 0.086226 0.925189
vt 0.084897 0.925189
vt 0.184448 0.919657
vt 0.185776 0.924745
vt 0.184448 0.924745
vt 0.196700 0.881517
vt 0.198029 0.886605
vt 0.196700 0.886605
vt 0.125085 0.920100
vt 0.126413 0.925188
vt 0.125085 0.925188
vt 0.196519 0.813725
vt 0.195190 0.818813
vt 0.195190 0.813725
vt 0.198207 0.813725
vt 0.196879 0.818813
vt 0.196879 0.813725
vt 0.199663 0.843883
vt 0.198335 0.848971
vt 0.198335 0.843883
vt 0.107189 0.921741
vt 0.105860 0.926830
vt 0.105860 0.921741
vt 0.198121 0.808276
vt 0.196793 0.813365
vt 0.196793 0.808276
vt 0.196433 0.808276
vt 0.195104 0.813365
vt 0.195104 0.808276
vt 0.092259 0.920100
vt 0.090931 0.925189
vt 0.090931 0.920100
vt 0.196340 0.919657
vt 0.195012 0.924745
vt 0.195012 0.919657
vt 0.118198 0.920100
vt 0.116870 0.925188
vt 0.116870 0.920100
vt 0.112426 0.920100
vt 0.111097 0.925188
vt 0.111097 0.920100
vt 0.179036 0.919657
vt 0.177707 0.924745
vt 0.177707 0.919657
vt 0.150383 0.913128
vt 0.152418 0.918216
vt 0.150383 0.918216
vt 0.181639 0.859869
vt 0.178982 0.854780
vt 0.181639 0.854780
vt 0.181785 0.813365
vt 0.179128 0.808276
vt 0.181785 0.808276
vt 0.178054 0.919297
vt 0.176019 0.914208
vt 0.178054 0.914208
vt 0.128102 0.903754
vt 0.130758 0.908842
vt 0.128102 0.908842
vt 0.186790 0.838434
vt 0.188825 0.843523
vt 0.186790 0.843523
vt 0.168665 0.906206
vt 0.166008 0.901118
vt 0.168665 0.901118
vt 0.191274 0.897502
vt 0.189239 0.892414
vt 0.191274 0.892414
vt 0.089950 0.903755
vt 0.092606 0.908843
vt 0.089950 0.908843
vt 0.162991 0.912015
vt 0.165027 0.917104
vt 0.162991 0.917104
vt 0.178982 0.832986
vt 0.181639 0.838074
vt 0.178982 0.838074
vt 0.184088 0.919296
vt 0.182052 0.914208
vt 0.184088 0.914208
vt 0.147366 0.902231
vt 0.150022 0.907319
vt 0.147366 0.907319
vt 0.081520 0.914652
vt 0.083556 0.919740
vt 0.081520 0.919740
vt 0.178982 0.860229
vt 0.181639 0.865317
vt 0.178982 0.865317
vt 0.136846 0.917104
vt 0.134811 0.912016
vt 0.136846 0.912016
vt 0.177662 0.872190
vt 0.175005 0.877278
vt 0.175005 0.872190
vt 0.175037 0.919297
vt 0.173002 0.914208
vt 0.175037 0.914208
vt 0.176019 0.886965
vt 0.178675 0.892054
vt 0.176019 0.892054
vt 0.159605 0.918216
vt 0.157569 0.913128
vt 0.159605 0.913128
vt 0.117491 0.914651
vt 0.119527 0.919740
vt 0.117491 0.919740
vt 0.179036 0.892414
vt 0.181692 0.897502
vt 0.179036 0.897502
vt 0.100109 0.912458
vt 0.102144 0.917547
vt 0.100109 0.917547
vt 0.178982 0.865677
vt 0.181639 0.870766
vt 0.178982 0.870766
vt 0.116510 0.919740
vt 0.114475 0.914651
vt 0.116510 0.914651
vt 0.178982 0.838434
vt 0.181639 0.843523
vt 0.178982 0.843523
vt 0.189332 0.808276
vt 0.191367 0.813365
vt 0.189332 0.813365
vt 0.162991 0.901118
vt 0.165648 0.906206
vt 0.162991 0.906206
vt 0.189186 0.865677
vt 0.191221 0.870766
vt 0.189186 0.870766
vt 0.111458 0.903754
vt 0.114114 0.908842
vt 0.111458 0.908842
vt 0.181999 0.843883
vt 0.184034 0.848971
vt 0.181999 0.848971
vt 0.125085 0.903754
vt 0.127741 0.908842
vt 0.125085 0.908842
vt 0.087554 0.914652
vt 0.089589 0.919740
vt 0.087554 0.919740
vt 0.083916 0.903755
vt 0.086573 0.908843
vt 0.083916 0.908843
vt 0.184448 0.914208
vt 0.186483 0.919297
vt 0.184448 0.919297
vt 0.137827 0.901119
vt 0.140484 0.906207
vt 0.137827 0.906207
vt 0.089950 0.914652
vt 0.091985 0.919740
vt 0.089950 0.919740
vt 0.140844 0.901119
vt 0.143501 0.906207
vt 0.140844 0.906207
vt 0.189332 0.824622
vt 0.191367 0.829711
vt 0.189332 0.829711
vt 0.147987 0.913128
vt 0.150022 0.918216
vt 0.147987 0.918216
vt 0.114475 0.903754
vt 0.117131 0.908842
vt 0.114475 0.908842
vt 0.164156 0.816064
vt 0.164067 0.810641
vt 0.165384 0.815556
vt 0.117491 0.903754
vt 0.120148 0.908842
vt 0.117491 0.908842
vt 0.114474 0.844754
vt 0.109390 0.844957
vt 0.109164 0.843648
vt 0.168404 0.912015
vt 0.170439 0.917104
vt 0.168404 0.917104
vt 0.111458 0.898306
vt 0.114114 0.903394
vt 0.111458 0.903394
vt 0.190261 0.877278
vt 0.188225 0.872190
vt 0.190261 0.872190
vt 0.181692 0.903311
vt 0.179036 0.908399
vt 0.179036 0.903311
vt 0.191274 0.892054
vt 0.189239 0.886965
vt 0.191274 0.886965
vt 0.159433 0.902231
vt 0.162090 0.907319
vt 0.159433 0.907319
vt 0.148683 0.873877
vt 0.149910 0.873368
vt 0.150000 0.878792
vt 0.195012 0.908760
vt 0.196340 0.913848
vt 0.195012 0.913848
vt 0.090571 0.920100
vt 0.089243 0.925189
vt 0.089243 0.920100
vt 0.112786 0.920100
vt 0.114114 0.925188
vt 0.112786 0.925188
vt 0.198389 0.908760
vt 0.199717 0.913848
vt 0.198389 0.913848
vt 0.198389 0.886965
vt 0.199717 0.892054
vt 0.198389 0.892054
vt 0.129169 0.920100
vt 0.130497 0.925188
vt 0.129169 0.925188
vt 0.189239 0.919657
vt 0.190567 0.924745
vt 0.189239 0.924745
vt 0.196700 0.903311
vt 0.198029 0.908399
vt 0.196700 0.908399
vt 0.167643 0.897526
vt 0.164045 0.893928
vt 0.164854 0.892874
vt 0.198029 0.913848
vt 0.196700 0.908760
vt 0.198029 0.908760
vt 0.197975 0.859869
vt 0.196647 0.854780
vt 0.197975 0.854780
vt 0.191635 0.919657
vt 0.192963 0.924745
vt 0.191635 0.924745
vt 0.196700 0.914208
vt 0.198029 0.919297
vt 0.196700 0.919297
vt 0.196700 0.892414
vt 0.198029 0.897502
vt 0.196700 0.897502
vt 0.110827 0.899947
vt 0.109498 0.905035
vt 0.109498 0.899947
vt 0.198121 0.824622
vt 0.196793 0.829711
vt 0.196793 0.824622
vt 0.199410 0.872190
vt 0.198082 0.877278
vt 0.198082 0.872190
vt 0.198682 0.838434
vt 0.197354 0.843523
vt 0.197354 0.838434
vt 0.198121 0.819174
vt 0.196793 0.824262
vt 0.196793 0.819174
vt 0.196340 0.886965
vt 0.195012 0.892054
vt 0.195012 0.886965
vt 0.082849 0.920100
vt 0.081520 0.925189
vt 0.081520 0.920100
vt 0.198682 0.832986
vt 0.197354 0.838074
vt 0.197354 0.832986
vt 0.115803 0.920100
vt 0.114474 0.925188
vt 0.114474 0.920100
vt 0.197722 0.872190
vt 0.196393 0.877278
vt 0.196393 0.872190
vt 0.194651 0.886965
vt 0.193323 0.892054
vt 0.193323 0.886965
vt 0.189186 0.832986
vt 0.191221 0.838074
vt 0.189186 0.838074
vt 0.178982 0.843883
vt 0.181639 0.848971
vt 0.178982 0.848971
vt 0.080899 0.898306
vt 0.083556 0.903395
vt 0.080899 0.903395
vt 0.191274 0.908399
vt 0.189239 0.903311
vt 0.191274 0.903311
vt 0.150383 0.902231
vt 0.153039 0.907319
vt 0.150383 0.907319
vt 0.186790 0.832986
vt 0.188825 0.838074
vt 0.186790 0.838074
vt 0.176111 0.819174
vt 0.178768 0.824262
vt 0.176111 0.824262
vt 0.188879 0.892054
vt 0.186844 0.886965
vt 0.188879 0.886965
vt 0.093454 0.901561
vt 0.096111 0.906649
vt 0.093454 0.906649
vt 0.186936 0.808276
vt 0.188972 0.813365
vt 0.186936 0.813365
vt 0.156416 0.902231
vt 0.159073 0.907319
vt 0.156416 0.907319
vt 0.191367 0.824262
vt 0.189332 0.819174
vt 0.191367 0.819174
vt 0.169025 0.901118
vt 0.171682 0.906206
vt 0.169025 0.906206
vt 0.191581 0.838434
vt 0.193616 0.843523
vt 0.191581 0.843523
vt 0.134811 0.901119
vt 0.137467 0.906207
vt 0.134811 0.906207
vt 0.188879 0.886605
vt 0.186844 0.881517
vt 0.188879 0.881517
vt 0.092606 0.898306
vt 0.089950 0.903395
vt 0.089950 0.898306
vt 0.189186 0.843883
vt 0.191221 0.848971
vt 0.189186 0.848971
vt 0.179128 0.824622
vt 0.181785 0.829711
vt 0.179128 0.829711
vt 0.162000 0.918216
vt 0.159965 0.913128
vt 0.162000 0.913128
vt 0.181692 0.919296
vt 0.179657 0.914208
vt 0.181692 0.914208
vt 0.083916 0.898306
vt 0.086573 0.903395
vt 0.083916 0.903395
vt 0.191274 0.902951
vt 0.189239 0.897862
vt 0.191274 0.897862
vt 0.179036 0.886965
vt 0.181692 0.892054
vt 0.179036 0.892054
vt 0.191221 0.859869
vt 0.189186 0.854780
vt 0.191221 0.854780
vt 0.181639 0.854420
vt 0.178982 0.849332
vt 0.181639 0.849332
vt 0.189239 0.881517
vt 0.191274 0.886605
vt 0.189239 0.886605
vt 0.173095 0.824622
vt 0.175751 0.829711
vt 0.173095 0.829711
vt 0.191274 0.913848
vt 0.189239 0.908760
vt 0.191274 0.908760
vt 0.086933 0.903755
vt 0.089590 0.908843
vt 0.086933 0.908843
vt 0.190621 0.872190
vt 0.192656 0.877278
vt 0.190621 0.877278
vt 0.099488 0.901561
vt 0.102144 0.906649
vt 0.099488 0.906649
vt 0.085951 0.919740
vt 0.083916 0.914652
vt 0.085951 0.914652
vt 0.178022 0.872190
vt 0.180678 0.877278
vt 0.178022 0.877278
vt 0.186844 0.908760
vt 0.188879 0.913848
vt 0.186844 0.913848
vt 0.176111 0.824622
vt 0.178768 0.829711
vt 0.176111 0.829711
vt 0.095490 0.917547
vt 0.093454 0.912458
vt 0.095490 0.912458
vt 0.173002 0.903311
vt 0.175659 0.908400
vt 0.173002 0.908400
vt 0.143240 0.912016
vt 0.145275 0.917104
vt 0.143240 0.917104
vt 0.127480 0.914651
vt 0.129516 0.919740
vt 0.127480 0.919740
vt 0.175965 0.860229
vt 0.178622 0.865317
vt 0.175965 0.865317
vt 0.157016 0.840774
vt 0.156926 0.835351
vt 0.158243 0.840266
vt 0.120508 0.903754
vt 0.123165 0.908842
vt 0.120508 0.908842
vt 0.096504 0.844754
vt 0.091419 0.844957
vt 0.091193 0.843648
vt 0.133154 0.917269
vt 0.131118 0.912181
vt 0.133154 0.912181
vt 0.103465 0.899947
vt 0.106121 0.905035
vt 0.103465 0.905035
vt 0.186844 0.892414
vt 0.188879 0.897502
vt 0.186844 0.897502
vt 0.178622 0.865678
vt 0.175965 0.870766
vt 0.175965 0.865678
vt 0.188972 0.824262
vt 0.186936 0.819174
vt 0.188972 0.819174
vt 0.120508 0.898306
vt 0.123165 0.903394
vt 0.120508 0.903394
vt 0.094771 0.874320
vt 0.095998 0.873811
vt 0.096088 0.879235
vt 0.199663 0.865317
vt 0.198335 0.860229
vt 0.199663 0.860229
vt 0.180985 0.919657
vt 0.179657 0.924745
vt 0.179657 0.919657
vt 0.088882 0.925189
vt 0.087554 0.920100
vt 0.088882 0.920100
vt 0.198389 0.881517
vt 0.199717 0.886605
vt 0.198389 0.886605
vt 0.195665 0.838434
vt 0.196993 0.843523
vt 0.195665 0.843523
vt 0.196647 0.860229
vt 0.197975 0.865317
vt 0.196647 0.865317
vt 0.198335 0.865678
vt 0.199664 0.870766
vt 0.198335 0.870766
vt 0.196647 0.849332
vt 0.197975 0.854420
vt 0.196647 0.854420
vt 0.139462 0.897526
vt 0.135864 0.893928
vt 0.136673 0.892875
vt 0.127480 0.920100
vt 0.128809 0.925188
vt 0.127480 0.925188
vt 0.196647 0.843883
vt 0.197975 0.848971
vt 0.196647 0.848971
vt 0.124232 0.925188
vt 0.122904 0.920100
vt 0.124232 0.920100
vt 0.173002 0.919657
vt 0.174330 0.924745
vt 0.173002 0.924745
vt 0.196700 0.897862
vt 0.198029 0.902951
vt 0.196700 0.902951
vt 0.199663 0.854780
vt 0.198335 0.859869
vt 0.198335 0.854780
vt 0.110291 0.921741
vt 0.108963 0.926830
vt 0.108963 0.921741
vt 0.198029 0.919657
vt 0.196700 0.924745
vt 0.196700 0.919657
vt 0.198029 0.886965
vt 0.196700 0.892054
vt 0.196700 0.886965
vt 0.105500 0.921741
vt 0.104172 0.926830
vt 0.104172 0.921741
vt 0.199663 0.849332
vt 0.198335 0.854420
vt 0.198335 0.849332
vt 0.196993 0.832986
vt 0.195665 0.838074
vt 0.195665 0.832986
vt 0.196340 0.914208
vt 0.195012 0.919297
vt 0.195012 0.914208
vt 0.188172 0.919657
vt 0.186844 0.924745
vt 0.186844 0.919657
vt 0.177347 0.919657
vt 0.176019 0.924745
vt 0.176019 0.919657
vt 0.196433 0.824622
vt 0.195104 0.829711
vt 0.195104 0.824622
vt 0.188711 0.813725
vt 0.190746 0.818813
vt 0.188711 0.818813
vt 0.146518 0.906207
vt 0.143861 0.901119
vt 0.146518 0.901119
vt 0.181692 0.886605
vt 0.179036 0.881517
vt 0.181692 0.881517
vt 0.095850 0.912458
vt 0.097885 0.917547
vt 0.095850 0.917547
vt 0.176111 0.808276
vt 0.178768 0.813365
vt 0.176111 0.813365
vt 0.188825 0.859869
vt 0.186790 0.854780
vt 0.188825 0.854780
vt 0.153399 0.902231
vt 0.156056 0.907319
vt 0.153399 0.907319
vt 0.188825 0.854420
vt 0.186790 0.849332
vt 0.188825 0.849332
vt 0.114475 0.898306
vt 0.117131 0.903394
vt 0.114475 0.903394
vt 0.186936 0.824622
vt 0.188972 0.829711
vt 0.186936 0.829711
vt 0.117491 0.898306
vt 0.120148 0.903394
vt 0.117491 0.903394
vt 0.193142 0.818813
vt 0.191106 0.813725
vt 0.193142 0.813725
vt 0.178768 0.818813
vt 0.176111 0.813725
vt 0.178768 0.813725
vt 0.193616 0.838074
vt 0.191581 0.832986
vt 0.193616 0.832986
vt 0.176019 0.881517
vt 0.178675 0.886605
vt 0.176019 0.886605
vt 0.167422 0.917104
vt 0.165387 0.912015
vt 0.167422 0.912015
vt 0.181692 0.897862
vt 0.179036 0.902951
vt 0.179036 0.897862
vt 0.191221 0.843523
vt 0.189186 0.838434
vt 0.191221 0.838434
vt 0.176019 0.892414
vt 0.178675 0.897502
vt 0.176019 0.897502
vt 0.188879 0.908399
vt 0.186844 0.903311
vt 0.188879 0.903311
vt 0.127120 0.919740
vt 0.125085 0.914651
vt 0.127120 0.914651
vt 0.123525 0.898306
vt 0.126182 0.903394
vt 0.123525 0.903394
vt 0.189239 0.914208
vt 0.191274 0.919297
vt 0.189239 0.919297
vt 0.128102 0.898306
vt 0.130758 0.903394
vt 0.128102 0.903394
vt 0.191221 0.865317
vt 0.189186 0.860229
vt 0.191221 0.860229
vt 0.178675 0.908399
vt 0.176019 0.903311
vt 0.178675 0.903311
vt 0.137206 0.912016
vt 0.139242 0.917104
vt 0.137206 0.917104
vt 0.176019 0.897863
vt 0.178675 0.902951
vt 0.176019 0.902951
vt 0.120508 0.914651
vt 0.122544 0.919740
vt 0.120508 0.919740
vt 0.096471 0.901561
vt 0.099128 0.906649
vt 0.096471 0.906649
vt 0.112079 0.914651
vt 0.114114 0.919740
vt 0.112079 0.919740
vt 0.175965 0.838434
vt 0.178622 0.843523
vt 0.175965 0.843523
vt 0.188825 0.870766
vt 0.186790 0.865677
vt 0.188825 0.865677
vt 0.086933 0.898306
vt 0.089590 0.903395
vt 0.086933 0.903395
vt 0.186844 0.897862
vt 0.188879 0.902951
vt 0.186844 0.902951
vt 0.175965 0.843883
vt 0.178622 0.848971
vt 0.175965 0.848971
vt 0.188825 0.848971
vt 0.186790 0.843883
vt 0.188825 0.843883
vt 0.131118 0.901284
vt 0.133775 0.906372
vt 0.131118 0.906372
vt 0.186844 0.914208
vt 0.188879 0.919297
vt 0.186844 0.919297
vt 0.457472 0.534683
vt 0.458268 0.574953
vt 0.457472 0.574953
vt 0.451544 0.534683
vt 0.452341 0.574953
vt 0.451544 0.574953
vt 0.537494 0.534682
vt 0.538291 0.574953
vt 0.537494 0.574953
vt 0.543422 0.452770
vt 0.544218 0.493040
vt 0.543422 0.493040
vt 0.533845 0.452770
vt 0.533049 0.493041
vt 0.533049 0.452770
vt 0.528603 0.493726
vt 0.529399 0.533997
vt 0.528603 0.533997
vt 0.455990 0.534683
vt 0.456786 0.574953
vt 0.455990 0.574953
vt 0.454508 0.534683
vt 0.455304 0.574953
vt 0.454508 0.574953
vt 0.444135 0.534683
vt 0.444931 0.574953
vt 0.444135 0.574953
vt 0.533845 0.574953
vt 0.533049 0.534682
vt 0.533845 0.534682
vt 0.466363 0.493726
vt 0.467160 0.533997
vt 0.466363 0.533997
vt 0.487110 0.534683
vt 0.487906 0.574953
vt 0.487110 0.574953
vt 0.509338 0.452770
vt 0.510135 0.493041
vt 0.509338 0.493041
vt 0.503411 0.493726
vt 0.504207 0.533997
vt 0.503411 0.533997
vt 0.441171 0.534683
vt 0.441967 0.574953
vt 0.441171 0.574953
vt 0.469327 0.493726
vt 0.470123 0.533997
vt 0.469327 0.533997
vt 0.494519 0.493726
vt 0.495316 0.533997
vt 0.494519 0.533997
vt 0.498965 0.534682
vt 0.499761 0.574953
vt 0.498965 0.574953
vt 0.507856 0.493726
vt 0.508653 0.533997
vt 0.507856 0.533997
vt 0.510820 0.534682
vt 0.511616 0.574953
vt 0.510820 0.574953
vt 0.497483 0.534682
vt 0.498279 0.574953
vt 0.497483 0.574953
vt 0.510820 0.533997
vt 0.511616 0.493726
vt 0.511616 0.533997
vt 0.467845 0.493726
vt 0.468641 0.533997
vt 0.467845 0.533997
vt 0.442653 0.534683
vt 0.443449 0.574953
vt 0.442653 0.574953
vt 0.260175 0.195254
vt 0.242003 0.226729
vt 0.223831 0.195254
vt 0.302305 0.184762
vt 0.281322 0.205746
vt 0.281322 0.184762
vt 0.260257 0.226892
vt 0.281240 0.247876
vt 0.260257 0.247876
vt 0.281240 0.290006
vt 0.260257 0.269022
vt 0.281240 0.269022
vt 0.187405 0.216237
vt 0.205577 0.184762
vt 0.223749 0.216237
vt 0.229535 0.289843
vt 0.250518 0.268859
vt 0.250518 0.289843
vt 0.229453 0.268859
vt 0.208470 0.289843
vt 0.208470 0.268859
vt 0.302305 0.205827
vt 0.281322 0.226811
vt 0.281322 0.205827
vt 0.126616 0.161855
vt 0.125712 0.021656
vt 0.126616 0.021656
vt 0.120911 0.195309
vt 0.105035 0.182279
vt 0.118064 0.166402
vt 0.105759 0.161855
vt 0.104855 0.021656
vt 0.105759 0.021656
vt 0.131251 0.161855
vt 0.130347 0.021656
vt 0.131251 0.021656
vt 0.145156 0.161855
vt 0.144251 0.021656
vt 0.145156 0.021656
vt 0.117347 0.161855
vt 0.116442 0.021656
vt 0.117347 0.021656
vt 0.103442 0.161855
vt 0.102538 0.021656
vt 0.103442 0.021656
vt 0.089537 0.161855
vt 0.088633 0.021656
vt 0.089537 0.021656
vt 0.094172 0.161855
vt 0.093268 0.021656
vt 0.094172 0.021656
vt 0.084903 0.161856
vt 0.083998 0.021656
vt 0.084903 0.021656
vt 0.087220 0.161856
vt 0.086316 0.021656
vt 0.087220 0.021656
vt 0.096490 0.161855
vt 0.095585 0.021656
vt 0.096490 0.021656
vt 0.091855 0.161855
vt 0.090951 0.021656
vt 0.091855 0.021656
vt 0.154425 0.161855
vt 0.153521 0.021656
vt 0.154425 0.021656
vt 0.133569 0.161855
vt 0.132664 0.021656
vt 0.133569 0.021656
vt 0.119664 0.161855
vt 0.118760 0.021656
vt 0.119664 0.021656
vt 0.108077 0.161855
vt 0.107173 0.021656
vt 0.108077 0.021656
vt 0.142838 0.161855
vt 0.141934 0.021656
vt 0.142838 0.021656
vt 0.110394 0.161855
vt 0.109490 0.021656
vt 0.110394 0.021656
vt 0.112712 0.161855
vt 0.111807 0.021656
vt 0.112712 0.021656
vt 0.135886 0.161855
vt 0.134982 0.021656
vt 0.135886 0.021656
vt 0.138203 0.161855
vt 0.137299 0.021656
vt 0.138203 0.021656
vt 0.124299 0.161855
vt 0.123395 0.021656
vt 0.124299 0.021656
vt 0.121981 0.161855
vt 0.121077 0.021656
vt 0.121981 0.021656
vt 0.098807 0.161855
vt 0.097903 0.021656
vt 0.098807 0.021656
vt 0.149791 0.161855
vt 0.148886 0.021656
vt 0.149791 0.021656
vt 0.147473 0.161855
vt 0.146569 0.021656
vt 0.147473 0.021656
vt 0.101125 0.161855
vt 0.100220 0.021656
vt 0.101125 0.021656
vt 0.152108 0.161855
vt 0.151204 0.021656
vt 0.152108 0.021656
vt 0.156743 0.161855
vt 0.155839 0.021656
vt 0.156743 0.021656
vt 0.140521 0.161855
vt 0.139617 0.021656
vt 0.140521 0.021656
vt 0.128934 0.161855
vt 0.128029 0.021656
vt 0.128934 0.021656
vt 0.115029 0.161855
vt 0.114125 0.021656
vt 0.115029 0.021656
vt 0.111458 0.892857
vt 0.114114 0.897945
vt 0.111458 0.897945
vt 0.157037 0.907679
vt 0.159073 0.912768
vt 0.157037 0.912768
vt 0.126491 0.816065
vt 0.126402 0.810641
vt 0.127719 0.815556
vt 0.159921 0.872190
vt 0.162577 0.877278
vt 0.159921 0.877278
vt 0.096504 0.820045
vt 0.091420 0.820248
vt 0.091194 0.818939
vt 0.114114 0.914291
vt 0.112079 0.909203
vt 0.114114 0.909203
vt 0.131118 0.863143
vt 0.133775 0.868232
vt 0.131118 0.868232
vt 0.184394 0.832986
vt 0.186430 0.838074
vt 0.184394 0.838074
vt 0.172948 0.832986
vt 0.175605 0.838074
vt 0.172948 0.838074
vt 0.095490 0.912098
vt 0.093454 0.907010
vt 0.095490 0.907010
vt 0.169931 0.843883
vt 0.172588 0.848972
vt 0.169931 0.848972
vt 0.130713 0.824902
vt 0.131940 0.824394
vt 0.132030 0.829817
vt 0.193977 0.832986
vt 0.195305 0.838074
vt 0.193977 0.838074
vt 0.194830 0.813725
vt 0.193502 0.818814
vt 0.193502 0.813725
vt 0.193977 0.843523
vt 0.195305 0.838434
vt 0.195305 0.843523
vt 0.103126 0.917907
vt 0.101798 0.922995
vt 0.101798 0.917907
vt 0.195012 0.897862
vt 0.196340 0.902951
vt 0.195012 0.902951
vt 0.191727 0.808276
vt 0.193056 0.813365
vt 0.191727 0.813365
vt 0.195012 0.881517
vt 0.196340 0.886605
vt 0.195012 0.886605
vt 0.191581 0.843883
vt 0.192909 0.848972
vt 0.191581 0.848972
vt 0.164572 0.848996
vt 0.160974 0.845397
vt 0.161783 0.844344
vt 0.193323 0.908760
vt 0.194652 0.913848
vt 0.193323 0.913848
vt 0.108963 0.916293
vt 0.110291 0.921381
vt 0.108963 0.921381
vt 0.193416 0.808276
vt 0.194744 0.813365
vt 0.193416 0.813365
vt 0.193323 0.914208
vt 0.194652 0.919297
vt 0.193323 0.919297
vt 0.193016 0.872190
vt 0.194345 0.877278
vt 0.193016 0.877278
vt 0.099749 0.912458
vt 0.098421 0.917547
vt 0.098421 0.912458
vt 0.142880 0.917464
vt 0.141551 0.922553
vt 0.141551 0.917464
vt 0.196033 0.872190
vt 0.194705 0.877278
vt 0.194705 0.872190
vt 0.194958 0.849332
vt 0.196286 0.854420
vt 0.194958 0.854420
vt 0.131119 0.917630
vt 0.132447 0.922718
vt 0.131118 0.922718
vt 0.156502 0.907679
vt 0.155174 0.912768
vt 0.155174 0.907679
vt 0.194744 0.819174
vt 0.193416 0.824262
vt 0.193416 0.819174
vt 0.192909 0.865677
vt 0.191581 0.870766
vt 0.191581 0.865677
vt 0.192963 0.897862
vt 0.191635 0.902951
vt 0.191635 0.897862
vt 0.192963 0.892414
vt 0.191635 0.897502
vt 0.191635 0.892414
vt 0.192963 0.881517
vt 0.191635 0.886605
vt 0.191635 0.881517
vt 0.170078 0.813725
vt 0.172734 0.818814
vt 0.170078 0.818814
vt 0.134811 0.906567
vt 0.136846 0.911656
vt 0.134811 0.911656
vt 0.175751 0.824262
vt 0.173095 0.819174
vt 0.175751 0.819174
vt 0.175037 0.913848
vt 0.173002 0.908760
vt 0.175037 0.908760
vt 0.131118 0.895835
vt 0.133775 0.900924
vt 0.131118 0.900924
vt 0.144821 0.881517
vt 0.146857 0.886606
vt 0.144821 0.886606
vt 0.083916 0.881960
vt 0.086573 0.887049
vt 0.083916 0.887049
vt 0.186576 0.829711
vt 0.184541 0.824622
vt 0.186576 0.824622
vt 0.120508 0.892857
vt 0.123165 0.897945
vt 0.120508 0.897945
vt 0.108256 0.905395
vt 0.110291 0.910484
vt 0.108256 0.910484
vt 0.125085 0.892857
vt 0.127741 0.897945
vt 0.125085 0.897945
vt 0.184034 0.865317
vt 0.181999 0.860229
vt 0.184034 0.860229
vt 0.089950 0.881960
vt 0.092606 0.887049
vt 0.089950 0.887049
vt 0.183074 0.877278
vt 0.181039 0.872190
vt 0.183074 0.872190
vt 0.171628 0.877278
vt 0.168971 0.872190
vt 0.171628 0.872190
vt 0.181999 0.865677
vt 0.184034 0.870766
vt 0.181999 0.870766
vt 0.111458 0.887408
vt 0.114114 0.892497
vt 0.111458 0.892497
vt 0.179128 0.819174
vt 0.181164 0.824262
vt 0.179128 0.824262
vt 0.131118 0.868592
vt 0.133775 0.873680
vt 0.131119 0.873680
vt 0.186430 0.854420
vt 0.184394 0.849332
vt 0.186430 0.849332
vt 0.184448 0.886965
vt 0.186483 0.892054
vt 0.184448 0.892054
vt 0.172948 0.865678
vt 0.175605 0.870766
vt 0.172948 0.870766
vt 0.184394 0.865677
vt 0.186430 0.870766
vt 0.184394 0.870766
vt 0.173002 0.897863
vt 0.175659 0.902951
vt 0.173002 0.902951
vt 0.186430 0.848972
vt 0.184394 0.843883
vt 0.186430 0.843883
vt 0.171988 0.872190
vt 0.174645 0.877278
vt 0.171988 0.877278
vt 0.144482 0.906567
vt 0.146518 0.911656
vt 0.144482 0.911656
vt 0.124598 0.881960
vt 0.127254 0.887048
vt 0.124598 0.887048
vt 0.182145 0.824622
vt 0.184180 0.829711
vt 0.182145 0.829711
vt 0.086933 0.887409
vt 0.089590 0.892497
vt 0.086933 0.892497
vt 0.181999 0.838434
vt 0.184034 0.843523
vt 0.181999 0.843523
vt 0.083916 0.887409
vt 0.086573 0.892497
vt 0.083916 0.892497
vt 0.187865 0.877278
vt 0.185830 0.872190
vt 0.187865 0.872190
vt 0.169931 0.866741
vt 0.172588 0.871830
vt 0.169931 0.871830
vt 0.144821 0.892415
vt 0.146857 0.897503
vt 0.144821 0.897503
vt 0.089950 0.887409
vt 0.092606 0.892497
vt 0.089950 0.892497
vt 0.183434 0.872190
vt 0.185470 0.877278
vt 0.183434 0.877278
vt 0.169931 0.838434
vt 0.172588 0.843523
vt 0.169931 0.843523
vt 0.117491 0.909203
vt 0.119527 0.914291
vt 0.117491 0.914291
vt 0.173095 0.808276
vt 0.175751 0.813365
vt 0.173095 0.813365
vt 0.186483 0.913848
vt 0.184448 0.908760
vt 0.186483 0.908760
vt 0.090550 0.865483
vt 0.090460 0.860059
vt 0.091777 0.864974
vt 0.131118 0.884938
vt 0.133775 0.890026
vt 0.131119 0.890026
vt 0.169503 0.878500
vt 0.171538 0.881156
vt 0.169503 0.881156
vt 0.176019 0.908760
vt 0.178054 0.913848
vt 0.176019 0.913848
vt 0.162937 0.872190
vt 0.165594 0.877278
vt 0.162937 0.877278
vt 0.162284 0.889060
vt 0.157543 0.891694
vt 0.157369 0.890377
vt 0.183919 0.813725
vt 0.185955 0.818814
vt 0.183919 0.818814
vt 0.179085 0.878500
vt 0.181120 0.881156
vt 0.179085 0.881156
vt 0.172948 0.843883
vt 0.175605 0.848972
vt 0.172948 0.848972
vt 0.184088 0.913848
vt 0.182052 0.908759
vt 0.184088 0.908759
vt 0.114475 0.887408
vt 0.117131 0.892497
vt 0.114475 0.892497
vt 0.136128 0.873877
vt 0.137355 0.873369
vt 0.137445 0.878792
vt 0.132807 0.917630
vt 0.134135 0.922718
vt 0.132807 0.922718
vt 0.194652 0.897862
vt 0.193323 0.902951
vt 0.193323 0.897862
vt 0.093454 0.922995
vt 0.094783 0.917907
vt 0.094783 0.922995
vt 0.196286 0.854780
vt 0.194958 0.859869
vt 0.194958 0.854780
vt 0.195012 0.903311
vt 0.196340 0.908400
vt 0.195012 0.908400
vt 0.193270 0.865677
vt 0.194598 0.870766
vt 0.193270 0.870766
vt 0.195012 0.892414
vt 0.196340 0.897502
vt 0.195012 0.897502
vt 0.194598 0.848972
vt 0.193270 0.843883
vt 0.194598 0.843883
vt 0.106009 0.890773
vt 0.105836 0.889456
vt 0.110751 0.888139
vt 0.193323 0.881517
vt 0.194652 0.886605
vt 0.193323 0.886605
vt 0.193323 0.892414
vt 0.194652 0.897502
vt 0.193323 0.897502
vt 0.140930 0.922553
vt 0.139602 0.917464
vt 0.140930 0.917464
vt 0.191635 0.914208
vt 0.192963 0.919297
vt 0.191635 0.919297
vt 0.167782 0.917464
vt 0.169111 0.922552
vt 0.167782 0.922552
vt 0.146964 0.912016
vt 0.145635 0.917104
vt 0.145635 0.912016
vt 0.146964 0.917464
vt 0.145635 0.922553
vt 0.145635 0.917464
vt 0.196286 0.865678
vt 0.194958 0.870766
vt 0.194958 0.865678
vt 0.150383 0.918576
vt 0.151711 0.923665
vt 0.150383 0.923665
vt 0.100109 0.917907
vt 0.101437 0.922995
vt 0.100109 0.922995
vt 0.124232 0.914651
vt 0.122904 0.919740
vt 0.122904 0.914651
vt 0.194652 0.903311
vt 0.193323 0.908400
vt 0.193323 0.903311
vt 0.156502 0.918576
vt 0.155174 0.923665
vt 0.155174 0.918576
vt 0.194598 0.849332
vt 0.193270 0.854420
vt 0.193270 0.849332
vt 0.194598 0.854780
vt 0.193270 0.859869
vt 0.193270 0.854780
vt 0.150022 0.918576
vt 0.148694 0.923665
vt 0.148694 0.918576
vt 0.172948 0.849332
vt 0.175605 0.854420
vt 0.172948 0.854420
vt 0.159433 0.907679
vt 0.161468 0.912768
vt 0.159433 0.912768
vt 0.183516 0.881156
vt 0.181481 0.878500
vt 0.183516 0.878500
vt 0.175751 0.818814
vt 0.173095 0.813725
vt 0.175751 0.813725
vt 0.186483 0.908400
vt 0.184448 0.903311
vt 0.186483 0.903311
vt 0.172588 0.855484
vt 0.169931 0.850395
vt 0.172588 0.850395
vt 0.144821 0.886966
vt 0.146857 0.892054
vt 0.144821 0.892054
vt 0.083916 0.892858
vt 0.086573 0.897946
vt 0.083916 0.897946
vt 0.184541 0.819174
vt 0.186576 0.824262
vt 0.184541 0.824262
vt 0.086933 0.881960
vt 0.089590 0.887049
vt 0.086933 0.887049
vt 0.181524 0.813725
vt 0.183559 0.818814
vt 0.181524 0.818814
vt 0.083556 0.887049
vt 0.080899 0.881960
vt 0.083556 0.881960
vt 0.184034 0.854420
vt 0.181999 0.849332
vt 0.184034 0.849332
vt 0.169931 0.832986
vt 0.172588 0.838074
vt 0.169931 0.838074
vt 0.122544 0.914291
vt 0.120508 0.909203
vt 0.122544 0.909203
vt 0.086933 0.892858
vt 0.089590 0.897946
vt 0.086933 0.897946
vt 0.182052 0.881517
vt 0.184088 0.886605
vt 0.182052 0.886605
vt 0.176329 0.881156
vt 0.174294 0.878500
vt 0.176329 0.878500
vt 0.131118 0.890387
vt 0.133775 0.895475
vt 0.131118 0.895475
vt 0.184394 0.838434
vt 0.186430 0.843523
vt 0.184394 0.843523
vt 0.181999 0.859869
vt 0.184034 0.857212
vt 0.184034 0.859869
vt 0.114475 0.892857
vt 0.117131 0.897945
vt 0.114475 0.897945
vt 0.169025 0.906567
vt 0.171060 0.911655
vt 0.169025 0.911655
vt 0.159921 0.881156
vt 0.161956 0.878500
vt 0.161956 0.881156
vt 0.178725 0.881156
vt 0.176690 0.878500
vt 0.178725 0.878500
vt 0.186483 0.902951
vt 0.184448 0.897862
vt 0.186483 0.897862
vt 0.164351 0.881156
vt 0.162316 0.878500
vt 0.164351 0.878500
vt 0.128102 0.881960
vt 0.130758 0.887048
vt 0.128102 0.887048
vt 0.100109 0.907010
vt 0.102144 0.912098
vt 0.100109 0.912098
vt 0.173002 0.886965
vt 0.175659 0.892054
vt 0.173002 0.892054
vt 0.181692 0.913848
vt 0.179657 0.908759
vt 0.181692 0.908759
vt 0.172734 0.824262
vt 0.170078 0.819174
vt 0.172734 0.819174
vt 0.131118 0.906732
vt 0.133154 0.911821
vt 0.131118 0.911821
vt 0.131119 0.879489
vt 0.133775 0.884578
vt 0.131119 0.884578
vt 0.146857 0.897863
vt 0.144821 0.900520
vt 0.144821 0.897863
vt 0.110291 0.915932
vt 0.108256 0.910844
vt 0.110291 0.910844
vt 0.166747 0.881156
vt 0.164712 0.878500
vt 0.166747 0.878500
vt 0.169931 0.855844
vt 0.172588 0.860932
vt 0.169931 0.860932
vt 0.150383 0.907679
vt 0.152418 0.912768
vt 0.150383 0.912768
vt 0.117491 0.892857
vt 0.120148 0.897945
vt 0.117491 0.897945
vt 0.188350 0.818814
vt 0.186315 0.813725
vt 0.188350 0.813725
vt 0.169931 0.861292
vt 0.172588 0.866381
vt 0.169931 0.866381
vt 0.182052 0.897862
vt 0.184088 0.902951
vt 0.182052 0.902951
vt 0.171898 0.878500
vt 0.173934 0.881156
vt 0.171898 0.881156
vt 0.080899 0.887409
vt 0.083556 0.892497
vt 0.080899 0.892497
vt 0.089950 0.909203
vt 0.091985 0.914292
vt 0.089950 0.914292
vt 0.169143 0.881156
vt 0.167107 0.878500
vt 0.169143 0.878500
vt 0.128102 0.909203
vt 0.130137 0.914291
vt 0.128102 0.914291
vt 0.121581 0.881960
vt 0.124237 0.887048
vt 0.121581 0.887048
vt 0.117491 0.887408
vt 0.120148 0.892497
vt 0.117491 0.892497
vt 0.081520 0.909203
vt 0.083556 0.914292
vt 0.081520 0.914292
vt 0.144461 0.840774
vt 0.144372 0.835351
vt 0.145689 0.840266
vt 0.120508 0.887408
vt 0.123165 0.892497
vt 0.120508 0.892497
vt 0.114475 0.820045
vt 0.109390 0.820248
vt 0.109165 0.818939
vt 0.154813 0.912768
vt 0.152778 0.907679
vt 0.154813 0.907679
vt 0.131118 0.874041
vt 0.133775 0.879129
vt 0.131118 0.879129
vt 0.165027 0.911655
vt 0.162991 0.906567
vt 0.165027 0.906567
vt 0.172948 0.838434
vt 0.175605 0.843523
vt 0.172948 0.843523
vt 0.186483 0.886605
vt 0.184448 0.881517
vt 0.186483 0.881517
vt 0.165954 0.872190
vt 0.168611 0.877278
vt 0.165954 0.877278
vt 0.143268 0.824902
vt 0.144495 0.824394
vt 0.144585 0.829817
vt 0.166094 0.917464
vt 0.167422 0.922552
vt 0.166094 0.922552
vt 0.192909 0.849332
vt 0.191581 0.854420
vt 0.191581 0.849332
vt 0.156862 0.923665
vt 0.158191 0.918576
vt 0.158191 0.923665
vt 0.096471 0.917907
vt 0.095143 0.922995
vt 0.095143 0.917907
vt 0.191635 0.908760
vt 0.192963 0.913848
vt 0.191635 0.913848
vt 0.143240 0.917464
vt 0.144568 0.922553
vt 0.143240 0.922553
vt 0.170799 0.917464
vt 0.172128 0.922552
vt 0.170799 0.922552
vt 0.105500 0.921381
vt 0.104172 0.916293
vt 0.105500 0.916293
vt 0.160974 0.857803
vt 0.164572 0.854205
vt 0.166190 0.856313
vt 0.134811 0.917464
vt 0.136139 0.922553
vt 0.134811 0.922553
vt 0.162991 0.917464
vt 0.164320 0.922552
vt 0.162991 0.922552
vt 0.105860 0.916293
vt 0.107189 0.921381
vt 0.105860 0.921381
vt 0.194744 0.829711
vt 0.193416 0.824622
vt 0.194744 0.824622
vt 0.194958 0.843883
vt 0.196286 0.848972
vt 0.194958 0.848972
vt 0.162000 0.918576
vt 0.160672 0.923665
vt 0.160672 0.918576
vt 0.154813 0.918576
vt 0.153485 0.923665
vt 0.153485 0.918576
vt 0.099574 0.917907
vt 0.098245 0.922995
vt 0.098245 0.917907
vt 0.137913 0.917464
vt 0.139242 0.922553
vt 0.137913 0.922553
vt 0.191635 0.886965
vt 0.192963 0.892054
vt 0.191635 0.892054
vt 0.159879 0.918576
vt 0.158551 0.923665
vt 0.158551 0.918576
vt 0.192909 0.860229
vt 0.191581 0.865317
vt 0.191581 0.860229
vt 0.124725 0.909203
vt 0.123396 0.914291
vt 0.123396 0.909203
vt 0.193056 0.824622
vt 0.191727 0.829711
vt 0.191727 0.824622
vt 0.193056 0.819174
vt 0.191727 0.824262
vt 0.191727 0.819174
vt 0.172128 0.912015
vt 0.170799 0.917104
vt 0.170799 0.912015
vt 0.083556 0.897946
vt 0.080899 0.892858
vt 0.083556 0.892858
vt 0.166008 0.906567
vt 0.168044 0.911655
vt 0.166008 0.911655
vt 0.175659 0.897502
vt 0.173002 0.892414
vt 0.175659 0.892414
vt 0.182145 0.808276
vt 0.184181 0.813365
vt 0.182145 0.813365
vt 0.128102 0.892857
vt 0.130758 0.897945
vt 0.128102 0.897945
vt 0.105500 0.910484
vt 0.103465 0.905395
vt 0.105500 0.905395
vt 0.170078 0.808276
vt 0.172734 0.813365
vt 0.170078 0.813365
vt 0.186576 0.813365
vt 0.184541 0.808276
vt 0.186576 0.808276
vt 0.111458 0.881960
vt 0.114114 0.887048
vt 0.111458 0.887048
vt 0.181999 0.832986
vt 0.184034 0.838074
vt 0.181999 0.838074
vt 0.114475 0.881960
vt 0.117131 0.887048
vt 0.114475 0.887048
vt 0.140484 0.911656
vt 0.138449 0.906567
vt 0.140484 0.906567
vt 0.089950 0.892858
vt 0.092606 0.897946
vt 0.089950 0.897946
vt 0.103465 0.910844
vt 0.105500 0.915932
vt 0.103465 0.915932
vt 0.170078 0.824622
vt 0.172734 0.829711
vt 0.170078 0.829711
vt 0.114475 0.909203
vt 0.116510 0.914291
vt 0.114475 0.914291
vt 0.128102 0.887408
vt 0.130758 0.892497
vt 0.128102 0.892497
vt 0.089590 0.914292
vt 0.087554 0.909203
vt 0.089590 0.909203
vt 0.167061 0.808276
vt 0.169717 0.813365
vt 0.167061 0.813365
vt 0.098506 0.912098
vt 0.096471 0.907010
vt 0.098506 0.907010
vt 0.085951 0.914292
vt 0.083916 0.909203
vt 0.085951 0.909203
vt 0.118564 0.881960
vt 0.121220 0.887048
vt 0.118564 0.887048
vt 0.142880 0.911656
vt 0.140844 0.906567
vt 0.142880 0.906567
vt 0.173002 0.881517
vt 0.175659 0.886605
vt 0.173002 0.886605
vt 0.127120 0.914291
vt 0.125085 0.909203
vt 0.127120 0.909203
vt 0.175605 0.859869
vt 0.172948 0.854780
vt 0.175605 0.854780
vt 0.184394 0.854780
vt 0.186430 0.859869
vt 0.184394 0.859869
vt 0.172948 0.860229
vt 0.175605 0.865318
vt 0.172948 0.865318
vt 0.182145 0.819174
vt 0.184180 0.824262
vt 0.182145 0.824262
vt 0.167061 0.813725
vt 0.169717 0.818814
vt 0.167061 0.818814
vt 0.179128 0.813725
vt 0.181164 0.818814
vt 0.179128 0.818814
vt 0.167061 0.819174
vt 0.169717 0.824262
vt 0.167061 0.824262
vt 0.184088 0.892054
vt 0.182052 0.886965
vt 0.184088 0.886965
vt 0.125085 0.887408
vt 0.127741 0.892497
vt 0.125085 0.892497
vt 0.147987 0.907679
vt 0.150022 0.912768
vt 0.147987 0.912768
vt 0.167061 0.824622
vt 0.169717 0.829711
vt 0.167061 0.829711
vt 0.105860 0.905395
vt 0.107896 0.910484
vt 0.105860 0.910484
vt 0.131118 0.857695
vt 0.133775 0.862783
vt 0.131118 0.862783
vt 0.105860 0.910844
vt 0.107896 0.915932
vt 0.105860 0.915932
vt 0.491555 0.534683
vt 0.492352 0.574953
vt 0.491555 0.574953
vt 0.447098 0.534683
vt 0.447895 0.574953
vt 0.447098 0.574953
vt 0.439689 0.493727
vt 0.440485 0.533997
vt 0.439689 0.533997
vt 0.500447 0.534682
vt 0.501243 0.574953
vt 0.500447 0.574953
vt 0.524157 0.534682
vt 0.524954 0.574953
vt 0.524157 0.574953
vt 0.429316 0.534683
vt 0.430112 0.574953
vt 0.429316 0.574953
vt 0.418943 0.493727
vt 0.419739 0.533998
vt 0.418943 0.533998
vt 0.413015 0.493727
vt 0.413811 0.533998
vt 0.413015 0.533998
vt 0.476736 0.534683
vt 0.477533 0.574953
vt 0.476736 0.574953
vt 0.533049 0.493726
vt 0.533845 0.533997
vt 0.533049 0.533997
vt 0.541255 0.493040
vt 0.540458 0.452770
vt 0.541255 0.452770
vt 0.484146 0.493726
vt 0.484942 0.533997
vt 0.484146 0.533997
vt 0.414497 0.493727
vt 0.415293 0.533998
vt 0.414497 0.533998
vt 0.494519 0.452770
vt 0.495316 0.493041
vt 0.494519 0.493041
vt 0.473773 0.534683
vt 0.474569 0.574953
vt 0.473773 0.574953
vt 0.534530 0.574953
vt 0.535327 0.534682
vt 0.535327 0.574953
vt 0.468641 0.574953
vt 0.467845 0.534683
vt 0.468641 0.534683
vt 0.453026 0.493726
vt 0.453822 0.533997
vt 0.453026 0.533997
vt 0.531567 0.493726
vt 0.532363 0.533997
vt 0.531567 0.533997
vt 0.496001 0.452770
vt 0.496798 0.493041
vt 0.496001 0.493041
vt 0.517544 0.493041
vt 0.516748 0.452770
vt 0.517544 0.452770
vt 0.530085 0.493726
vt 0.530881 0.533997
vt 0.530085 0.533997
vt 0.512302 0.452770
vt 0.513098 0.493041
vt 0.512302 0.493041
vt 0.538976 0.534682
vt 0.539773 0.574953
vt 0.538976 0.574953
vt 0.872404 0.797136
vt 0.887163 0.799719
vt 0.872404 0.799719
vt 0.887163 0.810670
vt 0.872404 0.813253
vt 0.872404 0.810670
vt 0.779330 0.744217
vt 0.756352 0.746800
vt 0.755719 0.744217
vt 0.761686 0.759111
vt 0.759103 0.782090
vt 0.759103 0.758479
vt 0.929960 0.741997
vt 0.927759 0.743224
vt 0.931117 0.737419
vt 0.827517 0.767455
vt 0.806267 0.769975
vt 0.804539 0.767455
vt 0.850193 0.783278
vt 0.831304 0.785733
vt 0.828943 0.783278
vt 0.871604 0.743832
vt 0.855076 0.746287
vt 0.852715 0.743832
vt 0.780957 0.869648
vt 0.778437 0.854848
vt 0.780957 0.853120
vt 0.904529 0.852473
vt 0.890363 0.855056
vt 0.889730 0.852473
vt 0.903897 0.838139
vt 0.889730 0.835556
vt 0.904529 0.835556
vt 0.804998 0.867919
vt 0.807517 0.853120
vt 0.807517 0.869648
vt 0.839408 0.833434
vt 0.836953 0.849962
vt 0.836953 0.831073
vt 0.847832 0.788988
vt 0.828943 0.786533
vt 0.850193 0.786533
vt 0.806267 0.744215
vt 0.827517 0.746735
vt 0.804539 0.746735
vt 0.916589 0.863336
vt 0.905920 0.865790
vt 0.905920 0.863336
vt 0.863975 0.874532
vt 0.866494 0.887563
vt 0.863975 0.887563
vt 0.922706 0.791783
vt 0.921477 0.789658
vt 0.921549 0.787205
vt 0.904503 0.896709
vt 0.902048 0.888401
vt 0.904503 0.888401
vt 0.938569 0.820349
vt 0.931989 0.822868
vt 0.931989 0.820349
vt 0.802382 0.924844
vt 0.804965 0.930791
vt 0.802382 0.930791
vt 0.794815 0.924211
vt 0.792232 0.930159
vt 0.792232 0.924211
vt 0.931989 0.810389
vt 0.938569 0.812908
vt 0.931989 0.812908
vt 0.891482 0.888401
vt 0.889028 0.896709
vt 0.889028 0.888401
vt 0.918950 0.869045
vt 0.908281 0.866591
vt 0.918950 0.866591
vt 0.889735 0.872804
vt 0.887215 0.885834
vt 0.887215 0.872804
vt 0.556598 0.591663
vt 0.555961 0.606911
vt 0.555961 0.591663
vt 0.590934 0.547960
vt 0.590297 0.532712
vt 0.590934 0.532712
vt 0.279140 0.628202
vt 0.276222 0.626518
vt 0.276559 0.625705
vt 0.232833 0.625705
vt 0.233170 0.626518
vt 0.230252 0.628202
vt 0.580355 0.547960
vt 0.579718 0.532712
vt 0.580355 0.532712
vt 0.561888 0.607596
vt 0.561251 0.622844
vt 0.561251 0.607596
vt 0.453503 0.606912
vt 0.452866 0.591664
vt 0.453503 0.591664
vt 0.567177 0.606820
vt 0.566540 0.591572
vt 0.567177 0.591572
vt 0.449536 0.607598
vt 0.448899 0.622845
vt 0.448899 0.607598
vt 0.563210 0.622753
vt 0.562573 0.607505
vt 0.563210 0.607505
vt 0.482504 0.622845
vt 0.483141 0.607597
vt 0.483141 0.622845
vt 0.473453 0.606912
vt 0.474090 0.591664
vt 0.474090 0.606912
vt 0.569776 0.468018
vt 0.569139 0.452770
vt 0.569776 0.452770
vt 0.585690 0.622753
vt 0.585053 0.607505
vt 0.585690 0.607505
vt 0.536649 0.607597
vt 0.536012 0.622845
vt 0.536012 0.607597
vt 0.462554 0.622845
vt 0.461917 0.607598
vt 0.462554 0.607598
vt 0.160196 0.532811
vt 0.158436 0.574929
vt 0.158436 0.532811
vt 0.243260 0.477899
vt 0.201142 0.479659
vt 0.201142 0.477900
vt 0.181311 0.532224
vt 0.179552 0.490105
vt 0.181311 0.490105
vt 0.201142 0.515438
vt 0.243260 0.517197
vt 0.201142 0.517197
vt 0.243260 0.500774
vt 0.201142 0.499015
vt 0.243260 0.499015
vt 0.190696 0.574929
vt 0.188936 0.532811
vt 0.190696 0.532811
vt 0.162542 0.574929
vt 0.160783 0.532811
vt 0.162542 0.532811
vt 0.201142 0.491976
vt 0.243260 0.493736
vt 0.201142 0.493736
vt 0.176619 0.532811
vt 0.174859 0.574929
vt 0.174859 0.532811
vt 0.171926 0.574929
vt 0.170167 0.532811
vt 0.171926 0.532811
vt 0.186590 0.532224
vt 0.188349 0.490105
vt 0.188349 0.532224
vt 0.243260 0.519543
vt 0.201142 0.517784
vt 0.243260 0.517784
vt 0.243260 0.501361
vt 0.201142 0.503120
vt 0.201142 0.501361
vt 0.244903 0.621463
vt 0.247821 0.623148
vt 0.247485 0.623961
vt 0.243847 0.454438
vt 0.285965 0.456197
vt 0.243847 0.456197
vt 0.254581 0.623961
vt 0.258065 0.624833
vt 0.254696 0.624833
vt 0.571098 0.532027
vt 0.570461 0.516779
vt 0.571098 0.516779
vt 0.493834 0.591664
vt 0.493197 0.606912
vt 0.493197 0.591664
vt 0.581677 0.550707
vt 0.581040 0.565955
vt 0.581040 0.550707
vt 0.586967 0.500067
vt 0.586330 0.484820
vt 0.586967 0.484820
vt 0.462554 0.606912
vt 0.461917 0.591664
vt 0.462554 0.591664
vt 0.569776 0.468886
vt 0.569139 0.484134
vt 0.569139 0.468886
vt 0.577073 0.516093
vt 0.577710 0.500845
vt 0.577710 0.516093
vt 0.568453 0.468018
vt 0.567817 0.452770
vt 0.568453 0.452770
vt 0.572420 0.532027
vt 0.571784 0.516779
vt 0.572420 0.516779
vt 0.586967 0.516779
vt 0.586330 0.532026
vt 0.586330 0.516779
vt 0.560565 0.622844
vt 0.559928 0.607597
vt 0.560565 0.607597
vt 0.584322 0.516779
vt 0.583685 0.532026
vt 0.583685 0.516779
vt 0.479174 0.622845
vt 0.478537 0.607597
vt 0.479174 0.607597
vt 0.569822 0.607505
vt 0.569185 0.622753
vt 0.569185 0.607505
vt 0.583045 0.606819
vt 0.582409 0.591572
vt 0.583045 0.591572
vt 0.535327 0.622845
vt 0.534690 0.607597
vt 0.535327 0.607597
vt 0.544218 0.622845
vt 0.543581 0.607597
vt 0.544218 0.607597
vt 0.489069 0.607597
vt 0.488432 0.622845
vt 0.488432 0.607597
vt 0.588289 0.500845
vt 0.587652 0.516093
vt 0.587652 0.500845
vt 0.577710 0.547960
vt 0.577073 0.532712
vt 0.577710 0.532712
vt 0.571144 0.606820
vt 0.570507 0.591572
vt 0.571144 0.591572
vt 0.586967 0.452770
vt 0.586330 0.468018
vt 0.586330 0.452770
vt 0.571098 0.532712
vt 0.570461 0.547960
vt 0.570461 0.532712
vt 0.496638 0.606912
vt 0.496001 0.591664
vt 0.496638 0.591664
vt 0.200555 0.487284
vt 0.158436 0.489043
vt 0.158436 0.487284
vt 0.198321 0.532224
vt 0.200080 0.490105
vt 0.200080 0.532224
vt 0.285965 0.491389
vt 0.243847 0.489630
vt 0.285965 0.489630
vt 0.181898 0.574929
vt 0.183657 0.532811
vt 0.183657 0.574929
vt 0.237619 0.574929
vt 0.235859 0.532811
vt 0.237619 0.532811
vt 0.243260 0.451505
vt 0.201142 0.449746
vt 0.243260 0.449746
vt 0.285965 0.493735
vt 0.243847 0.491976
vt 0.285965 0.491976
vt 0.209465 0.574929
vt 0.207706 0.532811
vt 0.209465 0.532811
vt 0.163129 0.574929
vt 0.164888 0.532811
vt 0.164888 0.574929
vt 0.243260 0.505466
vt 0.201142 0.503707
vt 0.243260 0.503707
vt 0.585690 0.591572
vt 0.585053 0.606819
vt 0.585053 0.591572
vt 0.507011 0.622845
vt 0.506374 0.607597
vt 0.507011 0.607597
vt 0.471446 0.606912
vt 0.470809 0.591664
vt 0.471446 0.591664
vt 0.504207 0.622845
vt 0.503570 0.607597
vt 0.504207 0.607597
vt 0.579718 0.532026
vt 0.580355 0.516779
vt 0.580355 0.532027
vt 0.589611 0.516093
vt 0.588974 0.500845
vt 0.589611 0.500845
vt 0.508493 0.607597
vt 0.507856 0.622845
vt 0.507856 0.607597
vt 0.469964 0.591664
vt 0.469327 0.606912
vt 0.469327 0.591664
vt 0.434558 0.606912
vt 0.433921 0.591664
vt 0.434558 0.591664
vt 0.584322 0.532712
vt 0.583685 0.547960
vt 0.583685 0.532712
vt 0.872404 0.858036
vt 0.887161 0.860619
vt 0.872404 0.860619
vt 0.904487 0.750982
vt 0.889730 0.753565
vt 0.889730 0.750982
vt 0.780131 0.750182
vt 0.803106 0.747599
vt 0.803738 0.750182
vt 0.765870 0.781453
vt 0.768452 0.758479
vt 0.768452 0.782086
vt 0.931115 0.809571
vt 0.929761 0.811696
vt 0.929959 0.804994
vt 0.778893 0.807298
vt 0.781412 0.828544
vt 0.778893 0.830272
vt 0.828943 0.815025
vt 0.847829 0.812571
vt 0.850190 0.815025
vt 0.852715 0.808126
vt 0.869240 0.805672
vt 0.871601 0.808127
vt 0.861433 0.853120
vt 0.863953 0.867917
vt 0.861433 0.869645
vt 0.772634 0.872804
vt 0.775217 0.886968
vt 0.772634 0.887601
vt 0.765068 0.873436
vt 0.762485 0.887601
vt 0.762485 0.872804
vt 0.834876 0.867917
vt 0.837395 0.853120
vt 0.837395 0.869645
vt 0.855076 0.782890
vt 0.871601 0.785344
vt 0.852715 0.785344
vt 0.771063 0.833434
vt 0.768609 0.852319
vt 0.768609 0.831073
vt 0.825785 0.803173
vt 0.804539 0.800654
vt 0.827513 0.800654
vt 0.813374 0.899069
vt 0.810920 0.888401
vt 0.813374 0.888401
vt 0.907648 0.756504
vt 0.920676 0.753985
vt 0.920676 0.756504
vt 0.837786 0.923339
vt 0.835333 0.923411
vt 0.833208 0.922182
vt 0.800355 0.910539
vt 0.797901 0.902232
vt 0.800355 0.902232
vt 0.933718 0.919141
vt 0.940296 0.916622
vt 0.940296 0.919141
vt 0.838798 0.930158
vt 0.836215 0.924211
vt 0.838798 0.924211
vt 0.876011 0.924211
vt 0.873429 0.930158
vt 0.873429 0.924211
vt 0.931989 0.890064
vt 0.938568 0.892584
vt 0.931989 0.892584
vt 0.780827 0.902232
vt 0.778373 0.910539
vt 0.778373 0.902232
vt 0.784082 0.888401
vt 0.781628 0.899069
vt 0.781628 0.888401
vt 0.905920 0.780542
vt 0.918948 0.783062
vt 0.905920 0.783062
vt 0.392963 0.839576
vt 0.403257 0.815800
vt 0.403257 0.839576
vt 0.425240 0.879723
vt 0.425240 0.869428
vt 0.434155 0.864281
vt 0.328409 0.815800
vt 0.338703 0.839576
vt 0.328409 0.839576
vt 0.414016 0.863816
vt 0.403722 0.840041
vt 0.414016 0.840041
vt 0.461364 0.900776
vt 0.452449 0.905923
vt 0.443534 0.900776
vt 0.414481 0.840041
vt 0.424775 0.863816
vt 0.414481 0.863816
vt 0.403257 0.863816
vt 0.392963 0.840041
vt 0.403257 0.840041
vt 0.414481 0.815800
vt 0.424775 0.839576
vt 0.414481 0.839576
vt 0.905117 0.800925
vt 0.890363 0.798343
vt 0.905117 0.798343
vt 0.890363 0.787394
vt 0.905117 0.784812
vt 0.905117 0.787394
vt 0.792130 0.806494
vt 0.789548 0.783523
vt 0.792130 0.782890
vt 0.795513 0.783523
vt 0.792930 0.806494
vt 0.792930 0.782890
vt 0.933218 0.755202
vt 0.935418 0.753976
vt 0.932062 0.759779
vt 0.824566 0.830269
vt 0.822047 0.809026
vt 0.824566 0.807298
vt 0.810118 0.852317
vt 0.807664 0.833433
vt 0.810118 0.831073
vt 0.871599 0.834964
vt 0.855076 0.837418
vt 0.852715 0.834964
vt 0.888927 0.777220
vt 0.874132 0.779739
vt 0.872404 0.777221
vt 0.832729 0.887599
vt 0.830146 0.873436
vt 0.832729 0.872804
vt 0.846260 0.873436
vt 0.843678 0.887599
vt 0.843677 0.872804
vt 0.874132 0.790498
vt 0.888927 0.793017
vt 0.872404 0.793017
vt 0.761298 0.855480
vt 0.758845 0.872003
vt 0.758844 0.853120
vt 0.823135 0.833433
vt 0.820681 0.852317
vt 0.820681 0.831073
vt 0.850187 0.753183
vt 0.828943 0.750664
vt 0.851915 0.750664
vt 0.846719 0.890762
vt 0.849173 0.901428
vt 0.846719 0.901428
vt 0.907648 0.842812
vt 0.920674 0.840294
vt 0.920674 0.842812
vt 0.941627 0.767281
vt 0.941699 0.769734
vt 0.940470 0.771858
vt 0.843464 0.904593
vt 0.845918 0.912898
vt 0.843464 0.912898
vt 0.752336 0.925939
vt 0.754855 0.932517
vt 0.752336 0.932517
vt 0.930938 0.924844
vt 0.933521 0.930789
vt 0.930938 0.930789
vt 0.910642 0.930789
vt 0.913224 0.924844
vt 0.913224 0.930789
vt 0.778890 0.932517
vt 0.781409 0.925939
vt 0.781409 0.932517
vt 0.830446 0.912898
vt 0.832900 0.904593
vt 0.832900 0.912898
vt 0.859736 0.901428
vt 0.862190 0.890761
vt 0.862190 0.901428
vt 0.920674 0.829535
vt 0.907648 0.827016
vt 0.920674 0.827016
vt 0.499761 0.575639
vt 0.499124 0.590978
vt 0.499124 0.575639
vt 0.520348 0.590978
vt 0.519711 0.575639
vt 0.520348 0.575639
vt 0.310836 0.621464
vt 0.313754 0.623148
vt 0.313417 0.623961
vt 0.283884 0.623961
vt 0.287369 0.624833
vt 0.283999 0.624833
vt 0.428630 0.582759
vt 0.427993 0.598099
vt 0.427993 0.582759
vt 0.473087 0.590979
vt 0.472450 0.575639
vt 0.473087 0.575639
vt 0.459590 0.575639
vt 0.458954 0.590979
vt 0.458954 0.575639
vt 0.556598 0.590978
vt 0.555961 0.575638
vt 0.556598 0.575638
vt 0.444771 0.590979
vt 0.444135 0.575639
vt 0.444772 0.575639
vt 0.475254 0.590978
vt 0.475891 0.575639
vt 0.475891 0.590978
vt 0.545700 0.575638
vt 0.545063 0.590978
vt 0.545063 0.575638
vt 0.413811 0.590979
vt 0.413175 0.575639
vt 0.413811 0.575639
vt 0.530722 0.575639
vt 0.530085 0.590978
vt 0.530085 0.575639
vt 0.489228 0.575639
vt 0.488592 0.590978
vt 0.488592 0.575639
vt 0.517384 0.590978
vt 0.516748 0.575639
vt 0.517384 0.575639
vt 0.456786 0.590979
vt 0.456149 0.575639
vt 0.456786 0.575639
vt 0.541255 0.590978
vt 0.540618 0.575638
vt 0.541255 0.575638
vt 0.490710 0.590978
vt 0.490073 0.575639
vt 0.490710 0.575639
vt 0.553953 0.575638
vt 0.553317 0.590978
vt 0.553317 0.575638
vt 0.480497 0.590978
vt 0.479860 0.575639
vt 0.480497 0.575639
vt 0.524635 0.590978
vt 0.523998 0.575639
vt 0.524635 0.575639
vt 0.422703 0.534683
vt 0.422066 0.550023
vt 0.422066 0.534683
vt 0.506534 0.575639
vt 0.507171 0.590978
vt 0.506534 0.590978
vt 0.441808 0.590979
vt 0.441171 0.575639
vt 0.441808 0.575639
vt 0.484942 0.566733
vt 0.484305 0.582073
vt 0.484305 0.566733
vt 0.493674 0.590978
vt 0.493037 0.575639
vt 0.493674 0.575639
vt 0.328544 0.506053
vt 0.286552 0.507813
vt 0.286552 0.506053
vt 0.181311 0.617507
vt 0.179552 0.575516
vt 0.181311 0.575516
vt 0.286552 0.517784
vt 0.328544 0.519543
vt 0.286552 0.519543
vt 0.328544 0.453851
vt 0.286552 0.452092
vt 0.328544 0.452092
vt 0.328543 0.520130
vt 0.286552 0.521889
vt 0.286552 0.520130
vt 0.226474 0.617507
vt 0.228234 0.575516
vt 0.228234 0.617507
vt 0.328544 0.489043
vt 0.286552 0.487284
vt 0.328544 0.487284
vt 0.286552 0.468515
vt 0.328544 0.470274
vt 0.286552 0.470274
vt 0.328544 0.533620
vt 0.286552 0.531861
vt 0.328544 0.531861
vt 0.285839 0.550043
vt 0.243847 0.548284
vt 0.285839 0.548284
vt 0.328544 0.460890
vt 0.286552 0.459130
vt 0.328544 0.459130
vt 0.328543 0.550043
vt 0.286552 0.548284
vt 0.328544 0.548284
vt 0.328544 0.534207
vt 0.286552 0.535966
vt 0.286552 0.534207
vt 0.334997 0.575423
vt 0.334185 0.575760
vt 0.332500 0.572842
vt 0.190695 0.575516
vt 0.188936 0.617507
vt 0.188936 0.575516
vt 0.336741 0.553216
vt 0.335869 0.556700
vt 0.335869 0.553331
vt 0.581677 0.532712
vt 0.581040 0.547960
vt 0.581040 0.532712
vt 0.565172 0.484820
vt 0.565809 0.500068
vt 0.565172 0.500068
vt 0.568453 0.484134
vt 0.567817 0.468886
vt 0.568453 0.468886
vt 0.433921 0.607598
vt 0.434558 0.622845
vt 0.433921 0.622845
vt 0.575065 0.484820
vt 0.574428 0.500068
vt 0.574428 0.484820
vt 0.565809 0.516093
vt 0.565172 0.500845
vt 0.565809 0.500845
vt 0.572466 0.590886
vt 0.571830 0.575638
vt 0.572466 0.575638
vt 0.577756 0.575638
vt 0.577119 0.590886
vt 0.577119 0.575638
vt 0.429953 0.591664
vt 0.429316 0.606912
vt 0.429316 0.591664
vt 0.576388 0.565955
vt 0.575751 0.550707
vt 0.576388 0.550707
vt 0.479174 0.606912
vt 0.478537 0.591664
vt 0.479174 0.591664
vt 0.486424 0.591664
vt 0.485787 0.606912
vt 0.485787 0.591664
vt 0.581723 0.590886
vt 0.581086 0.575638
vt 0.581723 0.575638
vt 0.499442 0.607597
vt 0.498805 0.622845
vt 0.498805 0.607597
vt 0.549986 0.606911
vt 0.549349 0.591663
vt 0.549986 0.591663
vt 0.530562 0.607597
vt 0.529925 0.622845
vt 0.529925 0.607597
vt 0.518707 0.591664
vt 0.518070 0.606912
vt 0.518070 0.591664
vt 0.581723 0.606820
vt 0.581086 0.591572
vt 0.581723 0.591572
vt 0.490710 0.606912
vt 0.490073 0.591664
vt 0.490710 0.591664
vt 0.439848 0.629965
vt 0.440485 0.614717
vt 0.440485 0.629965
vt 0.575065 0.516779
vt 0.574428 0.532027
vt 0.574428 0.516779
vt 0.458109 0.622845
vt 0.457472 0.607598
vt 0.458109 0.607598
vt 0.507171 0.591664
vt 0.506534 0.606912
vt 0.506534 0.591664
vt 0.467000 0.607598
vt 0.466363 0.622845
vt 0.466363 0.607598
vt 0.204772 0.617507
vt 0.203013 0.575516
vt 0.204772 0.575516
vt 0.223541 0.617507
vt 0.221782 0.575516
vt 0.223541 0.575516
vt 0.261080 0.617507
vt 0.259321 0.575516
vt 0.261080 0.575516
vt 0.285839 0.545351
vt 0.243847 0.543591
vt 0.285839 0.543591
vt 0.328544 0.503707
vt 0.286552 0.505466
vt 0.286552 0.503707
vt 0.328544 0.510746
vt 0.286552 0.512505
vt 0.286552 0.510746
vt 0.328544 0.508399
vt 0.286552 0.510159
vt 0.286552 0.508399
vt 0.232926 0.617507
vt 0.231167 0.575516
vt 0.232926 0.575516
vt 0.285839 0.550630
vt 0.243847 0.552389
vt 0.243847 0.550630
vt 0.235272 0.617507
vt 0.233513 0.575516
vt 0.235272 0.575516
vt 0.905119 0.743416
vt 0.890363 0.740833
vt 0.905119 0.740833
vt 0.890363 0.780629
vt 0.905119 0.778046
vt 0.905119 0.780629
vt 0.780131 0.770480
vt 0.803106 0.767897
vt 0.803738 0.770480
vt 0.803106 0.740032
vt 0.780131 0.737450
vt 0.803738 0.737450
vt 0.780176 0.914929
vt 0.781402 0.917129
vt 0.775598 0.913773
vt 0.765614 0.807298
vt 0.768134 0.828544
vt 0.765614 0.830272
vt 0.784882 0.831073
vt 0.787337 0.849959
vt 0.784882 0.852319
vt 0.852715 0.778835
vt 0.869240 0.776380
vt 0.871601 0.778835
vt 0.858114 0.853120
vt 0.860633 0.867917
vt 0.858114 0.869645
vt 0.765868 0.872804
vt 0.768451 0.886968
vt 0.765868 0.887601
vt 0.796316 0.886968
vt 0.798898 0.872804
vt 0.798898 0.887601
vt 0.851474 0.867917
vt 0.853994 0.853120
vt 0.853994 0.869645
vt 0.855076 0.802418
vt 0.871601 0.804872
vt 0.852715 0.804872
vt 0.758845 0.849959
vt 0.761299 0.831073
vt 0.761299 0.852319
vt 0.825785 0.786575
vt 0.804539 0.784056
vt 0.827513 0.784056
vt 0.794646 0.890762
vt 0.797101 0.901430
vt 0.794646 0.901430
vt 0.907648 0.746545
vt 0.920676 0.744026
vt 0.920676 0.746545
vt 0.853120 0.914929
vt 0.855244 0.913700
vt 0.857697 0.913773
vt 0.765354 0.904593
vt 0.767808 0.912900
vt 0.765354 0.912900
vt 0.933718 0.869346
vt 0.940296 0.866827
vt 0.940296 0.869346
vt 0.883578 0.924844
vt 0.886160 0.930790
vt 0.883578 0.930790
vt 0.900493 0.930790
vt 0.903076 0.924844
vt 0.903076 0.930790
vt 0.940296 0.875985
vt 0.933718 0.873466
vt 0.940296 0.873466
vt 0.807664 0.912900
vt 0.810119 0.904593
vt 0.810119 0.912900
vt 0.814174 0.901430
vt 0.816628 0.890762
vt 0.816628 0.901430
vt 0.920676 0.779742
vt 0.907648 0.777223
vt 0.920676 0.777223
vt 0.402033 0.940002
vt 0.403068 0.943884
vt 0.402033 0.943884
vt 0.398717 0.931309
vt 0.400068 0.935191
vt 0.398717 0.935191
vt 0.335216 0.923303
vt 0.336521 0.923653
vt 0.337691 0.924328
vt 0.404165 0.926962
vt 0.405516 0.930844
vt 0.404165 0.930844
vt 0.374704 0.933216
vt 0.372048 0.933566
vt 0.370743 0.933216
vt 0.416334 0.943628
vt 0.415299 0.939746
vt 0.416334 0.939746
vt 0.467055 0.927809
vt 0.468406 0.931691
vt 0.467055 0.931691
vt 0.366593 0.939377
vt 0.367628 0.943259
vt 0.366593 0.943259
vt 0.473820 0.819682
vt 0.472469 0.815800
vt 0.473820 0.815800
vt 0.363900 0.943259
vt 0.362865 0.939377
vt 0.363900 0.939377
vt 0.468871 0.919116
vt 0.470222 0.922997
vt 0.468871 0.922997
vt 0.480225 0.877009
vt 0.481261 0.880890
vt 0.480225 0.880890
vt 0.472004 0.795441
vt 0.470653 0.791559
vt 0.472004 0.791559
vt 0.413798 0.943628
vt 0.414834 0.939746
vt 0.414834 0.943628
vt 0.470188 0.819682
vt 0.468837 0.815800
vt 0.470188 0.815800
vt 0.430372 0.940537
vt 0.431407 0.944419
vt 0.430372 0.944419
vt 0.465239 0.932156
vt 0.466590 0.936037
vt 0.465239 0.936037
vt 0.331409 0.943259
vt 0.332444 0.939377
vt 0.332444 0.943259
vt 0.420297 0.934935
vt 0.418946 0.931053
vt 0.420297 0.931053
vt 0.478592 0.889216
vt 0.477557 0.885334
vt 0.478592 0.885334
vt 0.469093 0.898062
vt 0.470444 0.901943
vt 0.469093 0.901943
vt 0.479761 0.860996
vt 0.478725 0.857115
vt 0.479761 0.857115
vt 0.467277 0.898062
vt 0.468628 0.901943
vt 0.467277 0.901943
vt 0.478504 0.906387
vt 0.479539 0.910269
vt 0.478504 0.910269
vt 0.473820 0.795441
vt 0.472469 0.791559
vt 0.473820 0.791559
vt 0.408034 0.939746
vt 0.409069 0.943628
vt 0.408034 0.943628
vt 0.470688 0.914616
vt 0.472039 0.910734
vt 0.472039 0.914616
vt 0.393173 0.939377
vt 0.394208 0.943259
vt 0.393173 0.943259
vt 0.468357 0.836756
vt 0.467006 0.832875
vt 0.468357 0.832875
vt 0.480092 0.868163
vt 0.479056 0.864281
vt 0.480092 0.864281
vt 0.430223 0.935725
vt 0.428872 0.931843
vt 0.430223 0.931843
vt 0.382357 0.943572
vt 0.383392 0.939690
vt 0.383392 0.943572
vt 0.470638 0.832875
vt 0.471989 0.836756
vt 0.470638 0.836756
vt 0.479820 0.795441
vt 0.478785 0.791559
vt 0.479820 0.791559
vt 0.467055 0.923462
vt 0.468406 0.927344
vt 0.467055 0.927344
vt 0.461907 0.940536
vt 0.462943 0.944418
vt 0.461907 0.944418
vt 0.457960 0.931843
vt 0.459311 0.935724
vt 0.457960 0.935724
vt 0.479854 0.922997
vt 0.478819 0.919116
vt 0.479854 0.919116
vt 0.472454 0.828528
vt 0.473805 0.832410
vt 0.472454 0.832410
vt 0.429907 0.944419
vt 0.428872 0.940537
vt 0.429907 0.940537
vt 0.430688 0.931843
vt 0.432039 0.935725
vt 0.430688 0.935725
vt 0.479854 0.927344
vt 0.478819 0.923462
vt 0.479854 0.923462
vt 0.454328 0.931843
vt 0.455679 0.935724
vt 0.454328 0.935724
vt 0.329909 0.939377
vt 0.330944 0.943259
vt 0.329909 0.943259
vt 0.408034 0.931053
vt 0.409385 0.934935
vt 0.408034 0.934935
vt 0.478725 0.877009
vt 0.479761 0.880890
vt 0.478725 0.880890
vt 0.467277 0.852768
vt 0.468628 0.856650
vt 0.467277 0.856650
vt 0.333944 0.939377
vt 0.332909 0.943259
vt 0.332909 0.939377
vt 0.468871 0.923462
vt 0.470222 0.927344
vt 0.468871 0.927344
vt 0.343671 0.943259
vt 0.342636 0.939377
vt 0.343671 0.939377
vt 0.454293 0.832875
vt 0.455644 0.836757
vt 0.454293 0.836757
vt 0.469906 0.940384
vt 0.468871 0.936502
vt 0.469906 0.936502
vt 0.457503 0.907387
vt 0.458808 0.907737
vt 0.459978 0.908413
vt 0.342663 0.881669
vt 0.344014 0.885551
vt 0.342663 0.885551
vt 0.364778 0.913726
vt 0.365128 0.916382
vt 0.364778 0.917687
vt 0.477092 0.852616
vt 0.476056 0.848734
vt 0.477092 0.848734
vt 0.455644 0.832410
vt 0.454293 0.828528
vt 0.455645 0.828528
vt 0.448864 0.936189
vt 0.449899 0.940071
vt 0.448864 0.940071
vt 0.463645 0.901944
vt 0.464996 0.898062
vt 0.464996 0.901944
vt 0.476761 0.880891
vt 0.475725 0.877009
vt 0.476761 0.877009
vt 0.369629 0.907750
vt 0.370980 0.911632
vt 0.369629 0.911632
vt 0.476854 0.931691
vt 0.475819 0.927809
vt 0.476854 0.927809
vt 0.457925 0.828528
vt 0.459277 0.832410
vt 0.457925 0.832410
vt 0.404165 0.939537
vt 0.405200 0.935655
vt 0.405200 0.939537
vt 0.398717 0.918269
vt 0.400068 0.922151
vt 0.398717 0.922151
vt 0.417114 0.935400
vt 0.418150 0.939281
vt 0.417114 0.939281
vt 0.396901 0.909575
vt 0.398252 0.913457
vt 0.396901 0.913457
vt 0.345636 0.938912
vt 0.346671 0.935030
vt 0.346671 0.938912
vt 0.457925 0.832875
vt 0.459277 0.836757
vt 0.457925 0.836757
vt 0.342171 0.938912
vt 0.341136 0.935030
vt 0.342171 0.935030
vt 0.365997 0.903403
vt 0.367348 0.907285
vt 0.365997 0.907285
vt 0.403700 0.939537
vt 0.402665 0.935656
vt 0.403700 0.935656
vt 0.463374 0.828528
vt 0.464725 0.832410
vt 0.463374 0.832410
vt 0.430688 0.936190
vt 0.431723 0.940072
vt 0.430688 0.940072
vt 0.382357 0.926650
vt 0.383708 0.930532
vt 0.382357 0.930532
vt 0.468406 0.940384
vt 0.467371 0.936502
vt 0.468406 0.936502
vt 0.404165 0.926497
vt 0.405516 0.922616
vt 0.405516 0.926497
vt 0.407016 0.939537
vt 0.405981 0.935656
vt 0.407016 0.935656
vt 0.422578 0.888522
vt 0.423930 0.892404
vt 0.422578 0.892404
vt 0.375128 0.938912
vt 0.374093 0.935030
vt 0.375128 0.935030
vt 0.463424 0.906388
vt 0.464775 0.910269
vt 0.463424 0.910269
vt 0.391673 0.938912
vt 0.392708 0.935030
vt 0.392708 0.938912
vt 0.398717 0.913922
vt 0.400068 0.917804
vt 0.398717 0.917804
vt 0.377093 0.935030
vt 0.378128 0.938912
vt 0.377093 0.938912
vt 0.400533 0.913922
vt 0.401884 0.917804
vt 0.400533 0.917804
vt 0.476056 0.885334
vt 0.477092 0.889216
vt 0.476056 0.889216
vt 0.464996 0.856650
vt 0.463645 0.852768
vt 0.464996 0.852768
vt 0.475354 0.936038
vt 0.474319 0.932156
vt 0.475354 0.932156
vt 0.463180 0.856650
vt 0.461829 0.852768
vt 0.463180 0.852768
vt 0.477285 0.820146
vt 0.478320 0.824028
vt 0.477285 0.824028
vt 0.398252 0.926497
vt 0.396901 0.922616
vt 0.398252 0.922616
vt 0.414834 0.939282
vt 0.413798 0.935400
vt 0.414834 0.935400
vt 0.405981 0.926497
vt 0.407332 0.922616
vt 0.407332 0.926497
vt 0.475785 0.795906
vt 0.476820 0.799788
vt 0.475785 0.799788
vt 0.396901 0.922151
vt 0.398252 0.918269
vt 0.398252 0.922151
vt 0.393173 0.935030
vt 0.394208 0.938912
vt 0.393173 0.938912
vt 0.466541 0.808169
vt 0.465190 0.804287
vt 0.466541 0.804287
vt 0.476820 0.820147
vt 0.475785 0.824028
vt 0.475785 0.820147
vt 0.420762 0.910256
vt 0.422114 0.914138
vt 0.420762 0.914138
vt 0.476854 0.927344
vt 0.475819 0.923462
vt 0.476854 0.923462
vt 0.547868 0.452770
vt 0.548664 0.493040
vt 0.547868 0.493040
vt 0.547868 0.493726
vt 0.548664 0.533996
vt 0.547868 0.533996
vt 0.420424 0.452770
vt 0.421221 0.493041
vt 0.420424 0.493041
vt 0.433761 0.534683
vt 0.434558 0.574953
vt 0.433761 0.574953
vt 0.498279 0.493726
vt 0.497483 0.533997
vt 0.497483 0.493726
vt 0.496001 0.493726
vt 0.496798 0.533997
vt 0.496001 0.533997
vt 0.506374 0.534682
vt 0.507171 0.574953
vt 0.506374 0.574953
vt 0.507856 0.534682
vt 0.508653 0.574953
vt 0.507856 0.574953
vt 0.528603 0.534682
vt 0.529399 0.574953
vt 0.528603 0.574953
vt 0.498965 0.493726
vt 0.499761 0.533997
vt 0.498965 0.533997
vt 0.476736 0.452770
vt 0.477533 0.493041
vt 0.476736 0.493041
vt 0.555277 0.493726
vt 0.556074 0.533996
vt 0.555277 0.533996
vt 0.485628 0.493726
vt 0.486424 0.533997
vt 0.485628 0.533997
vt 0.473773 0.493726
vt 0.474569 0.533997
vt 0.473773 0.533997
vt 0.555277 0.534682
vt 0.556074 0.574952
vt 0.555277 0.574952
vt 0.475254 0.452770
vt 0.476051 0.493041
vt 0.475254 0.493041
vt 0.490073 0.493726
vt 0.490870 0.533997
vt 0.490073 0.533997
vt 0.513784 0.493726
vt 0.514580 0.533997
vt 0.513784 0.533997
vt 0.475254 0.493726
vt 0.476051 0.533997
vt 0.475254 0.533997
vt 0.509338 0.493726
vt 0.510135 0.533997
vt 0.509338 0.533997
vt 0.516062 0.493041
vt 0.515266 0.452770
vt 0.516062 0.452770
vt 0.450062 0.533997
vt 0.450859 0.493726
vt 0.450859 0.533997
vt 0.546386 0.452770
vt 0.547182 0.493040
vt 0.546386 0.493040
vt 0.445616 0.452770
vt 0.446413 0.493041
vt 0.445617 0.493041
vt 0.448580 0.534683
vt 0.449377 0.574953
vt 0.448580 0.574953
vt 0.536012 0.493726
vt 0.536809 0.533997
vt 0.536012 0.533997
vt 0.544904 0.534682
vt 0.545700 0.574953
vt 0.544904 0.574953
vt 0.509338 0.534682
vt 0.510135 0.574953
vt 0.509338 0.574953
vt 0.525639 0.493726
vt 0.526435 0.533997
vt 0.525639 0.533997
vt 0.430798 0.534683
vt 0.431594 0.574953
vt 0.430798 0.574953
vt 0.433761 0.493727
vt 0.434558 0.533997
vt 0.433761 0.533997
vt 0.435243 0.493727
vt 0.436040 0.533997
vt 0.435243 0.533997
vt 0.485628 0.534683
vt 0.486424 0.574953
vt 0.485628 0.574953
vt 0.528603 0.452770
vt 0.529399 0.493041
vt 0.528603 0.493041
vt 0.538976 0.493726
vt 0.539773 0.533997
vt 0.538976 0.533997
vt 0.472291 0.493726
vt 0.473087 0.533997
vt 0.472291 0.533997
vt 0.429316 0.493727
vt 0.430112 0.533997
vt 0.429316 0.533997
vt 0.420424 0.493727
vt 0.421221 0.533998
vt 0.420424 0.533998
vt 0.503411 0.534682
vt 0.504207 0.574953
vt 0.503411 0.574953
vt 0.538976 0.493040
vt 0.539773 0.452770
vt 0.539773 0.493040
vt 0.460436 0.534683
vt 0.461232 0.574953
vt 0.460436 0.574953
vt 0.454508 0.493726
vt 0.455304 0.533997
vt 0.454508 0.533997
vt 0.524157 0.493726
vt 0.524954 0.533997
vt 0.524157 0.533997
vt 0.430798 0.493727
vt 0.431594 0.533997
vt 0.430798 0.533997
vt 0.516062 0.533997
vt 0.515266 0.493726
vt 0.516062 0.493726
vt 0.527121 0.452770
vt 0.527917 0.493041
vt 0.527121 0.493041
vt 0.491555 0.493726
vt 0.492352 0.533997
vt 0.491555 0.533997
vt 0.537494 0.493726
vt 0.538291 0.533997
vt 0.537494 0.533997
vt 0.872404 0.820821
vt 0.887163 0.823404
vt 0.872404 0.823404
vt 0.887163 0.824204
vt 0.872404 0.826787
vt 0.872404 0.824204
vt 0.754919 0.782090
vt 0.752336 0.759111
vt 0.754919 0.758479
vt 0.756352 0.754368
vt 0.779330 0.756951
vt 0.755719 0.756951
vt 0.887385 0.910715
vt 0.886158 0.908515
vt 0.891963 0.911872
vt 0.827517 0.757495
vt 0.806267 0.760015
vt 0.804539 0.757495
vt 0.850193 0.770258
vt 0.831304 0.772713
vt 0.828943 0.770258
vt 0.836153 0.849962
vt 0.833698 0.833434
vt 0.836153 0.831073
vt 0.804197 0.869648
vt 0.801678 0.854848
vt 0.804197 0.853120
vt 0.904529 0.842323
vt 0.890363 0.844906
vt 0.889730 0.842323
vt 0.903897 0.841522
vt 0.889730 0.838939
vt 0.904529 0.838939
vt 0.791718 0.867919
vt 0.794237 0.853120
vt 0.794237 0.869648
vt 0.846718 0.847601
vt 0.849173 0.831073
vt 0.849173 0.849962
vt 0.831304 0.776768
vt 0.850193 0.779223
vt 0.828943 0.779223
vt 0.806267 0.750855
vt 0.827517 0.753375
vt 0.804539 0.753375
vt 0.908281 0.862535
vt 0.918950 0.860081
vt 0.918950 0.862535
vt 0.867295 0.874532
vt 0.869814 0.887563
vt 0.867295 0.887563
vt 0.921549 0.779701
vt 0.921477 0.777247
vt 0.922706 0.775122
vt 0.907757 0.896709
vt 0.905303 0.888401
vt 0.907757 0.888401
vt 0.938569 0.823669
vt 0.931989 0.826188
vt 0.931989 0.823669
vt 0.821882 0.930159
vt 0.819299 0.924211
vt 0.821882 0.924211
vt 0.798198 0.924211
vt 0.795615 0.930159
vt 0.795615 0.924211
vt 0.931989 0.813709
vt 0.938569 0.816228
vt 0.931989 0.816228
vt 0.894737 0.888401
vt 0.892283 0.896709
vt 0.892283 0.888401
vt 0.918950 0.875555
vt 0.908281 0.873101
vt 0.918950 0.873101
vt 0.893055 0.872804
vt 0.890535 0.885834
vt 0.890535 0.872804
vt 0.555276 0.591663
vt 0.554639 0.606911
vt 0.554639 0.591663
vt 0.564532 0.622753
vt 0.563895 0.607505
vt 0.564532 0.607505
vt 0.217952 0.623961
vt 0.217615 0.623148
vt 0.220533 0.621464
vt 0.181552 0.625705
vt 0.178068 0.624833
vt 0.181437 0.624833
vt 0.477852 0.606912
vt 0.477215 0.591664
vt 0.477852 0.591664
vt 0.421061 0.591664
vt 0.420424 0.606912
vt 0.420424 0.591664
vt 0.454826 0.606912
vt 0.454189 0.591664
vt 0.454826 0.591664
vt 0.511457 0.606912
vt 0.510820 0.591664
vt 0.511457 0.591664
vt 0.557921 0.607597
vt 0.557284 0.622845
vt 0.557284 0.607597
vt 0.577756 0.606820
vt 0.577119 0.591572
vt 0.577756 0.591572
vt 0.529240 0.607597
vt 0.528603 0.622845
vt 0.528603 0.607597
vt 0.581723 0.607505
vt 0.581086 0.622753
vt 0.581086 0.607505
vt 0.575065 0.565955
vt 0.574428 0.550707
vt 0.575065 0.550707
vt 0.585690 0.590886
vt 0.585053 0.575638
vt 0.585690 0.575638
vt 0.504207 0.591664
vt 0.503570 0.606912
vt 0.503570 0.591664
vt 0.588289 0.532026
vt 0.587652 0.516779
vt 0.588289 0.516779
vt 0.226475 0.574929
vt 0.228234 0.532811
vt 0.228234 0.574929
vt 0.243260 0.529515
vt 0.201142 0.531274
vt 0.201142 0.529515
vt 0.200555 0.477899
vt 0.158436 0.479659
vt 0.158436 0.477899
vt 0.178965 0.532811
vt 0.177206 0.574929
vt 0.177206 0.532811
vt 0.243260 0.467928
vt 0.201142 0.466169
vt 0.243260 0.466169
vt 0.243260 0.520130
vt 0.201142 0.521889
vt 0.201142 0.520130
vt 0.195388 0.574929
vt 0.193629 0.532811
vt 0.195388 0.532811
vt 0.243847 0.482592
vt 0.285965 0.484351
vt 0.243847 0.484351
vt 0.243260 0.524236
vt 0.201142 0.522476
vt 0.243260 0.522476
vt 0.243260 0.487284
vt 0.201142 0.489043
vt 0.201142 0.487284
vt 0.158436 0.532224
vt 0.160196 0.490105
vt 0.160196 0.532224
vt 0.243260 0.460889
vt 0.201142 0.459130
vt 0.243260 0.459130
vt 0.174273 0.574929
vt 0.172513 0.532811
vt 0.174273 0.532811
vt 0.193622 0.621463
vt 0.196540 0.623148
vt 0.196204 0.623961
vt 0.193042 0.532811
vt 0.191282 0.574929
vt 0.191282 0.532811
vt 0.334997 0.465536
vt 0.335869 0.462051
vt 0.335869 0.465421
vt 0.548027 0.591663
vt 0.548664 0.606911
vt 0.548027 0.606911
vt 0.552631 0.607597
vt 0.551994 0.622845
vt 0.551994 0.607597
vt 0.580401 0.607505
vt 0.579764 0.622753
vt 0.579764 0.607505
vt 0.583045 0.590886
vt 0.582409 0.575638
vt 0.583045 0.575638
vt 0.419739 0.606912
vt 0.419102 0.591664
vt 0.419739 0.591664
vt 0.588289 0.532712
vt 0.587652 0.547960
vt 0.587652 0.532712
vt 0.584368 0.591572
vt 0.583731 0.606819
vt 0.583731 0.591572
vt 0.551309 0.622845
vt 0.550672 0.607597
vt 0.551309 0.607597
vt 0.484942 0.614032
vt 0.484305 0.598784
vt 0.484942 0.598784
vt 0.588289 0.550707
vt 0.587652 0.565955
vt 0.587652 0.550707
vt 0.588335 0.606819
vt 0.587698 0.591572
vt 0.588335 0.591572
vt 0.422703 0.614718
vt 0.422066 0.629966
vt 0.422066 0.614718
vt 0.477852 0.622845
vt 0.477215 0.607598
vt 0.477852 0.607598
vt 0.418257 0.591664
vt 0.417620 0.606912
vt 0.417620 0.591664
vt 0.586967 0.547960
vt 0.586330 0.532712
vt 0.586967 0.532712
vt 0.553953 0.622845
vt 0.553317 0.607597
vt 0.553953 0.607597
vt 0.476529 0.606912
vt 0.475893 0.591664
vt 0.476529 0.591664
vt 0.428630 0.598784
vt 0.427993 0.614032
vt 0.427993 0.598784
vt 0.588335 0.575638
vt 0.587698 0.590886
vt 0.587698 0.575638
vt 0.579032 0.468018
vt 0.578395 0.452770
vt 0.579032 0.452770
vt 0.476529 0.622845
vt 0.475893 0.607597
vt 0.476529 0.607597
vt 0.583045 0.607505
vt 0.582409 0.622753
vt 0.582409 0.607505
vt 0.518707 0.607597
vt 0.518070 0.622845
vt 0.518070 0.607597
vt 0.577756 0.622753
vt 0.577119 0.607505
vt 0.577756 0.607505
vt 0.243260 0.452092
vt 0.201142 0.453851
vt 0.201142 0.452092
vt 0.243260 0.491389
vt 0.201142 0.489630
vt 0.243260 0.489630
vt 0.243260 0.507812
vt 0.201142 0.506053
vt 0.243260 0.506053
vt 0.238206 0.574929
vt 0.239965 0.532811
vt 0.239965 0.574929
vt 0.243260 0.454438
vt 0.201142 0.456197
vt 0.201142 0.454438
vt 0.201142 0.473207
vt 0.243260 0.474966
vt 0.201142 0.474966
vt 0.233513 0.574929
vt 0.235273 0.532811
vt 0.235273 0.574929
vt 0.285965 0.463823
vt 0.243847 0.465582
vt 0.243847 0.463823
vt 0.243260 0.458543
vt 0.201142 0.456784
vt 0.243260 0.456784
vt 0.243847 0.480245
vt 0.285965 0.482005
vt 0.243847 0.482005
vt 0.564532 0.591572
vt 0.563895 0.606820
vt 0.563895 0.591572
vt 0.493834 0.622845
vt 0.493197 0.607597
vt 0.493834 0.607597
vt 0.580355 0.500068
vt 0.579718 0.484820
vt 0.580355 0.484820
vt 0.444771 0.622845
vt 0.444135 0.607598
vt 0.444771 0.607598
vt 0.579764 0.606819
vt 0.580401 0.591572
vt 0.580401 0.606819
vt 0.443449 0.622845
vt 0.442812 0.607598
vt 0.443449 0.607598
vt 0.542736 0.607597
vt 0.542100 0.622845
vt 0.542100 0.607597
vt 0.579032 0.500845
vt 0.578395 0.516093
vt 0.578395 0.500845
vt 0.456786 0.606912
vt 0.456149 0.591664
vt 0.456786 0.591664
vt 0.590934 0.452770
vt 0.590297 0.468018
vt 0.590297 0.452770
vt 0.872404 0.861419
vt 0.887161 0.864002
vt 0.872404 0.864002
vt 0.904487 0.734067
vt 0.889730 0.736650
vt 0.889730 0.734067
vt 0.780131 0.753565
vt 0.803106 0.750982
vt 0.803738 0.753565
vt 0.803105 0.777246
vt 0.780131 0.774663
vt 0.803738 0.774663
vt 0.929959 0.911253
vt 0.927758 0.912480
vt 0.931115 0.906675
vt 0.804539 0.806493
vt 0.825785 0.803974
vt 0.827513 0.806493
vt 0.762100 0.831073
vt 0.764554 0.849959
vt 0.762100 0.852319
vt 0.852715 0.772325
vt 0.869240 0.769871
vt 0.871601 0.772325
vt 0.821597 0.853120
vt 0.824117 0.867917
vt 0.821597 0.869645
vt 0.769251 0.872804
vt 0.771834 0.886968
vt 0.769251 0.887601
vt 0.782784 0.886968
vt 0.785366 0.872804
vt 0.785366 0.887601
vt 0.854794 0.867917
vt 0.857313 0.853120
vt 0.857313 0.869645
vt 0.869240 0.801617
vt 0.852715 0.799163
vt 0.871601 0.799163
vt 0.791392 0.849959
vt 0.793846 0.831073
vt 0.793846 0.852319
vt 0.792172 0.828544
vt 0.794691 0.807298
vt 0.794691 0.830272
vt 0.803610 0.899069
vt 0.801156 0.888401
vt 0.803610 0.888401
vt 0.907648 0.753185
vt 0.920676 0.750665
vt 0.920676 0.753185
vt 0.827830 0.923339
vt 0.825377 0.923411
vt 0.823252 0.922182
vt 0.794646 0.904593
vt 0.797100 0.912900
vt 0.794646 0.912900
vt 0.938568 0.850228
vt 0.931989 0.852747
vt 0.931989 0.850228
vt 0.906459 0.930158
vt 0.903876 0.924211
vt 0.906459 0.924211
vt 0.879394 0.924211
vt 0.876812 0.930158
vt 0.876812 0.924211
vt 0.931989 0.909983
vt 0.938568 0.912502
vt 0.931989 0.912502
vt 0.784082 0.902232
vt 0.781627 0.910539
vt 0.781627 0.902232
vt 0.774318 0.888401
vt 0.771864 0.899069
vt 0.771864 0.888401
vt 0.905920 0.773903
vt 0.918948 0.776422
vt 0.905920 0.776422
vt 0.392963 0.815335
vt 0.403257 0.791559
vt 0.403257 0.815335
vt 0.398654 0.909110
vt 0.389740 0.903963
vt 0.389740 0.893669
vt 0.339168 0.815800
vt 0.349462 0.839576
vt 0.339168 0.839576
vt 0.349462 0.863816
vt 0.339168 0.840041
vt 0.349462 0.840041
vt 0.453828 0.831241
vt 0.444914 0.836388
vt 0.435999 0.831241
vt 0.435534 0.815335
vt 0.425240 0.791559
vt 0.435534 0.791559
vt 0.381739 0.888057
vt 0.371445 0.864281
vt 0.381739 0.864281
vt 0.371445 0.815800
vt 0.381739 0.839576
vt 0.371445 0.839576
vt 0.905117 0.797543
vt 0.890363 0.794960
vt 0.905117 0.794960
vt 0.890363 0.784012
vt 0.905117 0.781429
vt 0.905117 0.784012
vt 0.781982 0.806494
vt 0.779400 0.783523
vt 0.781982 0.782890
vt 0.805171 0.740832
vt 0.828143 0.743415
vt 0.804539 0.743415
vt 0.919552 0.914929
vt 0.920778 0.917129
vt 0.914975 0.913773
vt 0.811289 0.830270
vt 0.808770 0.809026
vt 0.811289 0.807298
vt 0.819881 0.852317
vt 0.817427 0.833433
vt 0.819881 0.831073
vt 0.871599 0.838219
vt 0.855076 0.840673
vt 0.852715 0.838219
vt 0.888927 0.780540
vt 0.874132 0.783059
vt 0.872404 0.780540
vt 0.836111 0.887599
vt 0.833529 0.873436
vt 0.836111 0.872804
vt 0.849642 0.873436
vt 0.847060 0.887599
vt 0.847060 0.872804
vt 0.874132 0.793817
vt 0.888927 0.796336
vt 0.872404 0.796336
vt 0.771062 0.855480
vt 0.768608 0.872003
vt 0.768608 0.853120
vt 0.826389 0.833433
vt 0.823935 0.852317
vt 0.823935 0.831073
vt 0.830671 0.734067
vt 0.851915 0.736586
vt 0.828943 0.736586
vt 0.849974 0.890762
vt 0.852427 0.901428
vt 0.849974 0.901428
vt 0.907648 0.826216
vt 0.920674 0.823697
vt 0.920674 0.826216
vt 0.941627 0.737418
vt 0.941699 0.739871
vt 0.940470 0.741995
vt 0.836955 0.904593
vt 0.839409 0.912898
vt 0.836955 0.912898
vt 0.933717 0.922460
vt 0.940295 0.919942
vt 0.940295 0.922460
vt 0.937704 0.924844
vt 0.940286 0.930789
vt 0.937704 0.930789
vt 0.914025 0.930789
vt 0.916607 0.924844
vt 0.916607 0.930789
vt 0.768932 0.932517
vt 0.771451 0.925939
vt 0.771451 0.932517
vt 0.856481 0.912898
vt 0.858935 0.904593
vt 0.858935 0.912898
vt 0.866245 0.901428
vt 0.868699 0.890762
vt 0.868699 0.901428
vt 0.920674 0.836174
vt 0.907648 0.833655
vt 0.920674 0.833655
vt 0.446413 0.566734
vt 0.445776 0.582074
vt 0.445776 0.566734
vt 0.492352 0.590978
vt 0.491715 0.575639
vt 0.492352 0.575639
vt 0.288858 0.621464
vt 0.291776 0.623148
vt 0.291440 0.623961
vt 0.264488 0.628202
vt 0.261570 0.626518
vt 0.261907 0.625705
vt 0.484942 0.582759
vt 0.484305 0.598099
vt 0.484305 0.582759
vt 0.438844 0.590979
vt 0.438207 0.575639
vt 0.438844 0.575639
vt 0.416775 0.541803
vt 0.416138 0.557143
vt 0.416138 0.541803
vt 0.551309 0.590978
vt 0.550672 0.575638
vt 0.551309 0.575638
vt 0.426989 0.590979
vt 0.426352 0.575639
vt 0.426989 0.575639
vt 0.424870 0.566048
vt 0.425507 0.550708
vt 0.425507 0.566048
vt 0.463877 0.575639
vt 0.463240 0.590979
vt 0.463240 0.575639
vt 0.539613 0.590978
vt 0.538976 0.575638
vt 0.539613 0.575638
vt 0.514580 0.575639
vt 0.513943 0.590978
vt 0.513943 0.575639
vt 0.483141 0.575639
vt 0.482504 0.590978
vt 0.482504 0.575639
vt 0.461072 0.590979
vt 0.460436 0.575639
vt 0.461072 0.575639
vt 0.496638 0.590978
vt 0.496001 0.575639
vt 0.496638 0.575639
vt 0.453503 0.590979
vt 0.452866 0.575639
vt 0.453503 0.575639
vt 0.505689 0.590978
vt 0.505052 0.575639
vt 0.505689 0.575639
vt 0.447098 0.590979
vt 0.447735 0.575639
vt 0.447735 0.590979
vt 0.481819 0.590978
vt 0.481182 0.575639
vt 0.481819 0.575639
vt 0.446413 0.566048
vt 0.445776 0.550708
vt 0.446413 0.550708
vt 0.462554 0.575639
vt 0.461917 0.590979
vt 0.461917 0.575639
vt 0.516062 0.590978
vt 0.515425 0.575639
vt 0.516062 0.575639
vt 0.498120 0.590978
vt 0.497483 0.575639
vt 0.498120 0.575639
vt 0.503570 0.590978
vt 0.504207 0.575639
vt 0.504207 0.590978
vt 0.440485 0.566048
vt 0.439848 0.550708
vt 0.440485 0.550708
vt 0.328544 0.475553
vt 0.286552 0.477313
vt 0.286552 0.475553
vt 0.160196 0.617507
vt 0.158436 0.575516
vt 0.160196 0.575516
vt 0.286552 0.461476
vt 0.328544 0.463236
vt 0.286552 0.463236
vt 0.328544 0.524236
vt 0.286552 0.522476
vt 0.328544 0.522476
vt 0.328544 0.524823
vt 0.286552 0.526582
vt 0.286552 0.524823
vt 0.328544 0.465582
vt 0.286552 0.463823
vt 0.328544 0.463823
vt 0.254041 0.575516
vt 0.252282 0.617507
vt 0.252282 0.575516
vt 0.328544 0.467928
vt 0.286552 0.466169
vt 0.328544 0.466169
vt 0.328544 0.493736
vt 0.286552 0.491976
vt 0.328544 0.491976
vt 0.273398 0.617507
vt 0.275157 0.575516
vt 0.275157 0.617507
vt 0.263426 0.575516
vt 0.261667 0.617507
vt 0.261667 0.575516
vt 0.328544 0.528928
vt 0.286552 0.527169
vt 0.328544 0.527169
vt 0.249349 0.617507
vt 0.247590 0.575516
vt 0.249349 0.575516
vt 0.320513 0.623961
vt 0.320177 0.623148
vt 0.323095 0.621464
vt 0.193042 0.575516
vt 0.191282 0.617507
vt 0.191282 0.575516
vt 0.336741 0.516587
vt 0.335869 0.520071
vt 0.335869 0.516702
vt 0.437522 0.591664
vt 0.436885 0.606912
vt 0.436885 0.591664
vt 0.433076 0.629965
vt 0.432439 0.614718
vt 0.433076 0.614718
vt 0.588335 0.622753
vt 0.587698 0.607505
vt 0.588335 0.607505
vt 0.433076 0.614032
vt 0.432439 0.598784
vt 0.433076 0.598784
vt 0.530085 0.606912
vt 0.530722 0.591664
vt 0.530722 0.606912
vt 0.469964 0.622845
vt 0.469327 0.607598
vt 0.469964 0.607598
vt 0.572466 0.606820
vt 0.571830 0.591572
vt 0.572466 0.591572
vt 0.467000 0.591664
vt 0.466363 0.606912
vt 0.466363 0.591664
vt 0.431435 0.591664
vt 0.430798 0.606912
vt 0.430798 0.591664
vt 0.516062 0.606912
vt 0.515425 0.591664
vt 0.516062 0.591664
vt 0.422703 0.614032
vt 0.422066 0.598784
vt 0.422703 0.598784
vt 0.459590 0.591664
vt 0.458954 0.606912
vt 0.458954 0.591664
vt 0.472768 0.606912
vt 0.472131 0.591664
vt 0.472768 0.591664
vt 0.575065 0.532712
vt 0.574428 0.547960
vt 0.574428 0.532712
vt 0.568453 0.516093
vt 0.567816 0.500845
vt 0.568453 0.500845
vt 0.487747 0.607597
vt 0.487110 0.622845
vt 0.487110 0.607597
vt 0.454826 0.607598
vt 0.454189 0.622845
vt 0.454189 0.607598
vt 0.590934 0.565955
vt 0.590297 0.550707
vt 0.590934 0.550707
vt 0.425507 0.614032
vt 0.424870 0.598784
vt 0.425507 0.598784
vt 0.533686 0.607597
vt 0.533049 0.622845
vt 0.533049 0.607597
vt 0.579032 0.468886
vt 0.578395 0.484134
vt 0.578395 0.468886
vt 0.532204 0.606912
vt 0.531567 0.591664
vt 0.532204 0.591664
vt 0.575065 0.452770
vt 0.574428 0.468018
vt 0.574428 0.452770
vt 0.575065 0.468886
vt 0.574428 0.484134
vt 0.574428 0.468886
vt 0.328544 0.545938
vt 0.286552 0.547697
vt 0.286552 0.545938
vt 0.285839 0.555322
vt 0.243847 0.557081
vt 0.243847 0.555322
vt 0.328543 0.581130
vt 0.286552 0.582889
vt 0.286552 0.581130
vt 0.163129 0.617507
vt 0.164888 0.575516
vt 0.164888 0.617507
vt 0.328544 0.494323
vt 0.286552 0.496082
vt 0.286552 0.494323
vt 0.328544 0.480246
vt 0.286552 0.482005
vt 0.286552 0.480246
vt 0.225888 0.617507
vt 0.224128 0.575516
vt 0.225888 0.575516
vt 0.285839 0.560014
vt 0.243847 0.561774
vt 0.243847 0.560014
vt 0.167234 0.617507
vt 0.165475 0.575516
vt 0.167234 0.575516
vt 0.328544 0.454438
vt 0.286552 0.456197
vt 0.286552 0.454438
vt 0.905119 0.756948
vt 0.890363 0.754365
vt 0.905119 0.754365
vt 0.890363 0.767097
vt 0.905119 0.764514
vt 0.905119 0.767097
vt 0.759102 0.782890
vt 0.761685 0.805865
vt 0.759102 0.806497
vt 0.803106 0.763714
vt 0.780131 0.761131
vt 0.803738 0.761131
vt 0.921549 0.856897
vt 0.922903 0.854772
vt 0.922706 0.861475
vt 0.758975 0.807298
vt 0.761494 0.828544
vt 0.758975 0.830272
vt 0.828943 0.818280
vt 0.847829 0.815826
vt 0.850190 0.818280
vt 0.852715 0.811381
vt 0.869240 0.808927
vt 0.871601 0.811381
vt 0.872404 0.743225
vt 0.887201 0.740706
vt 0.888930 0.743225
vt 0.789550 0.872804
vt 0.792132 0.886968
vt 0.789550 0.887601
vt 0.813232 0.886968
vt 0.815814 0.872804
vt 0.815814 0.887601
vt 0.828237 0.867917
vt 0.830756 0.853120
vt 0.830756 0.869645
vt 0.855076 0.786144
vt 0.871601 0.788599
vt 0.852715 0.788599
vt 0.847829 0.824789
vt 0.828943 0.822335
vt 0.850190 0.822335
vt 0.825785 0.789894
vt 0.804539 0.787375
vt 0.827513 0.787375
vt 0.764555 0.899069
vt 0.762100 0.888401
vt 0.764555 0.888401
vt 0.907648 0.809619
vt 0.920676 0.807100
vt 0.920676 0.809619
vt 0.817874 0.923339
vt 0.815421 0.923411
vt 0.813297 0.922182
vt 0.788137 0.904593
vt 0.790591 0.912900
vt 0.788137 0.912900
vt 0.933718 0.895903
vt 0.940296 0.893384
vt 0.940296 0.895903
vt 0.893727 0.924844
vt 0.896310 0.930790
vt 0.893727 0.930790
vt 0.849747 0.930790
vt 0.852330 0.924844
vt 0.852330 0.930790
vt 0.931989 0.853548
vt 0.938568 0.856067
vt 0.931989 0.856067
vt 0.820683 0.912900
vt 0.823137 0.904593
vt 0.823137 0.912900
vt 0.820683 0.901430
vt 0.823137 0.890762
vt 0.823137 0.901430
vt 0.920676 0.793020
vt 0.907648 0.790501
vt 0.920676 0.790501
vt 0.480004 0.910734
vt 0.481039 0.914616
vt 0.480004 0.914616
vt 0.402349 0.931309
vt 0.403700 0.935191
vt 0.402349 0.935191
vt 0.462829 0.869737
vt 0.463179 0.868432
vt 0.463854 0.867262
vt 0.423424 0.928122
vt 0.424775 0.932003
vt 0.423424 0.932003
vt 0.469941 0.850953
vt 0.467285 0.851303
vt 0.465980 0.850953
vt 0.370628 0.943259
vt 0.369593 0.939377
vt 0.370628 0.939377
vt 0.465239 0.927809
vt 0.466590 0.931691
vt 0.465239 0.931691
vt 0.479057 0.885334
vt 0.480092 0.889216
vt 0.479057 0.889216
vt 0.468822 0.828528
vt 0.470173 0.832410
vt 0.468822 0.832410
vt 0.359400 0.943259
vt 0.358365 0.939377
vt 0.359400 0.939377
vt 0.470653 0.795906
vt 0.472004 0.799787
vt 0.470653 0.799787
vt 0.451864 0.940536
vt 0.452899 0.944418
vt 0.451864 0.944418
vt 0.407332 0.935191
vt 0.405981 0.931309
vt 0.407332 0.931309
vt 0.396901 0.943884
vt 0.397936 0.940002
vt 0.397936 0.943884
vt 0.413482 0.931053
vt 0.414834 0.934935
vt 0.413482 0.934935
vt 0.385673 0.939377
vt 0.386708 0.943259
vt 0.385673 0.943259
vt 0.470909 0.852768
vt 0.472260 0.856650
vt 0.470909 0.856650
vt 0.335909 0.943259
vt 0.336944 0.939377
vt 0.336944 0.943259
vt 0.411201 0.934935
vt 0.409850 0.931053
vt 0.411201 0.931053
vt 0.477556 0.848734
vt 0.478592 0.852616
vt 0.477556 0.852616
vt 0.382357 0.930997
vt 0.383708 0.934878
vt 0.382357 0.934878
vt 0.479805 0.808169
vt 0.478770 0.804287
vt 0.479805 0.804287
vt 0.468837 0.791559
vt 0.470188 0.795441
vt 0.468837 0.795441
vt 0.446732 0.940536
vt 0.447767 0.944418
vt 0.446732 0.944418
vt 0.448399 0.935724
vt 0.447048 0.931843
vt 0.448399 0.931843
vt 0.348171 0.943259
vt 0.347136 0.939377
vt 0.348171 0.939377
vt 0.472039 0.906388
vt 0.470688 0.910269
vt 0.470688 0.906388
vt 0.378593 0.939377
vt 0.379628 0.943259
vt 0.378593 0.943259
vt 0.468372 0.819682
vt 0.467021 0.815800
vt 0.468372 0.815800
vt 0.335444 0.943259
vt 0.334409 0.939377
vt 0.335444 0.939377
vt 0.462943 0.935724
vt 0.461591 0.931843
vt 0.462943 0.931843
vt 0.380541 0.943572
vt 0.381576 0.939690
vt 0.381576 0.943572
vt 0.470444 0.856650
vt 0.469093 0.852768
vt 0.470444 0.852768
vt 0.479820 0.799787
vt 0.478785 0.795906
vt 0.479820 0.795906
vt 0.467055 0.919116
vt 0.468406 0.922997
vt 0.467055 0.922997
vt 0.418615 0.939746
vt 0.419650 0.943628
vt 0.418615 0.943628
vt 0.459776 0.931843
vt 0.461127 0.935724
vt 0.459776 0.935724
vt 0.479854 0.936038
vt 0.478819 0.932156
vt 0.479854 0.932156
vt 0.467055 0.932156
vt 0.468406 0.936037
vt 0.467055 0.936037
vt 0.425240 0.940537
vt 0.426275 0.944419
vt 0.425240 0.944419
vt 0.468871 0.932156
vt 0.470222 0.936037
vt 0.468871 0.936037
vt 0.432907 0.944419
vt 0.431872 0.940537
vt 0.432907 0.940537
vt 0.434320 0.931843
vt 0.435671 0.935725
vt 0.434320 0.935725
vt 0.444916 0.940536
vt 0.445951 0.944418
vt 0.444916 0.944418
vt 0.470653 0.815800
vt 0.472004 0.819682
vt 0.470653 0.819682
vt 0.479854 0.931691
vt 0.478819 0.927809
vt 0.479854 0.927809
vt 0.405981 0.926962
vt 0.407332 0.930844
vt 0.405981 0.930844
vt 0.341444 0.939377
vt 0.340409 0.943259
vt 0.340409 0.939377
vt 0.470909 0.898062
vt 0.472260 0.901943
vt 0.470909 0.901943
vt 0.345171 0.943259
vt 0.344136 0.939377
vt 0.345171 0.939377
vt 0.369629 0.881669
vt 0.370980 0.885551
vt 0.369629 0.885551
vt 0.476056 0.889681
vt 0.477092 0.893563
vt 0.476056 0.893563
vt 0.375596 0.910925
vt 0.376901 0.910575
vt 0.378252 0.910575
vt 0.423424 0.915081
vt 0.424775 0.918963
vt 0.423424 0.918963
vt 0.465556 0.822607
vt 0.464531 0.825082
vt 0.463576 0.826038
vt 0.472819 0.936502
vt 0.473854 0.940384
vt 0.472819 0.940384
vt 0.365997 0.894709
vt 0.367348 0.898591
vt 0.365997 0.898591
vt 0.447363 0.936189
vt 0.448399 0.940071
vt 0.447363 0.940071
vt 0.367813 0.920325
vt 0.369164 0.916443
vt 0.369164 0.920325
vt 0.426275 0.940072
vt 0.425240 0.936190
vt 0.426275 0.936190
vt 0.422579 0.897216
vt 0.423930 0.901098
vt 0.422579 0.901098
vt 0.478261 0.880891
vt 0.477225 0.877009
vt 0.478261 0.877009
vt 0.465190 0.828528
vt 0.466541 0.832410
vt 0.465190 0.832410
vt 0.398401 0.939537
vt 0.399436 0.935656
vt 0.399436 0.939537
vt 0.456109 0.828528
vt 0.457461 0.832410
vt 0.456109 0.832410
vt 0.362400 0.938912
vt 0.361365 0.935030
vt 0.362400 0.935030
vt 0.398717 0.909575
vt 0.400068 0.913457
vt 0.398717 0.913457
vt 0.347136 0.938912
vt 0.348172 0.935030
vt 0.348172 0.938912
vt 0.420762 0.918950
vt 0.422114 0.922832
vt 0.420762 0.922832
vt 0.358365 0.935030
vt 0.359400 0.938912
vt 0.358365 0.938912
vt 0.367813 0.903403
vt 0.369164 0.907285
vt 0.367813 0.907285
vt 0.462943 0.940071
vt 0.461907 0.936189
vt 0.462943 0.936189
vt 0.465461 0.852768
vt 0.466812 0.856650
vt 0.465461 0.856650
vt 0.476056 0.864281
vt 0.477092 0.868163
vt 0.476056 0.868163
vt 0.466590 0.922997
vt 0.465239 0.919116
vt 0.466590 0.919116
vt 0.456863 0.940071
vt 0.455828 0.936189
vt 0.456863 0.936189
vt 0.402349 0.922151
vt 0.403700 0.918269
vt 0.403700 0.922151
vt 0.476539 0.910269
vt 0.475504 0.906387
vt 0.476539 0.906387
vt 0.369629 0.894709
vt 0.370980 0.898591
vt 0.369629 0.898591
vt 0.376628 0.938912
vt 0.375593 0.935030
vt 0.376628 0.935030
vt 0.463424 0.910734
vt 0.464775 0.914616
vt 0.463424 0.914616
vt 0.415299 0.939281
vt 0.416334 0.935400
vt 0.416334 0.939281
vt 0.455645 0.808169
vt 0.454293 0.804287
vt 0.455645 0.804287
vt 0.387173 0.935030
vt 0.388208 0.938912
vt 0.387173 0.938912
vt 0.367813 0.912096
vt 0.369164 0.915978
vt 0.367813 0.915978
vt 0.476805 0.808169
vt 0.475770 0.804287
vt 0.476805 0.804287
vt 0.464774 0.922997
vt 0.463423 0.919116
vt 0.464774 0.919116
vt 0.421798 0.940218
vt 0.420762 0.936336
vt 0.421798 0.936336
vt 0.463180 0.901944
vt 0.461829 0.898062
vt 0.463180 0.898062
vt 0.477285 0.815800
vt 0.478320 0.819682
vt 0.477285 0.819682
vt 0.401884 0.926497
vt 0.400533 0.922616
vt 0.401884 0.922616
vt 0.451399 0.940071
vt 0.450364 0.936189
vt 0.451399 0.936189
vt 0.464996 0.857115
vt 0.463645 0.860997
vt 0.463645 0.857115
vt 0.475819 0.936503
vt 0.476854 0.940385
vt 0.475819 0.940385
vt 0.459741 0.836757
vt 0.461093 0.832875
vt 0.461093 0.836757
vt 0.419650 0.939281
vt 0.418615 0.935400
vt 0.419650 0.935400
vt 0.369629 0.916443
vt 0.370980 0.920325
vt 0.369629 0.920325
vt 0.439784 0.940071
vt 0.440819 0.936189
vt 0.440819 0.940071
vt 0.422578 0.901563
vt 0.423930 0.905444
vt 0.422578 0.905444
vt 0.478305 0.812516
vt 0.477270 0.808634
vt 0.478305 0.808634
vt 0.549349 0.493726
vt 0.550146 0.533996
vt 0.549349 0.533996
vt 0.548664 0.574952
vt 0.547868 0.534682
vt 0.548664 0.534682
vt 0.423388 0.452770
vt 0.424185 0.493041
vt 0.423388 0.493041
vt 0.426352 0.534683
vt 0.427148 0.574954
vt 0.426352 0.574954
vt 0.505689 0.493726
vt 0.504892 0.533997
vt 0.504892 0.493726
vt 0.501929 0.493726
vt 0.502725 0.533997
vt 0.501929 0.533997
vt 0.496001 0.534683
vt 0.496797 0.574953
vt 0.496001 0.574953
vt 0.494519 0.534683
vt 0.495316 0.574953
vt 0.494519 0.574953
vt 0.531567 0.534682
vt 0.532363 0.574953
vt 0.531567 0.574953
vt 0.507171 0.493041
vt 0.506374 0.452770
vt 0.507171 0.452770
vt 0.484146 0.452770
vt 0.484942 0.493041
vt 0.484146 0.493041
vt 0.556759 0.493726
vt 0.557555 0.533996
vt 0.556759 0.533996
vt 0.461917 0.493726
vt 0.462714 0.533997
vt 0.461917 0.533997
vt 0.463399 0.493726
vt 0.464196 0.533997
vt 0.463399 0.533997
vt 0.556759 0.534682
vt 0.557555 0.574952
vt 0.556759 0.574952
vt 0.487110 0.452770
vt 0.487906 0.493041
vt 0.487110 0.493041
vt 0.479700 0.493726
vt 0.480497 0.533997
vt 0.479700 0.533997
vt 0.516748 0.493726
vt 0.517544 0.533997
vt 0.516748 0.533997
vt 0.459750 0.533997
vt 0.458954 0.493726
vt 0.459750 0.493726
vt 0.512302 0.493726
vt 0.513098 0.533997
vt 0.512302 0.533997
vt 0.519026 0.493041
vt 0.518230 0.452770
vt 0.519026 0.452770
vt 0.444135 0.533997
vt 0.444931 0.493726
vt 0.444931 0.533997
vt 0.546386 0.534682
vt 0.547182 0.574953
vt 0.546386 0.574953
vt 0.424870 0.452770
vt 0.425667 0.493041
vt 0.424870 0.493041
vt 0.458954 0.534683
vt 0.459750 0.574953
vt 0.458954 0.574953
vt 0.488592 0.534683
vt 0.489388 0.574953
vt 0.488592 0.574953
vt 0.438207 0.534683
vt 0.439003 0.574953
vt 0.438207 0.574953
vt 0.534530 0.493726
vt 0.535327 0.533997
vt 0.534530 0.533997
vt 0.512302 0.534682
vt 0.513098 0.574953
vt 0.512302 0.574953
vt 0.414497 0.534683
vt 0.415293 0.574954
vt 0.414497 0.574954
vt 0.500447 0.493726
vt 0.501243 0.533997
vt 0.500447 0.533997
vt 0.500447 0.452770
vt 0.501243 0.493041
vt 0.500447 0.493041
vt 0.464881 0.534683
vt 0.465678 0.574953
vt 0.464881 0.574953
vt 0.515266 0.534682
vt 0.516062 0.574953
vt 0.515266 0.574953
vt 0.525639 0.452770
vt 0.526435 0.493041
vt 0.525639 0.493041
vt 0.470809 0.493726
vt 0.471605 0.533997
vt 0.470809 0.533997
vt 0.504892 0.452770
vt 0.505689 0.493041
vt 0.504892 0.493041
vt 0.424870 0.493727
vt 0.425667 0.533998
vt 0.424870 0.533998
vt 0.493037 0.534683
vt 0.493834 0.574953
vt 0.493037 0.574953
vt 0.504892 0.574953
vt 0.505689 0.534682
vt 0.505689 0.574953
vt 0.450062 0.534683
vt 0.450859 0.574953
vt 0.450062 0.574953
vt 0.417461 0.493727
vt 0.418257 0.533998
vt 0.417461 0.533998
vt 0.516748 0.534682
vt 0.517544 0.574953
vt 0.516748 0.574953
vt 0.501929 0.452770
vt 0.502725 0.493041
vt 0.501929 0.493041
vt 0.530881 0.493041
vt 0.530085 0.452770
vt 0.530881 0.452770
vt 0.527121 0.534682
vt 0.527917 0.574953
vt 0.527121 0.574953
vt 0.478218 0.534683
vt 0.479015 0.574953
vt 0.478218 0.574953
vt 0.534531 0.452770
vt 0.535327 0.493040
vt 0.534531 0.493040
vt 0.872404 0.803903
vt 0.887163 0.806486
vt 0.872404 0.806486
vt 0.887163 0.800520
vt 0.872404 0.803103
vt 0.872404 0.800520
vt 0.758302 0.782090
vt 0.755719 0.759111
vt 0.758302 0.758479
vt 0.756352 0.734067
vt 0.779330 0.736650
vt 0.755719 0.736650
vt 0.929960 0.751954
vt 0.927759 0.753181
vt 0.931117 0.747376
vt 0.827517 0.754175
vt 0.806267 0.756695
vt 0.804539 0.754175
vt 0.850193 0.760493
vt 0.831304 0.762948
vt 0.828943 0.760493
vt 0.842663 0.849962
vt 0.840208 0.833434
vt 0.842663 0.831073
vt 0.800877 0.869648
vt 0.798358 0.854848
vt 0.800877 0.853120
vt 0.904529 0.828789
vt 0.890363 0.831372
vt 0.889730 0.828789
vt 0.903897 0.848289
vt 0.889730 0.845706
vt 0.904529 0.845706
vt 0.781757 0.867919
vt 0.784277 0.853120
vt 0.784277 0.869648
vt 0.855076 0.747087
vt 0.871604 0.749542
vt 0.852715 0.749542
vt 0.831304 0.780023
vt 0.850193 0.782478
vt 0.828943 0.782478
vt 0.806267 0.764135
vt 0.827517 0.766655
vt 0.804539 0.766655
vt 0.916589 0.882866
vt 0.905920 0.885320
vt 0.905920 0.882866
vt 0.877255 0.874532
vt 0.879775 0.887563
vt 0.877255 0.887563
vt 0.907299 0.903461
vt 0.909424 0.902232
vt 0.911878 0.902304
vt 0.914268 0.896709
vt 0.911813 0.888401
vt 0.914268 0.888401
vt 0.938569 0.826989
vt 0.931989 0.829508
vt 0.931989 0.826989
vt 0.818499 0.930159
vt 0.815916 0.924211
vt 0.818499 0.924211
vt 0.808348 0.924211
vt 0.805765 0.930159
vt 0.805765 0.924211
vt 0.931989 0.817029
vt 0.938569 0.819548
vt 0.931989 0.819548
vt 0.901248 0.888401
vt 0.898793 0.896709
vt 0.898793 0.888401
vt 0.754790 0.888401
vt 0.752336 0.899071
vt 0.752336 0.888401
vt 0.899695 0.872804
vt 0.897175 0.885834
vt 0.897175 0.872804
vt 0.560565 0.591663
vt 0.559928 0.606911
vt 0.559928 0.591663
vt 0.426989 0.606912
vt 0.426352 0.591664
vt 0.426989 0.591664
vt 0.334997 0.480187
vt 0.335869 0.476703
vt 0.335869 0.480072
vt 0.203530 0.625705
vt 0.200045 0.624833
vt 0.203415 0.624833
vt 0.584368 0.622753
vt 0.583731 0.607505
vt 0.584368 0.607505
vt 0.590933 0.500845
vt 0.590297 0.516093
vt 0.590297 0.500845
vt 0.527917 0.622845
vt 0.527281 0.607597
vt 0.527917 0.607597
vt 0.586967 0.565955
vt 0.586330 0.550707
vt 0.586967 0.550707
vt 0.568453 0.516779
vt 0.567816 0.532027
vt 0.567816 0.516779
vt 0.579078 0.622753
vt 0.578441 0.607505
vt 0.579078 0.607505
vt 0.589657 0.591572
vt 0.589020 0.606819
vt 0.589020 0.591572
vt 0.582999 0.452770
vt 0.582363 0.468018
vt 0.582363 0.452770
vt 0.569776 0.516093
vt 0.569139 0.500845
vt 0.569776 0.500845
vt 0.573789 0.622753
vt 0.573152 0.607505
vt 0.573789 0.607505
vt 0.502885 0.591664
vt 0.502248 0.606912
vt 0.502248 0.591664
vt 0.587012 0.606819
vt 0.586376 0.591572
vt 0.587012 0.591572
vt 0.201142 0.475553
vt 0.243260 0.477313
vt 0.201142 0.477313
vt 0.243260 0.508399
vt 0.201142 0.510159
vt 0.201142 0.508399
vt 0.200555 0.480246
vt 0.158436 0.482005
vt 0.158436 0.480246
vt 0.216503 0.532811
vt 0.214744 0.574929
vt 0.214744 0.532811
vt 0.195975 0.574929
vt 0.197734 0.532811
vt 0.197734 0.574929
vt 0.177206 0.490105
vt 0.178965 0.532224
vt 0.177206 0.532224
vt 0.200555 0.484938
vt 0.158436 0.486697
vt 0.158436 0.484938
vt 0.285965 0.514851
vt 0.243847 0.513092
vt 0.285965 0.513092
vt 0.181898 0.532224
vt 0.183657 0.490105
vt 0.183657 0.532224
vt 0.190696 0.532224
vt 0.188936 0.490105
vt 0.190696 0.490105
vt 0.232926 0.532811
vt 0.231167 0.574929
vt 0.231167 0.532811
vt 0.243260 0.482005
vt 0.201142 0.480246
vt 0.243260 0.480246
vt 0.200555 0.461476
vt 0.158436 0.463236
vt 0.158436 0.461476
vt 0.222926 0.621464
vt 0.225844 0.623148
vt 0.225507 0.623961
vt 0.243847 0.522476
vt 0.285965 0.524236
vt 0.243847 0.524236
vt 0.334997 0.472861
vt 0.334185 0.473198
vt 0.332500 0.470280
vt 0.547182 0.606911
vt 0.546545 0.591663
vt 0.547182 0.591663
vt 0.567131 0.468886
vt 0.566494 0.484134
vt 0.566494 0.468886
vt 0.579032 0.484820
vt 0.578395 0.500068
vt 0.578395 0.484820
vt 0.589611 0.468018
vt 0.588974 0.452770
vt 0.589611 0.452770
vt 0.551309 0.606911
vt 0.550672 0.591663
vt 0.551309 0.591663
vt 0.568453 0.484820
vt 0.567817 0.500068
vt 0.567817 0.484820
vt 0.448421 0.606912
vt 0.449058 0.591664
vt 0.449058 0.606912
vt 0.555276 0.622845
vt 0.554639 0.607597
vt 0.555276 0.607597
vt 0.529240 0.606912
vt 0.528603 0.591664
vt 0.529240 0.591664
vt 0.450859 0.607598
vt 0.450222 0.622845
vt 0.450222 0.607598
vt 0.587013 0.590886
vt 0.586376 0.575638
vt 0.587013 0.575638
vt 0.579032 0.516779
vt 0.578395 0.532027
vt 0.578395 0.516779
vt 0.539613 0.606912
vt 0.538976 0.591663
vt 0.539613 0.591664
vt 0.567131 0.484820
vt 0.566494 0.500068
vt 0.566494 0.484820
vt 0.590980 0.606819
vt 0.590343 0.591572
vt 0.590980 0.591572
vt 0.564486 0.565956
vt 0.563849 0.550707
vt 0.564486 0.550707
vt 0.435880 0.606912
vt 0.435243 0.591664
vt 0.435880 0.591664
vt 0.486424 0.607597
vt 0.485787 0.622845
vt 0.485787 0.607597
vt 0.585644 0.500845
vt 0.585007 0.516093
vt 0.585007 0.500845
vt 0.577710 0.484134
vt 0.577073 0.468886
vt 0.577710 0.468886
vt 0.559243 0.622844
vt 0.558606 0.607597
vt 0.559243 0.607597
vt 0.582999 0.500845
vt 0.582362 0.516093
vt 0.582362 0.500845
vt 0.586966 0.500845
vt 0.586330 0.516093
vt 0.586330 0.500845
vt 0.585644 0.468018
vt 0.585007 0.452770
vt 0.585644 0.452770
vt 0.285965 0.508399
vt 0.243847 0.510159
vt 0.243847 0.508399
vt 0.243260 0.512505
vt 0.201142 0.510746
vt 0.243260 0.510746
vt 0.200555 0.449159
vt 0.158436 0.447400
vt 0.200555 0.447400
vt 0.285965 0.470274
vt 0.243847 0.468515
vt 0.285965 0.468515
vt 0.200555 0.475553
vt 0.158436 0.477312
vt 0.158436 0.475553
vt 0.217090 0.574929
vt 0.218849 0.532811
vt 0.218849 0.574929
vt 0.285965 0.451505
vt 0.243847 0.449746
vt 0.285965 0.449746
vt 0.285965 0.470861
vt 0.243847 0.472620
vt 0.243847 0.470861
vt 0.167821 0.532224
vt 0.169580 0.490105
vt 0.169580 0.532224
vt 0.198321 0.574929
vt 0.200080 0.532811
vt 0.200080 0.574929
vt 0.592256 0.516779
vt 0.591619 0.532026
vt 0.591619 0.516779
vt 0.569776 0.500068
vt 0.569139 0.484820
vt 0.569776 0.484820
vt 0.489069 0.606912
vt 0.488432 0.591664
vt 0.489069 0.591664
vt 0.495156 0.622845
vt 0.494519 0.607597
vt 0.495156 0.607597
vt 0.579718 0.565955
vt 0.580355 0.550707
vt 0.580355 0.565955
vt 0.587012 0.622753
vt 0.586376 0.607505
vt 0.587012 0.607505
vt 0.505689 0.607597
vt 0.505052 0.622845
vt 0.505052 0.607597
vt 0.592256 0.532712
vt 0.591619 0.547960
vt 0.591619 0.532712
vt 0.545700 0.606911
vt 0.545063 0.591663
vt 0.545700 0.591663
vt 0.421380 0.614718
vt 0.420743 0.629966
vt 0.420743 0.614718
vt 0.872404 0.847887
vt 0.887161 0.850470
vt 0.872404 0.850470
vt 0.887161 0.864802
vt 0.872404 0.867385
vt 0.872404 0.864802
vt 0.780131 0.756948
vt 0.803106 0.754365
vt 0.803738 0.756948
vt 0.769253 0.781453
vt 0.771835 0.758479
vt 0.771835 0.782086
vt 0.931115 0.869306
vt 0.929761 0.871430
vt 0.929959 0.864728
vt 0.782213 0.807298
vt 0.784732 0.828544
vt 0.782213 0.830272
vt 0.752336 0.831073
vt 0.754790 0.849959
vt 0.752336 0.852319
vt 0.852715 0.814636
vt 0.869240 0.812182
vt 0.871601 0.814636
vt 0.864753 0.853120
vt 0.867272 0.867917
vt 0.864753 0.869645
vt 0.776017 0.872804
vt 0.778600 0.886968
vt 0.776017 0.887601
vt 0.786167 0.886968
vt 0.788749 0.872804
vt 0.788749 0.887601
vt 0.818278 0.867917
vt 0.820797 0.853120
vt 0.820797 0.869645
vt 0.855076 0.773126
vt 0.871601 0.775580
vt 0.852715 0.775580
vt 0.775118 0.849959
vt 0.777573 0.831073
vt 0.777573 0.852319
vt 0.801330 0.809026
vt 0.798811 0.830272
vt 0.798811 0.807298
vt 0.806864 0.899069
vt 0.804410 0.888401
vt 0.806864 0.888401
vt 0.907648 0.749865
vt 0.920676 0.747346
vt 0.920676 0.749865
vt 0.849866 0.922182
vt 0.847742 0.923411
vt 0.845289 0.923339
vt 0.754790 0.910539
vt 0.752336 0.902232
vt 0.754790 0.902232
vt 0.938568 0.840269
vt 0.931989 0.842788
vt 0.931989 0.840269
vt 0.909842 0.930158
vt 0.907259 0.924211
vt 0.909842 0.924211
vt 0.882777 0.924211
vt 0.880195 0.930158
vt 0.880195 0.924211
vt 0.931989 0.913302
vt 0.938568 0.915821
vt 0.931989 0.915821
vt 0.787336 0.902232
vt 0.784882 0.910539
vt 0.784882 0.902232
vt 0.780828 0.888401
vt 0.778373 0.899069
vt 0.778373 0.888401
vt 0.905920 0.767264
vt 0.918948 0.769783
vt 0.905920 0.769783
vt 0.370980 0.791559
vt 0.360686 0.815335
vt 0.360686 0.791559
vt 0.337324 0.909110
vt 0.328409 0.903963
vt 0.328409 0.893669
vt 0.403722 0.791559
vt 0.414016 0.815335
vt 0.403722 0.815335
vt 0.381739 0.863816
vt 0.371445 0.840041
vt 0.381739 0.840041
vt 0.453829 0.807000
vt 0.444914 0.812147
vt 0.435999 0.807000
vt 0.403257 0.888057
vt 0.392963 0.864281
vt 0.403257 0.864281
vt 0.338703 0.888057
vt 0.328409 0.864281
vt 0.338703 0.864281
vt 0.349927 0.840041
vt 0.360221 0.863816
vt 0.349927 0.863816
vt 0.905117 0.794160
vt 0.890363 0.791578
vt 0.905117 0.791578
vt 0.890363 0.814456
vt 0.905117 0.811874
vt 0.905117 0.814456
vt 0.778599 0.806494
vt 0.776017 0.783523
vt 0.778599 0.782890
vt 0.805171 0.737450
vt 0.828143 0.740032
vt 0.804539 0.740032
vt 0.933218 0.785066
vt 0.935418 0.783839
vt 0.932062 0.789643
vt 0.817928 0.830269
vt 0.815409 0.809026
vt 0.817928 0.807298
vt 0.800355 0.852317
vt 0.797901 0.833433
vt 0.800355 0.831073
vt 0.871599 0.841473
vt 0.855076 0.843927
vt 0.852715 0.841473
vt 0.888927 0.783859
vt 0.874132 0.786378
vt 0.872404 0.783859
vt 0.829346 0.887599
vt 0.826764 0.873436
vt 0.829346 0.872804
vt 0.853025 0.873436
vt 0.850443 0.887599
vt 0.850443 0.872804
vt 0.887200 0.763143
vt 0.872404 0.760624
vt 0.888927 0.760624
vt 0.764553 0.855480
vt 0.762099 0.872003
vt 0.762099 0.853120
vt 0.829644 0.833433
vt 0.827190 0.852316
vt 0.827190 0.831073
vt 0.830671 0.737386
vt 0.851915 0.739905
vt 0.828943 0.739905
vt 0.840211 0.890762
vt 0.842665 0.901428
vt 0.840211 0.901428
vt 0.907648 0.852770
vt 0.920674 0.850251
vt 0.920674 0.852770
vt 0.940470 0.745248
vt 0.941699 0.747372
vt 0.941626 0.749825
vt 0.840209 0.904593
vt 0.842663 0.912898
vt 0.840209 0.912898
vt 0.755655 0.925939
vt 0.758174 0.932517
vt 0.755655 0.932517
vt 0.934321 0.924844
vt 0.936903 0.930789
vt 0.934321 0.930789
vt 0.917408 0.930789
vt 0.919990 0.924844
vt 0.919990 0.930789
vt 0.772252 0.932517
vt 0.774770 0.925939
vt 0.774770 0.932517
vt 0.827192 0.912898
vt 0.829646 0.904593
vt 0.829646 0.912898
vt 0.862991 0.901428
vt 0.865445 0.890762
vt 0.865445 0.901428
vt 0.920674 0.822896
vt 0.907648 0.820378
vt 0.920674 0.820378
vt 0.422703 0.550709
vt 0.422066 0.566048
vt 0.422066 0.550709
vt 0.416775 0.525092
vt 0.416138 0.509752
vt 0.416775 0.509752
vt 0.296184 0.621464
vt 0.299102 0.623148
vt 0.298766 0.623961
vt 0.339239 0.543538
vt 0.337554 0.546456
vt 0.336742 0.546120
vt 0.433076 0.550708
vt 0.432439 0.566048
vt 0.432439 0.550708
vt 0.437522 0.590979
vt 0.436885 0.575639
vt 0.437522 0.575639
vt 0.486424 0.575639
vt 0.485787 0.590978
vt 0.485787 0.575639
vt 0.455304 0.590979
vt 0.454667 0.575639
vt 0.455304 0.575639
vt 0.431434 0.590979
vt 0.430798 0.575639
vt 0.431434 0.575639
vt 0.494519 0.590978
vt 0.495156 0.575639
vt 0.495156 0.590978
vt 0.423548 0.590979
vt 0.424185 0.575639
vt 0.424185 0.590979
vt 0.458109 0.590979
vt 0.457472 0.575639
vt 0.458109 0.575639
vt 0.555276 0.575638
vt 0.554639 0.590978
vt 0.554639 0.575638
vt 0.544218 0.575638
vt 0.543581 0.590978
vt 0.543581 0.575638
vt 0.561842 0.550022
vt 0.561205 0.534682
vt 0.561842 0.534682
vt 0.521671 0.590978
vt 0.521034 0.575639
vt 0.521671 0.575639
vt 0.429953 0.590979
vt 0.429316 0.575639
vt 0.429953 0.575639
vt 0.428630 0.509067
vt 0.427993 0.493727
vt 0.428630 0.493727
vt 0.467000 0.575639
vt 0.466363 0.590979
vt 0.466363 0.575639
vt 0.538291 0.590978
vt 0.537654 0.575638
vt 0.538291 0.575638
vt 0.501243 0.590978
vt 0.500606 0.575639
vt 0.501243 0.575639
vt 0.425507 0.566734
vt 0.424870 0.582074
vt 0.424870 0.566734
vt 0.548664 0.590978
vt 0.548027 0.575638
vt 0.548664 0.575638
vt 0.433076 0.598099
vt 0.432439 0.582759
vt 0.433076 0.582759
vt 0.477214 0.575639
vt 0.476577 0.590978
vt 0.476577 0.575639
vt 0.422703 0.582074
vt 0.422066 0.566734
vt 0.422703 0.566734
vt 0.328543 0.567053
vt 0.286552 0.568812
vt 0.286552 0.567053
vt 0.328544 0.496669
vt 0.286552 0.498428
vt 0.286552 0.496669
vt 0.328543 0.564120
vt 0.286552 0.562361
vt 0.328543 0.562361
vt 0.328543 0.604005
vt 0.286552 0.602246
vt 0.328543 0.602246
vt 0.242311 0.617507
vt 0.240551 0.575516
vt 0.242311 0.575516
vt 0.328544 0.557082
vt 0.286552 0.555322
vt 0.328544 0.555322
vt 0.328543 0.599313
vt 0.286552 0.597553
vt 0.328543 0.597553
vt 0.286552 0.449746
vt 0.328544 0.451505
vt 0.286552 0.451505
vt 0.244657 0.575516
vt 0.242897 0.617507
vt 0.242898 0.575516
vt 0.280436 0.617507
vt 0.282195 0.575516
vt 0.282195 0.617507
vt 0.265772 0.575516
vt 0.264013 0.617507
vt 0.264013 0.575516
vt 0.183657 0.575516
vt 0.181898 0.617507
vt 0.181898 0.575516
vt 0.328544 0.499015
vt 0.286552 0.500774
vt 0.286552 0.499015
vt 0.334997 0.568097
vt 0.335869 0.564613
vt 0.335869 0.567982
vt 0.188349 0.575516
vt 0.186590 0.617507
vt 0.186590 0.575516
vt 0.335869 0.527397
vt 0.334997 0.523913
vt 0.335869 0.524027
vt 0.572466 0.607505
vt 0.571830 0.622753
vt 0.571830 0.607505
vt 0.424185 0.622846
vt 0.423548 0.607598
vt 0.424185 0.607598
vt 0.424185 0.606912
vt 0.423548 0.591664
vt 0.424185 0.591664
vt 0.571098 0.565955
vt 0.570461 0.550707
vt 0.571098 0.550707
vt 0.564532 0.575638
vt 0.563895 0.590886
vt 0.563895 0.575638
vt 0.468641 0.622845
vt 0.468005 0.607598
vt 0.468641 0.607598
vt 0.569776 0.547960
vt 0.569139 0.532712
vt 0.569776 0.532712
vt 0.509975 0.591664
vt 0.509338 0.606912
vt 0.509338 0.591664
vt 0.577710 0.484820
vt 0.577073 0.500068
vt 0.577073 0.484820
vt 0.564486 0.468018
vt 0.563849 0.452770
vt 0.564486 0.452770
vt 0.512939 0.606912
vt 0.512302 0.591664
vt 0.512939 0.591664
vt 0.416775 0.605813
vt 0.416138 0.621061
vt 0.416138 0.605813
vt 0.579032 0.565955
vt 0.578395 0.550707
vt 0.579032 0.550707
vt 0.447098 0.622845
vt 0.447735 0.607598
vt 0.447735 0.622845
vt 0.581677 0.468018
vt 0.581040 0.452770
vt 0.581677 0.452770
vt 0.526435 0.607597
vt 0.525799 0.622845
vt 0.525799 0.607597
vt 0.524635 0.591664
vt 0.523998 0.606912
vt 0.523998 0.591664
vt 0.592256 0.565955
vt 0.591619 0.550707
vt 0.592256 0.550707
vt 0.441808 0.622845
vt 0.441171 0.607598
vt 0.441808 0.607598
vt 0.589611 0.532712
vt 0.588974 0.547960
vt 0.588974 0.532712
vt 0.517384 0.591664
vt 0.516748 0.606912
vt 0.516748 0.591664
vt 0.438844 0.622845
vt 0.438207 0.607598
vt 0.438844 0.607598
vt 0.523312 0.591664
vt 0.522675 0.606912
vt 0.522675 0.591664
vt 0.501243 0.607597
vt 0.500606 0.622845
vt 0.500606 0.607597
vt 0.268118 0.617507
vt 0.266359 0.575516
vt 0.268118 0.575516
vt 0.285839 0.524823
vt 0.243847 0.526582
vt 0.243847 0.524823
vt 0.174272 0.617507
vt 0.172513 0.575516
vt 0.174272 0.575516
vt 0.245244 0.617507
vt 0.247003 0.575516
vt 0.247003 0.617507
vt 0.328544 0.482592
vt 0.286552 0.484351
vt 0.286552 0.482592
vt 0.328544 0.484938
vt 0.286552 0.486697
vt 0.286552 0.484938
vt 0.328544 0.470861
vt 0.286552 0.472620
vt 0.286552 0.470861
vt 0.285839 0.562361
vt 0.243847 0.564120
vt 0.243847 0.562361
vt 0.285839 0.531861
vt 0.243847 0.533620
vt 0.243847 0.531861
vt 0.200080 0.617507
vt 0.198321 0.575516
vt 0.200080 0.575516
vt 0.905119 0.760331
vt 0.890363 0.757748
vt 0.905119 0.757748
vt 0.890363 0.770480
vt 0.905119 0.767897
vt 0.905119 0.770480
vt 0.780131 0.773863
vt 0.803106 0.771280
vt 0.803738 0.773863
vt 0.803106 0.767097
vt 0.780131 0.764514
vt 0.803738 0.764514
vt 0.922706 0.824905
vt 0.924906 0.823679
vt 0.921549 0.829483
vt 0.804539 0.793214
vt 0.825785 0.790695
vt 0.827513 0.793214
vt 0.755590 0.831073
vt 0.758045 0.849959
vt 0.755590 0.852319
vt 0.852715 0.827655
vt 0.869240 0.825200
vt 0.871601 0.827655
vt 0.872404 0.753184
vt 0.887201 0.750665
vt 0.888930 0.753184
vt 0.889730 0.871972
vt 0.903894 0.869390
vt 0.904527 0.871972
vt 0.809849 0.886968
vt 0.812431 0.872804
vt 0.812431 0.887601
vt 0.887201 0.746545
vt 0.872404 0.744026
vt 0.888930 0.744026
vt 0.869240 0.817891
vt 0.852715 0.815436
vt 0.871601 0.815436
vt 0.847829 0.798752
vt 0.828943 0.796298
vt 0.850190 0.796298
vt 0.768934 0.828544
vt 0.771453 0.807298
vt 0.771453 0.830272
vt 0.830447 0.890762
vt 0.832901 0.901430
vt 0.830447 0.901430
vt 0.907648 0.812939
vt 0.920676 0.810419
vt 0.920676 0.812939
vt 0.788007 0.923339
vt 0.785554 0.923411
vt 0.783429 0.922182
vt 0.791391 0.904593
vt 0.793845 0.912900
vt 0.791391 0.912900
vt 0.933718 0.899223
vt 0.940296 0.896704
vt 0.940296 0.899223
vt 0.897110 0.924844
vt 0.899693 0.930790
vt 0.897110 0.930790
vt 0.853130 0.930790
vt 0.855713 0.924844
vt 0.855713 0.930790
vt 0.940296 0.879305
vt 0.933718 0.876786
vt 0.940296 0.876786
vt 0.823938 0.912900
vt 0.826392 0.904593
vt 0.826392 0.912900
vt 0.823938 0.901430
vt 0.826392 0.890762
vt 0.826392 0.901430
vt 0.920676 0.796340
vt 0.907648 0.793821
vt 0.920676 0.793821
vt 0.405981 0.940002
vt 0.407016 0.943884
vt 0.405981 0.943884
vt 0.467006 0.804287
vt 0.468357 0.808169
vt 0.467006 0.808169
vt 0.438967 0.924571
vt 0.439317 0.923266
vt 0.439993 0.922096
vt 0.418946 0.926706
vt 0.420297 0.930588
vt 0.418946 0.930588
vt 0.349249 0.933216
vt 0.346592 0.933566
vt 0.345287 0.933216
vt 0.339944 0.943259
vt 0.338909 0.939377
vt 0.339944 0.939377
vt 0.473820 0.799787
vt 0.472469 0.795906
vt 0.473820 0.795906
vt 0.395708 0.943259
vt 0.394673 0.939377
vt 0.395708 0.939377
vt 0.400068 0.930844
vt 0.398717 0.926962
vt 0.400068 0.926962
vt 0.366127 0.943259
vt 0.365092 0.939377
vt 0.366127 0.939377
vt 0.468871 0.927809
vt 0.470222 0.931691
vt 0.468871 0.931691
vt 0.374093 0.939377
vt 0.375128 0.943259
vt 0.374093 0.943259
vt 0.472004 0.824028
vt 0.470653 0.820146
vt 0.472004 0.820147
vt 0.398401 0.943884
vt 0.399436 0.940002
vt 0.399436 0.943884
vt 0.413018 0.934935
vt 0.411666 0.931053
vt 0.413018 0.931053
vt 0.480225 0.898062
vt 0.481261 0.901943
vt 0.480225 0.901943
vt 0.437968 0.931843
vt 0.439319 0.935724
vt 0.437968 0.935724
vt 0.356865 0.943259
vt 0.357900 0.939377
vt 0.357900 0.943259
vt 0.417114 0.931053
vt 0.418466 0.934935
vt 0.417114 0.934935
vt 0.478725 0.898062
vt 0.479761 0.901943
vt 0.478725 0.901943
vt 0.468822 0.804287
vt 0.470173 0.808169
vt 0.468822 0.808169
vt 0.479539 0.914616
vt 0.478504 0.910734
vt 0.479539 0.910734
vt 0.467021 0.791559
vt 0.468372 0.795441
vt 0.467021 0.795441
vt 0.479057 0.868628
vt 0.480092 0.872510
vt 0.479057 0.872510
vt 0.428407 0.935725
vt 0.427056 0.931843
vt 0.428407 0.931843
vt 0.373628 0.943259
vt 0.372593 0.939377
vt 0.373628 0.939377
vt 0.396901 0.935191
vt 0.398252 0.931309
vt 0.398252 0.935191
vt 0.377093 0.939377
vt 0.378128 0.943259
vt 0.377093 0.943259
vt 0.464774 0.936037
vt 0.463423 0.932156
vt 0.464774 0.932156
vt 0.480092 0.843922
vt 0.479057 0.840041
vt 0.480092 0.840041
vt 0.453863 0.935724
vt 0.452512 0.931843
vt 0.453863 0.931843
vt 0.417114 0.943628
vt 0.418150 0.939746
vt 0.418150 0.943628
vt 0.472469 0.820146
vt 0.473820 0.824028
vt 0.472469 0.824028
vt 0.479805 0.836756
vt 0.478770 0.832875
vt 0.479805 0.832875
vt 0.467056 0.906388
vt 0.468407 0.910269
vt 0.467056 0.910269
vt 0.481305 0.812516
vt 0.480270 0.808634
vt 0.481305 0.808634
vt 0.443416 0.931843
vt 0.444767 0.935724
vt 0.443416 0.935724
vt 0.478592 0.868163
vt 0.477557 0.864281
vt 0.478592 0.864281
vt 0.436152 0.931843
vt 0.437503 0.935725
vt 0.436152 0.935725
vt 0.481305 0.836756
vt 0.480270 0.832875
vt 0.481305 0.832875
vt 0.425240 0.931843
vt 0.426591 0.935725
vt 0.425240 0.935725
vt 0.456863 0.944418
vt 0.455828 0.940536
vt 0.456863 0.940536
vt 0.456144 0.931843
vt 0.457495 0.935724
vt 0.456144 0.935724
vt 0.439784 0.940536
vt 0.440819 0.944418
vt 0.439784 0.944418
vt 0.470638 0.828528
vt 0.471989 0.832410
vt 0.470638 0.832410
vt 0.479805 0.832409
vt 0.478770 0.828528
vt 0.479805 0.828528
vt 0.470173 0.812516
vt 0.468822 0.808634
vt 0.470173 0.808634
vt 0.338444 0.939377
vt 0.337409 0.943259
vt 0.337409 0.939377
vt 0.468872 0.906388
vt 0.470223 0.910269
vt 0.468872 0.910269
vt 0.346671 0.943259
vt 0.345636 0.939377
vt 0.346671 0.939377
vt 0.362364 0.881669
vt 0.363716 0.885551
vt 0.362364 0.885551
vt 0.476056 0.840041
vt 0.477092 0.843923
vt 0.476056 0.843923
vt 0.351375 0.918858
vt 0.350419 0.919813
vt 0.349249 0.920489
vt 0.365997 0.899056
vt 0.367348 0.902938
vt 0.365997 0.902938
vt 0.390980 0.910575
vt 0.393455 0.911600
vt 0.394410 0.912556
vt 0.476761 0.901944
vt 0.475725 0.898062
vt 0.476761 0.898062
vt 0.344479 0.881669
vt 0.345830 0.885551
vt 0.344479 0.885551
vt 0.451864 0.936189
vt 0.452899 0.940071
vt 0.451864 0.940071
vt 0.401884 0.918269
vt 0.400533 0.922151
vt 0.400533 0.918269
vt 0.370628 0.938912
vt 0.369593 0.935030
vt 0.370628 0.935030
vt 0.465190 0.808634
vt 0.466541 0.812516
vt 0.465190 0.812516
vt 0.476854 0.936038
vt 0.475819 0.932156
vt 0.476854 0.932156
vt 0.423424 0.919428
vt 0.424775 0.923310
vt 0.423424 0.923310
vt 0.401568 0.935656
vt 0.400533 0.939537
vt 0.400533 0.935656
vt 0.404165 0.918269
vt 0.405516 0.922151
vt 0.404165 0.922151
vt 0.366593 0.935030
vt 0.367628 0.938912
vt 0.366593 0.938912
vt 0.400533 0.909575
vt 0.401884 0.913457
vt 0.400533 0.913457
vt 0.349672 0.935030
vt 0.348636 0.938912
vt 0.348636 0.935030
vt 0.402349 0.909575
vt 0.403700 0.913457
vt 0.402349 0.913457
vt 0.332909 0.935030
vt 0.333944 0.938912
vt 0.332909 0.938912
vt 0.369629 0.903403
vt 0.370980 0.907285
vt 0.369629 0.907285
vt 0.373628 0.938912
vt 0.372593 0.935030
vt 0.373628 0.935030
vt 0.369164 0.902938
vt 0.367813 0.899056
vt 0.369164 0.899056
vt 0.432188 0.936190
vt 0.433223 0.940072
vt 0.432188 0.940072
vt 0.466590 0.927344
vt 0.465239 0.923462
vt 0.466590 0.923462
vt 0.476805 0.812516
vt 0.475770 0.808634
vt 0.476805 0.808634
vt 0.367813 0.894244
vt 0.369164 0.890362
vt 0.369164 0.894244
vt 0.476539 0.914616
vt 0.475504 0.910734
vt 0.476539 0.910734
vt 0.380541 0.922303
vt 0.381892 0.926185
vt 0.380541 0.926185
vt 0.386708 0.938912
vt 0.385673 0.935030
vt 0.386708 0.935030
vt 0.463374 0.808634
vt 0.464725 0.812516
vt 0.463374 0.812516
vt 0.395708 0.935030
vt 0.394673 0.938912
vt 0.394673 0.935030
vt 0.413482 0.926706
vt 0.414834 0.930588
vt 0.413482 0.930588
vt 0.388673 0.935030
vt 0.389708 0.938912
vt 0.388673 0.938912
vt 0.404165 0.913922
vt 0.405516 0.917804
vt 0.404165 0.917804
vt 0.477319 0.932156
vt 0.478354 0.936038
vt 0.477319 0.936038
vt 0.422114 0.927178
vt 0.420762 0.923297
vt 0.422114 0.923297
vt 0.363900 0.938912
vt 0.362865 0.935030
vt 0.363900 0.935030
vt 0.462909 0.832410
vt 0.461558 0.828528
vt 0.462909 0.828528
vt 0.478354 0.931691
vt 0.477319 0.927809
vt 0.478354 0.927809
vt 0.462909 0.836757
vt 0.461558 0.832875
vt 0.462909 0.832875
vt 0.443416 0.936189
vt 0.444451 0.940071
vt 0.443416 0.940071
vt 0.461829 0.860997
vt 0.463180 0.857115
vt 0.463180 0.860997
vt 0.350136 0.935030
vt 0.351172 0.938912
vt 0.350136 0.938912
vt 0.456109 0.812516
vt 0.457461 0.808634
vt 0.457461 0.812516
vt 0.409069 0.939282
vt 0.408034 0.935400
vt 0.409069 0.935400
vt 0.466812 0.860997
vt 0.465461 0.857115
vt 0.466812 0.857115
vt 0.476854 0.919116
vt 0.475819 0.922997
vt 0.475819 0.919116
vt 0.369629 0.899056
vt 0.370980 0.902938
vt 0.369629 0.902938
vt 0.478320 0.799788
vt 0.477285 0.795906
vt 0.478320 0.795906
vt 0.549349 0.452770
vt 0.550146 0.493040
vt 0.549349 0.493040
vt 0.549349 0.534682
vt 0.550146 0.574952
vt 0.549349 0.574952
vt 0.421906 0.452770
vt 0.422703 0.493041
vt 0.421906 0.493041
vt 0.423388 0.534683
vt 0.424185 0.574954
vt 0.423388 0.574954
vt 0.507171 0.493726
vt 0.506374 0.533997
vt 0.506374 0.493726
vt 0.503411 0.452770
vt 0.504207 0.493041
vt 0.503411 0.493041
vt 0.469327 0.534683
vt 0.470123 0.574953
vt 0.469327 0.574953
vt 0.470809 0.534683
vt 0.471605 0.574953
vt 0.470809 0.574953
vt 0.513784 0.534682
vt 0.514580 0.574953
vt 0.513784 0.574953
vt 0.508653 0.493041
vt 0.507856 0.452770
vt 0.508653 0.452770
vt 0.482664 0.452770
vt 0.483460 0.493041
vt 0.482664 0.493041
vt 0.558241 0.452770
vt 0.559037 0.493040
vt 0.558241 0.493040
vt 0.460436 0.493726
vt 0.461232 0.533997
vt 0.460436 0.533997
vt 0.455990 0.493726
vt 0.456786 0.533997
vt 0.455990 0.533997
vt 0.558241 0.493725
vt 0.559037 0.533995
vt 0.558241 0.533995
vt 0.485628 0.452770
vt 0.486424 0.493041
vt 0.485628 0.493041
vt 0.476736 0.493726
vt 0.477533 0.533997
vt 0.476736 0.533997
vt 0.518229 0.493726
vt 0.519026 0.533997
vt 0.518229 0.533997
vt 0.458268 0.533997
vt 0.457472 0.493726
vt 0.458268 0.493726
vt 0.513784 0.452770
vt 0.514580 0.493041
vt 0.513784 0.493041
vt 0.520508 0.493041
vt 0.519711 0.452770
vt 0.520508 0.452770
vt 0.442653 0.533997
vt 0.443449 0.493726
vt 0.443449 0.533997
vt 0.546386 0.493726
vt 0.547182 0.533996
vt 0.546386 0.533996
vt 0.426352 0.452770
vt 0.427148 0.493041
vt 0.426352 0.493041
vt 0.552313 0.493726
vt 0.553110 0.533996
vt 0.552313 0.533996
vt 0.550831 0.534682
vt 0.551628 0.574952
vt 0.550831 0.574952
vt 0.463399 0.452770
vt 0.464196 0.493041
vt 0.463399 0.493041
vt 0.429316 0.452770
vt 0.430112 0.493041
vt 0.429316 0.493041
vt 0.522675 0.493726
vt 0.523472 0.533997
vt 0.522675 0.533997
vt 0.435243 0.534683
vt 0.436040 0.574953
vt 0.435243 0.574953
vt 0.441171 0.493727
vt 0.441967 0.533997
vt 0.441171 0.533997
vt 0.445616 0.493726
vt 0.446413 0.533997
vt 0.445616 0.533997
vt 0.472291 0.534683
vt 0.473087 0.574953
vt 0.472291 0.574953
vt 0.524157 0.452770
vt 0.524954 0.493041
vt 0.524157 0.493041
vt 0.439689 0.452770
vt 0.440485 0.493041
vt 0.439689 0.493041
vt 0.555277 0.452770
vt 0.556074 0.493040
vt 0.555277 0.493040
vt 0.436725 0.493727
vt 0.437522 0.533997
vt 0.436725 0.533997
vt 0.426352 0.493727
vt 0.427148 0.533998
vt 0.426352 0.533998
vt 0.558241 0.534682
vt 0.559037 0.574952
vt 0.558241 0.574952
vt 0.427834 0.493041
vt 0.428630 0.452770
vt 0.428630 0.493041
vt 0.475254 0.534683
vt 0.476051 0.574953
vt 0.475254 0.574953
vt 0.464881 0.493726
vt 0.465678 0.533997
vt 0.464881 0.533997
vt 0.521193 0.452770
vt 0.521990 0.493041
vt 0.521193 0.493041
vt 0.439003 0.533997
vt 0.438207 0.493727
vt 0.439003 0.493727
vt 0.511617 0.493041
vt 0.510820 0.452770
vt 0.511617 0.452770
vt 0.521193 0.493726
vt 0.521990 0.533997
vt 0.521193 0.533997
vt 0.556759 0.452770
vt 0.557555 0.493040
vt 0.556759 0.493040
vt 0.479700 0.452770
vt 0.480497 0.493041
vt 0.479700 0.493041
vt 0.872404 0.817437
vt 0.887163 0.820020
vt 0.872404 0.820020
vt 0.873037 0.809870
vt 0.887796 0.807287
vt 0.887796 0.809870
vt 0.779330 0.747601
vt 0.756352 0.750184
vt 0.755719 0.747601
vt 0.756352 0.750984
vt 0.779330 0.753567
vt 0.755719 0.753567
vt 0.879553 0.911872
vt 0.877428 0.910518
vt 0.884131 0.910715
vt 0.827517 0.747535
vt 0.806267 0.750055
vt 0.804539 0.747535
vt 0.850193 0.757238
vt 0.831304 0.759693
vt 0.828943 0.757238
vt 0.871604 0.753597
vt 0.855076 0.756052
vt 0.852715 0.753597
vt 0.797557 0.869648
vt 0.795038 0.854848
vt 0.797557 0.853120
vt 0.904529 0.825405
vt 0.890363 0.827989
vt 0.889730 0.825405
vt 0.890363 0.859240
vt 0.904529 0.861823
vt 0.889730 0.861823
vt 0.787597 0.854848
vt 0.785077 0.869648
vt 0.785077 0.853120
vt 0.855076 0.734067
vt 0.871604 0.736522
vt 0.852715 0.736522
vt 0.831304 0.789788
vt 0.850193 0.792243
vt 0.828943 0.792243
vt 0.806267 0.760815
vt 0.827517 0.763335
vt 0.804539 0.763335
vt 0.916589 0.876356
vt 0.905920 0.878810
vt 0.905920 0.876356
vt 0.870615 0.874532
vt 0.873134 0.887563
vt 0.870615 0.887563
vt 0.922706 0.761911
vt 0.921477 0.759786
vt 0.921549 0.757333
vt 0.881717 0.896710
vt 0.879263 0.888401
vt 0.881717 0.888401
vt 0.938569 0.803748
vt 0.931989 0.806268
vt 0.931989 0.803748
vt 0.812532 0.924844
vt 0.815115 0.930791
vt 0.812532 0.930791
vt 0.801581 0.924211
vt 0.798998 0.930159
vt 0.798998 0.924211
vt 0.931989 0.833629
vt 0.938569 0.836149
vt 0.931989 0.836149
vt 0.897992 0.888401
vt 0.895538 0.896709
vt 0.895538 0.888401
vt 0.918950 0.856025
vt 0.908281 0.853571
vt 0.918950 0.853571
vt 0.896375 0.872804
vt 0.893855 0.885834
vt 0.893855 0.872804
vt 0.565809 0.468886
vt 0.565172 0.484135
vt 0.565172 0.468886
vt 0.579078 0.606820
vt 0.578441 0.591572
vt 0.579078 0.591572
vt 0.339239 0.499583
vt 0.337554 0.502501
vt 0.336742 0.502165
vt 0.336742 0.450654
vt 0.337554 0.450318
vt 0.339239 0.453236
vt 0.573743 0.468018
vt 0.573106 0.452770
vt 0.573743 0.452770
vt 0.580355 0.452770
vt 0.579718 0.468018
vt 0.579718 0.452770
vt 0.592256 0.500067
vt 0.591619 0.484820
vt 0.592256 0.484820
vt 0.590934 0.500067
vt 0.590297 0.484820
vt 0.590934 0.484820
vt 0.443449 0.591664
vt 0.442812 0.606912
vt 0.442812 0.591664
vt 0.573743 0.484134
vt 0.573106 0.468886
vt 0.573743 0.468886
vt 0.429953 0.607598
vt 0.429316 0.622846
vt 0.429316 0.607598
vt 0.571784 0.500068
vt 0.572421 0.484820
vt 0.572421 0.500068
vt 0.585644 0.500068
vt 0.585007 0.484820
vt 0.585644 0.484820
vt 0.573743 0.516093
vt 0.573106 0.500845
vt 0.573743 0.500845
vt 0.563210 0.591572
vt 0.562573 0.606820
vt 0.562573 0.591572
vt 0.556598 0.622845
vt 0.555961 0.607597
vt 0.556598 0.607597
vt 0.170167 0.532224
vt 0.171926 0.490105
vt 0.171926 0.532224
vt 0.243260 0.447400
vt 0.201142 0.449159
vt 0.201142 0.447399
vt 0.167234 0.532224
vt 0.165475 0.490105
vt 0.167234 0.490105
vt 0.285965 0.512505
vt 0.243847 0.510746
vt 0.285965 0.510746
vt 0.285965 0.453851
vt 0.243847 0.452092
vt 0.285965 0.452092
vt 0.285965 0.473207
vt 0.243847 0.474966
vt 0.243847 0.473207
vt 0.243260 0.524822
vt 0.201142 0.526582
vt 0.201142 0.524822
vt 0.210052 0.574929
vt 0.211811 0.532811
vt 0.211811 0.574929
vt 0.285965 0.479659
vt 0.243847 0.477899
vt 0.285965 0.477899
vt 0.193042 0.532224
vt 0.191282 0.490105
vt 0.193042 0.490105
vt 0.172513 0.532224
vt 0.174273 0.490105
vt 0.174273 0.532224
vt 0.243260 0.484351
vt 0.201142 0.482592
vt 0.243260 0.482592
vt 0.214157 0.574929
vt 0.212398 0.532811
vt 0.214157 0.532811
vt 0.336741 0.487283
vt 0.337554 0.486947
vt 0.339239 0.489865
vt 0.230580 0.532811
vt 0.228821 0.574929
vt 0.228821 0.532811
vt 0.334997 0.494839
vt 0.334185 0.495175
vt 0.332500 0.492257
vt 0.565855 0.590886
vt 0.565218 0.575638
vt 0.565855 0.575638
vt 0.577710 0.516779
vt 0.577073 0.532027
vt 0.577073 0.516779
vt 0.589657 0.607505
vt 0.589020 0.622753
vt 0.589020 0.607505
vt 0.441808 0.606912
vt 0.441171 0.591664
vt 0.441808 0.591664
vt 0.590980 0.622753
vt 0.590343 0.607505
vt 0.590980 0.607505
vt 0.576434 0.607505
vt 0.575797 0.622753
vt 0.575797 0.607505
vt 0.592302 0.575638
vt 0.591665 0.590886
vt 0.591665 0.575638
vt 0.419739 0.622846
vt 0.419102 0.607598
vt 0.419739 0.607598
vt 0.548664 0.622845
vt 0.548027 0.607597
vt 0.548664 0.607597
vt 0.487746 0.591664
vt 0.487110 0.606912
vt 0.487110 0.591664
vt 0.564486 0.532118
vt 0.563849 0.516870
vt 0.564486 0.516870
vt 0.569776 0.550707
vt 0.569139 0.565955
vt 0.569139 0.550707
vt 0.580401 0.590886
vt 0.579764 0.575638
vt 0.580401 0.575638
vt 0.559243 0.591663
vt 0.558606 0.606911
vt 0.558606 0.591663
vt 0.589657 0.590886
vt 0.589020 0.575638
vt 0.589657 0.575638
vt 0.584322 0.484134
vt 0.583685 0.468886
vt 0.584322 0.468886
vt 0.460436 0.591664
vt 0.461072 0.606912
vt 0.460436 0.606912
vt 0.549986 0.607597
vt 0.549350 0.622845
vt 0.549350 0.607597
vt 0.418257 0.607598
vt 0.417620 0.622846
vt 0.417620 0.607598
vt 0.520348 0.606912
vt 0.519711 0.591664
vt 0.520348 0.591664
vt 0.585644 0.484134
vt 0.585007 0.468886
vt 0.585644 0.468886
vt 0.573743 0.484820
vt 0.573106 0.500068
vt 0.573106 0.484820
vt 0.584368 0.575638
vt 0.583731 0.590886
vt 0.583731 0.575638
vt 0.565809 0.532027
vt 0.565172 0.516779
vt 0.565809 0.516779
vt 0.285965 0.496669
vt 0.243847 0.498428
vt 0.243847 0.496669
vt 0.163129 0.532224
vt 0.164888 0.490105
vt 0.164888 0.532224
vt 0.200555 0.451505
vt 0.158436 0.449746
vt 0.200555 0.449746
vt 0.195975 0.532224
vt 0.197734 0.490105
vt 0.197734 0.532224
vt 0.200555 0.482592
vt 0.158436 0.484351
vt 0.158436 0.482592
vt 0.285965 0.521889
vt 0.243847 0.520130
vt 0.285965 0.520130
vt 0.184244 0.532224
vt 0.186003 0.490105
vt 0.186003 0.532224
vt 0.285965 0.494322
vt 0.243847 0.496082
vt 0.243847 0.494322
vt 0.174860 0.532224
vt 0.176619 0.490105
vt 0.176619 0.532224
vt 0.200667 0.574929
vt 0.202426 0.532811
vt 0.202426 0.574929
vt 0.565809 0.532804
vt 0.565172 0.548052
vt 0.565172 0.532804
vt 0.480497 0.606912
vt 0.479860 0.591664
vt 0.480497 0.591664
vt 0.593578 0.468018
vt 0.592941 0.452770
vt 0.593578 0.452770
vt 0.581677 0.516093
vt 0.581040 0.500845
vt 0.581677 0.500845
vt 0.592941 0.516093
vt 0.593578 0.500845
vt 0.593578 0.516093
vt 0.447735 0.606912
vt 0.447098 0.591664
vt 0.447735 0.591664
vt 0.580355 0.500845
vt 0.579718 0.516093
vt 0.579718 0.500845
vt 0.512939 0.607597
vt 0.512302 0.622845
vt 0.512302 0.607597
vt 0.565855 0.606820
vt 0.565218 0.591572
vt 0.565855 0.591572
vt 0.428630 0.614718
vt 0.427993 0.629966
vt 0.427993 0.614718
vt 0.872404 0.844504
vt 0.887161 0.847087
vt 0.872405 0.847087
vt 0.887161 0.851270
vt 0.872404 0.853853
vt 0.872404 0.851270
vt 0.772636 0.758479
vt 0.775218 0.781453
vt 0.772636 0.782086
vt 0.771834 0.783523
vt 0.769251 0.806497
vt 0.769251 0.782890
vt 0.929959 0.881386
vt 0.927758 0.882613
vt 0.931115 0.876808
vt 0.762295 0.807298
vt 0.764814 0.828544
vt 0.762295 0.830272
vt 0.828943 0.821535
vt 0.847829 0.819081
vt 0.850190 0.821535
vt 0.852715 0.762561
vt 0.869240 0.760107
vt 0.871601 0.762561
vt 0.872404 0.749865
vt 0.887201 0.747346
vt 0.888930 0.749865
vt 0.792933 0.872804
vt 0.795515 0.886968
vt 0.792933 0.887601
vt 0.816615 0.886968
vt 0.819197 0.872804
vt 0.819198 0.887601
vt 0.848155 0.867917
vt 0.850674 0.853120
vt 0.850674 0.869645
vt 0.855076 0.763362
vt 0.871601 0.765816
vt 0.852715 0.765816
vt 0.847829 0.805261
vt 0.828943 0.802807
vt 0.850190 0.802807
vt 0.804650 0.809026
vt 0.802131 0.830272
vt 0.802131 0.807298
vt 0.790591 0.899069
vt 0.788137 0.888401
vt 0.790591 0.888401
vt 0.907648 0.739906
vt 0.920676 0.737387
vt 0.920676 0.739906
vt 0.770220 0.922182
vt 0.768096 0.923411
vt 0.765643 0.923339
vt 0.917522 0.896708
vt 0.915068 0.888401
vt 0.917522 0.888401
vt 0.938568 0.843589
vt 0.931989 0.846108
vt 0.931989 0.843589
vt 0.859096 0.930158
vt 0.856513 0.924211
vt 0.859096 0.924211
vt 0.862479 0.924211
vt 0.859897 0.930158
vt 0.859897 0.924211
vt 0.931989 0.900024
vt 0.938568 0.902543
vt 0.931989 0.902543
vt 0.761299 0.902232
vt 0.758845 0.910539
vt 0.758845 0.902232
vt 0.767809 0.888401
vt 0.765355 0.899069
vt 0.765355 0.888401
vt 0.905920 0.760624
vt 0.918948 0.763144
vt 0.905920 0.763144
vt 0.403722 0.839576
vt 0.414016 0.815800
vt 0.414016 0.839576
vt 0.425240 0.900776
vt 0.425240 0.890481
vt 0.434155 0.885334
vt 0.339168 0.791559
vt 0.349462 0.815335
vt 0.339168 0.815335
vt 0.370980 0.863816
vt 0.360686 0.840041
vt 0.370980 0.840041
vt 0.380360 0.909110
vt 0.371445 0.903963
vt 0.371445 0.893669
vt 0.435534 0.839576
vt 0.425240 0.815800
vt 0.435534 0.815800
vt 0.360221 0.888057
vt 0.349927 0.864281
vt 0.360221 0.864281
vt 0.382204 0.815800
vt 0.392498 0.839576
vt 0.382204 0.839576
vt 0.905117 0.811073
vt 0.890363 0.808491
vt 0.905117 0.808491
vt 0.890363 0.817839
vt 0.905117 0.815256
vt 0.905117 0.817839
vt 0.785365 0.806494
vt 0.782782 0.783523
vt 0.785365 0.782890
vt 0.788747 0.783523
vt 0.786165 0.806494
vt 0.786165 0.782890
vt 0.933218 0.775111
vt 0.935418 0.773885
vt 0.932062 0.779688
vt 0.851915 0.740706
vt 0.830671 0.743225
vt 0.828943 0.740706
vt 0.813372 0.852317
vt 0.810918 0.833433
vt 0.813372 0.831073
vt 0.758044 0.872003
vt 0.755590 0.855480
vt 0.758044 0.853120
vt 0.888927 0.767263
vt 0.874132 0.769781
vt 0.872404 0.767263
vt 0.839494 0.887599
vt 0.836912 0.873436
vt 0.839494 0.872804
vt 0.859791 0.873436
vt 0.857209 0.887599
vt 0.857209 0.872804
vt 0.874132 0.773901
vt 0.888927 0.776420
vt 0.872404 0.776420
vt 0.774317 0.855480
vt 0.771863 0.872003
vt 0.771863 0.853120
vt 0.797100 0.833433
vt 0.794647 0.852317
vt 0.794647 0.831073
vt 0.830671 0.744025
vt 0.851915 0.746544
vt 0.828943 0.746544
vt 0.845919 0.899067
vt 0.843465 0.888401
vt 0.845919 0.888401
vt 0.907648 0.819577
vt 0.920674 0.817058
vt 0.920674 0.819577
vt 0.899643 0.922181
vt 0.897518 0.923410
vt 0.895066 0.923337
vt 0.853227 0.904593
vt 0.855681 0.912898
vt 0.853227 0.912898
vt 0.765613 0.925939
vt 0.768132 0.932517
vt 0.765613 0.932517
vt 0.943132 0.743415
vt 0.949077 0.740832
vt 0.949077 0.743415
vt 0.927556 0.930789
vt 0.930138 0.924844
vt 0.930138 0.930789
vt 0.785529 0.932517
vt 0.788048 0.925939
vt 0.788048 0.932517
vt 0.833701 0.912898
vt 0.836155 0.904593
vt 0.836155 0.912898
vt 0.856482 0.901428
vt 0.858936 0.890761
vt 0.858936 0.901428
vt 0.920674 0.849451
vt 0.907648 0.846932
vt 0.920674 0.846932
vt 0.443449 0.575639
vt 0.442812 0.590979
vt 0.442812 0.575639
vt 0.440485 0.550023
vt 0.439848 0.534683
vt 0.440485 0.534683
vt 0.266881 0.621464
vt 0.269799 0.623148
vt 0.269462 0.623961
vt 0.339239 0.506909
vt 0.337554 0.509827
vt 0.336742 0.509491
vt 0.529240 0.575639
vt 0.528603 0.590978
vt 0.528603 0.575639
vt 0.526435 0.590978
vt 0.525799 0.575639
vt 0.526435 0.575639
vt 0.561842 0.500845
vt 0.561205 0.516185
vt 0.561205 0.500845
vt 0.561842 0.484135
vt 0.561205 0.468795
vt 0.561842 0.468795
vt 0.415134 0.590979
vt 0.414497 0.575639
vt 0.415134 0.575639
vt 0.512302 0.590978
vt 0.512939 0.575639
vt 0.512939 0.590978
vt 0.478378 0.590978
vt 0.479015 0.575639
vt 0.479015 0.590978
vt 0.422703 0.598099
vt 0.422066 0.582759
vt 0.422703 0.582759
vt 0.508493 0.575639
vt 0.507856 0.590978
vt 0.507856 0.575639
vt 0.509975 0.575639
vt 0.509338 0.590978
vt 0.509338 0.575639
vt 0.563164 0.468109
vt 0.562527 0.452770
vt 0.563164 0.452770
vt 0.452181 0.590979
vt 0.451544 0.575639
vt 0.452181 0.575639
vt 0.552631 0.590978
vt 0.551994 0.575638
vt 0.552631 0.575638
vt 0.542736 0.590978
vt 0.542100 0.575638
vt 0.542736 0.575638
vt 0.473773 0.590979
vt 0.474409 0.575639
vt 0.474409 0.590979
vt 0.428630 0.566048
vt 0.427993 0.550708
vt 0.428630 0.550708
vt 0.523312 0.590978
vt 0.522675 0.575639
vt 0.523312 0.575639
vt 0.416138 0.509067
vt 0.416775 0.493727
vt 0.416775 0.509067
vt 0.484305 0.550708
vt 0.484942 0.566048
vt 0.484305 0.566048
vt 0.433076 0.509067
vt 0.432439 0.493727
vt 0.433076 0.493727
vt 0.433076 0.534683
vt 0.432439 0.550023
vt 0.432439 0.534683
vt 0.433076 0.525092
vt 0.432439 0.509752
vt 0.433076 0.509752
vt 0.328543 0.564707
vt 0.286552 0.566466
vt 0.286552 0.564707
vt 0.237618 0.617507
vt 0.235859 0.575516
vt 0.237618 0.575516
vt 0.286552 0.571746
vt 0.328543 0.573505
vt 0.286552 0.573505
vt 0.167821 0.617507
vt 0.169580 0.575516
vt 0.169580 0.617507
vt 0.328544 0.501361
vt 0.286552 0.503120
vt 0.286552 0.501361
vt 0.328544 0.554736
vt 0.286552 0.552976
vt 0.328544 0.552976
vt 0.286552 0.588169
vt 0.328543 0.589928
vt 0.286552 0.589928
vt 0.328544 0.538312
vt 0.286552 0.536553
vt 0.328544 0.536553
vt 0.238205 0.617507
vt 0.239964 0.575516
vt 0.239964 0.617507
vt 0.328544 0.491389
vt 0.286552 0.489630
vt 0.328544 0.489630
vt 0.286552 0.538899
vt 0.328544 0.540659
vt 0.286552 0.540659
vt 0.268705 0.617507
vt 0.270464 0.575516
vt 0.270464 0.617507
vt 0.328543 0.574092
vt 0.286552 0.575851
vt 0.286552 0.574092
vt 0.334997 0.538794
vt 0.335869 0.535310
vt 0.335869 0.538679
vt 0.285839 0.531274
vt 0.243847 0.529515
vt 0.285839 0.529515
vt 0.336741 0.589845
vt 0.335869 0.593329
vt 0.335869 0.589960
vt 0.561888 0.591663
vt 0.561251 0.606911
vt 0.561251 0.591663
vt 0.579032 0.547960
vt 0.578395 0.532712
vt 0.579032 0.532712
vt 0.589611 0.565955
vt 0.588974 0.550707
vt 0.589611 0.550707
vt 0.514261 0.606912
vt 0.513624 0.591664
vt 0.514261 0.591664
vt 0.576434 0.575638
vt 0.575797 0.590886
vt 0.575797 0.575638
vt 0.446413 0.614032
vt 0.445776 0.598784
vt 0.446413 0.598784
vt 0.576434 0.606820
vt 0.575797 0.591572
vt 0.576434 0.591572
vt 0.592302 0.607505
vt 0.591665 0.622753
vt 0.591665 0.607505
vt 0.571144 0.607505
vt 0.570507 0.622753
vt 0.570507 0.607505
vt 0.564486 0.484135
vt 0.563850 0.468886
vt 0.564486 0.468886
vt 0.517384 0.622845
vt 0.516748 0.607597
vt 0.517384 0.607597
vt 0.577710 0.452770
vt 0.577073 0.468018
vt 0.577073 0.452770
vt 0.579078 0.590886
vt 0.578441 0.575638
vt 0.579078 0.575638
vt 0.575065 0.500845
vt 0.574428 0.516093
vt 0.574428 0.500845
vt 0.557921 0.606911
vt 0.557284 0.591663
vt 0.557921 0.591663
vt 0.584322 0.500845
vt 0.583685 0.516093
vt 0.583685 0.500845
vt 0.471446 0.607598
vt 0.470809 0.622845
vt 0.470809 0.607597
vt 0.590934 0.532026
vt 0.590297 0.516779
vt 0.590934 0.516779
vt 0.465199 0.622845
vt 0.464562 0.607598
vt 0.465199 0.607598
vt 0.572420 0.550707
vt 0.571784 0.565955
vt 0.571784 0.550707
vt 0.571144 0.575638
vt 0.570507 0.590886
vt 0.570507 0.575638
vt 0.569776 0.532027
vt 0.569139 0.516779
vt 0.569776 0.516779
vt 0.501243 0.591664
vt 0.500606 0.606912
vt 0.500606 0.591664
vt 0.446413 0.614718
vt 0.445776 0.629965
vt 0.445776 0.614718
vt 0.251695 0.617507
vt 0.249936 0.575516
vt 0.251695 0.575516
vt 0.202426 0.617507
vt 0.200667 0.575516
vt 0.202426 0.575516
vt 0.157850 0.617507
vt 0.156090 0.575516
vt 0.157850 0.575516
vt 0.217090 0.617507
vt 0.218849 0.575516
vt 0.218849 0.617507
vt 0.328544 0.477899
vt 0.286552 0.479659
vt 0.286552 0.477899
vt 0.211811 0.617507
vt 0.210051 0.575516
vt 0.211811 0.575516
vt 0.221195 0.617507
vt 0.219436 0.575516
vt 0.221195 0.575516
vt 0.285839 0.557668
vt 0.243847 0.559427
vt 0.243847 0.557668
vt 0.171926 0.617507
vt 0.170167 0.575516
vt 0.171926 0.575516
vt 0.328544 0.447399
vt 0.286552 0.449159
vt 0.286552 0.447399
vt 0.905119 0.746799
vt 0.890363 0.744216
vt 0.905119 0.744216
vt 0.890363 0.763714
vt 0.905119 0.761131
vt 0.905119 0.763714
vt 0.755719 0.782890
vt 0.758301 0.805865
vt 0.755719 0.806497
vt 0.803106 0.760331
vt 0.780131 0.757748
vt 0.803738 0.757748
vt 0.921549 0.886764
vt 0.922903 0.884640
vt 0.922706 0.891342
vt 0.804539 0.796534
vt 0.825785 0.794015
vt 0.827513 0.796534
vt 0.771864 0.831073
vt 0.774318 0.849959
vt 0.771864 0.852319
vt 0.852715 0.795108
vt 0.869240 0.792654
vt 0.871601 0.795108
vt 0.868073 0.853120
vt 0.870592 0.867917
vt 0.868073 0.869645
vt 0.755719 0.872804
vt 0.758301 0.886968
vt 0.755719 0.887601
vt 0.803082 0.886968
vt 0.805665 0.872804
vt 0.805665 0.887601
vt 0.824917 0.867917
vt 0.827436 0.853120
vt 0.827436 0.869645
vt 0.869240 0.821145
vt 0.852715 0.818691
vt 0.871601 0.818691
vt 0.847829 0.828044
vt 0.828943 0.825590
vt 0.850190 0.825590
vt 0.772254 0.828544
vt 0.774773 0.807298
vt 0.774773 0.830272
vt 0.836156 0.899069
vt 0.833702 0.888401
vt 0.836156 0.888401
vt 0.907648 0.802979
vt 0.920676 0.800460
vt 0.920676 0.802979
vt 0.795510 0.913772
vt 0.797963 0.913700
vt 0.800087 0.914929
vt 0.768609 0.904593
vt 0.771063 0.912900
vt 0.768609 0.912900
vt 0.933718 0.889264
vt 0.940296 0.886745
vt 0.940296 0.889264
vt 0.890344 0.924844
vt 0.892927 0.930790
vt 0.890344 0.930790
vt 0.842982 0.930790
vt 0.845564 0.924844
vt 0.845564 0.930790
vt 0.931989 0.880105
vt 0.938568 0.882625
vt 0.931989 0.882625
vt 0.810919 0.912900
vt 0.813373 0.904593
vt 0.813373 0.912900
vt 0.807665 0.901430
vt 0.810119 0.890762
vt 0.810119 0.901430
vt 0.920676 0.786381
vt 0.907648 0.783862
vt 0.920676 0.783862
vt 0.443416 0.940536
vt 0.444451 0.944418
vt 0.443416 0.944418
vt 0.468872 0.910734
vt 0.470223 0.914616
vt 0.468872 0.914616
vt 0.463854 0.888315
vt 0.464810 0.887360
vt 0.465980 0.886684
vt 0.472454 0.832875
vt 0.473805 0.836756
vt 0.472454 0.836756
vt 0.392285 0.933216
vt 0.389628 0.933566
vt 0.388323 0.933216
vt 0.410569 0.943628
vt 0.409534 0.939746
vt 0.410569 0.939746
vt 0.467277 0.857115
vt 0.468628 0.860996
vt 0.467277 0.860996
vt 0.412701 0.943628
vt 0.411666 0.939746
vt 0.412701 0.939746
vt 0.467006 0.808634
vt 0.468357 0.812516
vt 0.467006 0.812516
vt 0.360900 0.943259
vt 0.359865 0.939377
vt 0.360900 0.939377
vt 0.470687 0.919116
vt 0.472038 0.922997
vt 0.470687 0.922997
vt 0.474285 0.791559
vt 0.475320 0.795441
vt 0.474285 0.795441
vt 0.472260 0.860996
vt 0.470909 0.857115
vt 0.472260 0.857115
vt 0.438284 0.944418
vt 0.439319 0.940536
vt 0.439319 0.944418
vt 0.404165 0.931309
vt 0.405516 0.935191
vt 0.404165 0.935191
vt 0.375593 0.939377
vt 0.376628 0.943259
vt 0.375593 0.943259
vt 0.439784 0.931843
vt 0.441135 0.935724
vt 0.439784 0.935724
vt 0.481305 0.804287
vt 0.480270 0.808169
vt 0.480270 0.804287
vt 0.471989 0.808169
vt 0.470638 0.804287
vt 0.471989 0.804287
vt 0.478819 0.936503
vt 0.479854 0.940384
vt 0.478819 0.940384
vt 0.380541 0.930997
vt 0.381892 0.934878
vt 0.380541 0.934878
vt 0.391208 0.943259
vt 0.390173 0.939377
vt 0.391208 0.939377
vt 0.472038 0.927344
vt 0.470687 0.923462
vt 0.472038 0.923462
vt 0.459460 0.940536
vt 0.460495 0.944418
vt 0.459460 0.944418
vt 0.398252 0.930844
vt 0.396901 0.926962
vt 0.398252 0.926962
vt 0.351172 0.943259
vt 0.350136 0.939377
vt 0.351172 0.939377
vt 0.467021 0.799787
vt 0.468372 0.795906
vt 0.468372 0.799787
vt 0.391673 0.939377
vt 0.392708 0.943259
vt 0.391673 0.943259
vt 0.467021 0.820147
vt 0.468372 0.824028
vt 0.467021 0.824028
vt 0.352672 0.943259
vt 0.351637 0.939377
vt 0.352672 0.939377
vt 0.417114 0.926706
vt 0.418466 0.930588
vt 0.417114 0.930588
vt 0.480004 0.910269
vt 0.481039 0.906387
vt 0.481039 0.910269
vt 0.401884 0.935191
vt 0.400533 0.931309
vt 0.401884 0.931309
vt 0.479820 0.819681
vt 0.478785 0.815800
vt 0.479820 0.815800
vt 0.467056 0.910734
vt 0.468407 0.914616
vt 0.467056 0.914616
vt 0.478320 0.795441
vt 0.477285 0.791559
vt 0.478320 0.791559
vt 0.470687 0.932156
vt 0.472038 0.936037
vt 0.470687 0.936037
vt 0.476820 0.795441
vt 0.475785 0.791559
vt 0.476820 0.791559
vt 0.472454 0.804287
vt 0.473805 0.808169
vt 0.472454 0.808169
vt 0.478592 0.893563
vt 0.477557 0.889681
vt 0.478592 0.889681
vt 0.423424 0.932468
vt 0.424775 0.936350
vt 0.423424 0.936350
vt 0.458995 0.944418
vt 0.457960 0.940536
vt 0.458995 0.940536
vt 0.420762 0.931990
vt 0.422114 0.935872
vt 0.420762 0.935872
vt 0.448232 0.940536
vt 0.449267 0.944418
vt 0.448232 0.944418
vt 0.470687 0.927809
vt 0.472038 0.931691
vt 0.470687 0.931691
vt 0.450364 0.940536
vt 0.451399 0.944418
vt 0.450364 0.944418
vt 0.472454 0.808634
vt 0.473805 0.812516
vt 0.472454 0.812516
vt 0.356400 0.939377
vt 0.355365 0.943259
vt 0.355365 0.939377
vt 0.468822 0.832875
vt 0.470173 0.836756
vt 0.468822 0.836756
vt 0.385208 0.943259
vt 0.384173 0.939377
vt 0.385208 0.939377
vt 0.405981 0.918269
vt 0.407332 0.922151
vt 0.405981 0.922151
vt 0.463423 0.936502
vt 0.464458 0.940384
vt 0.463423 0.940384
vt 0.429390 0.920465
vt 0.430696 0.920115
vt 0.432047 0.920115
vt 0.457925 0.808634
vt 0.459277 0.812516
vt 0.457925 0.812516
vt 0.331390 0.919813
vt 0.329759 0.917687
vt 0.329409 0.916382
vt 0.470687 0.936502
vt 0.471722 0.940384
vt 0.470687 0.940384
vt 0.465240 0.910734
vt 0.466591 0.914616
vt 0.465240 0.914616
vt 0.454328 0.936189
vt 0.455363 0.940071
vt 0.454328 0.940071
vt 0.465461 0.901944
vt 0.466812 0.898062
vt 0.466812 0.901944
vt 0.429907 0.940072
vt 0.428872 0.936190
vt 0.429907 0.936190
vt 0.422578 0.892869
vt 0.423930 0.896751
vt 0.422578 0.896751
vt 0.441916 0.936189
vt 0.442951 0.940071
vt 0.441916 0.940071
vt 0.465190 0.832875
vt 0.466541 0.836757
vt 0.465190 0.836757
vt 0.356400 0.935030
vt 0.355365 0.938912
vt 0.355365 0.935030
vt 0.456109 0.832875
vt 0.457461 0.836757
vt 0.456109 0.836757
vt 0.365092 0.935030
vt 0.366127 0.938912
vt 0.365092 0.938912
vt 0.404165 0.909575
vt 0.405516 0.913457
vt 0.404165 0.913457
vt 0.478592 0.844387
vt 0.477556 0.848269
vt 0.477556 0.844387
vt 0.459742 0.808634
vt 0.461093 0.812516
vt 0.459742 0.812516
vt 0.360900 0.938912
vt 0.359865 0.935030
vt 0.360900 0.935030
vt 0.420762 0.905909
vt 0.422114 0.909791
vt 0.420762 0.909791
vt 0.477556 0.840041
vt 0.478592 0.843922
vt 0.477556 0.843922
vt 0.367813 0.872975
vt 0.369164 0.876857
vt 0.367813 0.876857
vt 0.476056 0.868628
vt 0.477092 0.872510
vt 0.476056 0.872510
vt 0.456109 0.804287
vt 0.457461 0.808169
vt 0.456109 0.808169
vt 0.458995 0.940071
vt 0.457960 0.936189
vt 0.458995 0.936189
vt 0.464725 0.832875
vt 0.463374 0.836757
vt 0.463374 0.832875
vt 0.476761 0.860997
vt 0.475725 0.857115
vt 0.476761 0.857115
vt 0.342663 0.872975
vt 0.344014 0.876857
vt 0.342663 0.876857
vt 0.385208 0.938912
vt 0.384173 0.935030
vt 0.385208 0.935030
vt 0.369629 0.886016
vt 0.370980 0.889898
vt 0.369629 0.889898
vt 0.411666 0.939282
vt 0.412701 0.935400
vt 0.412701 0.939282
vt 0.411666 0.926706
vt 0.413018 0.930588
vt 0.411666 0.930588
vt 0.390173 0.935030
vt 0.391208 0.938912
vt 0.390173 0.938912
vt 0.396901 0.913922
vt 0.398252 0.917804
vt 0.396901 0.917804
vt 0.351637 0.935030
vt 0.352672 0.938912
vt 0.351637 0.938912
vt 0.464774 0.927344
vt 0.463423 0.923462
vt 0.464774 0.923462
vt 0.369128 0.938912
vt 0.368093 0.935030
vt 0.369128 0.935030
vt 0.400068 0.926497
vt 0.398717 0.922616
vt 0.400068 0.922616
vt 0.354900 0.938912
vt 0.353865 0.935030
vt 0.354900 0.935030
vt 0.403700 0.926497
vt 0.402349 0.922616
vt 0.403700 0.922616
vt 0.336944 0.938912
vt 0.335909 0.935030
vt 0.336944 0.935030
vt 0.464996 0.877009
vt 0.463645 0.880891
vt 0.463645 0.877009
vt 0.423424 0.936815
vt 0.424459 0.940697
vt 0.423424 0.940697
vt 0.461558 0.808169
vt 0.462909 0.804287
vt 0.462909 0.808169
vt 0.439003 0.940071
vt 0.437968 0.936189
vt 0.439003 0.936189
vt 0.380541 0.926650
vt 0.381892 0.930532
vt 0.380541 0.930532
vt 0.459776 0.940071
vt 0.460811 0.936189
vt 0.460811 0.940071
vt 0.420762 0.901563
vt 0.422114 0.905444
vt 0.420762 0.905444
vt 0.478305 0.836757
vt 0.477270 0.832875
vt 0.478305 0.832875
vt 0.544904 0.452770
vt 0.545700 0.493040
vt 0.544904 0.493040
vt 0.544904 0.493726
vt 0.545700 0.533996
vt 0.544904 0.533996
vt 0.415979 0.452770
vt 0.416775 0.493041
vt 0.415979 0.493041
vt 0.541940 0.493726
vt 0.542736 0.533996
vt 0.541940 0.533996
vt 0.493834 0.452770
vt 0.493037 0.493041
vt 0.493037 0.452770
vt 0.491555 0.452770
vt 0.492352 0.493041
vt 0.491555 0.493041
vt 0.498965 0.452770
vt 0.499761 0.493041
vt 0.498965 0.493041
vt 0.497483 0.452770
vt 0.498279 0.493041
vt 0.497483 0.493041
vt 0.447098 0.493726
vt 0.447895 0.533997
vt 0.447098 0.533997
vt 0.488592 0.493726
vt 0.489388 0.533997
vt 0.488592 0.533997
vt 0.441171 0.452770
vt 0.441967 0.493041
vt 0.441171 0.493041
vt 0.553795 0.452770
vt 0.554592 0.493040
vt 0.553795 0.493040
vt 0.461917 0.452770
vt 0.462714 0.493041
vt 0.461917 0.493041
vt 0.460436 0.452770
vt 0.461232 0.493041
vt 0.460436 0.493041
vt 0.553795 0.493726
vt 0.554592 0.533996
vt 0.553795 0.533996
vt 0.442653 0.452770
vt 0.443449 0.493041
vt 0.442653 0.493041
vt 0.457472 0.452770
vt 0.458268 0.493041
vt 0.457472 0.493041
vt 0.487110 0.493726
vt 0.487906 0.533997
vt 0.487110 0.533997
vt 0.464881 0.452770
vt 0.465678 0.493041
vt 0.464881 0.493041
vt 0.493037 0.493726
vt 0.493834 0.533997
vt 0.493037 0.533997
vt 0.483460 0.533997
vt 0.482664 0.493726
vt 0.483460 0.493726
vt 0.470809 0.493041
vt 0.471605 0.452770
vt 0.471605 0.493041
vt 0.541940 0.534682
vt 0.542736 0.574953
vt 0.541940 0.574953
vt 0.417461 0.452770
vt 0.418257 0.493041
vt 0.417461 0.493041
vt 0.541940 0.452770
vt 0.542736 0.493040
vt 0.541940 0.493040
vt 0.553795 0.534682
vt 0.554592 0.574952
vt 0.553795 0.574952
vt 0.432279 0.452770
vt 0.433076 0.493041
vt 0.432280 0.493041
vt 0.418943 0.452770
vt 0.419739 0.493041
vt 0.418943 0.493041
vt 0.453026 0.534683
vt 0.453822 0.574953
vt 0.453026 0.574953
vt 0.536012 0.452770
vt 0.536809 0.493040
vt 0.536012 0.493040
vt 0.518229 0.534682
vt 0.519026 0.574953
vt 0.518229 0.574953
vt 0.530085 0.534682
vt 0.530881 0.574953
vt 0.530085 0.574953
vt 0.420424 0.534683
vt 0.421221 0.574954
vt 0.420424 0.574954
vt 0.461917 0.534683
vt 0.462714 0.574953
vt 0.461917 0.574953
vt 0.455990 0.452770
vt 0.456786 0.493041
vt 0.455990 0.493041
vt 0.559723 0.493725
vt 0.560519 0.533995
vt 0.559723 0.533995
vt 0.521193 0.534682
vt 0.521990 0.574953
vt 0.521193 0.574953
vt 0.522675 0.534682
vt 0.523472 0.574953
vt 0.522675 0.574953
vt 0.559723 0.534682
vt 0.560519 0.574952
vt 0.559723 0.574952
vt 0.450062 0.493041
vt 0.450859 0.452770
vt 0.450859 0.493041
vt 0.413015 0.534683
vt 0.413811 0.574954
vt 0.413015 0.574954
vt 0.522675 0.452770
vt 0.523472 0.493041
vt 0.522675 0.493041
vt 0.490073 0.534683
vt 0.490870 0.574953
vt 0.490073 0.574953
vt 0.519711 0.534682
vt 0.520508 0.574953
vt 0.519711 0.574953
vt 0.480497 0.574953
vt 0.479700 0.534683
vt 0.480497 0.534683
vt 0.466363 0.534683
vt 0.467160 0.574953
vt 0.466363 0.574953
vt 0.438207 0.452770
vt 0.439003 0.493041
vt 0.438207 0.493041
vt 0.433761 0.452770
vt 0.434558 0.493041
vt 0.433761 0.493041
vt 0.872404 0.830971
vt 0.887163 0.833554
vt 0.872404 0.833554
vt 0.887163 0.834354
vt 0.872404 0.836937
vt 0.872404 0.834354
vt 0.779330 0.737450
vt 0.756352 0.740033
vt 0.755719 0.737450
vt 0.765069 0.759111
vt 0.762486 0.782089
vt 0.762486 0.758479
vt 0.897342 0.910715
vt 0.896116 0.908515
vt 0.901921 0.911872
vt 0.827517 0.774095
vt 0.806267 0.776615
vt 0.804539 0.774095
vt 0.850193 0.763748
vt 0.831304 0.766203
vt 0.828943 0.763748
vt 0.845918 0.849962
vt 0.843463 0.833434
vt 0.845918 0.831073
vt 0.777637 0.869648
vt 0.775117 0.854848
vt 0.777637 0.853120
vt 0.904529 0.832172
vt 0.890363 0.834755
vt 0.889730 0.832172
vt 0.890363 0.822022
vt 0.904529 0.824605
vt 0.889730 0.824605
vt 0.808318 0.867919
vt 0.810838 0.853120
vt 0.810838 0.869648
vt 0.869243 0.752797
vt 0.852715 0.750342
vt 0.871604 0.750342
vt 0.847832 0.769458
vt 0.828943 0.767003
vt 0.850193 0.767003
vt 0.806267 0.777416
vt 0.827517 0.779935
vt 0.804539 0.779935
vt 0.908281 0.872300
vt 0.918950 0.869846
vt 0.918950 0.872300
vt 0.880575 0.874532
vt 0.883095 0.887563
vt 0.880575 0.887563
vt 0.931117 0.767290
vt 0.931189 0.769744
vt 0.929960 0.771868
vt 0.888227 0.896709
vt 0.885773 0.888401
vt 0.888227 0.888401
vt 0.938569 0.807069
vt 0.931989 0.809588
vt 0.931989 0.807069
vt 0.825265 0.930159
vt 0.822682 0.924211
vt 0.825265 0.924211
vt 0.811732 0.924211
vt 0.809149 0.930159
vt 0.809149 0.924211
vt 0.931989 0.836949
vt 0.938569 0.839469
vt 0.931989 0.839469
vt 0.911013 0.888401
vt 0.908558 0.896709
vt 0.908558 0.888401
vt 0.918950 0.859280
vt 0.908281 0.856826
vt 0.918950 0.856826
vt 0.903015 0.872804
vt 0.900495 0.885834
vt 0.900495 0.872804
vt 0.553953 0.591663
vt 0.553317 0.606911
vt 0.553317 0.591663
vt 0.541255 0.622845
vt 0.540618 0.607597
vt 0.541255 0.607597
vt 0.239929 0.623961
vt 0.243414 0.624833
vt 0.240044 0.624833
vt 0.188878 0.625705
vt 0.189215 0.626518
vt 0.186297 0.628202
vt 0.581677 0.484134
vt 0.581040 0.468886
vt 0.581677 0.468886
vt 0.538291 0.591663
vt 0.537654 0.606912
vt 0.537654 0.591663
vt 0.426989 0.622846
vt 0.426352 0.607598
vt 0.426989 0.607598
vt 0.511457 0.622845
vt 0.510820 0.607597
vt 0.511457 0.607597
vt 0.572421 0.452770
vt 0.571784 0.468018
vt 0.571784 0.452770
vt 0.563164 0.549931
vt 0.562527 0.534682
vt 0.563164 0.534682
vt 0.585644 0.516779
vt 0.585007 0.532026
vt 0.585007 0.516779
vt 0.567131 0.500845
vt 0.566494 0.516093
vt 0.566494 0.500845
vt 0.577710 0.565955
vt 0.577073 0.550707
vt 0.577710 0.550707
vt 0.536649 0.606912
vt 0.536012 0.591664
vt 0.536649 0.591664
vt 0.516062 0.607597
vt 0.515425 0.622845
vt 0.515425 0.607597
vt 0.437202 0.622845
vt 0.436566 0.607598
vt 0.437202 0.607598
vt 0.179552 0.574929
vt 0.181311 0.532811
vt 0.181311 0.574929
vt 0.221196 0.574929
vt 0.219436 0.532811
vt 0.221196 0.532811
vt 0.200555 0.468515
vt 0.158436 0.470274
vt 0.158436 0.468515
vt 0.243260 0.470274
vt 0.201142 0.468515
vt 0.243260 0.468515
vt 0.285965 0.500774
vt 0.243847 0.499015
vt 0.285965 0.499015
vt 0.285965 0.475553
vt 0.243847 0.477312
vt 0.243847 0.475553
vt 0.200555 0.454438
vt 0.158436 0.456197
vt 0.158436 0.454438
vt 0.200555 0.460889
vt 0.158436 0.459130
vt 0.200555 0.459130
vt 0.285965 0.467928
vt 0.243847 0.466169
vt 0.285965 0.466169
vt 0.285965 0.515438
vt 0.243847 0.517197
vt 0.243847 0.515438
vt 0.221783 0.574929
vt 0.223542 0.532811
vt 0.223542 0.574929
vt 0.200555 0.453851
vt 0.158436 0.452092
vt 0.200555 0.452092
vt 0.200555 0.463823
vt 0.158436 0.465582
vt 0.158436 0.463823
vt 0.336742 0.457980
vt 0.335869 0.461464
vt 0.335869 0.458095
vt 0.186003 0.532811
vt 0.184244 0.574929
vt 0.184244 0.532811
vt 0.210626 0.623961
vt 0.210289 0.623148
vt 0.213207 0.621464
vt 0.474090 0.622845
vt 0.473454 0.607598
vt 0.474090 0.607598
vt 0.461072 0.607598
vt 0.460436 0.622845
vt 0.460436 0.607598
vt 0.590297 0.484134
vt 0.590934 0.468886
vt 0.590934 0.484134
vt 0.569822 0.590886
vt 0.569185 0.575638
vt 0.569822 0.575638
vt 0.463877 0.622845
vt 0.463240 0.607598
vt 0.463877 0.607598
vt 0.593578 0.516779
vt 0.592941 0.532026
vt 0.592941 0.516779
vt 0.582363 0.484134
vt 0.582999 0.468886
vt 0.582999 0.484134
vt 0.413811 0.606912
vt 0.413175 0.591665
vt 0.413811 0.591665
vt 0.465199 0.606912
vt 0.464562 0.591664
vt 0.465199 0.591664
vt 0.572421 0.468886
vt 0.571784 0.484134
vt 0.571784 0.468886
vt 0.568453 0.547960
vt 0.567816 0.532712
vt 0.568453 0.532712
vt 0.581040 0.500068
vt 0.581677 0.484820
vt 0.581677 0.500068
vt 0.456786 0.622845
vt 0.456149 0.607598
vt 0.456786 0.607598
vt 0.564486 0.484820
vt 0.563850 0.500068
vt 0.563850 0.484820
vt 0.581677 0.532026
vt 0.581040 0.516779
vt 0.581677 0.516779
vt 0.484942 0.629965
vt 0.484305 0.614717
vt 0.484942 0.614717
vt 0.589611 0.484134
vt 0.588974 0.468886
vt 0.589611 0.468886
vt 0.584322 0.484820
vt 0.583685 0.500068
vt 0.583685 0.484820
vt 0.593578 0.484820
vt 0.592941 0.500067
vt 0.592941 0.484820
vt 0.575111 0.622753
vt 0.574474 0.607505
vt 0.575111 0.607505
vt 0.524635 0.622845
vt 0.523998 0.607597
vt 0.524635 0.607597
vt 0.538291 0.607597
vt 0.537654 0.622845
vt 0.537654 0.607597
vt 0.569822 0.591572
vt 0.569185 0.606820
vt 0.569185 0.591572
vt 0.592256 0.484134
vt 0.591619 0.468886
vt 0.592256 0.468886
vt 0.285965 0.487284
vt 0.243847 0.489043
vt 0.243847 0.487284
vt 0.156090 0.532224
vt 0.157849 0.490105
vt 0.157849 0.532224
vt 0.242311 0.532811
vt 0.240552 0.574929
vt 0.240552 0.532811
vt 0.285965 0.458543
vt 0.243847 0.456784
vt 0.285965 0.456784
vt 0.200555 0.470861
vt 0.158436 0.472620
vt 0.158436 0.470861
vt 0.285965 0.486697
vt 0.243847 0.484938
vt 0.285965 0.484938
vt 0.285965 0.460889
vt 0.243847 0.459130
vt 0.285965 0.459130
vt 0.195388 0.532224
vt 0.193629 0.490105
vt 0.195388 0.490105
vt 0.203013 0.574929
vt 0.204773 0.532811
vt 0.204773 0.574929
vt 0.165475 0.574929
vt 0.167234 0.532811
vt 0.167234 0.574929
vt 0.567131 0.516779
vt 0.566494 0.532027
vt 0.566494 0.516779
vt 0.575111 0.590886
vt 0.574474 0.575638
vt 0.575111 0.575638
vt 0.547182 0.622845
vt 0.546545 0.607597
vt 0.547182 0.607597
vt 0.453503 0.622845
vt 0.452866 0.607598
vt 0.453503 0.607598
vt 0.582363 0.500068
vt 0.582999 0.484820
vt 0.582999 0.500068
vt 0.572420 0.516093
vt 0.571784 0.500845
vt 0.572420 0.500845
vt 0.459750 0.607598
vt 0.459113 0.622845
vt 0.459113 0.607598
vt 0.586967 0.468886
vt 0.586330 0.484134
vt 0.586330 0.468886
vt 0.535327 0.606912
vt 0.534690 0.591664
vt 0.535327 0.591664
vt 0.499761 0.591664
vt 0.499124 0.606912
vt 0.499124 0.591664
vt 0.889730 0.771280
vt 0.904487 0.773863
vt 0.889730 0.773863
vt 0.887161 0.854653
vt 0.872404 0.857236
vt 0.872404 0.854653
vt 0.776019 0.758479
vt 0.778601 0.781453
vt 0.776019 0.782086
vt 0.780763 0.778046
vt 0.803738 0.780629
vt 0.780131 0.780629
vt 0.755687 0.923339
vt 0.753562 0.921985
vt 0.760264 0.922182
vt 0.785532 0.807298
vt 0.788052 0.828544
vt 0.785532 0.830272
vt 0.788137 0.831073
vt 0.790591 0.849959
vt 0.788137 0.852319
vt 0.852715 0.834164
vt 0.869240 0.831710
vt 0.871601 0.834164
vt 0.838196 0.853120
vt 0.840715 0.867917
vt 0.838196 0.869645
vt 0.752336 0.872804
vt 0.754918 0.886968
vt 0.752336 0.887601
vt 0.903895 0.865206
vt 0.889730 0.862624
vt 0.904527 0.862623
vt 0.814958 0.867917
vt 0.817477 0.853120
vt 0.817477 0.869645
vt 0.855076 0.766616
vt 0.871601 0.769071
vt 0.852715 0.769071
vt 0.847829 0.808516
vt 0.828943 0.806062
vt 0.850190 0.806062
vt 0.805450 0.828544
vt 0.807970 0.807298
vt 0.807970 0.830272
vt 0.793846 0.899069
vt 0.791392 0.888401
vt 0.793846 0.888401
vt 0.907648 0.743226
vt 0.920676 0.740706
vt 0.920676 0.743226
vt 0.929959 0.834861
vt 0.931188 0.836985
vt 0.931115 0.839438
vt 0.758044 0.910539
vt 0.755590 0.902232
vt 0.758044 0.902232
vt 0.938568 0.846909
vt 0.931989 0.849428
vt 0.931989 0.846909
vt 0.832032 0.930158
vt 0.829449 0.924211
vt 0.832032 0.924211
vt 0.865862 0.924211
vt 0.863280 0.930158
vt 0.863280 0.924211
vt 0.931989 0.903343
vt 0.938568 0.905862
vt 0.931989 0.905862
vt 0.764554 0.902232
vt 0.762100 0.910539
vt 0.762100 0.902232
vt 0.771064 0.888401
vt 0.768610 0.899069
vt 0.768610 0.888401
vt 0.905920 0.763944
vt 0.918948 0.766463
vt 0.905920 0.766463
vt 0.349927 0.815335
vt 0.360221 0.791559
vt 0.360221 0.815335
vt 0.452449 0.860629
vt 0.443534 0.855482
vt 0.443534 0.845188
vt 0.328409 0.791559
vt 0.338703 0.815335
vt 0.328409 0.815335
vt 0.424775 0.815335
vt 0.414481 0.791559
vt 0.424775 0.791559
vt 0.461364 0.879723
vt 0.452449 0.884870
vt 0.443534 0.879723
vt 0.392498 0.888057
vt 0.382204 0.864281
vt 0.392498 0.864281
vt 0.414016 0.888057
vt 0.403722 0.864281
vt 0.414016 0.864281
vt 0.382204 0.791559
vt 0.392498 0.815335
vt 0.382204 0.815335
vt 0.905117 0.804308
vt 0.890363 0.801726
vt 0.905117 0.801726
vt 0.890363 0.790777
vt 0.905117 0.788195
vt 0.905117 0.790777
vt 0.798895 0.806494
vt 0.796313 0.783523
vt 0.798895 0.782890
vt 0.802278 0.783523
vt 0.799696 0.806494
vt 0.799696 0.782890
vt 0.907473 0.913773
vt 0.909597 0.915126
vt 0.902896 0.914929
vt 0.814608 0.830269
vt 0.812089 0.809026
vt 0.814608 0.807298
vt 0.803609 0.852317
vt 0.801155 0.833433
vt 0.803609 0.831073
vt 0.871599 0.844727
vt 0.855076 0.847181
vt 0.852715 0.844727
vt 0.888927 0.770582
vt 0.874132 0.773101
vt 0.872404 0.770582
vt 0.842877 0.887599
vt 0.840295 0.873436
vt 0.842877 0.872804
vt 0.863174 0.873436
vt 0.860592 0.887599
vt 0.860592 0.872804
vt 0.874132 0.757305
vt 0.888927 0.759823
vt 0.872404 0.759824
vt 0.767807 0.855480
vt 0.765354 0.872003
vt 0.765354 0.853120
vt 0.816626 0.833433
vt 0.814172 0.852317
vt 0.814172 0.831073
vt 0.827886 0.809026
vt 0.825367 0.830269
vt 0.825367 0.807298
vt 0.836957 0.890762
vt 0.839410 0.901428
vt 0.836957 0.901428
vt 0.918946 0.830336
vt 0.905920 0.832854
vt 0.905920 0.830336
vt 0.941627 0.797145
vt 0.941699 0.799598
vt 0.940470 0.801722
vt 0.846718 0.904593
vt 0.849172 0.912898
vt 0.846718 0.912898
vt 0.758974 0.925939
vt 0.761493 0.932517
vt 0.758974 0.932517
vt 0.943132 0.736649
vt 0.949077 0.734067
vt 0.949077 0.736649
vt 0.924173 0.930789
vt 0.926755 0.924844
vt 0.926755 0.930789
vt 0.782210 0.932517
vt 0.784728 0.925939
vt 0.784728 0.932517
vt 0.865444 0.902232
vt 0.862990 0.910538
vt 0.862990 0.902232
vt 0.869499 0.901428
vt 0.871953 0.890761
vt 0.871953 0.901428
vt 0.920674 0.846132
vt 0.907648 0.843613
vt 0.920674 0.843613
vt 0.518707 0.575639
vt 0.518070 0.590978
vt 0.518070 0.575639
vt 0.416775 0.541118
vt 0.416138 0.525778
vt 0.416775 0.525778
vt 0.306091 0.625705
vt 0.302607 0.624833
vt 0.305977 0.624833
vt 0.334997 0.597401
vt 0.335869 0.593916
vt 0.335869 0.597286
vt 0.527758 0.575639
vt 0.527121 0.590978
vt 0.527121 0.575639
vt 0.484942 0.550023
vt 0.484305 0.534683
vt 0.484942 0.534683
vt 0.471446 0.575639
vt 0.470809 0.590978
vt 0.470809 0.575639
vt 0.561842 0.500160
vt 0.561205 0.484820
vt 0.561842 0.484820
vt 0.421061 0.590979
vt 0.420424 0.575639
vt 0.421061 0.575639
vt 0.562527 0.500160
vt 0.563164 0.484820
vt 0.563164 0.500160
vt 0.465199 0.575639
vt 0.464562 0.590979
vt 0.464562 0.575639
vt 0.425507 0.598099
vt 0.424870 0.582759
vt 0.425507 0.582759
vt 0.536649 0.575638
vt 0.536012 0.590978
vt 0.536012 0.575638
vt 0.446413 0.582759
vt 0.445776 0.598099
vt 0.445776 0.582759
vt 0.547182 0.590978
vt 0.546545 0.575638
vt 0.547182 0.575638
vt 0.450859 0.590979
vt 0.450222 0.575639
vt 0.450859 0.575639
vt 0.417620 0.575639
vt 0.418257 0.590979
vt 0.417620 0.590979
vt 0.532204 0.590978
vt 0.531567 0.575639
vt 0.532204 0.575639
vt 0.561842 0.452770
vt 0.561205 0.468109
vt 0.561205 0.452770
vt 0.449058 0.590979
vt 0.448421 0.575639
vt 0.449058 0.575639
vt 0.440485 0.598099
vt 0.439848 0.582759
vt 0.440485 0.582759
vt 0.419739 0.575639
vt 0.419102 0.590979
vt 0.419102 0.575639
vt 0.468641 0.590979
vt 0.468005 0.575639
vt 0.468641 0.575639
vt 0.469964 0.590978
vt 0.469327 0.575639
vt 0.469964 0.575639
vt 0.511457 0.575639
vt 0.510820 0.590978
vt 0.510820 0.575639
vt 0.428630 0.525092
vt 0.427993 0.509752
vt 0.428630 0.509752
vt 0.328543 0.585823
vt 0.286552 0.587582
vt 0.286552 0.585823
vt 0.328543 0.583476
vt 0.286552 0.585236
vt 0.286552 0.583476
vt 0.286552 0.569399
vt 0.328543 0.571159
vt 0.286552 0.571159
vt 0.184244 0.617507
vt 0.186003 0.575516
vt 0.186003 0.617507
vt 0.328544 0.529515
vt 0.286552 0.531274
vt 0.286552 0.529515
vt 0.328544 0.552389
vt 0.286552 0.550630
vt 0.328544 0.550630
vt 0.278090 0.617507
vt 0.279849 0.575516
vt 0.279849 0.617507
vt 0.328543 0.543005
vt 0.286552 0.541246
vt 0.328544 0.541246
vt 0.271051 0.617507
vt 0.272811 0.575516
vt 0.272811 0.617507
vt 0.193628 0.617507
vt 0.195388 0.575516
vt 0.195388 0.617507
vt 0.195975 0.617507
vt 0.197734 0.575516
vt 0.197734 0.617507
vt 0.328543 0.594620
vt 0.286552 0.592861
vt 0.328543 0.592861
vt 0.285839 0.536553
vt 0.243847 0.538312
vt 0.243847 0.536553
vt 0.334997 0.560771
vt 0.335869 0.557287
vt 0.335869 0.560657
vt 0.256388 0.575516
vt 0.254628 0.617507
vt 0.254628 0.575516
vt 0.335869 0.534723
vt 0.334997 0.531238
vt 0.335869 0.531353
vt 0.567131 0.452770
vt 0.566494 0.468018
vt 0.566494 0.452770
vt 0.580355 0.484134
vt 0.579718 0.468886
vt 0.580355 0.468886
vt 0.568453 0.565955
vt 0.567816 0.550707
vt 0.568453 0.550707
vt 0.523312 0.622845
vt 0.522675 0.607597
vt 0.523312 0.607597
vt 0.573743 0.516779
vt 0.573106 0.532027
vt 0.573106 0.516779
vt 0.573743 0.547960
vt 0.573106 0.532712
vt 0.573743 0.532712
vt 0.573743 0.565955
vt 0.573106 0.550707
vt 0.573743 0.550707
vt 0.415134 0.607598
vt 0.414497 0.622846
vt 0.414497 0.607598
vt 0.567131 0.532804
vt 0.566494 0.548052
vt 0.566494 0.532804
vt 0.564486 0.516093
vt 0.563849 0.500845
vt 0.564486 0.500845
vt 0.438844 0.606912
vt 0.438207 0.591664
vt 0.438844 0.591664
vt 0.567131 0.550707
vt 0.566494 0.565955
vt 0.566494 0.550707
vt 0.563164 0.532118
vt 0.562527 0.516870
vt 0.563164 0.516870
vt 0.572421 0.532712
vt 0.571784 0.547960
vt 0.571784 0.532712
vt 0.582999 0.532026
vt 0.582362 0.516779
vt 0.582999 0.516779
vt 0.521990 0.591664
vt 0.521353 0.606912
vt 0.521353 0.591664
vt 0.514261 0.607597
vt 0.513624 0.622845
vt 0.513624 0.607597
vt 0.425507 0.629966
vt 0.424870 0.614718
vt 0.425507 0.614718
vt 0.505689 0.606912
vt 0.505052 0.591664
vt 0.505689 0.591664
vt 0.573789 0.575638
vt 0.573152 0.590886
vt 0.573152 0.575638
vt 0.573789 0.591572
vt 0.573152 0.606820
vt 0.573152 0.591572
vt 0.571098 0.468018
vt 0.570461 0.452770
vt 0.571098 0.452770
vt 0.502885 0.607597
vt 0.502248 0.622845
vt 0.502248 0.607597
vt 0.565809 0.550707
vt 0.565172 0.565955
vt 0.565172 0.550707
vt 0.285839 0.538899
vt 0.243847 0.540658
vt 0.243847 0.538899
vt 0.328543 0.557669
vt 0.286552 0.559428
vt 0.286552 0.557669
vt 0.176619 0.617507
vt 0.174859 0.575516
vt 0.176619 0.575516
vt 0.177206 0.617507
vt 0.178965 0.575516
vt 0.178965 0.617507
vt 0.214157 0.617507
vt 0.212398 0.575516
vt 0.214157 0.575516
vt 0.207118 0.617507
vt 0.205359 0.575516
vt 0.207118 0.575516
vt 0.328543 0.576438
vt 0.286552 0.578197
vt 0.286552 0.576438
vt 0.285839 0.564707
vt 0.243847 0.566466
vt 0.243847 0.564707
vt 0.328544 0.513092
vt 0.286552 0.514851
vt 0.286552 0.513092
vt 0.285839 0.567053
vt 0.243847 0.568812
vt 0.243847 0.567053
vt 0.887794 0.870768
vt 0.873037 0.868185
vt 0.887794 0.868185
vt 0.890363 0.740033
vt 0.905119 0.737450
vt 0.905119 0.740033
vt 0.752336 0.782890
vt 0.754918 0.805865
vt 0.752336 0.806497
vt 0.765868 0.805865
vt 0.768451 0.782890
vt 0.768451 0.806497
vt 0.921549 0.896720
vt 0.922903 0.894595
vt 0.922706 0.901297
vt 0.752336 0.807298
vt 0.754855 0.828544
vt 0.752336 0.830272
vt 0.778373 0.831073
vt 0.780827 0.849959
vt 0.778373 0.852319
vt 0.852715 0.782089
vt 0.869240 0.779635
vt 0.871601 0.782089
vt 0.872404 0.736586
vt 0.887201 0.734067
vt 0.888930 0.736586
vt 0.759102 0.872804
vt 0.761684 0.886968
vt 0.759102 0.887601
vt 0.806465 0.886968
vt 0.809048 0.872804
vt 0.809048 0.887601
vt 0.844035 0.854848
vt 0.841515 0.869645
vt 0.841515 0.853120
vt 0.855076 0.756852
vt 0.871601 0.759307
vt 0.852715 0.759307
vt 0.784082 0.833434
vt 0.781628 0.852319
vt 0.781628 0.831073
vt 0.775573 0.828544
vt 0.778093 0.807298
vt 0.778093 0.830272
vt 0.761300 0.899069
vt 0.758846 0.888401
vt 0.761300 0.888401
vt 0.907648 0.799660
vt 0.920676 0.797141
vt 0.920676 0.799660
vt 0.803341 0.914929
vt 0.805465 0.913700
vt 0.807919 0.913773
vt 0.771864 0.904593
vt 0.774318 0.912900
vt 0.771864 0.912900
vt 0.938568 0.863507
vt 0.931989 0.866026
vt 0.931989 0.863507
vt 0.870046 0.924844
vt 0.872628 0.930790
vt 0.870046 0.930790
vt 0.839599 0.930790
vt 0.842181 0.924844
vt 0.842181 0.930790
vt 0.940296 0.885944
vt 0.933718 0.883425
vt 0.940296 0.883425
vt 0.814174 0.912900
vt 0.816628 0.904593
vt 0.816628 0.912900
vt 0.797901 0.901430
vt 0.800355 0.890762
vt 0.800355 0.901430
vt 0.920676 0.773103
vt 0.907648 0.770583
vt 0.920676 0.770583
vt 0.480225 0.857115
vt 0.481261 0.860996
vt 0.480225 0.860996
vt 0.468837 0.795906
vt 0.470188 0.799787
vt 0.468837 0.799787
vt 0.356845 0.932540
vt 0.355890 0.931585
vt 0.355214 0.930415
vt 0.472503 0.923462
vt 0.473854 0.927344
vt 0.472503 0.927344
vt 0.453676 0.929353
vt 0.452045 0.927227
vt 0.451695 0.925922
vt 0.372128 0.943259
vt 0.371093 0.939377
vt 0.372128 0.939377
vt 0.401884 0.930844
vt 0.400533 0.926962
vt 0.401884 0.926962
vt 0.479056 0.848734
vt 0.480092 0.852616
vt 0.479056 0.852616
vt 0.472503 0.919116
vt 0.473854 0.922997
vt 0.472503 0.922997
vt 0.362400 0.943259
vt 0.361365 0.939377
vt 0.362400 0.939377
vt 0.470638 0.808634
vt 0.471989 0.812516
vt 0.470638 0.812516
vt 0.428407 0.944418
vt 0.427372 0.940537
vt 0.428407 0.940537
vt 0.472260 0.880890
vt 0.470909 0.877009
vt 0.472260 0.877009
vt 0.404165 0.943884
vt 0.405200 0.940002
vt 0.405200 0.943884
vt 0.415299 0.931053
vt 0.416650 0.934935
vt 0.415299 0.934935
vt 0.480285 0.791559
vt 0.481320 0.795441
vt 0.480285 0.795441
vt 0.441600 0.931843
vt 0.442951 0.935724
vt 0.441600 0.935724
vt 0.434320 0.944419
vt 0.435355 0.940537
vt 0.435355 0.944419
vt 0.470188 0.824028
vt 0.468837 0.820146
vt 0.470188 0.820146
vt 0.453364 0.940536
vt 0.454399 0.944418
vt 0.453364 0.944418
vt 0.467277 0.877009
vt 0.468628 0.880890
vt 0.467277 0.880890
vt 0.354900 0.943259
vt 0.353865 0.939377
vt 0.354900 0.939377
vt 0.470444 0.860996
vt 0.469093 0.857115
vt 0.470444 0.857115
vt 0.441916 0.940536
vt 0.442951 0.944418
vt 0.441916 0.944418
vt 0.367813 0.894709
vt 0.369164 0.898591
vt 0.367813 0.898591
vt 0.329444 0.943259
vt 0.328409 0.939377
vt 0.329444 0.939377
vt 0.467006 0.832410
vt 0.468357 0.828528
vt 0.468357 0.832410
vt 0.387173 0.939377
vt 0.388208 0.943259
vt 0.387173 0.943259
vt 0.472503 0.932156
vt 0.473854 0.936037
vt 0.472503 0.936037
vt 0.480092 0.848269
vt 0.479057 0.844387
vt 0.480092 0.844387
vt 0.416650 0.930588
vt 0.415299 0.926706
vt 0.416650 0.926706
vt 0.368093 0.943259
vt 0.369128 0.939377
vt 0.369128 0.943259
vt 0.402349 0.926962
vt 0.403700 0.930844
vt 0.402349 0.930844
vt 0.479805 0.812516
vt 0.478770 0.808634
vt 0.479805 0.808634
vt 0.420762 0.927643
vt 0.422114 0.931525
vt 0.420762 0.931525
vt 0.389708 0.943259
vt 0.388673 0.939377
vt 0.389708 0.939377
vt 0.445232 0.931843
vt 0.446583 0.935724
vt 0.445232 0.935724
vt 0.479820 0.824028
vt 0.478785 0.820147
vt 0.479820 0.820147
vt 0.432504 0.931843
vt 0.433855 0.935725
vt 0.432504 0.935725
vt 0.481305 0.832409
vt 0.480270 0.828528
vt 0.481305 0.828528
vt 0.448864 0.931843
vt 0.450215 0.935724
vt 0.448864 0.935724
vt 0.436855 0.944419
vt 0.435820 0.940537
vt 0.436855 0.940537
vt 0.450696 0.931843
vt 0.452047 0.935724
vt 0.450696 0.935724
vt 0.477557 0.868628
vt 0.478592 0.872510
vt 0.477556 0.872510
vt 0.469093 0.877009
vt 0.470444 0.880890
vt 0.469093 0.880890
vt 0.400533 0.940002
vt 0.401568 0.943884
vt 0.400533 0.943884
vt 0.464774 0.931691
vt 0.463423 0.927809
vt 0.464774 0.927809
vt 0.480092 0.889681
vt 0.479057 0.893563
vt 0.479057 0.889681
vt 0.472503 0.927809
vt 0.473854 0.931691
vt 0.472503 0.931691
vt 0.349672 0.943259
vt 0.348636 0.939377
vt 0.349672 0.939377
vt 0.367813 0.881669
vt 0.369164 0.885551
vt 0.367813 0.885551
vt 0.476056 0.844387
vt 0.477092 0.848269
vt 0.476056 0.848269
vt 0.412185 0.915328
vt 0.413490 0.914978
vt 0.414841 0.914978
vt 0.408034 0.926706
vt 0.409385 0.930588
vt 0.408034 0.930588
vt 0.464531 0.800842
vt 0.462406 0.802473
vt 0.461101 0.802822
vt 0.446267 0.940071
vt 0.445232 0.936189
vt 0.446267 0.936189
vt 0.465461 0.877009
vt 0.466812 0.880891
vt 0.465461 0.880891
vt 0.475785 0.815800
vt 0.476820 0.819682
vt 0.475785 0.819682
vt 0.409850 0.930588
vt 0.411202 0.926706
vt 0.411202 0.930588
vt 0.428407 0.940072
vt 0.427372 0.936190
vt 0.428407 0.936190
vt 0.423424 0.906388
vt 0.424775 0.910269
vt 0.423424 0.910269
vt 0.477004 0.906387
vt 0.478039 0.910269
vt 0.477004 0.910269
vt 0.459742 0.804287
vt 0.461093 0.808169
vt 0.459742 0.808169
vt 0.478354 0.919116
vt 0.477319 0.922997
vt 0.477319 0.919116
vt 0.457925 0.804287
vt 0.459277 0.808169
vt 0.457925 0.808169
vt 0.477225 0.857115
vt 0.478261 0.860997
vt 0.477225 0.860997
vt 0.423424 0.910734
vt 0.424775 0.914616
vt 0.423424 0.914616
vt 0.475354 0.923462
vt 0.474319 0.927344
vt 0.474319 0.923462
vt 0.405981 0.909575
vt 0.407332 0.913457
vt 0.405981 0.913457
vt 0.477004 0.910734
vt 0.478039 0.914616
vt 0.477004 0.914616
vt 0.367813 0.907750
vt 0.369164 0.911632
vt 0.367813 0.911632
vt 0.478354 0.940385
vt 0.477319 0.936503
vt 0.478354 0.936503
vt 0.348111 0.872975
vt 0.349462 0.876857
vt 0.348111 0.876857
vt 0.434320 0.936190
vt 0.435355 0.940072
vt 0.434320 0.940072
vt 0.422114 0.892404
vt 0.420762 0.888522
vt 0.422114 0.888522
vt 0.476805 0.836757
vt 0.475770 0.832875
vt 0.476805 0.832875
vt 0.464725 0.804287
vt 0.463374 0.808169
vt 0.463374 0.804287
vt 0.410886 0.939282
vt 0.409850 0.935400
vt 0.410886 0.935400
vt 0.365997 0.890362
vt 0.367348 0.894244
vt 0.365997 0.894244
vt 0.372128 0.938912
vt 0.371093 0.935030
vt 0.372128 0.935030
vt 0.367348 0.889898
vt 0.365996 0.886016
vt 0.367348 0.886016
vt 0.383392 0.935343
vt 0.382357 0.939225
vt 0.382357 0.935343
vt 0.402349 0.913922
vt 0.403700 0.917804
vt 0.402349 0.917804
vt 0.378593 0.935030
vt 0.379628 0.938912
vt 0.378593 0.938912
vt 0.369629 0.912096
vt 0.370980 0.915978
vt 0.369629 0.915978
vt 0.466274 0.940384
vt 0.465239 0.936502
vt 0.466274 0.936502
vt 0.424775 0.927657
vt 0.423424 0.923775
vt 0.424775 0.923775
vt 0.478261 0.901944
vt 0.477225 0.898062
vt 0.478261 0.898062
vt 0.462909 0.812516
vt 0.461558 0.808634
vt 0.462909 0.808634
vt 0.478354 0.927344
vt 0.477319 0.923462
vt 0.478354 0.923462
vt 0.383708 0.926185
vt 0.382357 0.922303
vt 0.383708 0.922303
vt 0.478305 0.832410
vt 0.477270 0.828528
vt 0.478305 0.828528
vt 0.461829 0.880891
vt 0.463180 0.877009
vt 0.463180 0.880891
vt 0.477270 0.804287
vt 0.478305 0.808169
vt 0.477270 0.808169
vt 0.454293 0.812516
vt 0.455645 0.808634
vt 0.455645 0.812516
vt 0.356865 0.935030
vt 0.357900 0.938912
vt 0.356865 0.938912
vt 0.420762 0.897216
vt 0.422114 0.901098
vt 0.420762 0.901098
vt 0.476805 0.828528
vt 0.475770 0.832410
vt 0.475770 0.828528
vt 0.459741 0.828528
vt 0.461093 0.832410
vt 0.459741 0.832410
vt 0.475354 0.940385
vt 0.474319 0.936503
vt 0.475354 0.936503
vt 0.544218 0.574953
vt 0.543422 0.534682
vt 0.544218 0.534682
vt 0.543422 0.493726
vt 0.544218 0.533996
vt 0.543422 0.533996
vt 0.435243 0.452770
vt 0.436040 0.493041
vt 0.435243 0.493041
vt 0.454508 0.493041
vt 0.455304 0.452770
vt 0.455304 0.493041
vt 0.467845 0.493041
vt 0.468641 0.452770
vt 0.468641 0.493041
vt 0.466363 0.452770
vt 0.467160 0.493041
vt 0.466363 0.493041
vt 0.472291 0.452770
vt 0.473087 0.493041
vt 0.472291 0.493041
vt 0.473773 0.452770
vt 0.474569 0.493041
vt 0.473773 0.493041
vt 0.481182 0.493726
vt 0.481978 0.533997
vt 0.481182 0.533997
vt 0.469327 0.452770
vt 0.470123 0.493041
vt 0.469327 0.493041
vt 0.451544 0.452770
vt 0.452340 0.493041
vt 0.451544 0.493041
vt 0.550831 0.452770
vt 0.551628 0.493040
vt 0.550831 0.493040
vt 0.447098 0.452770
vt 0.447895 0.493041
vt 0.447098 0.493041
vt 0.453026 0.452770
vt 0.453822 0.493041
vt 0.453026 0.493041
vt 0.550831 0.493726
vt 0.551628 0.533996
vt 0.550831 0.533996
vt 0.552313 0.452770
vt 0.553110 0.493040
vt 0.552313 0.493040
vt 0.444135 0.452770
vt 0.444931 0.493041
vt 0.444135 0.493041
vt 0.488592 0.452770
vt 0.489388 0.493041
vt 0.488592 0.493041
vt 0.481182 0.452770
vt 0.481978 0.493041
vt 0.481182 0.493041
vt 0.448580 0.493726
vt 0.449377 0.533997
vt 0.448580 0.533997
vt 0.490870 0.493041
vt 0.490073 0.452770
vt 0.490870 0.452770
vt 0.458954 0.452770
vt 0.459750 0.493041
vt 0.458954 0.493041
vt 0.552313 0.534682
vt 0.553110 0.574952
vt 0.552313 0.574952
vt 0.414497 0.452770
vt 0.415293 0.493042
vt 0.414497 0.493042
vt 0.540458 0.493726
vt 0.541255 0.533996
vt 0.540458 0.533996
vt 0.540458 0.534682
vt 0.541255 0.574953
vt 0.540458 0.574953
vt 0.479015 0.493041
vt 0.478218 0.452770
vt 0.479015 0.452770
vt 0.413015 0.452770
vt 0.413811 0.493042
vt 0.413015 0.493042
vt 0.482664 0.534683
vt 0.483460 0.574953
vt 0.482664 0.574953
vt 0.436725 0.534683
vt 0.437522 0.574953
vt 0.436725 0.574953
vt 0.537494 0.452770
vt 0.538291 0.493040
vt 0.537494 0.493040
vt 0.536012 0.534682
vt 0.536809 0.574953
vt 0.536012 0.574953
vt 0.501929 0.534682
vt 0.502725 0.574953
vt 0.501929 0.574953
vt 0.463399 0.534683
vt 0.464196 0.574953
vt 0.463399 0.574953
vt 0.430798 0.452770
vt 0.431594 0.493041
vt 0.430798 0.493041
vt 0.478218 0.493726
vt 0.479015 0.533996
vt 0.478218 0.533996
vt 0.525639 0.534682
vt 0.526435 0.574953
vt 0.525639 0.574953
vt 0.531567 0.452770
vt 0.532363 0.493041
vt 0.531567 0.493041
vt 0.559723 0.452770
vt 0.560519 0.493040
vt 0.559723 0.493040
vt 0.448580 0.493041
vt 0.449377 0.452770
vt 0.449377 0.493041
vt 0.417461 0.534683
vt 0.418257 0.574954
vt 0.417461 0.574954
vt 0.451544 0.493726
vt 0.452340 0.533997
vt 0.451544 0.533997
vt 0.527121 0.493726
vt 0.527917 0.533997
vt 0.527121 0.533997
vt 0.423388 0.493727
vt 0.424185 0.533998
vt 0.423388 0.533998
vt 0.520508 0.533997
vt 0.519711 0.493726
vt 0.520508 0.493726
vt 0.481182 0.534683
vt 0.481978 0.574953
vt 0.481182 0.574953
vt 0.436725 0.452770
vt 0.437522 0.493041
vt 0.436725 0.493041
vt 0.418943 0.534683
vt 0.419739 0.574954
vt 0.418943 0.574954
vt 0.872404 0.814054
vt 0.887163 0.816637
vt 0.872404 0.816637
vt 0.887163 0.827587
vt 0.872404 0.830171
vt 0.872404 0.827587
vt 0.779330 0.740834
vt 0.756352 0.743417
vt 0.755719 0.740834
vt 0.752336 0.757045
vt 0.754919 0.734067
vt 0.754919 0.757678
vt 0.867471 0.910715
vt 0.866244 0.908515
vt 0.872049 0.911872
vt 0.827517 0.770775
vt 0.806267 0.773295
vt 0.804539 0.770775
vt 0.850193 0.773513
vt 0.831304 0.775968
vt 0.828943 0.773513
vt 0.871604 0.737322
vt 0.855076 0.739777
vt 0.852715 0.737322
vt 0.814158 0.869648
vt 0.811638 0.854848
vt 0.814158 0.853120
vt 0.904529 0.849090
vt 0.890363 0.851672
vt 0.889730 0.849090
vt 0.903897 0.858439
vt 0.889730 0.855856
vt 0.904529 0.855856
vt 0.790917 0.854848
vt 0.788398 0.869648
vt 0.788398 0.853120
vt 0.855076 0.740577
vt 0.871604 0.743032
vt 0.852715 0.743032
vt 0.831304 0.753983
vt 0.850193 0.756438
vt 0.828943 0.756438
vt 0.806267 0.780736
vt 0.827517 0.783255
vt 0.804539 0.783255
vt 0.916589 0.879611
vt 0.905920 0.882065
vt 0.905920 0.879611
vt 0.873935 0.874532
vt 0.876454 0.887563
vt 0.873935 0.887563
vt 0.922706 0.801740
vt 0.921477 0.799615
vt 0.921549 0.797162
vt 0.884972 0.896710
vt 0.882518 0.888401
vt 0.884972 0.888401
vt 0.918549 0.908812
vt 0.916030 0.902232
vt 0.918549 0.902232
vt 0.826066 0.924844
vt 0.828649 0.930791
vt 0.826066 0.930791
vt 0.791431 0.924211
vt 0.788848 0.930159
vt 0.788848 0.924211
vt 0.931989 0.830309
vt 0.938569 0.832828
vt 0.931989 0.832828
vt 0.878462 0.888401
vt 0.876008 0.896710
vt 0.876008 0.888401
vt 0.755591 0.901432
vt 0.758045 0.890762
vt 0.758045 0.901432
vt 0.886415 0.872804
vt 0.883895 0.885834
vt 0.883895 0.872804
vt 0.568499 0.607505
vt 0.567863 0.622753
vt 0.567863 0.607505
vt 0.592256 0.468018
vt 0.591619 0.452770
vt 0.592256 0.452770
vt 0.173997 0.623961
vt 0.177481 0.624833
vt 0.174111 0.624833
vt 0.294163 0.610193
vt 0.293291 0.613677
vt 0.293291 0.610307
vt 0.545700 0.622845
vt 0.545063 0.607597
vt 0.545700 0.607597
vt 0.526435 0.591664
vt 0.525799 0.606912
vt 0.525799 0.591664
vt 0.567177 0.575638
vt 0.566540 0.590886
vt 0.566540 0.575638
vt 0.496638 0.622845
vt 0.496001 0.607597
vt 0.496638 0.607597
vt 0.575111 0.591572
vt 0.574474 0.606820
vt 0.574474 0.591572
vt 0.492352 0.606912
vt 0.491715 0.591664
vt 0.492352 0.591664
vt 0.585644 0.532712
vt 0.585007 0.547960
vt 0.585007 0.532712
vt 0.568499 0.590886
vt 0.567863 0.575638
vt 0.568499 0.575638
vt 0.521990 0.607597
vt 0.521353 0.622845
vt 0.521353 0.607597
vt 0.567177 0.622753
vt 0.566540 0.607505
vt 0.567177 0.607505
vt 0.490710 0.607597
vt 0.490073 0.622845
vt 0.490073 0.607597
vt 0.498120 0.622845
vt 0.497483 0.607597
vt 0.498120 0.607597
vt 0.243260 0.463236
vt 0.201142 0.461476
vt 0.243260 0.461476
vt 0.169580 0.574929
vt 0.167821 0.532811
vt 0.169580 0.532811
vt 0.243260 0.470861
vt 0.201142 0.472620
vt 0.201142 0.470861
vt 0.285965 0.503120
vt 0.243847 0.501361
vt 0.285965 0.501361
vt 0.285965 0.503707
vt 0.243847 0.505466
vt 0.243847 0.503707
vt 0.157849 0.574929
vt 0.156090 0.532811
vt 0.157849 0.532811
vt 0.162542 0.532224
vt 0.160783 0.490105
vt 0.162542 0.490105
vt 0.201142 0.527169
vt 0.243260 0.528928
vt 0.201142 0.528928
vt 0.205360 0.574929
vt 0.207119 0.532811
vt 0.207119 0.574929
vt 0.158436 0.467928
vt 0.200555 0.466169
vt 0.200555 0.467928
vt 0.243260 0.496082
vt 0.201142 0.494323
vt 0.243260 0.494323
vt 0.224129 0.574929
vt 0.225888 0.532811
vt 0.225888 0.574929
vt 0.243260 0.484938
vt 0.201142 0.486697
vt 0.201142 0.484938
vt 0.156993 0.621464
vt 0.159911 0.623148
vt 0.159575 0.623961
vt 0.243847 0.506053
vt 0.285965 0.507812
vt 0.243847 0.507813
vt 0.166671 0.623961
vt 0.166334 0.623148
vt 0.169252 0.621464
vt 0.520667 0.622845
vt 0.520031 0.607597
vt 0.520667 0.607597
vt 0.452181 0.607598
vt 0.451544 0.622845
vt 0.451544 0.607598
vt 0.582999 0.550707
vt 0.582362 0.565955
vt 0.582362 0.550707
vt 0.563164 0.550707
vt 0.562527 0.565956
vt 0.562527 0.550707
vt 0.576388 0.452770
vt 0.575751 0.468018
vt 0.575751 0.452770
vt 0.430798 0.622845
vt 0.431435 0.607598
vt 0.431434 0.622845
vt 0.508493 0.606912
vt 0.507856 0.591664
vt 0.508493 0.591664
vt 0.592302 0.606819
vt 0.591665 0.591572
vt 0.592302 0.591572
vt 0.463877 0.591664
vt 0.463240 0.606912
vt 0.463240 0.591664
vt 0.589611 0.516779
vt 0.588974 0.532026
vt 0.588974 0.516779
vt 0.483141 0.591664
vt 0.482504 0.606912
vt 0.482504 0.591664
vt 0.582999 0.532712
vt 0.582363 0.547960
vt 0.582363 0.532712
vt 0.585644 0.565955
vt 0.585007 0.550707
vt 0.585644 0.550707
vt 0.468641 0.591664
vt 0.468005 0.606912
vt 0.468005 0.591664
vt 0.544218 0.606912
vt 0.543581 0.591663
vt 0.544218 0.591663
vt 0.444772 0.606912
vt 0.444135 0.591664
vt 0.444772 0.591664
vt 0.563164 0.516093
vt 0.562527 0.500845
vt 0.563164 0.500845
vt 0.481819 0.622845
vt 0.481182 0.607597
vt 0.481819 0.607598
vt 0.576388 0.468886
vt 0.575751 0.484134
vt 0.575751 0.468886
vt 0.440485 0.598784
vt 0.439848 0.614032
vt 0.439848 0.598784
vt 0.480497 0.622845
vt 0.479860 0.607597
vt 0.480497 0.607597
vt 0.593578 0.484134
vt 0.592941 0.468886
vt 0.593578 0.468886
vt 0.509975 0.622845
vt 0.509338 0.607597
vt 0.509975 0.607597
vt 0.542736 0.606912
vt 0.542100 0.591663
vt 0.542736 0.591663
vt 0.285965 0.461476
vt 0.243847 0.463236
vt 0.243847 0.461476
vt 0.243260 0.498428
vt 0.201142 0.496669
vt 0.243260 0.496669
vt 0.200555 0.474966
vt 0.158437 0.473207
vt 0.200555 0.473207
vt 0.188349 0.574929
vt 0.186590 0.532811
vt 0.188349 0.532811
vt 0.243260 0.463823
vt 0.201142 0.465582
vt 0.201142 0.463823
vt 0.285965 0.449159
vt 0.243847 0.447400
vt 0.285965 0.447400
vt 0.243260 0.514851
vt 0.201142 0.513092
vt 0.243260 0.513092
vt 0.157849 0.489518
vt 0.156090 0.447400
vt 0.157850 0.447400
vt 0.200555 0.458543
vt 0.158436 0.456784
vt 0.200555 0.456784
vt 0.285965 0.519543
vt 0.243847 0.517784
vt 0.285965 0.517784
vt 0.590343 0.590886
vt 0.590980 0.575638
vt 0.590980 0.590886
vt 0.527917 0.606912
vt 0.527281 0.591664
vt 0.527917 0.591664
vt 0.450859 0.591664
vt 0.450222 0.606912
vt 0.450222 0.591664
vt 0.415134 0.606913
vt 0.414497 0.591665
vt 0.415134 0.591665
vt 0.583685 0.565955
vt 0.584322 0.550707
vt 0.584322 0.565955
vt 0.576388 0.516093
vt 0.575751 0.500845
vt 0.576388 0.500845
vt 0.532044 0.607597
vt 0.531407 0.622845
vt 0.531407 0.607597
vt 0.568499 0.606820
vt 0.567863 0.591572
vt 0.568499 0.591572
vt 0.533685 0.606912
vt 0.533049 0.591664
vt 0.533685 0.591664
vt 0.592256 0.500845
vt 0.591619 0.516093
vt 0.591619 0.500845
vt 0.872404 0.837738
vt 0.887161 0.840321
vt 0.872404 0.840321
vt 0.887161 0.841121
vt 0.872404 0.843704
vt 0.872404 0.841121
vt 0.780131 0.746799
vt 0.803105 0.744216
vt 0.803738 0.746799
vt 0.803106 0.736650
vt 0.780131 0.734067
vt 0.803738 0.734067
vt 0.929959 0.821652
vt 0.927758 0.822878
vt 0.931115 0.817074
vt 0.788852 0.807298
vt 0.791371 0.828544
vt 0.788852 0.830272
vt 0.828943 0.795498
vt 0.847829 0.793043
vt 0.850190 0.795498
vt 0.852715 0.830909
vt 0.869240 0.828455
vt 0.871601 0.830909
vt 0.872405 0.756504
vt 0.887201 0.753985
vt 0.888930 0.756504
vt 0.819998 0.872804
vt 0.822581 0.886968
vt 0.819998 0.887601
vt 0.799699 0.886968
vt 0.802282 0.872804
vt 0.802282 0.887601
vt 0.831556 0.867917
vt 0.834076 0.853120
vt 0.834076 0.869645
vt 0.869240 0.824400
vt 0.852715 0.821946
vt 0.871601 0.821946
vt 0.847829 0.802007
vt 0.828943 0.799553
vt 0.850190 0.799553
vt 0.795491 0.828544
vt 0.798011 0.807298
vt 0.798011 0.830272
vt 0.787337 0.899069
vt 0.784883 0.888401
vt 0.787337 0.888401
vt 0.907648 0.736586
vt 0.920676 0.734067
vt 0.920676 0.736586
vt 0.867653 0.923339
vt 0.865200 0.923411
vt 0.863075 0.922182
vt 0.817428 0.904593
vt 0.819882 0.912900
vt 0.817428 0.912900
vt 0.938568 0.860187
vt 0.931989 0.862707
vt 0.931989 0.860187
vt 0.835415 0.930158
vt 0.832832 0.924211
vt 0.835415 0.924211
vt 0.869245 0.924211
vt 0.866663 0.930158
vt 0.866663 0.924211
vt 0.931989 0.906663
vt 0.938568 0.909182
vt 0.931989 0.909182
vt 0.806864 0.902232
vt 0.804410 0.910539
vt 0.804410 0.902232
vt 0.777573 0.888401
vt 0.775119 0.899069
vt 0.775119 0.888401
vt 0.905920 0.757305
vt 0.918948 0.759824
vt 0.905920 0.759824
vt 0.349927 0.815800
vt 0.360221 0.839576
vt 0.349927 0.839576
vt 0.425240 0.855482
vt 0.425240 0.845188
vt 0.434155 0.840041
vt 0.382204 0.840041
vt 0.392498 0.863816
vt 0.382204 0.863816
vt 0.370980 0.839576
vt 0.360686 0.815800
vt 0.370980 0.815800
vt 0.346704 0.903963
vt 0.346704 0.893669
vt 0.364534 0.893669
vt 0.371445 0.791559
vt 0.381739 0.815335
vt 0.371445 0.815335
vt 0.414481 0.864281
vt 0.424775 0.888057
vt 0.414481 0.888057
vt 0.328409 0.840041
vt 0.338703 0.863816
vt 0.328409 0.863816
vt 0.905117 0.807691
vt 0.890363 0.805108
vt 0.905117 0.805108
vt 0.890363 0.821221
vt 0.905117 0.818639
vt 0.905117 0.821221
vt 0.828143 0.734067
vt 0.805171 0.736649
vt 0.804539 0.734067
vt 0.775216 0.783523
vt 0.772634 0.806494
vt 0.772634 0.782890
vt 0.929506 0.914929
vt 0.930732 0.917129
vt 0.924929 0.913773
vt 0.821247 0.830269
vt 0.818728 0.809026
vt 0.821247 0.807298
vt 0.806863 0.852317
vt 0.804409 0.833433
vt 0.806863 0.831073
vt 0.871599 0.847982
vt 0.855076 0.850436
vt 0.852715 0.847982
vt 0.888927 0.763943
vt 0.874132 0.766462
vt 0.872404 0.763943
vt 0.825963 0.887599
vt 0.823381 0.873436
vt 0.825963 0.872804
vt 0.856408 0.873436
vt 0.853826 0.887599
vt 0.853826 0.872804
vt 0.874132 0.787178
vt 0.888927 0.789697
vt 0.872404 0.789697
vt 0.752336 0.869643
vt 0.754790 0.853120
vt 0.754790 0.872003
vt 0.832898 0.833433
vt 0.830444 0.852316
vt 0.830444 0.831073
vt 0.830671 0.747344
vt 0.851915 0.749863
vt 0.828943 0.749863
vt 0.853228 0.890762
vt 0.855682 0.901428
vt 0.853228 0.901428
vt 0.907648 0.816258
vt 0.920674 0.813739
vt 0.920674 0.816258
vt 0.887564 0.923338
vt 0.885111 0.923410
vt 0.882987 0.922181
vt 0.849972 0.904593
vt 0.852426 0.912898
vt 0.849972 0.912898
vt 0.762294 0.925939
vt 0.764813 0.932517
vt 0.762294 0.932517
vt 0.943132 0.740032
vt 0.949077 0.737450
vt 0.949077 0.740032
vt 0.920790 0.930789
vt 0.923373 0.924844
vt 0.923373 0.930789
vt 0.775571 0.932517
vt 0.778090 0.925939
vt 0.778090 0.932517
vt 0.859735 0.912898
vt 0.862189 0.904593
vt 0.862189 0.912898
vt 0.872754 0.901428
vt 0.875207 0.890761
vt 0.875207 0.901428
vt 0.920674 0.839493
vt 0.907648 0.836974
vt 0.920674 0.836974
vt 0.416775 0.589194
vt 0.416138 0.573854
vt 0.416775 0.573854
vt 0.435403 0.590979
vt 0.436040 0.575639
vt 0.436040 0.590979
vt 0.332500 0.585101
vt 0.334185 0.582183
vt 0.334997 0.582519
vt 0.334997 0.604726
vt 0.335869 0.601242
vt 0.335869 0.604612
vt 0.557921 0.575638
vt 0.557284 0.590978
vt 0.557284 0.575638
vt 0.535327 0.590978
vt 0.534690 0.575638
vt 0.535327 0.575638
vt 0.561842 0.566047
vt 0.561205 0.550707
vt 0.561842 0.550707
vt 0.559243 0.590977
vt 0.558606 0.575638
vt 0.559243 0.575638
vt 0.428630 0.582074
vt 0.427993 0.566734
vt 0.428630 0.566734
vt 0.562527 0.484134
vt 0.563164 0.468795
vt 0.563164 0.484134
vt 0.428630 0.534683
vt 0.427993 0.550023
vt 0.427993 0.534683
vt 0.416138 0.573169
vt 0.416775 0.557829
vt 0.416775 0.573169
vt 0.422703 0.509067
vt 0.422066 0.493727
vt 0.422703 0.493727
vt 0.502566 0.575639
vt 0.501929 0.590978
vt 0.501929 0.575639
vt 0.433076 0.566734
vt 0.432439 0.582074
vt 0.432439 0.566734
vt 0.422703 0.525092
vt 0.422066 0.509752
vt 0.422703 0.509752
vt 0.434558 0.590979
vt 0.433921 0.575639
vt 0.434558 0.575639
vt 0.561842 0.516870
vt 0.561205 0.532210
vt 0.561205 0.516870
vt 0.487747 0.590978
vt 0.487110 0.575639
vt 0.487747 0.575639
vt 0.425507 0.550023
vt 0.424870 0.534683
vt 0.425507 0.534683
vt 0.533686 0.590978
vt 0.533049 0.575639
vt 0.533686 0.575639
vt 0.561888 0.575638
vt 0.561251 0.590977
vt 0.561251 0.575638
vt 0.560565 0.590977
vt 0.559928 0.575638
vt 0.560565 0.575638
vt 0.440485 0.566733
vt 0.439848 0.582073
vt 0.439848 0.566733
vt 0.445776 0.550023
vt 0.446413 0.534683
vt 0.446413 0.550023
vt 0.549986 0.590978
vt 0.549350 0.575638
vt 0.549986 0.575638
vt 0.285839 0.541245
vt 0.243847 0.543005
vt 0.243847 0.541245
vt 0.285839 0.571158
vt 0.243847 0.569399
vt 0.285839 0.569399
vt 0.286552 0.595207
vt 0.328543 0.596966
vt 0.286552 0.596966
vt 0.328543 0.604592
vt 0.286552 0.606351
vt 0.286552 0.604592
vt 0.328544 0.517197
vt 0.286552 0.515438
vt 0.328544 0.515438
vt 0.285839 0.528928
vt 0.243847 0.527169
vt 0.285839 0.527169
vt 0.328543 0.578784
vt 0.286552 0.580543
vt 0.286552 0.578784
vt 0.275744 0.617507
vt 0.277503 0.575516
vt 0.277503 0.617507
vt 0.286552 0.590515
vt 0.328543 0.592274
vt 0.286552 0.592274
vt 0.328544 0.545351
vt 0.286552 0.543592
vt 0.328544 0.543592
vt 0.258734 0.575516
vt 0.256974 0.617507
vt 0.256974 0.575516
vt 0.286552 0.456784
vt 0.328544 0.458543
vt 0.286552 0.458543
vt 0.328544 0.473207
vt 0.286552 0.474966
vt 0.286552 0.473207
vt 0.339239 0.609471
vt 0.337554 0.612389
vt 0.336741 0.612052
vt 0.284541 0.575516
vt 0.282782 0.617507
vt 0.282782 0.575516
vt 0.335869 0.622633
vt 0.334997 0.619148
vt 0.335869 0.619263
vt 0.588289 0.500067
vt 0.587652 0.484820
vt 0.588289 0.484820
vt 0.588289 0.468886
vt 0.587652 0.484134
vt 0.587652 0.468886
vt 0.588289 0.468018
vt 0.587652 0.452770
vt 0.588289 0.452770
vt 0.564486 0.534682
vt 0.563849 0.549931
vt 0.563849 0.534682
vt 0.498120 0.591664
vt 0.497483 0.606912
vt 0.497483 0.591664
vt 0.576388 0.500068
vt 0.575751 0.484820
vt 0.576388 0.484820
vt 0.576388 0.547960
vt 0.575751 0.532712
vt 0.576388 0.532712
vt 0.413811 0.607598
vt 0.413175 0.622846
vt 0.413175 0.607598
vt 0.552631 0.591663
vt 0.551994 0.606911
vt 0.551994 0.591663
vt 0.563210 0.590886
vt 0.562573 0.575638
vt 0.563210 0.575638
vt 0.458109 0.591664
vt 0.457472 0.606912
vt 0.457472 0.591664
vt 0.589611 0.500067
vt 0.588974 0.484820
vt 0.589611 0.484820
vt 0.571098 0.484134
vt 0.570461 0.468886
vt 0.571098 0.468886
vt 0.495156 0.591664
vt 0.494519 0.606912
vt 0.494519 0.591664
vt 0.570461 0.516093
vt 0.571098 0.500845
vt 0.571098 0.516093
vt 0.416775 0.605128
vt 0.416138 0.589880
vt 0.416775 0.589880
vt 0.435880 0.607598
vt 0.435243 0.622845
vt 0.435243 0.607598
vt 0.565855 0.622753
vt 0.565218 0.607505
vt 0.565855 0.607505
vt 0.584322 0.468018
vt 0.583685 0.452770
vt 0.584322 0.452770
vt 0.541255 0.591663
vt 0.540618 0.606912
vt 0.540618 0.591663
vt 0.576388 0.516779
vt 0.575751 0.532027
vt 0.575751 0.516779
vt 0.492352 0.622845
vt 0.491715 0.607597
vt 0.492352 0.607597
vt 0.565809 0.468018
vt 0.565172 0.452770
vt 0.565809 0.452770
vt 0.571098 0.484820
vt 0.570461 0.500068
vt 0.570461 0.484820
vt 0.160783 0.617507
vt 0.162542 0.575516
vt 0.162542 0.617507
vt 0.216503 0.617507
vt 0.214744 0.575516
vt 0.216503 0.575516
vt 0.328543 0.560015
vt 0.286552 0.561774
vt 0.286552 0.560015
vt 0.207705 0.617507
vt 0.209465 0.575516
vt 0.209465 0.617507
vt 0.228821 0.617507
vt 0.230580 0.575516
vt 0.230580 0.617507
vt 0.285839 0.552976
vt 0.243847 0.554735
vt 0.243847 0.552976
vt 0.285839 0.534207
vt 0.243847 0.535966
vt 0.243847 0.534207
vt 0.285839 0.571745
vt 0.243847 0.573504
vt 0.243847 0.571745
vt 0.285839 0.545938
vt 0.243847 0.547697
vt 0.243847 0.545938
vt 0.328543 0.599899
vt 0.286552 0.601659
vt 0.286552 0.599899
vt 0.905119 0.750182
vt 0.890363 0.747599
vt 0.905119 0.747599
vt 0.890363 0.777246
vt 0.905119 0.774663
vt 0.905119 0.777246
vt 0.762485 0.782890
vt 0.765068 0.805865
vt 0.762485 0.806497
vt 0.803106 0.743415
vt 0.780131 0.740833
vt 0.803738 0.740833
vt 0.921549 0.846941
vt 0.922903 0.844817
vt 0.922706 0.851519
vt 0.804539 0.799854
vt 0.825785 0.797334
vt 0.827513 0.799854
vt 0.765354 0.831073
vt 0.767809 0.849959
vt 0.765354 0.852319
vt 0.852715 0.791853
vt 0.869241 0.789399
vt 0.871601 0.791853
vt 0.872404 0.739906
vt 0.887201 0.737387
vt 0.888930 0.739906
vt 0.889730 0.868589
vt 0.903895 0.866007
vt 0.904527 0.868589
vt 0.779400 0.886968
vt 0.781983 0.872804
vt 0.781983 0.887601
vt 0.844835 0.867917
vt 0.847354 0.853120
vt 0.847354 0.869645
vt 0.869240 0.798362
vt 0.852715 0.795908
vt 0.871601 0.795908
vt 0.847829 0.811771
vt 0.828943 0.809317
vt 0.850190 0.809317
vt 0.755655 0.828544
vt 0.758175 0.807298
vt 0.758175 0.830272
vt 0.829647 0.899069
vt 0.827193 0.888401
vt 0.829647 0.888401
vt 0.907648 0.806299
vt 0.920676 0.803780
vt 0.920676 0.806299
vt 0.875156 0.913772
vt 0.877609 0.913700
vt 0.879733 0.914929
vt 0.775118 0.904593
vt 0.777572 0.912900
vt 0.775118 0.912900
vt 0.933718 0.872666
vt 0.940296 0.870146
vt 0.940296 0.872666
vt 0.886961 0.924844
vt 0.889543 0.930790
vt 0.886961 0.930790
vt 0.846364 0.930790
vt 0.848947 0.924844
vt 0.848947 0.930790
vt 0.940296 0.859387
vt 0.933718 0.856868
vt 0.940296 0.856868
vt 0.801155 0.912900
vt 0.803609 0.904593
vt 0.803609 0.912900
vt 0.817429 0.901430
vt 0.819883 0.890762
vt 0.819883 0.901430
vt 0.920676 0.789701
vt 0.907648 0.787182
vt 0.920676 0.787182
vt 0.474004 0.910734
vt 0.475039 0.914616
vt 0.474004 0.914616
vt 0.344479 0.872975
vt 0.345830 0.876857
vt 0.344479 0.876857
vt 0.409034 0.893978
vt 0.409384 0.892673
vt 0.410060 0.891503
vt 0.346295 0.868628
vt 0.347646 0.872510
vt 0.346295 0.872510
vt 0.413490 0.912514
vt 0.411015 0.911488
vt 0.410060 0.910533
vt 0.473760 0.880891
vt 0.472725 0.877009
vt 0.473760 0.877009
vt 0.344479 0.868628
vt 0.345830 0.872510
vt 0.344479 0.872510
vt 0.475260 0.860997
vt 0.474225 0.857115
vt 0.475260 0.857115
vt 0.364180 0.864281
vt 0.365532 0.868163
vt 0.364180 0.868163
vt 0.473760 0.860997
vt 0.472725 0.857115
vt 0.473760 0.857115
vt 0.370980 0.868163
vt 0.369629 0.864281
vt 0.370980 0.864281
vt 0.360864 0.864281
vt 0.361899 0.868163
vt 0.360864 0.868163
vt 0.363716 0.872510
vt 0.362364 0.868628
vt 0.363716 0.868628
vt 0.474225 0.880891
vt 0.475260 0.877009
vt 0.475260 0.880891
vt 0.363716 0.868163
vt 0.362364 0.864281
vt 0.363716 0.864281
vt 0.474270 0.832875
vt 0.475305 0.836757
vt 0.474270 0.836757
vt 0.364180 0.868628
vt 0.365532 0.872510
vt 0.364180 0.872510
vt 0.474270 0.808169
vt 0.475305 0.804287
vt 0.475305 0.808169
vt 0.342198 0.872510
vt 0.340846 0.868628
vt 0.342198 0.868628
vt 0.360864 0.872975
vt 0.361899 0.876857
vt 0.360864 0.876857
vt 0.367813 0.864281
vt 0.369164 0.868163
vt 0.367813 0.868163
vt 0.340382 0.868163
vt 0.339346 0.864281
vt 0.340382 0.864281
vt 0.365997 0.872975
vt 0.367348 0.876857
vt 0.365997 0.876857
vt 0.472504 0.910734
vt 0.473539 0.914616
vt 0.472504 0.914616
vt 0.344479 0.864281
vt 0.345830 0.868163
vt 0.344479 0.868163
vt 0.473539 0.910269
vt 0.472504 0.906388
vt 0.473539 0.906388
vt 0.342663 0.868163
vt 0.344014 0.864281
vt 0.344014 0.868163
vt 0.474004 0.906387
vt 0.475039 0.910269
vt 0.474004 0.910269
vt 0.348111 0.868628
vt 0.349462 0.872510
vt 0.348111 0.872510
vt 0.340382 0.876857
vt 0.339346 0.872975
vt 0.340382 0.872975
vt 0.346295 0.864281
vt 0.347646 0.868163
vt 0.346295 0.868163
vt 0.475305 0.828528
vt 0.474270 0.832410
vt 0.474270 0.828528
vt 0.362364 0.872975
vt 0.363716 0.876857
vt 0.362364 0.876857
vt 0.361899 0.881204
vt 0.360864 0.877322
vt 0.361899 0.877322
vt 0.340846 0.864281
vt 0.342198 0.868163
vt 0.340846 0.868163
vt 0.473760 0.901944
vt 0.472725 0.898062
vt 0.473760 0.898062
vt 0.365996 0.864281
vt 0.367348 0.868163
vt 0.365996 0.868163
vt 0.340382 0.872510
vt 0.339346 0.868628
vt 0.340382 0.868628
vt 0.365996 0.868628
vt 0.367348 0.872510
vt 0.365996 0.872510
vt 0.475305 0.812516
vt 0.474270 0.808634
vt 0.475305 0.808634
vt 0.369629 0.868628
vt 0.370980 0.872510
vt 0.369629 0.872510
vt 0.475260 0.901944
vt 0.474225 0.898062
vt 0.475260 0.898062
vt 0.367813 0.868628
vt 0.369164 0.872510
vt 0.367813 0.872510
vt 0.360864 0.868628
vt 0.361899 0.872510
vt 0.360864 0.872510
vt 0.344014 0.872510
vt 0.342663 0.868628
vt 0.344014 0.868628
vt 0.340382 0.881204
vt 0.339346 0.877322
vt 0.340382 0.877322
vt 0.340846 0.872975
vt 0.342198 0.876857
vt 0.340846 0.876857
vt 0.339346 0.885551
vt 0.340382 0.881669
vt 0.340382 0.885551
vt 0.348111 0.864281
vt 0.349462 0.868163
vt 0.348111 0.868163
vt 0.361899 0.885551
vt 0.360864 0.881669
vt 0.361899 0.881669
vt 0.281240 0.184762
vt 0.260257 0.205746
vt 0.260257 0.184762
vt 0.223749 0.237302
vt 0.205577 0.268778
vt 0.187405 0.237302
vt 0.281240 0.247957
vt 0.260257 0.268941
vt 0.260257 0.247957
vt 0.302305 0.226892
vt 0.281322 0.247876
vt 0.281322 0.226892
vt 0.242003 0.268778
vt 0.223831 0.237302
vt 0.260175 0.237302
vt 0.281240 0.226811
vt 0.260257 0.205827
vt 0.281240 0.205827
vt 0.208388 0.289843
vt 0.187405 0.268859
vt 0.208388 0.268859
vt 0.281322 0.268941
vt 0.302305 0.247957
vt 0.302305 0.268941
vt 0.475739 0.079285
vt 0.474389 0.200275
vt 0.546525 0.258130
vt 0.660448 0.170543
vt 0.629238 0.061848
vt 0.580792 0.062287
vt 0.602221 0.063838
vt 0.805774 0.151262
vt 0.804954 0.150394
vt 0.805827 0.125573
vt 0.804955 0.089424
vt 0.793208 0.150394
vt 0.792387 0.151262
vt 0.792336 0.125572
vt 0.793209 0.089424
vt 0.805983 0.091217
vt 0.483054 0.256588
vt 0.869238 0.134707
vt 0.851351 0.100290
vt 0.851351 0.074601
vt 0.862019 0.054217
vt 0.896595 0.054217
vt 0.896595 0.100290
vt 0.854921 0.134707
vt 0.896657 0.100290
vt 0.851289 0.100290
vt 0.840621 0.100290
vt 0.851289 0.134646
vt 0.840621 0.134646
vt 0.806045 0.100290
vt 0.827505 0.134707
vt 0.841058 0.169063
vt 0.806045 0.172345
vt 0.827443 0.134707
vt 0.335444 0.935030
vt 0.369629 0.894244
vt 0.443424 0.917651
vt 0.443156 0.918651
vt 0.441850 0.918301
vt 0.442118 0.917301
vt 0.446348 0.918301
vt 0.445043 0.918651
vt 0.444775 0.917651
vt 0.440948 0.916625
vt 0.440216 0.917357
vt 0.439261 0.916402
vt 0.446080 0.917301
vt 0.448937 0.916402
vt 0.447982 0.917357
vt 0.448206 0.915670
vt 0.447250 0.916625
vt 0.439993 0.915670
vt 0.450231 0.913463
vt 0.449881 0.914768
vt 0.448881 0.914500
vt 0.439317 0.914500
vt 0.438317 0.914768
vt 0.438968 0.913195
vt 0.437968 0.913463
vt 0.449231 0.913195
vt 0.438968 0.911844
vt 0.437968 0.911576
vt 0.439317 0.910538
vt 0.438317 0.910270
vt 0.449231 0.911844
vt 0.449881 0.910270
vt 0.450231 0.911576
vt 0.448881 0.910538
vt 0.447982 0.907681
vt 0.448938 0.908636
vt 0.447250 0.908413
vt 0.448206 0.909368
vt 0.439993 0.909368
vt 0.439261 0.908636
vt 0.440216 0.907681
vt 0.440948 0.908413
vt 0.441851 0.906737
vt 0.443156 0.906388
vt 0.446080 0.907737
vt 0.445043 0.906388
vt 0.446348 0.906737
vt 0.420762 0.896751
vt 0.426240 0.911843
vt 0.425240 0.911576
vt 0.425589 0.910270
vt 0.426589 0.910538
vt 0.425589 0.914768
vt 0.425240 0.913463
vt 0.426589 0.914500
vt 0.426240 0.913195
vt 0.427265 0.909368
vt 0.426533 0.908636
vt 0.428220 0.908413
vt 0.427488 0.907681
vt 0.427265 0.915670
vt 0.427488 0.917357
vt 0.426533 0.916402
vt 0.428220 0.916625
vt 0.430428 0.918651
vt 0.429123 0.918301
vt 0.430696 0.917651
vt 0.429390 0.917301
vt 0.429390 0.907737
vt 0.429123 0.906737
vt 0.430696 0.907387
vt 0.430428 0.906388
vt 0.432047 0.907387
vt 0.432315 0.906388
vt 0.433620 0.906737
vt 0.433620 0.918301
vt 0.432315 0.918651
vt 0.432047 0.917651
vt 0.433352 0.907737
vt 0.433352 0.917301
vt 0.436209 0.916402
vt 0.435254 0.917358
vt 0.434522 0.916625
vt 0.434522 0.908413
vt 0.435254 0.907681
vt 0.435478 0.909368
vt 0.436210 0.908636
vt 0.435478 0.915670
vt 0.437153 0.910271
vt 0.437503 0.911576
vt 0.437503 0.913463
vt 0.437153 0.914768
vt 0.436503 0.911844
vt 0.329909 0.938912
vt 0.365532 0.872975
vt 0.329444 0.935030
vt 0.405981 0.913922
vt 0.474556 0.848269
vt 0.369164 0.877322
vt 0.475320 0.820147
vt 0.349462 0.881669
vt 0.339636 0.935030
vt 0.347646 0.881669
vt 0.472725 0.856650
vt 0.344014 0.877322
vt 0.396901 0.935656
vt 0.345830 0.877322
vt 0.474319 0.922997
vt 0.363716 0.877322
vt 0.474285 0.819682
vt 0.347646 0.872975
vt 0.338444 0.935030
vt 0.367348 0.877322
vt 0.474556 0.893563
vt 0.365532 0.885551
vt 0.474556 0.872510
vt 0.365532 0.877322
vt 0.474556 0.852616
vt 0.370980 0.872975
vt 0.380541 0.935343
vt 0.466591 0.906388
vt 0.474556 0.868163
vt 0.347646 0.877322
vt 0.345171 0.935030
vt 0.367813 0.889898
vt 0.474285 0.799788
vt 0.340846 0.885551
vt 0.436468 0.940072
vt 0.365996 0.885551
vt 0.331409 0.938912
vt 0.369629 0.877322
vt 0.475354 0.927809
vt 0.342198 0.881204
vt 0.474556 0.843923
vt 0.422114 0.914603
vt 0.474556 0.885334
vt 0.349462 0.877322
vt 0.342636 0.938912
vt 0.314095 0.077315
vt 0.329676 0.061008
vt 0.287232 0.061021
vt 0.316873 0.061021
vt 0.274430 0.077315
vt 0.302488 0.044714
vt 0.299165 0.077315
vt 0.296386 0.044714
vt 0.323248 0.061008
vt 0.299437 0.044714
vt 0.283583 0.077315
vt 0.302488 0.061021
vt 0.307993 0.077315
vt 0.284181 0.044714
vt 0.277481 0.077315
vt 0.317744 0.044714
vt 0.296113 0.077315
vt 0.281130 0.061021
vt 0.329676 0.044701
vt 0.311642 0.044714
vt 0.335453 0.061008
vt 0.275028 0.044714
vt 0.329351 0.077315
vt 0.308591 0.044714
vt 0.323248 0.077315
vt 0.299437 0.061021
vt 0.329351 0.061008
vt 0.284181 0.061021
vt 0.320523 0.093609
vt 0.319925 0.077329
vt 0.280532 0.077315
vt 0.278079 0.044714
vt 0.323248 0.044701
vt 0.290284 0.061021
vt 0.286960 0.077315
vt 0.310771 0.061021
vt 0.326625 0.044701
vt 0.289413 0.044714
vt 0.283909 0.077315
vt 0.271977 0.061021
vt 0.323574 0.077315
vt 0.292464 0.044714
vt 0.332727 0.077315
vt 0.277208 0.061021
vt 0.314420 0.077315
vt 0.295515 0.061021
vt 0.302216 0.077315
vt 0.283311 0.044714
vt 0.329676 0.077315
vt 0.293335 0.044714
vt 0.323574 0.061008
vt 0.314693 0.044714
vt 0.277806 0.061008
vt 0.307720 0.044714
vt 0.308318 0.077315
vt 0.319925 0.061021
vt 0.332727 0.044701
vt 0.298566 0.061021
vt 0.293062 0.077315
vt 0.274157 0.044714
vt 0.290011 0.077315
vt 0.305540 0.061021
vt 0.323574 0.044701
vt 0.313822 0.061021
vt 0.373408 0.060773
vt 0.375914 0.076832
vt 0.317901 0.142064
vt 0.344733 0.093574
vt 0.338455 0.060973
vt 0.308318 0.093574
vt 0.380876 0.125642
vt 0.373408 0.076832
vt 0.323574 0.109833
vt 0.375864 0.125642
vt 0.295788 0.109833
vt 0.380925 0.076832
vt 0.296113 0.093574
vt 0.312734 0.142101
vt 0.335403 0.093574
vt 0.368347 0.109583
vt 0.301840 0.093574
vt 0.375914 0.044466
vt 0.314045 0.093574
vt 0.368347 0.125792
vt 0.271754 0.093574
vt 0.370902 0.076832
vt 0.287010 0.093574
vt 0.368347 0.093374
vt 0.335779 0.044665
vt 0.370902 0.060773
vt 0.280482 0.093574
vt 0.380876 0.109583
vt 0.347459 0.077280
vt 0.320523 0.142086
vt 0.347784 0.044665
vt 0.373358 0.109583
vt 0.341781 0.044665
vt 0.378370 0.141701
vt 0.341732 0.093574
vt 0.368396 0.044466
vt 0.317096 0.093574
vt 0.375864 0.093374
vt 0.280808 0.109833
vt 0.380876 0.141701
vt 0.335729 0.093574
vt 0.373358 0.093374
vt 0.311419 0.109833
vt 0.302579 0.142101
vt 0.341406 0.093574
vt 0.368396 0.060773
vt 0.274805 0.109833
vt 0.359971 0.142001
vt 0.335729 0.109833
vt 0.378370 0.093374
vt 0.317472 0.093587
vt 0.378370 0.109583
vt 0.277806 0.109833
vt 0.375914 0.060524
vt 0.283958 0.093574
vt 0.315240 0.142101
vt 0.290011 0.093574
vt 0.368396 0.076982
vt 0.335779 0.077280
vt 0.373408 0.044466
vt 0.344783 0.060973
vt 0.350736 0.142051
vt 0.293112 0.093574
vt 0.344783 0.044665
vt 0.326873 0.109833
vt 0.326873 0.093574
vt 0.339028 0.060973
vt 0.274871 0.142101
vt 0.375864 0.109583
vt 0.338978 0.109833
vt 0.380925 0.044466
vt 0.305217 0.142101
vt 0.350162 0.109833
vt 0.341979 0.109833
vt 0.380925 0.060524
vt 0.272002 0.109833
vt 0.378420 0.044466
vt 0.308616 0.109833
vt 0.378370 0.125642
vt 0.302464 0.109833
vt 0.362906 0.142001
vt 0.342029 0.060973
vt 0.370902 0.044466
vt 0.348032 0.060973
vt 0.296047 0.142101
vt 0.299462 0.109833
vt 0.365411 0.142001
vt 0.302463 0.093574
vt 0.356606 0.142001
vt 0.287257 0.109833
vt 0.370852 0.125642
vt 0.290259 0.109833
vt 0.307723 0.142101
vt 0.305515 0.093574
vt 0.373358 0.125642
vt 0.335156 0.109833
vt 0.284172 0.142101
vt 0.347161 0.109833
vt 0.378420 0.076832
vt 0.329974 0.093574
vt 0.290177 0.142101
vt 0.323822 0.093574
vt 0.280808 0.142101
vt 0.277233 0.093574
vt 0.373358 0.141701
vt 0.339028 0.077280
vt 0.278302 0.142101
vt 0.342029 0.077280
vt 0.378420 0.060524
vt 0.296361 0.109833
vt 0.353671 0.142001
vt 0.350162 0.093574
vt 0.380876 0.093374
vt 0.286387 0.109833
vt 0.286678 0.142101
vt 0.316848 0.109833
vt 0.370852 0.109583
vt 0.348032 0.077280
vt 0.368347 0.141851
vt 0.329974 0.109833
vt 0.370852 0.141701
vt 0.341208 0.044665
vt 0.310229 0.142101
vt 0.283286 0.093574
vt 0.370852 0.093374
vt 0.307645 0.109833
vt 0.272365 0.142101
vt 0.375864 0.141701
vt 0.274871 0.126042
vt 0.335729 0.126042
vt 0.271754 0.126042
vt 0.290391 0.126042
vt 0.353131 0.109783
vt 0.314420 0.126042
vt 0.344948 0.126042
vt 0.307827 0.126042
vt 0.362691 0.093524
vt 0.353180 0.060923
vt 0.362526 0.077132
vt 0.338664 0.126042
vt 0.353886 0.109733
vt 0.362526 0.060923
vt 0.353935 0.044616
vt 0.320523 0.109818
vt 0.362741 0.044616
vt 0.359216 0.125943
vt 0.359756 0.093524
vt 0.311094 0.126042
vt 0.359806 0.044616
vt 0.332402 0.126042
vt 0.353935 0.060923
vt 0.280808 0.126042
vt 0.356821 0.109733
vt 0.323132 0.126027
vt 0.341946 0.126042
vt 0.356281 0.125943
vt 0.365676 0.077132
vt 0.301824 0.126042
vt 0.351000 0.077230
vt 0.353345 0.125992
vt 0.302364 0.126042
vt 0.286678 0.126042
vt 0.283958 0.126042
vt 0.280416 0.126042
vt 0.359806 0.077230
vt 0.293112 0.126042
vt 0.350950 0.093524
vt 0.326184 0.126042
vt 0.351000 0.044616
vt 0.365461 0.060923
vt 0.359051 0.060923
vt 0.353671 0.093524
vt 0.356870 0.077230
vt 0.365411 0.125943
vt 0.353935 0.077230
vt 0.317472 0.109796
vt 0.356871 0.044616
vt 0.326509 0.126042
vt 0.367807 0.093524
vt 0.347668 0.126042
vt 0.359806 0.060923
vt 0.311419 0.126042
vt 0.359001 0.093524
vt 0.317472 0.126006
vt 0.364871 0.109733
vt 0.362476 0.125943
vt 0.335122 0.126042
vt 0.296113 0.126042
vt 0.361936 0.125943
vt 0.365411 0.109733
vt 0.361936 0.109733
vt 0.367856 0.044616
vt 0.191221 0.849332
vt 0.178622 0.854780
vt 0.128124 0.879719
vt 0.127346 0.881599
vt 0.125670 0.878702
vt 0.124891 0.880583
vt 0.130758 0.874977
vt 0.130758 0.880066
vt 0.129441 0.874804
vt 0.123562 0.877085
vt 0.128214 0.874296
vt 0.121948 0.878324
vt 0.120330 0.876216
vt 0.121945 0.874977
vt 0.127160 0.873487
vt 0.120928 0.872523
vt 0.126352 0.872433
vt 0.118910 0.872789
vt 0.120582 0.869889
vt 0.118564 0.870155
vt 0.125843 0.871206
vt 0.120928 0.867255
vt 0.125670 0.869889
vt 0.119048 0.866476
vt 0.120065 0.864022
vt 0.121945 0.864801
vt 0.126352 0.867345
vt 0.123562 0.862693
vt 0.122323 0.861078
vt 0.125670 0.861076
vt 0.124431 0.859461
vt 0.127160 0.866291
vt 0.127859 0.858041
vt 0.130493 0.857695
vt 0.125843 0.868572
vt 0.130758 0.859712
vt 0.130758 0.864801
vt 0.178622 0.849332
vt 0.129754 0.852063
vt 0.131056 0.853627
vt 0.129015 0.855327
vt 0.127712 0.853763
vt 0.134113 0.848103
vt 0.133195 0.850596
vt 0.131285 0.849893
vt 0.126015 0.848612
vt 0.124994 0.849462
vt 0.125300 0.854877
vt 0.125646 0.856883
vt 0.123028 0.857334
vt 0.132203 0.847400
vt 0.133999 0.841790
vt 0.134450 0.844408
vt 0.127240 0.846280
vt 0.126781 0.847526
vt 0.122682 0.855329
vt 0.131993 0.842136
vt 0.130743 0.836380
vt 0.132443 0.838422
vt 0.130879 0.839724
vt 0.126578 0.842442
vt 0.123788 0.850019
vt 0.120037 0.855087
vt 0.119333 0.856997
vt 0.116840 0.856079
vt 0.122479 0.850244
vt 0.129179 0.837683
vt 0.117544 0.854169
vt 0.119910 0.849665
vt 0.121156 0.850124
vt 0.125728 0.841421
vt 0.125219 0.833323
vt 0.127712 0.834241
vt 0.127009 0.836151
vt 0.124643 0.840656
vt 0.124516 0.835233
vt 0.121870 0.834992
vt 0.123396 0.840196
vt 0.118906 0.833437
vt 0.121524 0.832986
vt 0.119252 0.835443
vt 0.119558 0.840858
vt 0.116840 0.836557
vt 0.120764 0.840302
vt 0.122073 0.840076
vt 0.140844 0.917104
vt 0.083556 0.903755
vt 0.157209 0.913128
vt 0.178622 0.838074
vt 0.152778 0.918216
vt 0.109138 0.899947
vt 0.113205 0.862209
vt 0.114820 0.860970
vt 0.116437 0.863078
vt 0.114822 0.864317
vt 0.109422 0.857695
vt 0.111876 0.858711
vt 0.108643 0.859575
vt 0.111097 0.860592
vt 0.108553 0.864998
vt 0.109607 0.865807
vt 0.115839 0.866771
vt 0.117857 0.866505
vt 0.118204 0.869139
vt 0.110416 0.866861
vt 0.106009 0.864317
vt 0.106009 0.859228
vt 0.107326 0.864490
vt 0.116186 0.869405
vt 0.115839 0.872039
vt 0.117719 0.872818
vt 0.116703 0.875272
vt 0.111097 0.869405
vt 0.110924 0.870722
vt 0.114822 0.874493
vt 0.110416 0.871949
vt 0.113205 0.876601
vt 0.114444 0.878216
vt 0.112336 0.879833
vt 0.109607 0.873003
vt 0.110924 0.868088
vt 0.111097 0.878218
vt 0.108909 0.881253
vt 0.106275 0.881599
vt 0.106009 0.879582
vt 0.106009 0.874493
vt 0.191635 0.908399
vt 0.197975 0.870766
vt 0.196433 0.819174
vt 0.194651 0.919657
vt 0.199717 0.892414
vt 0.120148 0.920100
vt 0.182759 0.924745
vt 0.121837 0.920100
vt 0.098106 0.883577
vt 0.099721 0.882338
vt 0.101338 0.884445
vt 0.099723 0.885685
vt 0.093454 0.886366
vt 0.095998 0.881960
vt 0.094508 0.887175
vt 0.100740 0.888139
vt 0.095317 0.888229
vt 0.102758 0.887873
vt 0.101087 0.890773
vt 0.103105 0.890507
vt 0.095825 0.889456
vt 0.100740 0.893407
vt 0.095998 0.890773
vt 0.102620 0.894186
vt 0.101604 0.896640
vt 0.099723 0.895861
vt 0.095825 0.892090
vt 0.099345 0.899584
vt 0.097237 0.901201
vt 0.095998 0.899586
vt 0.093454 0.895180
vt 0.083209 0.925189
vt 0.086226 0.920100
vt 0.185776 0.919657
vt 0.198029 0.881517
vt 0.126413 0.920100
vt 0.196519 0.818813
vt 0.198207 0.818813
vt 0.199663 0.848971
vt 0.107189 0.926830
vt 0.198121 0.813365
vt 0.196433 0.813365
vt 0.092259 0.925189
vt 0.196340 0.924745
vt 0.118198 0.925188
vt 0.112426 0.925188
vt 0.179036 0.924745
vt 0.152418 0.913128
vt 0.178982 0.859869
vt 0.179128 0.813365
vt 0.176019 0.919297
vt 0.130758 0.903754
vt 0.188825 0.838434
vt 0.166008 0.906206
vt 0.189239 0.897502
vt 0.092606 0.903755
vt 0.165027 0.912015
vt 0.181639 0.832986
vt 0.182052 0.919296
vt 0.150022 0.902231
vt 0.083556 0.914652
vt 0.181639 0.860229
vt 0.134811 0.917104
vt 0.177662 0.877278
vt 0.173002 0.919297
vt 0.178675 0.886965
vt 0.157569 0.918216
vt 0.119527 0.914651
vt 0.181692 0.892414
vt 0.102144 0.912458
vt 0.181639 0.865677
vt 0.114475 0.919740
vt 0.181639 0.838434
vt 0.191367 0.808276
vt 0.165648 0.901118
vt 0.191221 0.865677
vt 0.114114 0.903754
vt 0.184034 0.843883
vt 0.127741 0.903754
vt 0.089589 0.914652
vt 0.086573 0.903755
vt 0.186483 0.914208
vt 0.140484 0.901119
vt 0.091985 0.914652
vt 0.143501 0.901119
vt 0.191367 0.824622
vt 0.150022 0.913128
vt 0.117131 0.903754
vt 0.164067 0.830301
vt 0.163288 0.832181
vt 0.161612 0.829284
vt 0.160833 0.831165
vt 0.166701 0.825559
vt 0.166701 0.830648
vt 0.165384 0.825386
vt 0.159505 0.827667
vt 0.164156 0.824878
vt 0.157890 0.828906
vt 0.156273 0.826798
vt 0.157887 0.825559
vt 0.163103 0.824069
vt 0.156871 0.823105
vt 0.162294 0.823015
vt 0.154853 0.823371
vt 0.156524 0.820471
vt 0.154506 0.820737
vt 0.161786 0.821788
vt 0.156871 0.817837
vt 0.161612 0.820471
vt 0.154990 0.817058
vt 0.156007 0.814604
vt 0.157887 0.815383
vt 0.162294 0.817927
vt 0.159505 0.813275
vt 0.158266 0.811660
vt 0.161612 0.811658
vt 0.160373 0.810043
vt 0.163103 0.816873
vt 0.163801 0.808623
vt 0.166435 0.808276
vt 0.161786 0.819154
vt 0.166701 0.810294
vt 0.166701 0.815383
vt 0.120148 0.903754
vt 0.111783 0.852063
vt 0.113086 0.853627
vt 0.111044 0.855327
vt 0.109742 0.853763
vt 0.116143 0.848103
vt 0.115225 0.850596
vt 0.114233 0.847400
vt 0.113315 0.849893
vt 0.108045 0.848612
vt 0.107024 0.849462
vt 0.107330 0.854877
vt 0.107676 0.856883
vt 0.105058 0.857334
vt 0.116029 0.841790
vt 0.116480 0.844408
vt 0.109269 0.846280
vt 0.108810 0.847526
vt 0.104712 0.855329
vt 0.114023 0.842136
vt 0.112773 0.836380
vt 0.114473 0.838422
vt 0.111209 0.837683
vt 0.112909 0.839724
vt 0.108607 0.842442
vt 0.105818 0.850019
vt 0.102066 0.855087
vt 0.101363 0.856997
vt 0.098870 0.856079
vt 0.104509 0.850244
vt 0.099573 0.854169
vt 0.101939 0.849665
vt 0.103186 0.850124
vt 0.107757 0.841421
vt 0.107249 0.833323
vt 0.109742 0.834241
vt 0.109038 0.836151
vt 0.106672 0.840656
vt 0.106545 0.835233
vt 0.103900 0.834992
vt 0.105426 0.840196
vt 0.100936 0.833437
vt 0.103554 0.832986
vt 0.101282 0.835443
vt 0.101588 0.840858
vt 0.098870 0.836557
vt 0.102794 0.840302
vt 0.104103 0.840076
vt 0.170439 0.912015
vt 0.114114 0.898306
vt 0.188225 0.877278
vt 0.181692 0.908399
vt 0.189239 0.892054
vt 0.162090 0.902231
vt 0.154562 0.861766
vt 0.156176 0.860527
vt 0.157794 0.862634
vt 0.156179 0.863873
vt 0.150779 0.857252
vt 0.153233 0.858268
vt 0.152454 0.860149
vt 0.149910 0.864555
vt 0.150964 0.865364
vt 0.157196 0.866328
vt 0.159214 0.866062
vt 0.157542 0.868962
vt 0.159560 0.868696
vt 0.151772 0.866418
vt 0.150000 0.859132
vt 0.147366 0.863873
vt 0.147366 0.858785
vt 0.148683 0.864047
vt 0.157196 0.871596
vt 0.159076 0.872375
vt 0.158059 0.874829
vt 0.152454 0.868962
vt 0.152281 0.870279
vt 0.156179 0.874050
vt 0.151772 0.871506
vt 0.154562 0.876158
vt 0.155801 0.877773
vt 0.153693 0.879390
vt 0.150964 0.872560
vt 0.152281 0.867645
vt 0.152454 0.877775
vt 0.150265 0.880810
vt 0.147631 0.881156
vt 0.147366 0.879138
vt 0.147366 0.874050
vt 0.196340 0.908760
vt 0.090571 0.925189
vt 0.114114 0.920100
vt 0.199717 0.908760
vt 0.199717 0.886965
vt 0.130497 0.920100
vt 0.190567 0.919657
vt 0.198029 0.903311
vt 0.167643 0.883134
vt 0.169258 0.881895
vt 0.170875 0.884002
vt 0.169260 0.885242
vt 0.162991 0.885923
vt 0.165536 0.881517
vt 0.164045 0.886732
vt 0.170277 0.887696
vt 0.164854 0.887786
vt 0.172295 0.887430
vt 0.170624 0.890330
vt 0.172642 0.890064
vt 0.165362 0.889013
vt 0.170277 0.892964
vt 0.165536 0.890330
vt 0.172157 0.893743
vt 0.171141 0.896197
vt 0.169260 0.895418
vt 0.165362 0.891647
vt 0.168882 0.899141
vt 0.166775 0.900758
vt 0.165536 0.899143
vt 0.162991 0.894736
vt 0.196700 0.913848
vt 0.196647 0.859869
vt 0.192963 0.919657
vt 0.198029 0.914208
vt 0.198029 0.892414
vt 0.110827 0.905035
vt 0.198121 0.829711
vt 0.199410 0.877278
vt 0.198682 0.843523
vt 0.198121 0.824262
vt 0.196340 0.892054
vt 0.082849 0.925189
vt 0.198682 0.838074
vt 0.115803 0.925188
vt 0.197722 0.877278
vt 0.194651 0.892054
vt 0.191221 0.832986
vt 0.181639 0.843883
vt 0.083556 0.898306
vt 0.189239 0.908399
vt 0.153039 0.902231
vt 0.188825 0.832986
vt 0.178768 0.819174
vt 0.186844 0.892054
vt 0.096111 0.901561
vt 0.188972 0.808276
vt 0.159073 0.902231
vt 0.189332 0.824262
vt 0.171682 0.901118
vt 0.193616 0.838434
vt 0.137467 0.901119
vt 0.186844 0.886605
vt 0.092606 0.903395
vt 0.191221 0.843883
vt 0.181785 0.824622
vt 0.159965 0.918216
vt 0.179657 0.919296
vt 0.086573 0.898306
vt 0.189239 0.902951
vt 0.181692 0.886965
vt 0.189186 0.859869
vt 0.178982 0.854420
vt 0.191274 0.881517
vt 0.175751 0.824622
vt 0.189239 0.913848
vt 0.089590 0.903755
vt 0.192656 0.872190
vt 0.102144 0.901561
vt 0.083916 0.919740
vt 0.180678 0.872190
vt 0.188879 0.908760
vt 0.178768 0.824622
vt 0.093454 0.917547
vt 0.175659 0.903311
vt 0.145275 0.912016
vt 0.129516 0.914651
vt 0.178622 0.860229
vt 0.156926 0.855010
vt 0.156147 0.856891
vt 0.154472 0.853994
vt 0.153693 0.855874
vt 0.159560 0.850269
vt 0.159560 0.855357
vt 0.158243 0.850095
vt 0.152364 0.852376
vt 0.157016 0.849587
vt 0.150750 0.853615
vt 0.149132 0.851508
vt 0.150747 0.850269
vt 0.155962 0.848778
vt 0.149730 0.847814
vt 0.155154 0.847725
vt 0.147712 0.848080
vt 0.149384 0.845180
vt 0.147366 0.845446
vt 0.154645 0.846497
vt 0.149730 0.842547
vt 0.154472 0.845180
vt 0.147850 0.841768
vt 0.148867 0.839313
vt 0.150747 0.840092
vt 0.155154 0.842636
vt 0.152364 0.837984
vt 0.151125 0.836370
vt 0.154472 0.836367
vt 0.153233 0.834752
vt 0.155962 0.841582
vt 0.156661 0.833333
vt 0.159295 0.832986
vt 0.154645 0.843863
vt 0.159560 0.835004
vt 0.159560 0.840092
vt 0.123165 0.903754
vt 0.093812 0.852063
vt 0.095115 0.853627
vt 0.091771 0.853763
vt 0.093073 0.855327
vt 0.098172 0.848103
vt 0.097254 0.850596
vt 0.096262 0.847400
vt 0.095344 0.849893
vt 0.090074 0.848612
vt 0.089053 0.849462
vt 0.089359 0.854877
vt 0.089705 0.856883
vt 0.087087 0.857334
vt 0.098058 0.841790
vt 0.098509 0.844408
vt 0.091299 0.846280
vt 0.090840 0.847526
vt 0.086741 0.855329
vt 0.096052 0.842136
vt 0.094802 0.836380
vt 0.096502 0.838422
vt 0.093238 0.837683
vt 0.094938 0.839724
vt 0.090637 0.842442
vt 0.087847 0.850019
vt 0.084095 0.855087
vt 0.083392 0.856997
vt 0.080899 0.856079
vt 0.086538 0.850244
vt 0.081602 0.854169
vt 0.083969 0.849665
vt 0.085215 0.850124
vt 0.089787 0.841421
vt 0.089278 0.833323
vt 0.091771 0.834241
vt 0.091068 0.836151
vt 0.088701 0.840655
vt 0.088575 0.835233
vt 0.085929 0.834992
vt 0.087455 0.840196
vt 0.082965 0.833437
vt 0.085583 0.832986
vt 0.083311 0.835443
vt 0.083617 0.840858
vt 0.080899 0.836557
vt 0.084823 0.840302
vt 0.086132 0.840076
vt 0.131118 0.917269
vt 0.106121 0.899947
vt 0.188879 0.892414
vt 0.178622 0.870766
vt 0.186936 0.824262
vt 0.123165 0.898306
vt 0.100650 0.862209
vt 0.102265 0.860970
vt 0.103882 0.863078
vt 0.102267 0.864317
vt 0.096867 0.857695
vt 0.099321 0.858711
vt 0.098543 0.860592
vt 0.095998 0.864998
vt 0.097052 0.865807
vt 0.103284 0.866771
vt 0.105302 0.866505
vt 0.103631 0.869405
vt 0.105649 0.869139
vt 0.097861 0.866861
vt 0.096088 0.859575
vt 0.093454 0.864317
vt 0.093454 0.859228
vt 0.094771 0.864490
vt 0.103284 0.872039
vt 0.105165 0.872818
vt 0.104148 0.875272
vt 0.098543 0.869405
vt 0.098369 0.870722
vt 0.102267 0.874493
vt 0.097861 0.871949
vt 0.100650 0.876601
vt 0.101889 0.878216
vt 0.099782 0.879833
vt 0.097052 0.873003
vt 0.098369 0.868088
vt 0.098543 0.878218
vt 0.096354 0.881253
vt 0.093720 0.881599
vt 0.093454 0.879582
vt 0.093454 0.874493
vt 0.198335 0.865317
vt 0.180985 0.924745
vt 0.087554 0.925189
vt 0.199717 0.881517
vt 0.196993 0.838434
vt 0.197975 0.860229
vt 0.199664 0.865678
vt 0.197975 0.849332
vt 0.139462 0.883134
vt 0.141077 0.881895
vt 0.142694 0.884003
vt 0.141080 0.885242
vt 0.134811 0.885924
vt 0.137355 0.881517
vt 0.135864 0.886732
vt 0.142096 0.887697
vt 0.136673 0.887786
vt 0.144114 0.887431
vt 0.142443 0.890330
vt 0.144461 0.890065
vt 0.137181 0.889014
vt 0.142096 0.892964
vt 0.137355 0.890330
vt 0.143977 0.893743
vt 0.142960 0.896198
vt 0.141080 0.895419
vt 0.137181 0.891647
vt 0.140701 0.899141
vt 0.138594 0.900758
vt 0.137355 0.899144
vt 0.134811 0.894737
vt 0.128809 0.920100
vt 0.197975 0.843883
vt 0.122904 0.925188
vt 0.174330 0.919657
vt 0.198029 0.897862
vt 0.199663 0.859869
vt 0.110291 0.926830
vt 0.198029 0.924745
vt 0.198029 0.892054
vt 0.105500 0.926830
vt 0.199663 0.854420
vt 0.196993 0.838074
vt 0.196340 0.919297
vt 0.188172 0.924745
vt 0.177347 0.924745
vt 0.196433 0.829711
vt 0.190746 0.813725
vt 0.143861 0.906207
vt 0.179036 0.886605
vt 0.097885 0.912458
vt 0.178768 0.808276
vt 0.186790 0.859869
vt 0.156056 0.902231
vt 0.186790 0.854420
vt 0.117131 0.898306
vt 0.188972 0.824622
vt 0.120148 0.898306
vt 0.191106 0.818813
vt 0.176111 0.818813
vt 0.191581 0.838074
vt 0.178675 0.881517
vt 0.165387 0.917104
vt 0.181692 0.902951
vt 0.189186 0.843523
vt 0.178675 0.892414
vt 0.186844 0.908399
vt 0.125085 0.919740
vt 0.126182 0.898306
vt 0.191274 0.914208
vt 0.130758 0.898306
vt 0.189186 0.865317
vt 0.176019 0.908399
vt 0.139242 0.912016
vt 0.178675 0.897863
vt 0.122544 0.914651
vt 0.099128 0.901561
vt 0.114114 0.914651
vt 0.178622 0.838434
vt 0.186790 0.870766
vt 0.089590 0.898306
vt 0.188879 0.897862
vt 0.178622 0.843883
vt 0.186790 0.848971
vt 0.133775 0.901284
vt 0.188879 0.914208
vt 0.458268 0.534683
vt 0.452340 0.534683
vt 0.538291 0.534682
vt 0.544218 0.452770
vt 0.533845 0.493041
vt 0.529399 0.493726
vt 0.456786 0.534683
vt 0.455304 0.534683
vt 0.444931 0.534683
vt 0.533049 0.574953
vt 0.467160 0.493726
vt 0.487906 0.534683
vt 0.510135 0.452770
vt 0.504207 0.493726
vt 0.441967 0.534683
vt 0.470123 0.493726
vt 0.495316 0.493726
vt 0.499761 0.534682
vt 0.508653 0.493726
vt 0.511616 0.534682
vt 0.498279 0.534682
vt 0.510820 0.493726
vt 0.468641 0.493726
vt 0.443449 0.534683
vt 0.242003 0.184762
vt 0.260175 0.216237
vt 0.223831 0.216237
vt 0.302305 0.205746
vt 0.281240 0.226892
vt 0.260257 0.290006
vt 0.205577 0.226729
vt 0.187405 0.195254
vt 0.223749 0.195254
vt 0.229535 0.268859
vt 0.229453 0.289843
vt 0.302305 0.226811
vt 0.125712 0.161855
vt 0.120911 0.166402
vt 0.128701 0.169629
vt 0.123704 0.166958
vt 0.126334 0.168047
vt 0.130714 0.171642
vt 0.133941 0.179432
vt 0.132296 0.174010
vt 0.133386 0.176640
vt 0.133941 0.182279
vt 0.130714 0.190069
vt 0.133386 0.185072
vt 0.132296 0.187702
vt 0.128701 0.192082
vt 0.126334 0.193664
vt 0.123704 0.194753
vt 0.118064 0.195309
vt 0.115272 0.194753
vt 0.112642 0.193664
vt 0.110274 0.192082
vt 0.108261 0.190069
vt 0.106680 0.187702
vt 0.105590 0.185071
vt 0.105035 0.179432
vt 0.108261 0.171642
vt 0.105590 0.176640
vt 0.106680 0.174010
vt 0.110274 0.169629
vt 0.112642 0.168047
vt 0.115272 0.166958
vt 0.104855 0.161855
vt 0.130347 0.161855
vt 0.144251 0.161855
vt 0.116442 0.161855
vt 0.102538 0.161855
vt 0.088633 0.161855
vt 0.093268 0.161855
vt 0.083998 0.161856
vt 0.086316 0.161856
vt 0.095585 0.161855
vt 0.090951 0.161855
vt 0.153521 0.161855
vt 0.132664 0.161855
vt 0.118760 0.161855
vt 0.107173 0.161855
vt 0.141934 0.161855
vt 0.109490 0.161855
vt 0.111807 0.161855
vt 0.134982 0.161855
vt 0.137299 0.161855
vt 0.123395 0.161855
vt 0.121077 0.161855
vt 0.097903 0.161855
vt 0.148886 0.161855
vt 0.146569 0.161855
vt 0.100220 0.161855
vt 0.151204 0.161855
vt 0.155839 0.161855
vt 0.139617 0.161855
vt 0.128029 0.161855
vt 0.114125 0.161855
vt 0.114114 0.892857
vt 0.159073 0.907679
vt 0.126402 0.830302
vt 0.125623 0.832182
vt 0.123947 0.829285
vt 0.123168 0.831165
vt 0.129036 0.825560
vt 0.129036 0.830648
vt 0.127719 0.825386
vt 0.121839 0.827668
vt 0.126491 0.824878
vt 0.120225 0.828907
vt 0.118607 0.826799
vt 0.120222 0.825560
vt 0.125438 0.824069
vt 0.119205 0.823105
vt 0.124629 0.823016
vt 0.117188 0.823371
vt 0.118859 0.820471
vt 0.116841 0.820737
vt 0.124121 0.821788
vt 0.119206 0.817837
vt 0.123947 0.820471
vt 0.117325 0.817058
vt 0.118342 0.814604
vt 0.120222 0.815383
vt 0.124629 0.817927
vt 0.121839 0.813275
vt 0.120600 0.811660
vt 0.123947 0.811658
vt 0.122708 0.810043
vt 0.125438 0.816873
vt 0.126136 0.808623
vt 0.128770 0.808276
vt 0.124121 0.819154
vt 0.129036 0.810294
vt 0.129036 0.815383
vt 0.162577 0.872190
vt 0.093813 0.827354
vt 0.095115 0.828918
vt 0.093074 0.830619
vt 0.091771 0.829055
vt 0.098173 0.823394
vt 0.097255 0.825887
vt 0.095345 0.825184
vt 0.090074 0.823903
vt 0.089053 0.824753
vt 0.089359 0.830168
vt 0.089705 0.832174
vt 0.087087 0.832626
vt 0.096263 0.822691
vt 0.098058 0.817081
vt 0.098510 0.819699
vt 0.091299 0.821571
vt 0.090840 0.822817
vt 0.086741 0.830620
vt 0.096052 0.817427
vt 0.094803 0.811671
vt 0.096503 0.813712
vt 0.094939 0.815015
vt 0.090637 0.817733
vt 0.087847 0.825310
vt 0.084095 0.830378
vt 0.083392 0.832289
vt 0.080899 0.831371
vt 0.086538 0.825535
vt 0.093238 0.812973
vt 0.081602 0.829461
vt 0.083969 0.824956
vt 0.085215 0.825415
vt 0.089787 0.816712
vt 0.089278 0.808614
vt 0.091771 0.809532
vt 0.091068 0.811442
vt 0.088702 0.815946
vt 0.088575 0.810524
vt 0.085929 0.810282
vt 0.087455 0.815487
vt 0.082965 0.808728
vt 0.085583 0.808276
vt 0.083311 0.810734
vt 0.083617 0.816149
vt 0.080899 0.811848
vt 0.084823 0.815592
vt 0.086132 0.815367
vt 0.112079 0.914291
vt 0.133775 0.863143
vt 0.186430 0.832986
vt 0.175605 0.832986
vt 0.093454 0.912098
vt 0.172588 0.843883
vt 0.136592 0.812791
vt 0.138207 0.811552
vt 0.139824 0.813660
vt 0.138209 0.814899
vt 0.132809 0.808276
vt 0.135263 0.809293
vt 0.132030 0.810157
vt 0.134484 0.811174
vt 0.131940 0.815580
vt 0.132994 0.816389
vt 0.139226 0.817353
vt 0.141244 0.817087
vt 0.141591 0.819721
vt 0.133803 0.817443
vt 0.129396 0.814899
vt 0.129396 0.809810
vt 0.130713 0.815072
vt 0.139573 0.819987
vt 0.139226 0.822621
vt 0.141106 0.823400
vt 0.140090 0.825854
vt 0.134484 0.819987
vt 0.134311 0.821304
vt 0.138209 0.825076
vt 0.133803 0.822531
vt 0.136592 0.827183
vt 0.137831 0.828798
vt 0.135723 0.830415
vt 0.132994 0.823585
vt 0.134311 0.818670
vt 0.134484 0.828801
vt 0.132295 0.831835
vt 0.129662 0.832182
vt 0.129396 0.830164
vt 0.129396 0.825076
vt 0.195305 0.832986
vt 0.194830 0.818814
vt 0.193977 0.838434
vt 0.103126 0.922995
vt 0.196340 0.897862
vt 0.193056 0.808276
vt 0.196340 0.881517
vt 0.192909 0.843883
vt 0.164572 0.834603
vt 0.166187 0.833364
vt 0.167805 0.835472
vt 0.166190 0.836711
vt 0.159921 0.837393
vt 0.162465 0.832986
vt 0.160974 0.838201
vt 0.167206 0.839165
vt 0.161783 0.839255
vt 0.169224 0.838900
vt 0.167553 0.841799
vt 0.169571 0.841534
vt 0.162291 0.840482
vt 0.167206 0.844433
vt 0.162465 0.841799
vt 0.169087 0.845212
vt 0.168070 0.847667
vt 0.166190 0.846888
vt 0.162291 0.843116
vt 0.165812 0.850610
vt 0.163704 0.852228
vt 0.162465 0.850613
vt 0.159921 0.846206
vt 0.194652 0.908760
vt 0.110291 0.916293
vt 0.194744 0.808276
vt 0.194652 0.914208
vt 0.194345 0.872190
vt 0.099749 0.917547
vt 0.142880 0.922553
vt 0.196033 0.877278
vt 0.196286 0.849332
vt 0.132447 0.917630
vt 0.156502 0.912768
vt 0.194744 0.824262
vt 0.192909 0.870766
vt 0.192963 0.902951
vt 0.192963 0.897502
vt 0.192963 0.886605
vt 0.172734 0.813725
vt 0.136846 0.906567
vt 0.173095 0.824262
vt 0.173002 0.913848
vt 0.133775 0.895835
vt 0.146857 0.881517
vt 0.086573 0.881960
vt 0.184541 0.829711
vt 0.123165 0.892857
vt 0.110291 0.905395
vt 0.127741 0.892857
vt 0.181999 0.865317
vt 0.092606 0.881960
vt 0.181039 0.877278
vt 0.168971 0.877278
vt 0.184034 0.865677
vt 0.114114 0.887408
vt 0.181164 0.819174
vt 0.133775 0.868592
vt 0.184394 0.854420
vt 0.186483 0.886965
vt 0.175605 0.865678
vt 0.186430 0.865677
vt 0.175659 0.897863
vt 0.184394 0.848972
vt 0.174645 0.872190
vt 0.146518 0.906567
vt 0.127254 0.881960
vt 0.184180 0.824622
vt 0.089590 0.887409
vt 0.184034 0.838434
vt 0.086573 0.887409
vt 0.185830 0.877278
vt 0.172588 0.866741
vt 0.146857 0.892415
vt 0.092606 0.887409
vt 0.185470 0.872190
vt 0.172588 0.838434
vt 0.119527 0.909203
vt 0.175751 0.808276
vt 0.184448 0.913848
vt 0.090460 0.879720
vt 0.089681 0.881600
vt 0.088006 0.878703
vt 0.087227 0.880583
vt 0.093094 0.874978
vt 0.093094 0.880066
vt 0.091777 0.874805
vt 0.085898 0.877086
vt 0.090550 0.874296
vt 0.084283 0.878325
vt 0.082666 0.876217
vt 0.084281 0.874978
vt 0.089496 0.873488
vt 0.083264 0.872523
vt 0.088687 0.872434
vt 0.081246 0.872789
vt 0.082917 0.869889
vt 0.080899 0.870155
vt 0.088179 0.871206
vt 0.083264 0.867255
vt 0.088006 0.869889
vt 0.081383 0.866477
vt 0.082400 0.864022
vt 0.084281 0.864801
vt 0.088687 0.867345
vt 0.085898 0.862693
vt 0.084659 0.861079
vt 0.088006 0.861076
vt 0.086766 0.859461
vt 0.089496 0.866291
vt 0.090194 0.858041
vt 0.092828 0.857695
vt 0.088179 0.868572
vt 0.093094 0.859713
vt 0.093094 0.864801
vt 0.133775 0.884938
vt 0.171538 0.878500
vt 0.178054 0.908760
vt 0.165594 0.872190
vt 0.149910 0.887287
vt 0.147366 0.882880
vt 0.149820 0.881863
vt 0.152454 0.881517
vt 0.151137 0.886778
vt 0.155088 0.881863
vt 0.152454 0.886605
vt 0.157543 0.882880
vt 0.153771 0.886778
vt 0.159650 0.884497
vt 0.154998 0.887287
vt 0.161268 0.886605
vt 0.156052 0.888095
vt 0.156861 0.889149
vt 0.162631 0.891694
vt 0.162284 0.894328
vt 0.157369 0.893010
vt 0.161268 0.896782
vt 0.156861 0.894238
vt 0.159650 0.898890
vt 0.157543 0.900507
vt 0.154998 0.896100
vt 0.155088 0.901524
vt 0.153771 0.896609
vt 0.152454 0.901870
vt 0.152454 0.896782
vt 0.149820 0.901524
vt 0.151137 0.896609
vt 0.147366 0.900507
vt 0.149910 0.896100
vt 0.156052 0.895292
vt 0.185955 0.813725
vt 0.181120 0.878500
vt 0.175605 0.843883
vt 0.182052 0.913848
vt 0.117131 0.887408
vt 0.142007 0.861766
vt 0.143622 0.860527
vt 0.145239 0.862635
vt 0.143624 0.863874
vt 0.138224 0.857252
vt 0.140678 0.858268
vt 0.139899 0.860149
vt 0.137355 0.864555
vt 0.138409 0.865364
vt 0.144641 0.866328
vt 0.146659 0.866063
vt 0.144988 0.868962
vt 0.147006 0.868697
vt 0.139217 0.866418
vt 0.137445 0.859132
vt 0.134811 0.863874
vt 0.134811 0.858785
vt 0.136128 0.864047
vt 0.144641 0.871596
vt 0.146521 0.872375
vt 0.145505 0.874830
vt 0.139899 0.868962
vt 0.139726 0.870279
vt 0.143624 0.874051
vt 0.139217 0.871506
vt 0.142007 0.876158
vt 0.143246 0.877773
vt 0.141138 0.879390
vt 0.138409 0.872560
vt 0.139726 0.867645
vt 0.139899 0.877776
vt 0.137710 0.880810
vt 0.135076 0.881157
vt 0.134811 0.879139
vt 0.134811 0.874051
vt 0.134135 0.917630
vt 0.194652 0.902951
vt 0.093454 0.917907
vt 0.196286 0.859869
vt 0.196340 0.903311
vt 0.194598 0.865677
vt 0.196340 0.892414
vt 0.193270 0.848972
vt 0.103465 0.886366
vt 0.106009 0.881960
vt 0.108117 0.883577
vt 0.109734 0.885685
vt 0.104519 0.887175
vt 0.105327 0.888229
vt 0.111098 0.890773
vt 0.110751 0.893407
vt 0.105836 0.892090
vt 0.109734 0.895862
vt 0.105327 0.893317
vt 0.108117 0.897969
vt 0.104519 0.894371
vt 0.106009 0.899587
vt 0.103465 0.895180
vt 0.194652 0.881517
vt 0.194652 0.892414
vt 0.139602 0.922553
vt 0.192963 0.914208
vt 0.169111 0.917464
vt 0.146964 0.917104
vt 0.146964 0.922553
vt 0.196286 0.870766
vt 0.151711 0.918576
vt 0.101437 0.917907
vt 0.124232 0.919740
vt 0.194652 0.908400
vt 0.156502 0.923665
vt 0.194598 0.854420
vt 0.194598 0.859869
vt 0.150022 0.923665
vt 0.175605 0.849332
vt 0.161468 0.907679
vt 0.181481 0.881156
vt 0.173095 0.818814
vt 0.184448 0.908400
vt 0.169931 0.855484
vt 0.146857 0.886966
vt 0.086573 0.892858
vt 0.186576 0.819174
vt 0.089590 0.881960
vt 0.183559 0.813725
vt 0.080899 0.887049
vt 0.181999 0.854420
vt 0.172588 0.832986
vt 0.120508 0.914291
vt 0.089590 0.892858
vt 0.184088 0.881517
vt 0.174294 0.881156
vt 0.133775 0.890387
vt 0.186430 0.838434
vt 0.181999 0.857212
vt 0.117131 0.892857
vt 0.171060 0.906567
vt 0.159921 0.878500
vt 0.176690 0.881156
vt 0.184448 0.902951
vt 0.162316 0.881156
vt 0.130758 0.881960
vt 0.102144 0.907010
vt 0.175659 0.886965
vt 0.179657 0.913848
vt 0.170078 0.824262
vt 0.133154 0.906732
vt 0.133775 0.879489
vt 0.146857 0.900520
vt 0.108256 0.915932
vt 0.164712 0.881156
vt 0.172588 0.855844
vt 0.152418 0.907679
vt 0.120148 0.892857
vt 0.186315 0.818814
vt 0.172588 0.861292
vt 0.184088 0.897862
vt 0.173934 0.878500
vt 0.083556 0.887409
vt 0.091985 0.909203
vt 0.167107 0.881156
vt 0.130137 0.909203
vt 0.124237 0.881960
vt 0.120148 0.887408
vt 0.083556 0.909203
vt 0.144372 0.855011
vt 0.143593 0.856891
vt 0.141917 0.853994
vt 0.141138 0.855875
vt 0.147006 0.850269
vt 0.147006 0.855358
vt 0.145689 0.850096
vt 0.139809 0.852377
vt 0.144461 0.849588
vt 0.138195 0.853616
vt 0.136577 0.851508
vt 0.138192 0.850269
vt 0.143407 0.848779
vt 0.137175 0.847815
vt 0.142599 0.847725
vt 0.135157 0.848080
vt 0.136829 0.845181
vt 0.134811 0.845446
vt 0.142090 0.846498
vt 0.137175 0.842547
vt 0.141917 0.845181
vt 0.135295 0.841768
vt 0.136312 0.839313
vt 0.138192 0.840092
vt 0.142599 0.842637
vt 0.139809 0.837985
vt 0.138570 0.836370
vt 0.141917 0.836367
vt 0.140678 0.834753
vt 0.143407 0.841583
vt 0.144106 0.833333
vt 0.146740 0.832986
vt 0.142090 0.843864
vt 0.147006 0.835004
vt 0.147006 0.840092
vt 0.123165 0.887408
vt 0.111784 0.827354
vt 0.113086 0.828918
vt 0.109742 0.829054
vt 0.111045 0.830619
vt 0.116143 0.823394
vt 0.115225 0.825887
vt 0.114233 0.822691
vt 0.113315 0.825184
vt 0.108045 0.823903
vt 0.107024 0.824753
vt 0.107330 0.830168
vt 0.107676 0.832174
vt 0.105058 0.832626
vt 0.116029 0.817081
vt 0.116481 0.819699
vt 0.114023 0.817427
vt 0.109270 0.821571
vt 0.108811 0.822817
vt 0.104712 0.830620
vt 0.112773 0.811671
vt 0.114473 0.813712
vt 0.111209 0.812973
vt 0.112909 0.815015
vt 0.108608 0.817733
vt 0.105818 0.825310
vt 0.102066 0.830378
vt 0.101363 0.832289
vt 0.098870 0.831371
vt 0.104509 0.825535
vt 0.099573 0.829461
vt 0.101940 0.824956
vt 0.103186 0.825415
vt 0.107758 0.816712
vt 0.107249 0.808614
vt 0.109742 0.809532
vt 0.109039 0.811442
vt 0.106672 0.815946
vt 0.106546 0.810524
vt 0.103900 0.810282
vt 0.105426 0.815487
vt 0.100936 0.808728
vt 0.103554 0.808276
vt 0.101282 0.810734
vt 0.101588 0.816149
vt 0.098870 0.811848
vt 0.102794 0.815592
vt 0.104103 0.815367
vt 0.152778 0.912768
vt 0.133775 0.874041
vt 0.162991 0.911655
vt 0.175605 0.838434
vt 0.184448 0.886605
vt 0.168611 0.872190
vt 0.149147 0.812791
vt 0.150762 0.811552
vt 0.150764 0.814899
vt 0.152379 0.813660
vt 0.145364 0.808276
vt 0.147818 0.809293
vt 0.147039 0.811174
vt 0.144495 0.815580
vt 0.145549 0.816389
vt 0.151781 0.817353
vt 0.153799 0.817087
vt 0.152128 0.819987
vt 0.154146 0.819721
vt 0.146358 0.817443
vt 0.144585 0.810157
vt 0.141951 0.814899
vt 0.141951 0.809810
vt 0.143268 0.815072
vt 0.151781 0.822621
vt 0.153662 0.823400
vt 0.152645 0.825854
vt 0.147039 0.819987
vt 0.146866 0.821304
vt 0.150764 0.825076
vt 0.146358 0.822531
vt 0.149147 0.827183
vt 0.150386 0.828798
vt 0.148278 0.830415
vt 0.145549 0.823585
vt 0.146866 0.818670
vt 0.147039 0.828801
vt 0.144851 0.831835
vt 0.142217 0.832182
vt 0.141951 0.830164
vt 0.141951 0.825076
vt 0.167422 0.917464
vt 0.192909 0.854420
vt 0.156862 0.918576
vt 0.096471 0.922995
vt 0.192963 0.908760
vt 0.144568 0.917464
vt 0.172128 0.917464
vt 0.104172 0.921381
vt 0.164572 0.868597
vt 0.165811 0.870212
vt 0.163704 0.871830
vt 0.162465 0.870215
vt 0.159921 0.865808
vt 0.160974 0.864999
vt 0.166190 0.866490
vt 0.161783 0.863945
vt 0.169087 0.864814
vt 0.168070 0.867269
vt 0.167206 0.864035
vt 0.162291 0.862718
vt 0.169224 0.858502
vt 0.169571 0.861136
vt 0.167553 0.861401
vt 0.162465 0.861401
vt 0.162291 0.860084
vt 0.167206 0.858767
vt 0.161783 0.858857
vt 0.166187 0.852966
vt 0.167805 0.855074
vt 0.159921 0.856995
vt 0.162465 0.852588
vt 0.136139 0.917464
vt 0.164320 0.917464
vt 0.107189 0.916293
vt 0.193416 0.829711
vt 0.196286 0.843883
vt 0.162000 0.923665
vt 0.154813 0.923665
vt 0.099574 0.922995
vt 0.139242 0.917464
vt 0.192963 0.886965
vt 0.159879 0.923665
vt 0.192909 0.865317
vt 0.124725 0.914291
vt 0.193056 0.829711
vt 0.193056 0.824262
vt 0.172128 0.917104
vt 0.080899 0.897946
vt 0.168044 0.906567
vt 0.173002 0.897502
vt 0.184181 0.808276
vt 0.130758 0.892857
vt 0.103465 0.910484
vt 0.172734 0.808276
vt 0.184541 0.813365
vt 0.114114 0.881960
vt 0.184034 0.832986
vt 0.117131 0.881960
vt 0.138449 0.911656
vt 0.092606 0.892858
vt 0.105500 0.910844
vt 0.172734 0.824622
vt 0.116510 0.909203
vt 0.130758 0.887408
vt 0.087554 0.914292
vt 0.169717 0.808276
vt 0.096471 0.912098
vt 0.083916 0.914292
vt 0.121220 0.881960
vt 0.140844 0.911656
vt 0.175659 0.881517
vt 0.125085 0.914291
vt 0.172948 0.859869
vt 0.186430 0.854780
vt 0.175605 0.860229
vt 0.184180 0.819174
vt 0.169717 0.813725
vt 0.181164 0.813725
vt 0.169717 0.819174
vt 0.182052 0.892054
vt 0.127741 0.887408
vt 0.150022 0.907679
vt 0.169717 0.824622
vt 0.107896 0.905395
vt 0.133775 0.857695
vt 0.107896 0.910844
vt 0.492352 0.534683
vt 0.447895 0.534683
vt 0.440485 0.493727
vt 0.501243 0.534682
vt 0.524953 0.534682
vt 0.430112 0.534683
vt 0.419739 0.493727
vt 0.413811 0.493727
vt 0.477533 0.534683
vt 0.533845 0.493726
vt 0.540458 0.493040
vt 0.484942 0.493726
vt 0.415293 0.493727
vt 0.495316 0.452770
vt 0.474569 0.534683
vt 0.534530 0.534682
vt 0.467845 0.574953
vt 0.453822 0.493726
vt 0.532363 0.493726
vt 0.496798 0.452770
vt 0.516748 0.493041
vt 0.530881 0.493726
vt 0.513098 0.452770
vt 0.539773 0.534682
vt 0.887796 0.797136
vt 0.887796 0.813253
vt 0.779330 0.746800
vt 0.761686 0.782089
vt 0.925176 0.743224
vt 0.922903 0.741997
vt 0.924906 0.734067
vt 0.921549 0.739872
vt 0.922706 0.735294
vt 0.921477 0.737419
vt 0.927490 0.734067
vt 0.929763 0.735294
vt 0.931189 0.739872
vt 0.827517 0.769975
vt 0.850193 0.785733
vt 0.871604 0.746287
vt 0.778437 0.869648
vt 0.904529 0.855056
vt 0.889730 0.838139
vt 0.804998 0.853120
vt 0.839408 0.849962
vt 0.828943 0.788988
vt 0.827517 0.744215
vt 0.918950 0.865790
vt 0.866494 0.872804
vt 0.922903 0.785080
vt 0.924907 0.793010
vt 0.925176 0.783853
vt 0.927490 0.793009
vt 0.927759 0.783853
vt 0.929960 0.785079
vt 0.929763 0.791783
vt 0.931189 0.787204
vt 0.931117 0.789658
vt 0.902048 0.899071
vt 0.940298 0.822868
vt 0.804965 0.924211
vt 0.794815 0.930791
vt 0.940298 0.810389
vt 0.891482 0.899071
vt 0.905920 0.869045
vt 0.889735 0.887563
vt 0.556598 0.606911
vt 0.590297 0.547960
vt 0.274176 0.621578
vt 0.273304 0.621464
vt 0.273304 0.618094
vt 0.275048 0.618324
vt 0.276673 0.618997
vt 0.274989 0.621915
vt 0.278069 0.620068
vt 0.275686 0.622450
vt 0.279140 0.621464
vt 0.276222 0.623148
vt 0.279813 0.623089
vt 0.280043 0.624833
vt 0.276559 0.623961
vt 0.279813 0.626577
vt 0.276673 0.624833
vt 0.278069 0.629598
vt 0.275686 0.627216
vt 0.276673 0.630669
vt 0.274989 0.627751
vt 0.275048 0.631342
vt 0.273304 0.631572
vt 0.274176 0.628088
vt 0.273304 0.628202
vt 0.235216 0.628088
vt 0.236088 0.628202
vt 0.236088 0.631572
vt 0.234344 0.631342
vt 0.232718 0.630669
vt 0.234403 0.627751
vt 0.231323 0.629598
vt 0.233705 0.627216
vt 0.229578 0.626577
vt 0.229349 0.624833
vt 0.232718 0.624833
vt 0.229578 0.623089
vt 0.232833 0.623961
vt 0.230252 0.621464
vt 0.233170 0.623148
vt 0.231323 0.620068
vt 0.232718 0.618997
vt 0.233705 0.622450
vt 0.234344 0.618324
vt 0.234403 0.621915
vt 0.236088 0.618094
vt 0.235216 0.621578
vt 0.236088 0.621464
vt 0.579718 0.547960
vt 0.561888 0.622844
vt 0.452866 0.606912
vt 0.566540 0.606820
vt 0.449536 0.622845
vt 0.562573 0.622753
vt 0.482504 0.607597
vt 0.473454 0.591664
vt 0.569139 0.468018
vt 0.585053 0.622753
vt 0.536649 0.622845
vt 0.461917 0.622845
vt 0.160196 0.574929
vt 0.243260 0.479659
vt 0.179552 0.532224
vt 0.243260 0.515438
vt 0.201142 0.500774
vt 0.188936 0.574929
vt 0.160783 0.574929
vt 0.243260 0.491976
vt 0.176619 0.574929
vt 0.170167 0.574929
vt 0.186590 0.490105
vt 0.201142 0.519543
vt 0.243260 0.503120
vt 0.249867 0.628088
vt 0.250739 0.628202
vt 0.250739 0.631572
vt 0.248995 0.631342
vt 0.247370 0.630669
vt 0.249055 0.627751
vt 0.245974 0.629598
vt 0.248357 0.627216
vt 0.244903 0.628202
vt 0.247821 0.626518
vt 0.244230 0.626577
vt 0.244000 0.624833
vt 0.247485 0.625705
vt 0.244230 0.623089
vt 0.247370 0.624833
vt 0.245974 0.620068
vt 0.248357 0.622450
vt 0.247370 0.618997
vt 0.249055 0.621915
vt 0.248995 0.618324
vt 0.250739 0.618094
vt 0.249867 0.621578
vt 0.250739 0.621463
vt 0.285965 0.454438
vt 0.251326 0.631572
vt 0.251326 0.628202
vt 0.252198 0.628088
vt 0.253070 0.631342
vt 0.253011 0.627751
vt 0.254696 0.630669
vt 0.257162 0.628202
vt 0.256091 0.629598
vt 0.254244 0.626518
vt 0.253709 0.627216
vt 0.257836 0.626577
vt 0.254581 0.625705
vt 0.257162 0.621464
vt 0.257836 0.623089
vt 0.254244 0.623148
vt 0.254696 0.618997
vt 0.256091 0.620068
vt 0.253709 0.622450
vt 0.251326 0.618094
vt 0.253070 0.618324
vt 0.252198 0.621578
vt 0.253011 0.621915
vt 0.251326 0.621464
vt 0.570461 0.532027
vt 0.493834 0.606912
vt 0.581677 0.565955
vt 0.586330 0.500067
vt 0.461917 0.606912
vt 0.569776 0.484134
vt 0.577073 0.500845
vt 0.567817 0.468018
vt 0.571784 0.532027
vt 0.586966 0.532026
vt 0.559928 0.622844
vt 0.584322 0.532026
vt 0.478537 0.622845
vt 0.569822 0.622753
vt 0.582409 0.606819
vt 0.534690 0.622845
vt 0.543581 0.622845
vt 0.489069 0.622845
vt 0.588289 0.516093
vt 0.577073 0.547960
vt 0.570507 0.606820
vt 0.586967 0.468018
vt 0.571098 0.547960
vt 0.496001 0.606912
vt 0.200555 0.489043
vt 0.198321 0.490105
vt 0.243847 0.491389
vt 0.181898 0.532811
vt 0.235859 0.574929
vt 0.201142 0.451505
vt 0.243847 0.493735
vt 0.207706 0.574929
vt 0.163129 0.532811
vt 0.201142 0.505466
vt 0.585690 0.606819
vt 0.506374 0.622845
vt 0.470809 0.606912
vt 0.503570 0.622845
vt 0.579718 0.516779
vt 0.588974 0.516093
vt 0.508493 0.622845
vt 0.469964 0.606912
vt 0.433921 0.606912
vt 0.584322 0.547960
vt 0.887794 0.858036
vt 0.905119 0.753565
vt 0.780131 0.747599
vt 0.765870 0.758479
vt 0.927489 0.812922
vt 0.924906 0.812922
vt 0.922903 0.804994
vt 0.922706 0.811696
vt 0.921549 0.807118
vt 0.921477 0.809571
vt 0.925176 0.803767
vt 0.927758 0.803767
vt 0.931188 0.807118
vt 0.781412 0.807298
vt 0.828943 0.812571
vt 0.852715 0.805672
vt 0.863953 0.853120
vt 0.775217 0.872804
vt 0.765068 0.887601
vt 0.834876 0.853120
vt 0.871601 0.782890
vt 0.771063 0.852319
vt 0.804539 0.803173
vt 0.810920 0.901430
vt 0.905920 0.753985
vt 0.831982 0.919982
vt 0.839910 0.921985
vt 0.831982 0.917399
vt 0.841137 0.919712
vt 0.833208 0.915126
vt 0.835333 0.913773
vt 0.841137 0.917130
vt 0.837786 0.913700
vt 0.839910 0.914929
vt 0.797901 0.912900
vt 0.931989 0.916622
vt 0.836215 0.930790
vt 0.876011 0.930790
vt 0.940296 0.890064
vt 0.780827 0.912900
vt 0.784082 0.901430
vt 0.920676 0.780542
vt 0.392963 0.815800
vt 0.443070 0.869428
vt 0.443070 0.879723
vt 0.434155 0.884870
vt 0.338703 0.815800
vt 0.403722 0.863816
vt 0.443534 0.890482
vt 0.452449 0.885334
vt 0.461364 0.890482
vt 0.424775 0.840041
vt 0.392963 0.863816
vt 0.424775 0.815800
vt 0.889730 0.800925
vt 0.889730 0.784812
vt 0.789548 0.806494
vt 0.795513 0.806494
vt 0.938000 0.753976
vt 0.940273 0.755202
vt 0.938270 0.763130
vt 0.941627 0.757327
vt 0.940470 0.761904
vt 0.941699 0.759779
vt 0.935688 0.763130
vt 0.933415 0.761904
vt 0.931989 0.757327
vt 0.822047 0.830269
vt 0.807664 0.852317
vt 0.871599 0.837418
vt 0.888927 0.779739
vt 0.830146 0.887599
vt 0.846260 0.887599
vt 0.888927 0.790498
vt 0.761299 0.872003
vt 0.823135 0.852316
vt 0.828943 0.753183
vt 0.849173 0.888401
vt 0.905920 0.840294
vt 0.938270 0.773085
vt 0.940273 0.765157
vt 0.935688 0.773085
vt 0.938001 0.763931
vt 0.933415 0.771858
vt 0.932062 0.769734
vt 0.935418 0.763930
vt 0.931989 0.767281
vt 0.933218 0.765157
vt 0.845918 0.902232
vt 0.754855 0.924211
vt 0.933521 0.924211
vt 0.910642 0.924211
vt 0.778890 0.924211
vt 0.830446 0.902232
vt 0.859736 0.888401
vt 0.905920 0.829535
vt 0.499761 0.590978
vt 0.519711 0.590978
vt 0.315800 0.628088
vt 0.316672 0.628202
vt 0.316672 0.631572
vt 0.314928 0.631342
vt 0.313302 0.630669
vt 0.314987 0.627751
vt 0.311907 0.629598
vt 0.314289 0.627216
vt 0.310836 0.628202
vt 0.313754 0.626518
vt 0.310163 0.626577
vt 0.309933 0.624833
vt 0.313417 0.625705
vt 0.310163 0.623089
vt 0.313302 0.624833
vt 0.311907 0.620068
vt 0.314289 0.622450
vt 0.313302 0.618997
vt 0.314987 0.621915
vt 0.314928 0.618324
vt 0.316672 0.618094
vt 0.315800 0.621578
vt 0.316672 0.621464
vt 0.281502 0.621578
vt 0.280630 0.621464
vt 0.280630 0.618094
vt 0.282374 0.618324
vt 0.283999 0.618997
vt 0.282314 0.621915
vt 0.285395 0.620068
vt 0.283012 0.622450
vt 0.286466 0.621464
vt 0.287139 0.623089
vt 0.283548 0.623148
vt 0.287139 0.626577
vt 0.286466 0.628202
vt 0.283884 0.625705
vt 0.285395 0.629598
vt 0.283012 0.627216
vt 0.283999 0.630669
vt 0.282314 0.627751
vt 0.282374 0.631342
vt 0.280630 0.631572
vt 0.281502 0.628088
vt 0.280630 0.628202
vt 0.283548 0.626518
vt 0.428630 0.598099
vt 0.472450 0.590979
vt 0.459590 0.590979
vt 0.555961 0.590978
vt 0.444135 0.590979
vt 0.475254 0.575639
vt 0.545700 0.590978
vt 0.413175 0.590979
vt 0.530722 0.590978
vt 0.489228 0.590978
vt 0.516748 0.590978
vt 0.456149 0.590979
vt 0.540618 0.590978
vt 0.490073 0.590978
vt 0.553953 0.590978
vt 0.479860 0.590978
vt 0.523998 0.590978
vt 0.422703 0.550023
vt 0.507171 0.575639
vt 0.441171 0.590979
vt 0.484942 0.582073
vt 0.493037 0.590978
vt 0.328544 0.507813
vt 0.179552 0.617507
vt 0.328544 0.517784
vt 0.286552 0.453851
vt 0.328544 0.521889
vt 0.226474 0.575516
vt 0.286552 0.489043
vt 0.328544 0.468515
vt 0.286552 0.533620
vt 0.243847 0.550043
vt 0.286552 0.460890
vt 0.286552 0.550043
vt 0.328544 0.535966
vt 0.332615 0.577806
vt 0.332500 0.578678
vt 0.329131 0.578678
vt 0.329360 0.576934
vt 0.330033 0.575308
vt 0.332951 0.576993
vt 0.331104 0.573913
vt 0.333487 0.576295
vt 0.334125 0.572168
vt 0.335869 0.571939
vt 0.335869 0.575308
vt 0.337614 0.572168
vt 0.336741 0.575423
vt 0.339239 0.572842
vt 0.337554 0.575760
vt 0.340635 0.573913
vt 0.341705 0.575308
vt 0.338252 0.576295
vt 0.342379 0.576934
vt 0.338787 0.576993
vt 0.342608 0.578678
vt 0.339124 0.577806
vt 0.339239 0.578678
vt 0.190695 0.617507
vt 0.329131 0.549961
vt 0.332500 0.549961
vt 0.332615 0.550833
vt 0.329360 0.551705
vt 0.332951 0.551646
vt 0.330033 0.553331
vt 0.332500 0.555797
vt 0.331104 0.554726
vt 0.334185 0.552879
vt 0.333487 0.552344
vt 0.334125 0.556471
vt 0.334997 0.553216
vt 0.339239 0.555797
vt 0.337614 0.556471
vt 0.337554 0.552879
vt 0.341705 0.553331
vt 0.340635 0.554726
vt 0.338252 0.552344
vt 0.342608 0.549961
vt 0.342379 0.551705
vt 0.339124 0.550833
vt 0.338787 0.551646
vt 0.339239 0.549961
vt 0.581677 0.547960
vt 0.565809 0.484820
vt 0.567817 0.484134
vt 0.434558 0.607598
vt 0.575065 0.500068
vt 0.565172 0.516093
vt 0.571830 0.590886
vt 0.577756 0.590886
vt 0.429953 0.606912
vt 0.575751 0.565955
vt 0.478537 0.606912
vt 0.486424 0.606912
vt 0.581086 0.590886
vt 0.499442 0.622845
vt 0.549349 0.606911
vt 0.530562 0.622845
vt 0.518707 0.606912
vt 0.581086 0.606820
vt 0.490073 0.606912
vt 0.439848 0.614717
vt 0.575065 0.532027
vt 0.457472 0.622845
vt 0.507171 0.606912
vt 0.467000 0.622845
vt 0.203013 0.617507
vt 0.221782 0.617507
vt 0.259321 0.617507
vt 0.243847 0.545351
vt 0.328544 0.505466
vt 0.328544 0.512505
vt 0.328544 0.510159
vt 0.231167 0.617507
vt 0.285839 0.552389
vt 0.233513 0.617507
vt 0.889730 0.743416
vt 0.889730 0.778046
vt 0.780131 0.767897
vt 0.780131 0.740033
vt 0.781402 0.919712
vt 0.780176 0.921985
vt 0.772247 0.919982
vt 0.778051 0.923339
vt 0.773474 0.922182
vt 0.775598 0.923411
vt 0.772247 0.917399
vt 0.773474 0.915126
vt 0.778051 0.913700
vt 0.768134 0.807298
vt 0.787337 0.831073
vt 0.852715 0.776380
vt 0.860633 0.853120
vt 0.768451 0.872804
vt 0.796316 0.872804
vt 0.851474 0.853120
vt 0.871601 0.802418
vt 0.758845 0.831073
vt 0.804539 0.786575
vt 0.797101 0.888401
vt 0.905920 0.744026
vt 0.859822 0.915126
vt 0.851893 0.917129
vt 0.861048 0.917399
vt 0.851893 0.919712
vt 0.861048 0.919982
vt 0.859822 0.922182
vt 0.853120 0.921985
vt 0.857697 0.923411
vt 0.855244 0.923339
vt 0.767808 0.902232
vt 0.931989 0.866827
vt 0.886160 0.924211
vt 0.900493 0.924211
vt 0.931989 0.875985
vt 0.807664 0.902232
vt 0.814174 0.888401
vt 0.905920 0.779742
vt 0.403068 0.940002
vt 0.400068 0.931309
vt 0.331389 0.932540
vt 0.330657 0.933272
vt 0.329702 0.932317
vt 0.330434 0.931585
vt 0.333597 0.934566
vt 0.332292 0.934216
vt 0.333865 0.933566
vt 0.332559 0.933216
vt 0.329758 0.930415
vt 0.328759 0.930683
vt 0.329409 0.929110
vt 0.328409 0.929378
vt 0.336789 0.934216
vt 0.335484 0.934566
vt 0.336521 0.933216
vt 0.335216 0.933566
vt 0.339378 0.932317
vt 0.338423 0.933272
vt 0.337691 0.932540
vt 0.329409 0.927759
vt 0.328409 0.927491
vt 0.328759 0.926186
vt 0.338646 0.931585
vt 0.329758 0.926454
vt 0.330434 0.925284
vt 0.329702 0.924552
vt 0.331389 0.924328
vt 0.330657 0.923596
vt 0.339322 0.930415
vt 0.340671 0.929378
vt 0.340322 0.930683
vt 0.339671 0.929110
vt 0.340322 0.926186
vt 0.340671 0.927491
vt 0.339671 0.927759
vt 0.332559 0.923653
vt 0.332292 0.922653
vt 0.333865 0.923303
vt 0.333597 0.922303
vt 0.339322 0.926454
vt 0.335484 0.922303
vt 0.336789 0.922653
vt 0.338646 0.925284
vt 0.338423 0.923596
vt 0.339378 0.924552
vt 0.405516 0.926962
vt 0.373399 0.923303
vt 0.373667 0.922303
vt 0.374704 0.923653
vt 0.374972 0.922653
vt 0.370475 0.922653
vt 0.371780 0.922303
vt 0.370743 0.923653
vt 0.372048 0.923303
vt 0.375875 0.924328
vt 0.376607 0.923596
vt 0.377562 0.924552
vt 0.367886 0.924552
vt 0.368841 0.923596
vt 0.368618 0.925284
vt 0.369573 0.924328
vt 0.376830 0.925284
vt 0.366593 0.927491
vt 0.366942 0.926186
vt 0.367593 0.927759
vt 0.367942 0.926454
vt 0.377506 0.926454
vt 0.378505 0.926186
vt 0.377855 0.927759
vt 0.378855 0.927491
vt 0.377855 0.929110
vt 0.378855 0.929378
vt 0.377505 0.930415
vt 0.378505 0.930683
vt 0.367593 0.929110
vt 0.366942 0.930683
vt 0.366593 0.929378
vt 0.367942 0.930415
vt 0.368841 0.933272
vt 0.367886 0.932317
vt 0.368618 0.931585
vt 0.376830 0.931585
vt 0.377562 0.932317
vt 0.375875 0.932540
vt 0.376607 0.933272
vt 0.369573 0.932540
vt 0.374972 0.934216
vt 0.373667 0.934565
vt 0.371780 0.934566
vt 0.370475 0.934216
vt 0.373399 0.933566
vt 0.415299 0.943628
vt 0.468406 0.927809
vt 0.367628 0.939377
vt 0.472469 0.819682
vt 0.362865 0.943259
vt 0.470222 0.919116
vt 0.481261 0.877009
vt 0.470653 0.795441
vt 0.413798 0.939746
vt 0.468837 0.819682
vt 0.431407 0.940537
vt 0.466590 0.932156
vt 0.331409 0.939377
vt 0.418946 0.934935
vt 0.477557 0.889216
vt 0.470444 0.898062
vt 0.478725 0.860996
vt 0.468628 0.898062
vt 0.479539 0.906387
vt 0.472469 0.795441
vt 0.409069 0.939746
vt 0.470688 0.910734
vt 0.394208 0.939377
vt 0.467006 0.836756
vt 0.479056 0.868163
vt 0.428872 0.935725
vt 0.382357 0.939690
vt 0.471989 0.832875
vt 0.478785 0.795441
vt 0.468406 0.923462
vt 0.462943 0.940536
vt 0.459311 0.931843
vt 0.478819 0.922997
vt 0.473805 0.828528
vt 0.428872 0.944419
vt 0.432039 0.931843
vt 0.478819 0.927344
vt 0.455679 0.931843
vt 0.330944 0.939377
vt 0.409385 0.931053
vt 0.479761 0.877009
vt 0.468628 0.852768
vt 0.333944 0.943259
vt 0.470222 0.923462
vt 0.342636 0.943259
vt 0.455644 0.832875
vt 0.468871 0.940384
vt 0.453676 0.916625
vt 0.452944 0.917357
vt 0.451989 0.916402
vt 0.452721 0.915670
vt 0.455884 0.918651
vt 0.454578 0.918301
vt 0.456152 0.917651
vt 0.454846 0.917301
vt 0.452045 0.914500
vt 0.451045 0.914768
vt 0.450696 0.913463
vt 0.459076 0.918301
vt 0.457771 0.918651
vt 0.458808 0.917301
vt 0.457503 0.917651
vt 0.451696 0.913195
vt 0.461665 0.916402
vt 0.460710 0.917357
vt 0.459978 0.916625
vt 0.451696 0.911843
vt 0.450696 0.911576
vt 0.451045 0.910270
vt 0.460933 0.915670
vt 0.452045 0.910538
vt 0.452721 0.909368
vt 0.451989 0.908636
vt 0.452944 0.907681
vt 0.461609 0.914500
vt 0.462959 0.913463
vt 0.462609 0.914768
vt 0.453676 0.908413
vt 0.461959 0.913195
vt 0.462609 0.910270
vt 0.462959 0.911576
vt 0.461609 0.910538
vt 0.461959 0.911843
vt 0.454846 0.907737
vt 0.454579 0.906737
vt 0.456152 0.907387
vt 0.455884 0.906388
vt 0.457771 0.906388
vt 0.459076 0.906737
vt 0.460933 0.909368
vt 0.460710 0.907681
vt 0.461665 0.908636
vt 0.344014 0.881669
vt 0.354865 0.915031
vt 0.353865 0.914763
vt 0.355214 0.913726
vt 0.354214 0.913458
vt 0.354214 0.917955
vt 0.353865 0.916650
vt 0.354865 0.916382
vt 0.355890 0.912556
vt 0.355158 0.911824
vt 0.356845 0.911600
vt 0.356113 0.910868
vt 0.355214 0.917687
vt 0.356113 0.920545
vt 0.355158 0.919590
vt 0.356845 0.919813
vt 0.355890 0.918858
vt 0.359053 0.921838
vt 0.357748 0.921489
vt 0.359321 0.920838
vt 0.358016 0.920489
vt 0.358016 0.910925
vt 0.357748 0.909925
vt 0.359321 0.910575
vt 0.359053 0.909575
vt 0.360672 0.910575
vt 0.360940 0.909575
vt 0.361977 0.910925
vt 0.362245 0.909925
vt 0.362245 0.921489
vt 0.360940 0.921838
vt 0.361977 0.920489
vt 0.360672 0.920838
vt 0.364835 0.919590
vt 0.363879 0.920545
vt 0.363147 0.919813
vt 0.363147 0.911600
vt 0.363879 0.910868
vt 0.364103 0.912556
vt 0.364835 0.911824
vt 0.364103 0.918858
vt 0.365778 0.913458
vt 0.366128 0.914763
vt 0.366128 0.916650
vt 0.365778 0.917955
vt 0.365128 0.915031
vt 0.476056 0.852616
vt 0.454293 0.832410
vt 0.449899 0.936189
vt 0.463645 0.898062
vt 0.475725 0.880891
vt 0.370980 0.907750
vt 0.475819 0.931691
vt 0.459277 0.828528
vt 0.404165 0.935655
vt 0.400068 0.918269
vt 0.418150 0.935400
vt 0.398252 0.909575
vt 0.345636 0.935030
vt 0.459277 0.832875
vt 0.341136 0.938912
vt 0.367348 0.903403
vt 0.402665 0.939537
vt 0.464725 0.828528
vt 0.431723 0.936190
vt 0.383708 0.926650
vt 0.467371 0.940384
vt 0.404165 0.922616
vt 0.405981 0.939537
vt 0.423930 0.888522
vt 0.374093 0.938912
vt 0.464775 0.906388
vt 0.391673 0.935030
vt 0.400068 0.913922
vt 0.378128 0.935030
vt 0.401884 0.913922
vt 0.477092 0.885334
vt 0.463645 0.856650
vt 0.474319 0.936038
vt 0.461829 0.856650
vt 0.478320 0.820146
vt 0.396901 0.926497
vt 0.413798 0.939282
vt 0.405981 0.922616
vt 0.476820 0.795906
vt 0.396901 0.918269
vt 0.394208 0.935030
vt 0.465190 0.808169
vt 0.476820 0.824028
vt 0.422114 0.910256
vt 0.475819 0.927344
vt 0.548664 0.452770
vt 0.548664 0.493726
vt 0.421221 0.452770
vt 0.434558 0.534683
vt 0.498279 0.533997
vt 0.496798 0.493726
vt 0.507171 0.534682
vt 0.508653 0.534682
vt 0.529399 0.534682
vt 0.499761 0.493726
vt 0.477533 0.452770
vt 0.556074 0.493726
vt 0.486424 0.493726
vt 0.474569 0.493726
vt 0.556074 0.534682
vt 0.476051 0.452770
vt 0.490870 0.493726
vt 0.514580 0.493726
vt 0.476051 0.493726
vt 0.510135 0.493726
vt 0.515266 0.493041
vt 0.450062 0.493726
vt 0.547182 0.452770
vt 0.446413 0.452770
vt 0.449377 0.534683
vt 0.536809 0.493726
vt 0.545700 0.534682
vt 0.510135 0.534682
vt 0.526435 0.493726
vt 0.431594 0.534683
vt 0.434558 0.493727
vt 0.436040 0.493727
vt 0.486424 0.534683
vt 0.529399 0.452770
vt 0.539773 0.493726
vt 0.473087 0.493726
vt 0.430112 0.493727
vt 0.421221 0.493727
vt 0.504207 0.534682
vt 0.538976 0.452770
vt 0.461232 0.534683
vt 0.455304 0.493726
vt 0.524954 0.493726
vt 0.431594 0.493727
vt 0.515266 0.533997
vt 0.527917 0.452770
vt 0.492352 0.493726
vt 0.538291 0.493726
vt 0.887796 0.820821
vt 0.887796 0.826787
vt 0.752336 0.782090
vt 0.779330 0.754368
vt 0.886158 0.905932
vt 0.887385 0.903658
vt 0.895315 0.905662
vt 0.889510 0.902304
vt 0.894088 0.903461
vt 0.891963 0.902232
vt 0.895315 0.908245
vt 0.894088 0.910518
vt 0.889510 0.911944
vt 0.827517 0.760015
vt 0.850193 0.772713
vt 0.833698 0.849962
vt 0.801678 0.869648
vt 0.904529 0.844906
vt 0.889730 0.841522
vt 0.791718 0.853120
vt 0.846718 0.831073
vt 0.850193 0.776768
vt 0.827517 0.750855
vt 0.905920 0.860081
vt 0.869814 0.872804
vt 0.924907 0.773896
vt 0.922903 0.781825
vt 0.927490 0.773896
vt 0.925176 0.783052
vt 0.929763 0.775122
vt 0.931117 0.777247
vt 0.927759 0.783052
vt 0.931189 0.779701
vt 0.929960 0.781826
vt 0.905303 0.899071
vt 0.940298 0.826188
vt 0.819299 0.930791
vt 0.798198 0.930791
vt 0.940298 0.813709
vt 0.894737 0.899071
vt 0.905920 0.875555
vt 0.893055 0.887563
vt 0.555276 0.606911
vt 0.563895 0.622753
vt 0.215569 0.621578
vt 0.214697 0.621464
vt 0.214697 0.618094
vt 0.216441 0.618324
vt 0.218067 0.618997
vt 0.216382 0.621915
vt 0.219462 0.620068
vt 0.217080 0.622450
vt 0.221206 0.623089
vt 0.221436 0.624833
vt 0.218067 0.624833
vt 0.221206 0.626577
vt 0.217952 0.625705
vt 0.220533 0.628202
vt 0.217615 0.626518
vt 0.219462 0.629598
vt 0.218067 0.630669
vt 0.217080 0.627216
vt 0.216441 0.631342
vt 0.216382 0.627751
vt 0.214697 0.631572
vt 0.215569 0.628088
vt 0.214697 0.628202
vt 0.183935 0.628088
vt 0.184807 0.628202
vt 0.184807 0.631572
vt 0.183063 0.631342
vt 0.181437 0.630669
vt 0.183122 0.627751
vt 0.180042 0.629598
vt 0.182424 0.627216
vt 0.178971 0.628202
vt 0.178298 0.626577
vt 0.181889 0.626518
vt 0.178298 0.623089
vt 0.178971 0.621464
vt 0.181552 0.623961
vt 0.180042 0.620068
vt 0.182424 0.622450
vt 0.181437 0.618997
vt 0.183122 0.621915
vt 0.183063 0.618324
vt 0.184807 0.618094
vt 0.183935 0.621578
vt 0.184807 0.621464
vt 0.181889 0.623148
vt 0.477215 0.606912
vt 0.421061 0.606912
vt 0.454189 0.606912
vt 0.510820 0.606912
vt 0.557921 0.622845
vt 0.577119 0.606820
vt 0.529240 0.622845
vt 0.581723 0.622753
vt 0.574428 0.565955
vt 0.585053 0.590886
vt 0.504207 0.606912
vt 0.587652 0.532026
vt 0.226475 0.532811
vt 0.243260 0.531274
vt 0.200555 0.479659
vt 0.178965 0.574929
vt 0.201142 0.467928
vt 0.243260 0.521889
vt 0.193629 0.574929
vt 0.285965 0.482592
vt 0.201142 0.524236
vt 0.243260 0.489043
vt 0.158436 0.490105
vt 0.201142 0.460889
vt 0.172513 0.574929
vt 0.198586 0.628088
vt 0.199458 0.628202
vt 0.199458 0.631572
vt 0.197714 0.631342
vt 0.196089 0.630669
vt 0.197774 0.627751
vt 0.194693 0.629598
vt 0.197076 0.627216
vt 0.193622 0.628202
vt 0.196540 0.626518
vt 0.192949 0.626577
vt 0.192720 0.624833
vt 0.196204 0.625705
vt 0.192949 0.623089
vt 0.196089 0.624833
vt 0.194693 0.620068
vt 0.197076 0.622450
vt 0.196089 0.618997
vt 0.197774 0.621915
vt 0.197714 0.618324
vt 0.199458 0.618094
vt 0.198586 0.621578
vt 0.199458 0.621463
vt 0.193042 0.574929
vt 0.342608 0.468790
vt 0.339239 0.468790
vt 0.339124 0.467918
vt 0.342379 0.467046
vt 0.338787 0.467105
vt 0.341705 0.465421
vt 0.339239 0.462954
vt 0.340635 0.464025
vt 0.337554 0.465872
vt 0.338252 0.466408
vt 0.337614 0.462281
vt 0.336741 0.465536
vt 0.332500 0.462954
vt 0.334125 0.462281
vt 0.334185 0.465872
vt 0.330033 0.465421
vt 0.331104 0.464025
vt 0.333487 0.466408
vt 0.329131 0.468790
vt 0.329360 0.467046
vt 0.332615 0.467918
vt 0.332951 0.467105
vt 0.332500 0.468790
vt 0.548664 0.591663
vt 0.552631 0.622845
vt 0.580401 0.622753
vt 0.582409 0.590886
vt 0.419102 0.606912
vt 0.588289 0.547960
vt 0.584368 0.606819
vt 0.550672 0.622845
vt 0.484305 0.614032
vt 0.588289 0.565955
vt 0.587698 0.606819
vt 0.422703 0.629966
vt 0.477215 0.622845
vt 0.418257 0.606912
vt 0.586330 0.547960
vt 0.553317 0.622845
vt 0.475893 0.606912
vt 0.428630 0.614032
vt 0.588335 0.590886
vt 0.578395 0.468018
vt 0.475893 0.622845
vt 0.583045 0.622753
vt 0.518707 0.622845
vt 0.577119 0.622753
vt 0.243260 0.453851
vt 0.201142 0.491389
vt 0.201142 0.507812
vt 0.238206 0.532811
vt 0.243260 0.456197
vt 0.243260 0.473207
vt 0.233513 0.532811
vt 0.285965 0.465582
vt 0.201142 0.458543
vt 0.285965 0.480246
vt 0.564532 0.606820
vt 0.493197 0.622845
vt 0.579718 0.500068
vt 0.444135 0.622845
vt 0.579764 0.591572
vt 0.442812 0.622845
vt 0.542736 0.622845
vt 0.579032 0.516093
vt 0.456149 0.606912
vt 0.590934 0.468018
vt 0.887794 0.861419
vt 0.905119 0.736650
vt 0.780131 0.750982
vt 0.780131 0.777246
vt 0.925176 0.912480
vt 0.922903 0.911253
vt 0.924906 0.903324
vt 0.921549 0.909129
vt 0.922706 0.904551
vt 0.921477 0.906675
vt 0.927489 0.903324
vt 0.929761 0.904551
vt 0.931188 0.909129
vt 0.804539 0.803974
vt 0.764554 0.831073
vt 0.852715 0.769871
vt 0.824117 0.853120
vt 0.771834 0.872804
vt 0.782783 0.872804
vt 0.854794 0.853120
vt 0.852715 0.801617
vt 0.791392 0.831073
vt 0.792172 0.807298
vt 0.801156 0.901430
vt 0.905920 0.750665
vt 0.822026 0.919982
vt 0.829955 0.921985
vt 0.822026 0.917399
vt 0.831181 0.919712
vt 0.823252 0.915126
vt 0.825377 0.913773
vt 0.831181 0.917130
vt 0.827830 0.913700
vt 0.829955 0.914929
vt 0.797100 0.902232
vt 0.940296 0.852747
vt 0.903876 0.930790
vt 0.879394 0.930790
vt 0.940296 0.909983
vt 0.784082 0.912900
vt 0.774318 0.901430
vt 0.920676 0.773903
vt 0.392963 0.791559
vt 0.398654 0.888522
vt 0.407569 0.893669
vt 0.407569 0.903963
vt 0.349462 0.815800
vt 0.339168 0.863816
vt 0.435999 0.820947
vt 0.444914 0.815800
vt 0.453828 0.820947
vt 0.425240 0.815335
vt 0.371445 0.888057
vt 0.381739 0.815800
vt 0.889730 0.797543
vt 0.889730 0.781429
vt 0.779400 0.806494
vt 0.828143 0.740832
vt 0.920778 0.919711
vt 0.919552 0.921984
vt 0.911624 0.919981
vt 0.917427 0.923337
vt 0.912850 0.922181
vt 0.914975 0.923410
vt 0.911624 0.917399
vt 0.912850 0.915126
vt 0.917427 0.913700
vt 0.808770 0.830270
vt 0.817427 0.852317
vt 0.871599 0.840673
vt 0.888927 0.783059
vt 0.833529 0.887599
vt 0.849643 0.887599
vt 0.888927 0.793817
vt 0.771062 0.872003
vt 0.826389 0.852316
vt 0.851915 0.734067
vt 0.852427 0.888401
vt 0.905920 0.823697
vt 0.938270 0.743221
vt 0.940273 0.735294
vt 0.935688 0.743221
vt 0.938001 0.734067
vt 0.933415 0.741995
vt 0.932062 0.739870
vt 0.935418 0.734067
vt 0.931989 0.737417
vt 0.933218 0.735293
vt 0.839409 0.902232
vt 0.931989 0.919942
vt 0.940286 0.924211
vt 0.914025 0.924211
vt 0.768932 0.924211
vt 0.856481 0.902232
vt 0.866245 0.888401
vt 0.905920 0.836174
vt 0.446413 0.582074
vt 0.491715 0.590978
vt 0.293822 0.628088
vt 0.294694 0.628202
vt 0.294694 0.631572
vt 0.292950 0.631342
vt 0.291325 0.630669
vt 0.293010 0.627751
vt 0.289929 0.629598
vt 0.292312 0.627216
vt 0.288858 0.628202
vt 0.291776 0.626518
vt 0.288185 0.626577
vt 0.287956 0.624833
vt 0.291440 0.625705
vt 0.288185 0.623089
vt 0.291325 0.624833
vt 0.289929 0.620068
vt 0.292312 0.622450
vt 0.291325 0.618997
vt 0.293010 0.621915
vt 0.292950 0.618324
vt 0.294694 0.618094
vt 0.293822 0.621578
vt 0.294694 0.621464
vt 0.259524 0.621578
vt 0.258652 0.621464
vt 0.258652 0.618094
vt 0.260396 0.618324
vt 0.262022 0.618997
vt 0.260337 0.621915
vt 0.263417 0.620068
vt 0.261035 0.622450
vt 0.264488 0.621464
vt 0.261570 0.623148
vt 0.265161 0.623089
vt 0.265391 0.624833
vt 0.261907 0.623961
vt 0.265161 0.626577
vt 0.262022 0.624833
vt 0.263417 0.629598
vt 0.261035 0.627216
vt 0.262022 0.630669
vt 0.260337 0.627751
vt 0.260396 0.631342
vt 0.258652 0.631572
vt 0.259524 0.628088
vt 0.258652 0.628202
vt 0.484942 0.598099
vt 0.438207 0.590979
vt 0.416775 0.557143
vt 0.550672 0.590978
vt 0.426352 0.590979
vt 0.424870 0.550708
vt 0.463877 0.590979
vt 0.538976 0.590978
vt 0.514580 0.590978
vt 0.483141 0.590978
vt 0.460436 0.590979
vt 0.496001 0.590978
vt 0.452866 0.590979
vt 0.505052 0.590978
vt 0.447098 0.575639
vt 0.481182 0.590978
vt 0.445776 0.566048
vt 0.462554 0.590979
vt 0.515425 0.590978
vt 0.497483 0.590978
vt 0.503570 0.575639
vt 0.439848 0.566048
vt 0.328544 0.477313
vt 0.158436 0.617507
vt 0.328544 0.461476
vt 0.286552 0.524236
vt 0.328544 0.526582
vt 0.286552 0.465582
vt 0.254041 0.617507
vt 0.286552 0.467928
vt 0.286552 0.493736
vt 0.273398 0.575516
vt 0.263426 0.617507
vt 0.286552 0.528928
vt 0.247590 0.617507
vt 0.318131 0.621578
vt 0.317259 0.621464
vt 0.317259 0.618094
vt 0.319003 0.618324
vt 0.320628 0.618997
vt 0.318944 0.621915
vt 0.322024 0.620068
vt 0.319641 0.622450
vt 0.323768 0.623089
vt 0.323998 0.624833
vt 0.320628 0.624833
vt 0.323768 0.626577
vt 0.320513 0.625705
vt 0.323095 0.628202
vt 0.320177 0.626518
vt 0.322024 0.629598
vt 0.320628 0.630669
vt 0.319641 0.627216
vt 0.319003 0.631342
vt 0.318944 0.627751
vt 0.317259 0.631572
vt 0.318131 0.628088
vt 0.317259 0.628202
vt 0.193042 0.617507
vt 0.329131 0.513332
vt 0.332500 0.513332
vt 0.332615 0.514204
vt 0.329360 0.515076
vt 0.332951 0.515017
vt 0.330033 0.516702
vt 0.332500 0.519168
vt 0.331104 0.518097
vt 0.334185 0.516250
vt 0.333487 0.515715
vt 0.334125 0.519841
vt 0.334997 0.516587
vt 0.339239 0.519168
vt 0.337614 0.519841
vt 0.337554 0.516250
vt 0.341705 0.516702
vt 0.340635 0.518097
vt 0.338252 0.515715
vt 0.342608 0.513332
vt 0.342379 0.515076
vt 0.339124 0.514204
vt 0.338787 0.515017
vt 0.339239 0.513332
vt 0.437522 0.606912
vt 0.432439 0.629965
vt 0.587698 0.622753
vt 0.432439 0.614032
vt 0.530085 0.591664
vt 0.469327 0.622845
vt 0.571830 0.606820
vt 0.467000 0.606912
vt 0.431435 0.606912
vt 0.515425 0.606912
vt 0.422066 0.614032
vt 0.459590 0.606912
vt 0.472131 0.606912
vt 0.575065 0.547960
vt 0.567816 0.516093
vt 0.487747 0.622845
vt 0.454826 0.622845
vt 0.590297 0.565955
vt 0.424870 0.614032
vt 0.533686 0.622845
vt 0.579032 0.484134
vt 0.531567 0.606912
vt 0.575065 0.468018
vt 0.575065 0.484134
vt 0.328544 0.547697
vt 0.285839 0.557081
vt 0.328543 0.582889
vt 0.163129 0.575516
vt 0.328544 0.496082
vt 0.328544 0.482005
vt 0.224128 0.617507
vt 0.285839 0.561774
vt 0.165475 0.617507
vt 0.328544 0.456197
vt 0.889730 0.756948
vt 0.889730 0.764514
vt 0.761684 0.782890
vt 0.780131 0.763714
vt 0.925176 0.853546
vt 0.927758 0.853546
vt 0.929761 0.861475
vt 0.929959 0.854772
vt 0.931115 0.859350
vt 0.931188 0.856897
vt 0.927489 0.862701
vt 0.924906 0.862701
vt 0.921477 0.859350
vt 0.761494 0.807298
vt 0.828943 0.815826
vt 0.852715 0.808927
vt 0.872405 0.740706
vt 0.792132 0.872804
vt 0.813232 0.872804
vt 0.828237 0.853120
vt 0.871601 0.786144
vt 0.828943 0.824789
vt 0.804539 0.789895
vt 0.762100 0.901430
vt 0.905920 0.807100
vt 0.812070 0.919982
vt 0.819999 0.921985
vt 0.812070 0.917399
vt 0.821225 0.919712
vt 0.813297 0.915126
vt 0.815421 0.913773
vt 0.821225 0.917129
vt 0.817874 0.913700
vt 0.819999 0.914929
vt 0.790591 0.902232
vt 0.931989 0.893384
vt 0.896310 0.924211
vt 0.849747 0.924211
vt 0.940296 0.853548
vt 0.820683 0.902232
vt 0.820683 0.888401
vt 0.905920 0.793020
vt 0.481039 0.910734
vt 0.403700 0.931309
vt 0.472066 0.873563
vt 0.472798 0.874295
vt 0.471843 0.875251
vt 0.471111 0.874519
vt 0.474092 0.871356
vt 0.473742 0.872661
vt 0.472742 0.872393
vt 0.469941 0.875194
vt 0.470209 0.876194
vt 0.468904 0.876544
vt 0.473092 0.871088
vt 0.473742 0.868164
vt 0.474092 0.869469
vt 0.472742 0.868432
vt 0.473092 0.869737
vt 0.468636 0.875544
vt 0.471843 0.865575
vt 0.472798 0.866530
vt 0.472066 0.867262
vt 0.467285 0.875544
vt 0.467017 0.876544
vt 0.465712 0.876194
vt 0.471111 0.866306
vt 0.465980 0.875194
vt 0.464810 0.874519
vt 0.464078 0.875251
vt 0.463854 0.873563
vt 0.463122 0.874295
vt 0.469941 0.865631
vt 0.468904 0.864281
vt 0.470209 0.864631
vt 0.468636 0.865281
vt 0.465712 0.864631
vt 0.467017 0.864281
vt 0.467285 0.865281
vt 0.463179 0.872393
vt 0.462179 0.872661
vt 0.462829 0.871088
vt 0.461829 0.871356
vt 0.465980 0.865631
vt 0.461829 0.869469
vt 0.462179 0.868164
vt 0.464810 0.866306
vt 0.463122 0.866530
vt 0.464078 0.865575
vt 0.424775 0.928122
vt 0.468636 0.841040
vt 0.468904 0.840041
vt 0.469941 0.841390
vt 0.470209 0.840390
vt 0.465712 0.840390
vt 0.467017 0.840041
vt 0.465980 0.841390
vt 0.467285 0.841040
vt 0.471111 0.842066
vt 0.471843 0.841334
vt 0.472066 0.843021
vt 0.472798 0.842289
vt 0.463122 0.842289
vt 0.464078 0.841334
vt 0.463854 0.843021
vt 0.464810 0.842066
vt 0.461829 0.845228
vt 0.462179 0.843923
vt 0.462829 0.845496
vt 0.463179 0.844191
vt 0.472742 0.844191
vt 0.473742 0.843923
vt 0.473092 0.845496
vt 0.474092 0.845228
vt 0.473092 0.846847
vt 0.474092 0.847115
vt 0.473742 0.848420
vt 0.462829 0.846847
vt 0.462179 0.848420
vt 0.461829 0.847115
vt 0.463179 0.848152
vt 0.472742 0.848152
vt 0.464078 0.851010
vt 0.463122 0.850055
vt 0.463854 0.849323
vt 0.472066 0.849323
vt 0.472798 0.850055
vt 0.471111 0.850278
vt 0.471843 0.851010
vt 0.464810 0.850278
vt 0.470209 0.851953
vt 0.468904 0.852303
vt 0.467017 0.852303
vt 0.465712 0.851953
vt 0.468636 0.851303
vt 0.369593 0.943259
vt 0.466590 0.927809
vt 0.480092 0.885334
vt 0.470173 0.828528
vt 0.358365 0.943259
vt 0.472004 0.795906
vt 0.452899 0.940536
vt 0.405981 0.935191
vt 0.396901 0.940002
vt 0.414834 0.931053
vt 0.386708 0.939377
vt 0.472260 0.852768
vt 0.335909 0.939377
vt 0.409850 0.934935
vt 0.478592 0.848734
vt 0.383708 0.930997
vt 0.478770 0.808169
vt 0.470188 0.791559
vt 0.447767 0.940536
vt 0.447048 0.935724
vt 0.347136 0.943259
vt 0.472039 0.910269
vt 0.379628 0.939377
vt 0.467021 0.819682
vt 0.334409 0.943259
vt 0.461591 0.935724
vt 0.380541 0.939690
vt 0.469093 0.856650
vt 0.478785 0.799787
vt 0.468406 0.919116
vt 0.419650 0.939746
vt 0.461127 0.931843
vt 0.478819 0.936038
vt 0.468406 0.932156
vt 0.426275 0.940537
vt 0.470222 0.932156
vt 0.431872 0.944419
vt 0.435671 0.931843
vt 0.445951 0.940536
vt 0.472004 0.815800
vt 0.478819 0.931691
vt 0.407332 0.926962
vt 0.341444 0.943259
vt 0.472260 0.898062
vt 0.344136 0.943259
vt 0.370980 0.881669
vt 0.477092 0.889681
vt 0.376901 0.920838
vt 0.376633 0.921838
vt 0.375328 0.921489
vt 0.375596 0.920489
vt 0.379825 0.921489
vt 0.378520 0.921838
vt 0.378252 0.920838
vt 0.374425 0.919813
vt 0.373693 0.920545
vt 0.372738 0.919590
vt 0.379557 0.920489
vt 0.382415 0.919590
vt 0.381459 0.920545
vt 0.381683 0.918858
vt 0.380727 0.919813
vt 0.373470 0.918858
vt 0.383708 0.916650
vt 0.383358 0.917955
vt 0.382358 0.917687
vt 0.372794 0.917687
vt 0.371794 0.917955
vt 0.371445 0.916650
vt 0.382708 0.916382
vt 0.372445 0.916382
vt 0.372445 0.915031
vt 0.371445 0.914763
vt 0.371794 0.913458
vt 0.382708 0.915031
vt 0.383358 0.913458
vt 0.383708 0.914763
vt 0.372794 0.913726
vt 0.382358 0.913726
vt 0.381459 0.910868
vt 0.382415 0.911824
vt 0.380727 0.911600
vt 0.381683 0.912556
vt 0.373470 0.912556
vt 0.372738 0.911824
vt 0.374425 0.911600
vt 0.373693 0.910868
vt 0.375328 0.909925
vt 0.376633 0.909575
vt 0.379557 0.910925
vt 0.378520 0.909575
vt 0.379825 0.909925
vt 0.424775 0.915081
vt 0.456319 0.818781
vt 0.455587 0.818049
vt 0.457274 0.817825
vt 0.456542 0.817093
vt 0.454293 0.820988
vt 0.454643 0.819683
vt 0.455643 0.819951
vt 0.458444 0.817150
vt 0.458176 0.816150
vt 0.459749 0.816800
vt 0.459481 0.815800
vt 0.455293 0.821256
vt 0.454643 0.824180
vt 0.454293 0.822875
vt 0.455643 0.823912
vt 0.455293 0.822607
vt 0.456542 0.826770
vt 0.455587 0.825814
vt 0.457274 0.826038
vt 0.456319 0.825082
vt 0.461100 0.816800
vt 0.461368 0.815800
vt 0.462406 0.817150
vt 0.462674 0.816150
vt 0.463576 0.817825
vt 0.464308 0.817093
vt 0.465263 0.818049
vt 0.458444 0.826713
vt 0.459481 0.828063
vt 0.458176 0.827713
vt 0.459749 0.827063
vt 0.464531 0.818781
vt 0.462673 0.827713
vt 0.461368 0.828063
vt 0.461100 0.827063
vt 0.465207 0.819951
vt 0.466207 0.819683
vt 0.465556 0.821256
vt 0.466556 0.820988
vt 0.462406 0.826713
vt 0.466556 0.822875
vt 0.466207 0.824180
vt 0.465263 0.825814
vt 0.464308 0.826770
vt 0.465207 0.823912
vt 0.473854 0.936502
vt 0.367348 0.894709
vt 0.448399 0.936189
vt 0.367813 0.916443
vt 0.425240 0.940072
vt 0.423930 0.897216
vt 0.477225 0.880891
vt 0.466541 0.828528
vt 0.398401 0.935656
vt 0.457461 0.828528
vt 0.361365 0.938912
vt 0.400068 0.909575
vt 0.347136 0.935030
vt 0.422114 0.918950
vt 0.359400 0.935030
vt 0.369164 0.903403
vt 0.461907 0.940071
vt 0.466812 0.852768
vt 0.477092 0.864281
vt 0.465239 0.922997
vt 0.455828 0.940071
vt 0.402349 0.918269
vt 0.475504 0.910269
vt 0.370980 0.894709
vt 0.375593 0.938912
vt 0.464775 0.910734
vt 0.415299 0.935400
vt 0.454293 0.808169
vt 0.388208 0.935030
vt 0.369164 0.912096
vt 0.475770 0.808169
vt 0.463423 0.922997
vt 0.420762 0.940218
vt 0.461829 0.901944
vt 0.478320 0.815800
vt 0.400533 0.926497
vt 0.450364 0.940071
vt 0.464996 0.860997
vt 0.476854 0.936503
vt 0.459741 0.832875
vt 0.418615 0.939281
vt 0.370980 0.916443
vt 0.439784 0.936189
vt 0.423930 0.901563
vt 0.477270 0.812516
vt 0.550146 0.493726
vt 0.547868 0.574952
vt 0.424185 0.452770
vt 0.427148 0.534683
vt 0.505689 0.533997
vt 0.502725 0.493726
vt 0.496797 0.534683
vt 0.495316 0.534683
vt 0.532363 0.534682
vt 0.506374 0.493041
vt 0.484942 0.452770
vt 0.557555 0.493726
vt 0.462714 0.493726
vt 0.464196 0.493726
vt 0.557555 0.534682
vt 0.487906 0.452770
vt 0.480497 0.493726
vt 0.517544 0.493726
vt 0.458954 0.533997
vt 0.513098 0.493726
vt 0.518230 0.493041
vt 0.444135 0.493726
vt 0.547182 0.534682
vt 0.425667 0.452770
vt 0.459750 0.534683
vt 0.489388 0.534683
vt 0.439003 0.534683
vt 0.535327 0.493726
vt 0.513098 0.534682
vt 0.415293 0.534683
vt 0.501243 0.493726
vt 0.501243 0.452770
vt 0.465678 0.534683
vt 0.516062 0.534682
vt 0.526435 0.452770
vt 0.471605 0.493726
vt 0.505689 0.452770
vt 0.425667 0.493727
vt 0.493834 0.534683
vt 0.504892 0.534682
vt 0.450859 0.534683
vt 0.418257 0.493727
vt 0.517544 0.534682
vt 0.502725 0.452770
vt 0.530085 0.493041
vt 0.527917 0.534682
vt 0.479015 0.534683
vt 0.535327 0.452770
vt 0.887796 0.803903
vt 0.887796 0.803103
vt 0.755719 0.782090
vt 0.779330 0.734067
vt 0.925176 0.753181
vt 0.922903 0.751954
vt 0.924906 0.744024
vt 0.921549 0.749829
vt 0.922706 0.745251
vt 0.921477 0.747376
vt 0.927489 0.744024
vt 0.929763 0.745251
vt 0.931189 0.749829
vt 0.827517 0.756695
vt 0.850193 0.762948
vt 0.840208 0.849962
vt 0.798358 0.869648
vt 0.904529 0.831372
vt 0.889730 0.848289
vt 0.781757 0.853120
vt 0.871604 0.747087
vt 0.850193 0.780023
vt 0.827517 0.764135
vt 0.918950 0.885320
vt 0.879775 0.872804
vt 0.914003 0.903658
vt 0.906073 0.905662
vt 0.915229 0.905931
vt 0.906073 0.908245
vt 0.915229 0.908515
vt 0.914003 0.910715
vt 0.907299 0.910518
vt 0.911878 0.911944
vt 0.909424 0.911872
vt 0.911813 0.899071
vt 0.940298 0.829508
vt 0.815916 0.930791
vt 0.808348 0.930791
vt 0.940298 0.817029
vt 0.901248 0.899071
vt 0.754790 0.901432
vt 0.899695 0.887563
vt 0.560565 0.606911
vt 0.426352 0.606912
vt 0.332615 0.482570
vt 0.332500 0.483442
vt 0.329131 0.483442
vt 0.329360 0.481698
vt 0.330033 0.480072
vt 0.332951 0.481757
vt 0.331104 0.478677
vt 0.333487 0.481059
vt 0.332500 0.477606
vt 0.334125 0.476933
vt 0.334185 0.480524
vt 0.337614 0.476933
vt 0.339239 0.477606
vt 0.336742 0.480187
vt 0.340635 0.478677
vt 0.338252 0.481059
vt 0.341706 0.480072
vt 0.338788 0.481757
vt 0.342379 0.481698
vt 0.342608 0.483442
vt 0.339124 0.482570
vt 0.339239 0.483442
vt 0.337554 0.480524
vt 0.205912 0.628088
vt 0.206784 0.628202
vt 0.206784 0.631572
vt 0.205040 0.631342
vt 0.203415 0.630669
vt 0.205100 0.627751
vt 0.202019 0.629598
vt 0.204402 0.627216
vt 0.200948 0.628202
vt 0.200275 0.626577
vt 0.203866 0.626518
vt 0.200275 0.623089
vt 0.200948 0.621464
vt 0.203530 0.623961
vt 0.202019 0.620068
vt 0.204402 0.622450
vt 0.203415 0.618997
vt 0.205100 0.621915
vt 0.205040 0.618324
vt 0.206784 0.618094
vt 0.205912 0.621578
vt 0.206784 0.621464
vt 0.203866 0.623148
vt 0.583731 0.622753
vt 0.590933 0.516093
vt 0.527281 0.622845
vt 0.586330 0.565955
vt 0.568453 0.532027
vt 0.578441 0.622753
vt 0.589657 0.606819
vt 0.582999 0.468018
vt 0.569139 0.516093
vt 0.573152 0.622753
vt 0.502885 0.606912
vt 0.586376 0.606819
vt 0.243260 0.475553
vt 0.243260 0.510159
vt 0.200555 0.482005
vt 0.216503 0.574929
vt 0.195975 0.532811
vt 0.178965 0.490105
vt 0.200555 0.486697
vt 0.243847 0.514851
vt 0.181898 0.490105
vt 0.188936 0.532224
vt 0.232926 0.574929
vt 0.201142 0.482005
vt 0.200555 0.463236
vt 0.227890 0.628088
vt 0.228762 0.628202
vt 0.228762 0.631572
vt 0.227018 0.631342
vt 0.225392 0.630669
vt 0.227077 0.627751
vt 0.223997 0.629598
vt 0.226379 0.627216
vt 0.222926 0.628202
vt 0.225844 0.626518
vt 0.222253 0.626577
vt 0.222023 0.624833
vt 0.225507 0.625705
vt 0.222253 0.623089
vt 0.225392 0.624833
vt 0.223997 0.620068
vt 0.226379 0.622450
vt 0.225392 0.618997
vt 0.227077 0.621915
vt 0.227018 0.618324
vt 0.228762 0.618094
vt 0.227890 0.621578
vt 0.228762 0.621464
vt 0.285965 0.522476
vt 0.342608 0.476116
vt 0.339239 0.476116
vt 0.339124 0.475244
vt 0.342379 0.474372
vt 0.338787 0.474431
vt 0.341706 0.472747
vt 0.339239 0.470280
vt 0.340635 0.471351
vt 0.337554 0.473198
vt 0.338252 0.473733
vt 0.335869 0.469377
vt 0.337614 0.469607
vt 0.336742 0.472861
vt 0.334125 0.469607
vt 0.335869 0.472747
vt 0.330033 0.472747
vt 0.331104 0.471351
vt 0.332951 0.474431
vt 0.333487 0.473733
vt 0.329131 0.476116
vt 0.329360 0.474372
vt 0.332615 0.475244
vt 0.332500 0.476116
vt 0.546545 0.606911
vt 0.567131 0.484134
vt 0.579032 0.500068
vt 0.588974 0.468018
vt 0.550672 0.606911
vt 0.568453 0.500068
vt 0.448421 0.591664
vt 0.554639 0.622845
vt 0.528603 0.606912
vt 0.450859 0.622845
vt 0.586376 0.590886
vt 0.579032 0.532027
vt 0.538976 0.606912
vt 0.567131 0.500068
vt 0.590343 0.606819
vt 0.563849 0.565956
vt 0.435243 0.606912
vt 0.486424 0.622845
vt 0.585644 0.516093
vt 0.577073 0.484134
vt 0.558606 0.622844
vt 0.582999 0.516093
vt 0.586966 0.516093
vt 0.585007 0.468018
vt 0.285965 0.510159
vt 0.201142 0.512505
vt 0.158436 0.449159
vt 0.243847 0.470274
vt 0.200555 0.477312
vt 0.217090 0.532811
vt 0.243847 0.451505
vt 0.285965 0.472620
vt 0.167821 0.490105
vt 0.198321 0.532811
vt 0.592256 0.532026
vt 0.569139 0.500068
vt 0.488432 0.606912
vt 0.494519 0.622845
vt 0.579718 0.550707
vt 0.586376 0.622753
vt 0.505689 0.622845
vt 0.592256 0.547960
vt 0.545063 0.606912
vt 0.421380 0.629966
vt 0.887794 0.847887
vt 0.887794 0.867385
vt 0.780131 0.754365
vt 0.769253 0.758479
vt 0.927489 0.872657
vt 0.924906 0.872657
vt 0.922903 0.864728
vt 0.922705 0.871430
vt 0.921549 0.866853
vt 0.921477 0.869306
vt 0.925176 0.863502
vt 0.927758 0.863501
vt 0.931187 0.866853
vt 0.784732 0.807298
vt 0.754790 0.831073
vt 0.852715 0.812182
vt 0.867272 0.853120
vt 0.778600 0.872804
vt 0.786166 0.872804
vt 0.818278 0.853120
vt 0.871601 0.773126
vt 0.775118 0.831073
vt 0.801330 0.830272
vt 0.804410 0.901430
vt 0.905920 0.747346
vt 0.843164 0.921985
vt 0.851093 0.919982
vt 0.841937 0.919712
vt 0.851093 0.917399
vt 0.841937 0.917130
vt 0.843164 0.914929
vt 0.849866 0.915126
vt 0.845288 0.913700
vt 0.847741 0.913773
vt 0.752336 0.912900
vt 0.940296 0.842788
vt 0.907259 0.930790
vt 0.882777 0.930790
vt 0.940296 0.913302
vt 0.787336 0.912900
vt 0.780828 0.901430
vt 0.920676 0.767264
vt 0.370980 0.815335
vt 0.337324 0.888522
vt 0.346239 0.893669
vt 0.346239 0.903963
vt 0.414016 0.791559
vt 0.371445 0.863816
vt 0.435999 0.796706
vt 0.444914 0.791559
vt 0.453829 0.796706
vt 0.392963 0.888057
vt 0.328409 0.888057
vt 0.360221 0.840041
vt 0.889730 0.794160
vt 0.889730 0.811874
vt 0.776017 0.806494
vt 0.828143 0.737450
vt 0.938000 0.783839
vt 0.940273 0.785066
vt 0.938270 0.792994
vt 0.941627 0.787190
vt 0.940470 0.791767
vt 0.941699 0.789643
vt 0.935688 0.792994
vt 0.933415 0.791767
vt 0.931989 0.787190
vt 0.815409 0.830269
vt 0.797901 0.852317
vt 0.871599 0.843927
vt 0.888927 0.786378
vt 0.826764 0.887599
vt 0.853026 0.887599
vt 0.872405 0.763143
vt 0.764553 0.872003
vt 0.829643 0.852316
vt 0.851915 0.737386
vt 0.842665 0.888401
vt 0.905920 0.850251
vt 0.940273 0.751949
vt 0.938270 0.744021
vt 0.938001 0.753176
vt 0.935688 0.744021
vt 0.935418 0.753176
vt 0.933218 0.751949
vt 0.933415 0.745248
vt 0.931989 0.749825
vt 0.932062 0.747372
vt 0.842663 0.902232
vt 0.758174 0.924211
vt 0.936903 0.924211
vt 0.917408 0.924211
vt 0.772252 0.924211
vt 0.827192 0.902232
vt 0.862991 0.888401
vt 0.905920 0.822896
vt 0.422703 0.566048
vt 0.416138 0.525092
vt 0.301148 0.628088
vt 0.302020 0.628202
vt 0.302020 0.631572
vt 0.300276 0.631342
vt 0.298651 0.630669
vt 0.300336 0.627751
vt 0.297255 0.629598
vt 0.299638 0.627216
vt 0.296184 0.628202
vt 0.299102 0.626518
vt 0.295511 0.626577
vt 0.295281 0.624833
vt 0.298766 0.625705
vt 0.295511 0.623089
vt 0.298651 0.624833
vt 0.297255 0.620068
vt 0.299638 0.622450
vt 0.298651 0.618997
vt 0.300336 0.621915
vt 0.300276 0.618324
vt 0.302020 0.618094
vt 0.301148 0.621578
vt 0.302020 0.621464
vt 0.332615 0.548502
vt 0.332500 0.549374
vt 0.329131 0.549374
vt 0.329360 0.547630
vt 0.330033 0.546005
vt 0.332951 0.547690
vt 0.331104 0.544609
vt 0.333487 0.546992
vt 0.332500 0.543538
vt 0.334185 0.546456
vt 0.334125 0.542865
vt 0.335869 0.542636
vt 0.334997 0.546120
vt 0.337614 0.542865
vt 0.335869 0.546005
vt 0.340635 0.544609
vt 0.338252 0.546992
vt 0.341705 0.546005
vt 0.338787 0.547690
vt 0.342379 0.547630
vt 0.342608 0.549374
vt 0.339124 0.548502
vt 0.339239 0.549374
vt 0.433076 0.566048
vt 0.436885 0.590979
vt 0.486424 0.590978
vt 0.454667 0.590979
vt 0.430798 0.590979
vt 0.494519 0.575639
vt 0.423548 0.575639
vt 0.457472 0.590979
vt 0.555276 0.590978
vt 0.544218 0.590978
vt 0.561205 0.550022
vt 0.521034 0.590978
vt 0.429316 0.590979
vt 0.427993 0.509067
vt 0.467000 0.590979
vt 0.537654 0.590978
vt 0.500606 0.590978
vt 0.425507 0.582074
vt 0.548027 0.590978
vt 0.432439 0.598099
vt 0.477214 0.590978
vt 0.422066 0.582074
vt 0.328543 0.568812
vt 0.328544 0.498428
vt 0.286552 0.564120
vt 0.286552 0.604005
vt 0.240551 0.617507
vt 0.286552 0.557082
vt 0.286552 0.599313
vt 0.328544 0.449746
vt 0.244657 0.617507
vt 0.280436 0.575516
vt 0.265772 0.617507
vt 0.183657 0.617507
vt 0.328544 0.500774
vt 0.332615 0.570480
vt 0.332500 0.571352
vt 0.329131 0.571352
vt 0.329360 0.569608
vt 0.330033 0.567982
vt 0.332951 0.569667
vt 0.331104 0.566587
vt 0.333487 0.568969
vt 0.332500 0.565516
vt 0.334125 0.564843
vt 0.334185 0.568434
vt 0.337614 0.564843
vt 0.339239 0.565516
vt 0.336741 0.568097
vt 0.340635 0.566587
vt 0.338252 0.568969
vt 0.341705 0.567982
vt 0.338787 0.569667
vt 0.342379 0.569608
vt 0.342608 0.571352
vt 0.339124 0.570480
vt 0.339239 0.571352
vt 0.337554 0.568434
vt 0.188349 0.617507
vt 0.329131 0.520658
vt 0.332500 0.520658
vt 0.332615 0.521530
vt 0.329360 0.522402
vt 0.332951 0.522343
vt 0.330033 0.524027
vt 0.332500 0.526494
vt 0.331104 0.525423
vt 0.334185 0.523576
vt 0.333487 0.523041
vt 0.334125 0.527167
vt 0.339239 0.526494
vt 0.337614 0.527167
vt 0.336742 0.523913
vt 0.341706 0.524027
vt 0.340635 0.525423
vt 0.338787 0.522343
vt 0.338252 0.523041
vt 0.342608 0.520658
vt 0.342379 0.522402
vt 0.339124 0.521530
vt 0.339239 0.520658
vt 0.337554 0.523576
vt 0.572466 0.622753
vt 0.423548 0.622846
vt 0.423548 0.606912
vt 0.570461 0.565955
vt 0.564532 0.590886
vt 0.468005 0.622845
vt 0.569139 0.547960
vt 0.509975 0.606912
vt 0.577710 0.500068
vt 0.563849 0.468018
vt 0.512302 0.606912
vt 0.416775 0.621061
vt 0.578395 0.565955
vt 0.447098 0.607598
vt 0.581040 0.468018
vt 0.526435 0.622845
vt 0.524635 0.606912
vt 0.591619 0.565955
vt 0.441171 0.622845
vt 0.589611 0.547960
vt 0.517384 0.606912
vt 0.438207 0.622845
vt 0.523312 0.606912
vt 0.501243 0.622845
vt 0.266359 0.617507
vt 0.285839 0.526582
vt 0.172513 0.617507
vt 0.245244 0.575516
vt 0.328544 0.484351
vt 0.328544 0.486697
vt 0.328544 0.472620
vt 0.285839 0.564120
vt 0.285839 0.533620
vt 0.198321 0.617507
vt 0.889730 0.760331
vt 0.889730 0.767897
vt 0.780131 0.771280
vt 0.780131 0.767097
vt 0.927489 0.823679
vt 0.929761 0.824905
vt 0.927758 0.832834
vt 0.931115 0.827030
vt 0.929959 0.831607
vt 0.931188 0.829483
vt 0.925176 0.832834
vt 0.922903 0.831607
vt 0.921477 0.827030
vt 0.804539 0.790695
vt 0.758045 0.831073
vt 0.852715 0.825200
vt 0.872405 0.750665
vt 0.889730 0.869390
vt 0.809848 0.872804
vt 0.872404 0.746545
vt 0.852715 0.817891
vt 0.828943 0.798752
vt 0.768934 0.807298
vt 0.832901 0.888401
vt 0.905920 0.810419
vt 0.782203 0.919982
vt 0.790132 0.921985
vt 0.782203 0.917399
vt 0.791358 0.919712
vt 0.783430 0.915126
vt 0.785554 0.913773
vt 0.791358 0.917130
vt 0.788007 0.913700
vt 0.790132 0.914929
vt 0.793845 0.902232
vt 0.931989 0.896704
vt 0.899693 0.924211
vt 0.853130 0.924211
vt 0.931989 0.879305
vt 0.823938 0.902232
vt 0.823938 0.888401
vt 0.905920 0.796340
vt 0.407016 0.940002
vt 0.468357 0.804287
vt 0.448205 0.928397
vt 0.448937 0.929129
vt 0.447982 0.930085
vt 0.447250 0.929353
vt 0.450230 0.926190
vt 0.449880 0.927495
vt 0.449230 0.925922
vt 0.448880 0.927227
vt 0.446079 0.930028
vt 0.446347 0.931028
vt 0.444774 0.930378
vt 0.445042 0.931378
vt 0.449880 0.922998
vt 0.450230 0.924303
vt 0.448880 0.923266
vt 0.449230 0.924571
vt 0.447981 0.920409
vt 0.448937 0.921364
vt 0.448205 0.922096
vt 0.443423 0.930378
vt 0.443155 0.931378
vt 0.442118 0.930028
vt 0.441850 0.931028
vt 0.447250 0.921141
vt 0.440948 0.929353
vt 0.440216 0.930085
vt 0.439993 0.928397
vt 0.439261 0.929129
vt 0.446079 0.920465
vt 0.445042 0.919116
vt 0.446347 0.919465
vt 0.444774 0.920115
vt 0.441850 0.919465
vt 0.443155 0.919116
vt 0.443423 0.920115
vt 0.439317 0.927227
vt 0.438317 0.927495
vt 0.438967 0.925922
vt 0.437968 0.926190
vt 0.442118 0.920465
vt 0.437968 0.924303
vt 0.438317 0.922998
vt 0.440948 0.921141
vt 0.439261 0.921364
vt 0.440216 0.920409
vt 0.420297 0.926706
vt 0.347944 0.923303
vt 0.348211 0.922303
vt 0.349517 0.922653
vt 0.349249 0.923653
vt 0.345019 0.922653
vt 0.346325 0.922303
vt 0.345287 0.923653
vt 0.346592 0.923303
vt 0.350419 0.924328
vt 0.351151 0.923596
vt 0.352106 0.924552
vt 0.342430 0.924552
vt 0.343385 0.923596
vt 0.343162 0.925284
vt 0.344117 0.924328
vt 0.351374 0.925284
vt 0.341137 0.927491
vt 0.341487 0.926186
vt 0.342137 0.927759
vt 0.342486 0.926454
vt 0.352050 0.926454
vt 0.353050 0.926186
vt 0.352399 0.927759
vt 0.353399 0.927491
vt 0.352399 0.929110
vt 0.353399 0.929378
vt 0.352050 0.930415
vt 0.353050 0.930683
vt 0.341487 0.930683
vt 0.341137 0.929378
vt 0.342486 0.930415
vt 0.342137 0.929110
vt 0.343385 0.933272
vt 0.342430 0.932317
vt 0.343162 0.931585
vt 0.351374 0.931585
vt 0.352106 0.932317
vt 0.350419 0.932540
vt 0.351151 0.933272
vt 0.344117 0.932540
vt 0.349517 0.934216
vt 0.348212 0.934565
vt 0.346325 0.934566
vt 0.345020 0.934216
vt 0.347944 0.933566
vt 0.338909 0.943259
vt 0.472469 0.799787
vt 0.394673 0.943259
vt 0.398717 0.930844
vt 0.365092 0.943259
vt 0.470222 0.927809
vt 0.375128 0.939377
vt 0.470653 0.824028
vt 0.398401 0.940002
vt 0.411666 0.934935
vt 0.481261 0.898062
vt 0.439319 0.931843
vt 0.356865 0.939377
vt 0.418466 0.931053
vt 0.479761 0.898062
vt 0.470173 0.804287
vt 0.478504 0.914616
vt 0.468372 0.791559
vt 0.480092 0.868628
vt 0.427056 0.935725
vt 0.372593 0.943259
vt 0.396901 0.931309
vt 0.378128 0.939377
vt 0.463423 0.936037
vt 0.479057 0.843922
vt 0.452512 0.935724
vt 0.417114 0.939746
vt 0.473820 0.820146
vt 0.478770 0.836756
vt 0.468407 0.906388
vt 0.480270 0.812516
vt 0.444767 0.931843
vt 0.477557 0.868163
vt 0.437503 0.931843
vt 0.480270 0.836756
vt 0.426591 0.931843
vt 0.455828 0.944418
vt 0.457495 0.931843
vt 0.440819 0.940536
vt 0.471989 0.828528
vt 0.478770 0.832409
vt 0.468822 0.812516
vt 0.338444 0.943259
vt 0.470223 0.906388
vt 0.345636 0.943259
vt 0.363716 0.881669
vt 0.477092 0.840041
vt 0.345288 0.910925
vt 0.345020 0.909925
vt 0.346325 0.909575
vt 0.346593 0.910575
vt 0.342430 0.911824
vt 0.343385 0.910868
vt 0.343162 0.912556
vt 0.344117 0.911600
vt 0.347944 0.910575
vt 0.348212 0.909575
vt 0.349517 0.909925
vt 0.341137 0.914763
vt 0.341487 0.913458
vt 0.342137 0.915031
vt 0.342486 0.913726
vt 0.349249 0.910925
vt 0.341487 0.917955
vt 0.341137 0.916650
vt 0.342137 0.916382
vt 0.350419 0.911600
vt 0.351151 0.910868
vt 0.352107 0.911824
vt 0.342486 0.917687
vt 0.351375 0.912556
vt 0.352050 0.913726
vt 0.353050 0.913458
vt 0.352400 0.915031
vt 0.353400 0.914763
vt 0.343162 0.918858
vt 0.343385 0.920545
vt 0.342430 0.919590
vt 0.344117 0.919813
vt 0.346325 0.921838
vt 0.345020 0.921489
vt 0.346593 0.920838
vt 0.345288 0.920489
vt 0.352400 0.916382
vt 0.353400 0.916650
vt 0.352050 0.917687
vt 0.353050 0.917955
vt 0.352107 0.919590
vt 0.351151 0.920545
vt 0.347944 0.920838
vt 0.349517 0.921489
vt 0.348212 0.921838
vt 0.367348 0.899056
vt 0.387153 0.919813
vt 0.386421 0.920545
vt 0.386198 0.918858
vt 0.385466 0.919590
vt 0.389361 0.921838
vt 0.388056 0.921489
vt 0.389629 0.920838
vt 0.388323 0.920489
vt 0.385522 0.917687
vt 0.384522 0.917955
vt 0.385173 0.916382
vt 0.384173 0.916650
vt 0.392553 0.921489
vt 0.391248 0.921838
vt 0.392285 0.920489
vt 0.390980 0.920838
vt 0.395142 0.919590
vt 0.394187 0.920545
vt 0.394410 0.918858
vt 0.393455 0.919813
vt 0.385173 0.915031
vt 0.384173 0.914763
vt 0.385522 0.913726
vt 0.384522 0.913458
vt 0.386198 0.912556
vt 0.385466 0.911824
vt 0.387153 0.911600
vt 0.386421 0.910868
vt 0.396436 0.916650
vt 0.396086 0.917955
vt 0.395436 0.916382
vt 0.395086 0.917687
vt 0.396086 0.913458
vt 0.396436 0.914763
vt 0.395436 0.915031
vt 0.388323 0.910925
vt 0.388056 0.909925
vt 0.389629 0.910575
vt 0.389361 0.909575
vt 0.395086 0.913726
vt 0.391248 0.909575
vt 0.392553 0.909925
vt 0.394187 0.910868
vt 0.395142 0.911824
vt 0.392285 0.910925
vt 0.475725 0.901944
vt 0.345830 0.881669
vt 0.452899 0.936189
vt 0.401884 0.922151
vt 0.369593 0.938912
vt 0.466541 0.808634
vt 0.475819 0.936038
vt 0.424775 0.919428
vt 0.401568 0.939537
vt 0.405516 0.918269
vt 0.367628 0.935030
vt 0.401884 0.909575
vt 0.349672 0.938912
vt 0.403700 0.909575
vt 0.333944 0.935030
vt 0.370980 0.903403
vt 0.372593 0.938912
vt 0.367813 0.902938
vt 0.433223 0.936190
vt 0.465239 0.927344
vt 0.475770 0.812516
vt 0.367813 0.890362
vt 0.475504 0.914616
vt 0.381892 0.922303
vt 0.385673 0.938912
vt 0.464725 0.808634
vt 0.395708 0.938912
vt 0.414834 0.926706
vt 0.389708 0.935030
vt 0.405516 0.913922
vt 0.478354 0.932156
vt 0.420762 0.927178
vt 0.362865 0.938912
vt 0.461558 0.832410
vt 0.477319 0.931691
vt 0.461558 0.836757
vt 0.444451 0.936189
vt 0.461829 0.857115
vt 0.351172 0.935030
vt 0.456109 0.808634
vt 0.408034 0.939282
vt 0.465461 0.860997
vt 0.476854 0.922997
vt 0.370980 0.899056
vt 0.477285 0.799788
vt 0.550146 0.452770
vt 0.550146 0.534682
vt 0.422703 0.452770
vt 0.424185 0.534683
vt 0.507171 0.533997
vt 0.504207 0.452770
vt 0.470123 0.534683
vt 0.471605 0.534683
vt 0.514580 0.534682
vt 0.507856 0.493041
vt 0.483460 0.452770
vt 0.559037 0.452770
vt 0.461232 0.493726
vt 0.456786 0.493726
vt 0.559037 0.493725
vt 0.486424 0.452770
vt 0.477533 0.493726
vt 0.519026 0.493726
vt 0.457472 0.533997
vt 0.514580 0.452770
vt 0.519711 0.493041
vt 0.442653 0.493726
vt 0.547182 0.493726
vt 0.427148 0.452770
vt 0.553110 0.493726
vt 0.551628 0.534682
vt 0.464196 0.452770
vt 0.430112 0.452770
vt 0.523472 0.493726
vt 0.436040 0.534683
vt 0.441967 0.493727
vt 0.446413 0.493726
vt 0.473087 0.534683
vt 0.524954 0.452770
vt 0.440485 0.452770
vt 0.556074 0.452770
vt 0.437522 0.493727
vt 0.427148 0.493727
vt 0.559037 0.534682
vt 0.427834 0.452770
vt 0.476051 0.534683
vt 0.465678 0.493726
vt 0.521990 0.452770
vt 0.438207 0.533997
vt 0.510820 0.493041
vt 0.521990 0.493726
vt 0.557555 0.452770
vt 0.480497 0.452770
vt 0.887796 0.817437
vt 0.872404 0.807287
vt 0.779330 0.750184
vt 0.779330 0.750984
vt 0.876201 0.908245
vt 0.876201 0.905662
vt 0.884131 0.903658
vt 0.877428 0.903461
vt 0.882006 0.902304
vt 0.879553 0.902232
vt 0.885358 0.905932
vt 0.885358 0.908515
vt 0.882006 0.911944
vt 0.827517 0.750055
vt 0.850193 0.759693
vt 0.871604 0.756052
vt 0.795038 0.869648
vt 0.904529 0.827989
vt 0.904529 0.859240
vt 0.787597 0.869648
vt 0.871604 0.734067
vt 0.850193 0.789788
vt 0.827517 0.760815
vt 0.918950 0.878810
vt 0.873134 0.872804
vt 0.922903 0.755208
vt 0.924907 0.763138
vt 0.925176 0.753981
vt 0.927490 0.763138
vt 0.927759 0.753981
vt 0.929960 0.755208
vt 0.929763 0.761911
vt 0.931189 0.757333
vt 0.931117 0.759786
vt 0.879263 0.899071
vt 0.940298 0.806268
vt 0.815115 0.924211
vt 0.801581 0.930791
vt 0.940298 0.833629
vt 0.897992 0.899071
vt 0.905920 0.856025
vt 0.896375 0.887563
vt 0.565809 0.484135
vt 0.578441 0.606820
vt 0.332615 0.504547
vt 0.332500 0.505419
vt 0.329131 0.505419
vt 0.329360 0.503675
vt 0.330033 0.502050
vt 0.332951 0.503735
vt 0.331104 0.500654
vt 0.333487 0.503037
vt 0.332500 0.499583
vt 0.334185 0.502501
vt 0.334125 0.498910
vt 0.335869 0.498681
vt 0.334997 0.502165
vt 0.337614 0.498910
vt 0.335869 0.502050
vt 0.340635 0.500654
vt 0.338252 0.503037
vt 0.341705 0.502050
vt 0.338787 0.503735
vt 0.342379 0.503675
vt 0.342608 0.505419
vt 0.339124 0.504547
vt 0.339239 0.505419
vt 0.339124 0.448272
vt 0.339239 0.447400
vt 0.342608 0.447400
vt 0.342379 0.449144
vt 0.341706 0.450769
vt 0.338788 0.449084
vt 0.340635 0.452165
vt 0.338252 0.449782
vt 0.337614 0.453909
vt 0.335869 0.454138
vt 0.335869 0.450769
vt 0.334125 0.453909
vt 0.334997 0.450654
vt 0.332500 0.453236
vt 0.334185 0.450318
vt 0.331104 0.452165
vt 0.330033 0.450769
vt 0.333487 0.449782
vt 0.329360 0.449144
vt 0.332951 0.449084
vt 0.329131 0.447400
vt 0.332615 0.448272
vt 0.332500 0.447400
vt 0.573106 0.468018
vt 0.580355 0.468018
vt 0.591619 0.500067
vt 0.590297 0.500067
vt 0.443449 0.606912
vt 0.573106 0.484134
vt 0.429953 0.622846
vt 0.571784 0.484820
vt 0.585007 0.500068
vt 0.573106 0.516093
vt 0.563210 0.606820
vt 0.555961 0.622845
vt 0.170167 0.490105
vt 0.243260 0.449159
vt 0.165475 0.532224
vt 0.243847 0.512505
vt 0.243847 0.453851
vt 0.285965 0.474966
vt 0.243260 0.526582
vt 0.210052 0.532811
vt 0.243847 0.479659
vt 0.191282 0.532224
vt 0.172513 0.490105
vt 0.201142 0.484351
vt 0.212398 0.574929
vt 0.339124 0.484901
vt 0.339239 0.484029
vt 0.342608 0.484029
vt 0.342379 0.485773
vt 0.341705 0.487398
vt 0.338787 0.485713
vt 0.340635 0.488794
vt 0.338252 0.486411
vt 0.337614 0.490538
vt 0.335869 0.490768
vt 0.335869 0.487398
vt 0.334125 0.490538
vt 0.334997 0.487283
vt 0.332500 0.489865
vt 0.334185 0.486947
vt 0.331104 0.488794
vt 0.330033 0.487398
vt 0.333487 0.486411
vt 0.329360 0.485773
vt 0.332951 0.485713
vt 0.329131 0.484029
vt 0.332615 0.484901
vt 0.332500 0.484029
vt 0.230580 0.574929
vt 0.342608 0.498094
vt 0.339239 0.498094
vt 0.339124 0.497221
vt 0.342379 0.496349
vt 0.338787 0.496409
vt 0.341706 0.494724
vt 0.339239 0.492257
vt 0.340635 0.493328
vt 0.337554 0.495175
vt 0.338252 0.495711
vt 0.335869 0.491355
vt 0.337614 0.491584
vt 0.336742 0.494839
vt 0.334125 0.491584
vt 0.335869 0.494724
vt 0.330033 0.494724
vt 0.331104 0.493328
vt 0.332951 0.496409
vt 0.333487 0.495711
vt 0.329131 0.498094
vt 0.329360 0.496349
vt 0.332615 0.497221
vt 0.332500 0.498094
vt 0.565218 0.590886
vt 0.577710 0.532026
vt 0.589657 0.622753
vt 0.441171 0.606912
vt 0.590343 0.622753
vt 0.576434 0.622753
vt 0.592302 0.590886
vt 0.419102 0.622846
vt 0.548027 0.622845
vt 0.487746 0.606912
vt 0.563849 0.532118
vt 0.569776 0.565955
vt 0.579764 0.590886
vt 0.559243 0.606911
vt 0.589020 0.590886
vt 0.583685 0.484134
vt 0.461072 0.591664
vt 0.549986 0.622845
vt 0.418257 0.622846
vt 0.519711 0.606912
vt 0.585007 0.484134
vt 0.573743 0.500068
vt 0.584368 0.590886
vt 0.565172 0.532027
vt 0.285965 0.498428
vt 0.163129 0.490105
vt 0.158436 0.451505
vt 0.195975 0.490105
vt 0.200555 0.484351
vt 0.243847 0.521889
vt 0.184244 0.490105
vt 0.285965 0.496082
vt 0.174860 0.490105
vt 0.200667 0.532811
vt 0.565809 0.548052
vt 0.479860 0.606912
vt 0.592941 0.468018
vt 0.581040 0.516093
vt 0.592941 0.500845
vt 0.447098 0.606912
vt 0.580355 0.516093
vt 0.512939 0.622845
vt 0.565218 0.606820
vt 0.428630 0.629966
vt 0.887794 0.844504
vt 0.887794 0.853853
vt 0.775218 0.758479
vt 0.771834 0.806497
vt 0.925176 0.882613
vt 0.922903 0.881386
vt 0.924906 0.873457
vt 0.921549 0.879261
vt 0.922706 0.874684
vt 0.921477 0.876808
vt 0.927489 0.873457
vt 0.929761 0.874684
vt 0.931188 0.879261
vt 0.764814 0.807298
vt 0.828943 0.819081
vt 0.852715 0.760107
vt 0.872404 0.747346
vt 0.795515 0.872804
vt 0.816615 0.872804
vt 0.848155 0.853120
vt 0.871601 0.763362
vt 0.828943 0.805261
vt 0.804650 0.830272
vt 0.788137 0.901430
vt 0.905920 0.737387
vt 0.763518 0.921985
vt 0.771447 0.919982
vt 0.762291 0.919712
vt 0.771447 0.917399
vt 0.762291 0.917130
vt 0.763518 0.914929
vt 0.770220 0.915126
vt 0.765642 0.913700
vt 0.768096 0.913773
vt 0.915068 0.899069
vt 0.940297 0.846108
vt 0.856513 0.930790
vt 0.862479 0.930790
vt 0.940296 0.900024
vt 0.761299 0.912900
vt 0.767809 0.901430
vt 0.920676 0.760624
vt 0.403722 0.815800
vt 0.443070 0.890482
vt 0.443070 0.900776
vt 0.434155 0.905923
vt 0.349462 0.791559
vt 0.360686 0.863816
vt 0.380360 0.888522
vt 0.389275 0.893669
vt 0.389275 0.903963
vt 0.425240 0.839576
vt 0.349927 0.888057
vt 0.392498 0.815800
vt 0.889730 0.811073
vt 0.889730 0.815256
vt 0.782782 0.806494
vt 0.788747 0.806494
vt 0.938000 0.773885
vt 0.940273 0.775111
vt 0.938270 0.783039
vt 0.941626 0.777236
vt 0.940470 0.781813
vt 0.941699 0.779688
vt 0.935688 0.783039
vt 0.933415 0.781813
vt 0.931989 0.777236
vt 0.851915 0.743225
vt 0.810918 0.852317
vt 0.755590 0.872003
vt 0.888927 0.769781
vt 0.836912 0.887599
vt 0.859791 0.887599
vt 0.888927 0.773901
vt 0.774317 0.872003
vt 0.797100 0.852317
vt 0.851915 0.744025
vt 0.843465 0.901428
vt 0.905920 0.817058
vt 0.892941 0.921984
vt 0.900869 0.919981
vt 0.891715 0.919711
vt 0.900869 0.917399
vt 0.891715 0.917129
vt 0.892941 0.914929
vt 0.899642 0.915126
vt 0.895065 0.913700
vt 0.897518 0.913773
vt 0.855681 0.902232
vt 0.768132 0.924211
vt 0.942499 0.740832
vt 0.927556 0.924211
vt 0.785529 0.924211
vt 0.833701 0.902232
vt 0.856482 0.888401
vt 0.905920 0.849451
vt 0.443449 0.590979
vt 0.439848 0.550023
vt 0.271845 0.628088
vt 0.272717 0.628202
vt 0.272717 0.631572
vt 0.270973 0.631342
vt 0.269347 0.630669
vt 0.271032 0.627751
vt 0.267952 0.629598
vt 0.270334 0.627216
vt 0.266881 0.628202
vt 0.269799 0.626518
vt 0.266208 0.626577
vt 0.265978 0.624833
vt 0.269462 0.625705
vt 0.266208 0.623089
vt 0.269347 0.624833
vt 0.267952 0.620068
vt 0.270334 0.622450
vt 0.269347 0.618997
vt 0.271032 0.621915
vt 0.270973 0.618324
vt 0.272717 0.618094
vt 0.271845 0.621578
vt 0.272717 0.621464
vt 0.332615 0.511873
vt 0.332500 0.512745
vt 0.329131 0.512745
vt 0.329360 0.511001
vt 0.330033 0.509376
vt 0.332951 0.511061
vt 0.331104 0.507980
vt 0.333487 0.510363
vt 0.332500 0.506909
vt 0.334185 0.509827
vt 0.334125 0.506236
vt 0.335869 0.506006
vt 0.334997 0.509491
vt 0.337614 0.506236
vt 0.335869 0.509376
vt 0.340635 0.507980
vt 0.338252 0.510363
vt 0.341706 0.509376
vt 0.338787 0.511061
vt 0.342379 0.511001
vt 0.342608 0.512745
vt 0.339124 0.511873
vt 0.339239 0.512745
vt 0.529240 0.590978
vt 0.525799 0.590978
vt 0.561842 0.516185
vt 0.561205 0.484135
vt 0.414497 0.590979
vt 0.512302 0.575639
vt 0.478378 0.575639
vt 0.422066 0.598099
vt 0.508493 0.590978
vt 0.509975 0.590978
vt 0.562527 0.468109
vt 0.451544 0.590979
vt 0.551994 0.590978
vt 0.542100 0.590978
vt 0.473773 0.575639
vt 0.427993 0.566048
vt 0.522675 0.590978
vt 0.416138 0.493727
vt 0.484942 0.550708
vt 0.432439 0.509067
vt 0.433076 0.550023
vt 0.432439 0.525092
vt 0.328543 0.566466
vt 0.235859 0.617507
vt 0.328543 0.571746
vt 0.167821 0.575516
vt 0.328544 0.503120
vt 0.286552 0.554736
vt 0.328543 0.588169
vt 0.286552 0.538312
vt 0.238205 0.575516
vt 0.286552 0.491389
vt 0.328544 0.538899
vt 0.268705 0.575516
vt 0.328543 0.575851
vt 0.332615 0.541176
vt 0.332500 0.542049
vt 0.329131 0.542049
vt 0.329360 0.540304
vt 0.330033 0.538679
vt 0.332951 0.540364
vt 0.331104 0.537283
vt 0.333487 0.539666
vt 0.332500 0.536212
vt 0.334125 0.535539
vt 0.334185 0.539131
vt 0.337614 0.535539
vt 0.339239 0.536212
vt 0.336742 0.538794
vt 0.340635 0.537283
vt 0.338252 0.539666
vt 0.341705 0.538679
vt 0.338787 0.540364
vt 0.342379 0.540304
vt 0.342608 0.542049
vt 0.339124 0.541176
vt 0.339239 0.542049
vt 0.337554 0.539131
vt 0.243847 0.531274
vt 0.329131 0.586590
vt 0.332500 0.586590
vt 0.332615 0.587462
vt 0.329360 0.588335
vt 0.332951 0.588275
vt 0.330033 0.589960
vt 0.332500 0.592426
vt 0.331104 0.591356
vt 0.334185 0.589508
vt 0.333487 0.588973
vt 0.334125 0.593100
vt 0.334997 0.589845
vt 0.339239 0.592426
vt 0.337614 0.593100
vt 0.337554 0.589508
vt 0.341705 0.589960
vt 0.340635 0.591356
vt 0.338252 0.588973
vt 0.342608 0.586590
vt 0.342379 0.588335
vt 0.339124 0.587462
vt 0.338787 0.588275
vt 0.339239 0.586590
vt 0.561888 0.606911
vt 0.578395 0.547960
vt 0.588974 0.565955
vt 0.513624 0.606912
vt 0.576434 0.590886
vt 0.445776 0.614032
vt 0.575797 0.606820
vt 0.592302 0.622753
vt 0.571144 0.622753
vt 0.563850 0.484135
vt 0.516748 0.622845
vt 0.577710 0.468018
vt 0.578441 0.590886
vt 0.575065 0.516093
vt 0.557284 0.606911
vt 0.584322 0.516093
vt 0.471446 0.622845
vt 0.590297 0.532026
vt 0.464562 0.622845
vt 0.572420 0.565955
vt 0.571144 0.590886
vt 0.569139 0.532027
vt 0.501243 0.606912
vt 0.446413 0.629965
vt 0.249936 0.617507
vt 0.200667 0.617507
vt 0.156090 0.617507
vt 0.217090 0.575516
vt 0.328544 0.479659
vt 0.210051 0.617507
vt 0.219436 0.617507
vt 0.285839 0.559427
vt 0.170167 0.617507
vt 0.328544 0.449159
vt 0.889730 0.746799
vt 0.889730 0.761131
vt 0.758301 0.782890
vt 0.780131 0.760331
vt 0.925176 0.883413
vt 0.927758 0.883413
vt 0.929761 0.891342
vt 0.929959 0.884640
vt 0.931115 0.889217
vt 0.931188 0.886764
vt 0.927489 0.892568
vt 0.924906 0.892568
vt 0.921477 0.889217
vt 0.804539 0.794015
vt 0.774318 0.831073
vt 0.852715 0.792654
vt 0.870592 0.853120
vt 0.758301 0.872804
vt 0.803082 0.872804
vt 0.824917 0.853120
vt 0.852715 0.821145
vt 0.828943 0.828044
vt 0.772254 0.807298
vt 0.833702 0.901430
vt 0.905920 0.800460
vt 0.801314 0.917129
vt 0.793385 0.915126
vt 0.801314 0.919712
vt 0.792159 0.917399
vt 0.800087 0.921985
vt 0.797963 0.923339
vt 0.792159 0.919982
vt 0.795510 0.923411
vt 0.793385 0.922182
vt 0.771063 0.902232
vt 0.931989 0.886745
vt 0.892927 0.924211
vt 0.842982 0.924211
vt 0.940296 0.880105
vt 0.810919 0.902232
vt 0.807665 0.888401
vt 0.905920 0.786381
vt 0.444451 0.940536
vt 0.470223 0.910734
vt 0.469941 0.896247
vt 0.470209 0.897247
vt 0.468904 0.897597
vt 0.468636 0.896597
vt 0.472798 0.895348
vt 0.471843 0.896304
vt 0.471111 0.895572
vt 0.467285 0.896597
vt 0.467017 0.897597
vt 0.465712 0.897247
vt 0.472066 0.894616
vt 0.474092 0.892409
vt 0.473742 0.893714
vt 0.473092 0.892141
vt 0.472742 0.893446
vt 0.465980 0.896247
vt 0.473742 0.889217
vt 0.474092 0.890522
vt 0.473092 0.890790
vt 0.464810 0.895572
vt 0.464078 0.896304
vt 0.463122 0.895348
vt 0.472742 0.889485
vt 0.463854 0.894616
vt 0.463179 0.893446
vt 0.462179 0.893714
vt 0.462829 0.892141
vt 0.461829 0.892409
vt 0.472066 0.888315
vt 0.471843 0.886628
vt 0.472798 0.887583
vt 0.471111 0.887360
vt 0.468904 0.885334
vt 0.470209 0.885684
vt 0.469941 0.886684
vt 0.462829 0.890790
vt 0.461829 0.890522
vt 0.463179 0.889485
vt 0.462179 0.889217
vt 0.468636 0.886334
vt 0.463122 0.887583
vt 0.464078 0.886628
vt 0.467285 0.886334
vt 0.465712 0.885684
vt 0.467017 0.885334
vt 0.473805 0.832875
vt 0.390979 0.923303
vt 0.391247 0.922303
vt 0.392284 0.923653
vt 0.392552 0.922653
vt 0.388055 0.922653
vt 0.389360 0.922303
vt 0.388323 0.923653
vt 0.389628 0.923303
vt 0.393455 0.924328
vt 0.394186 0.923596
vt 0.394410 0.925284
vt 0.395142 0.924552
vt 0.385466 0.924552
vt 0.386421 0.923596
vt 0.386198 0.925284
vt 0.387153 0.924328
vt 0.384173 0.927491
vt 0.384522 0.926186
vt 0.385173 0.927759
vt 0.385522 0.926454
vt 0.395086 0.926454
vt 0.396085 0.926186
vt 0.395435 0.927759
vt 0.396435 0.927491
vt 0.395435 0.929110
vt 0.396435 0.929378
vt 0.396085 0.930683
vt 0.385173 0.929110
vt 0.384522 0.930683
vt 0.384173 0.929378
vt 0.385522 0.930415
vt 0.395086 0.930415
vt 0.386421 0.933272
vt 0.385466 0.932317
vt 0.386198 0.931585
vt 0.394410 0.931585
vt 0.395142 0.932317
vt 0.393455 0.932540
vt 0.394187 0.933272
vt 0.387153 0.932540
vt 0.392552 0.934216
vt 0.391247 0.934565
vt 0.389360 0.934565
vt 0.388055 0.934216
vt 0.390979 0.933566
vt 0.409534 0.943628
vt 0.468628 0.857115
vt 0.411666 0.943628
vt 0.468357 0.808634
vt 0.359865 0.943259
vt 0.472038 0.919116
vt 0.475320 0.791559
vt 0.470909 0.860996
vt 0.438284 0.940536
vt 0.405516 0.931309
vt 0.376628 0.939377
vt 0.441135 0.931843
vt 0.481305 0.808169
vt 0.470638 0.808169
vt 0.479854 0.936503
vt 0.381892 0.930997
vt 0.390173 0.943259
vt 0.470687 0.927344
vt 0.460495 0.940536
vt 0.396901 0.930844
vt 0.350136 0.943259
vt 0.467021 0.795906
vt 0.392708 0.939377
vt 0.468372 0.820147
vt 0.351637 0.943259
vt 0.418466 0.926706
vt 0.480004 0.906387
vt 0.400533 0.935191
vt 0.478785 0.819681
vt 0.468407 0.910734
vt 0.477285 0.795441
vt 0.472038 0.932156
vt 0.475785 0.795441
vt 0.473805 0.804287
vt 0.477557 0.893563
vt 0.424775 0.932468
vt 0.457960 0.944418
vt 0.422114 0.931990
vt 0.449267 0.940536
vt 0.472038 0.927809
vt 0.451399 0.940536
vt 0.473805 0.808634
vt 0.356400 0.943259
vt 0.470173 0.832875
vt 0.384173 0.943259
vt 0.407332 0.918269
vt 0.464458 0.936502
vt 0.430696 0.930379
vt 0.430428 0.931379
vt 0.429123 0.931029
vt 0.429390 0.930029
vt 0.433620 0.931029
vt 0.432315 0.931379
vt 0.432047 0.930379
vt 0.428220 0.929353
vt 0.427488 0.930085
vt 0.426533 0.929130
vt 0.433352 0.930029
vt 0.436209 0.929130
vt 0.435254 0.930085
vt 0.435477 0.928398
vt 0.434522 0.929353
vt 0.427265 0.928398
vt 0.437503 0.926191
vt 0.437153 0.927496
vt 0.436153 0.927228
vt 0.426589 0.927228
vt 0.425589 0.927496
vt 0.425240 0.926191
vt 0.436503 0.925923
vt 0.426240 0.925923
vt 0.426240 0.924572
vt 0.425240 0.924304
vt 0.425589 0.922998
vt 0.436503 0.924572
vt 0.437153 0.922998
vt 0.437503 0.924304
vt 0.426589 0.923266
vt 0.436153 0.923266
vt 0.435254 0.920409
vt 0.436209 0.921364
vt 0.434522 0.921141
vt 0.435477 0.922096
vt 0.427265 0.922096
vt 0.426533 0.921364
vt 0.428220 0.921141
vt 0.427488 0.920409
vt 0.429123 0.919465
vt 0.430428 0.919116
vt 0.433352 0.920465
vt 0.432315 0.919116
vt 0.433620 0.919465
vt 0.459277 0.808634
vt 0.339322 0.913726
vt 0.340322 0.913458
vt 0.339672 0.915031
vt 0.340672 0.914763
vt 0.338423 0.910868
vt 0.339379 0.911824
vt 0.338647 0.912556
vt 0.339672 0.916382
vt 0.340672 0.916650
vt 0.339322 0.917687
vt 0.340322 0.917955
vt 0.337691 0.911600
vt 0.335484 0.909575
vt 0.336789 0.909925
vt 0.335216 0.910575
vt 0.336521 0.910925
vt 0.332292 0.909925
vt 0.333597 0.909575
vt 0.332560 0.910925
vt 0.333865 0.910575
vt 0.338647 0.918858
vt 0.339379 0.919590
vt 0.337691 0.919813
vt 0.338423 0.920545
vt 0.336521 0.920489
vt 0.336789 0.921489
vt 0.335484 0.921838
vt 0.331390 0.911600
vt 0.329702 0.911824
vt 0.330658 0.910868
vt 0.330434 0.912556
vt 0.335216 0.920838
vt 0.328409 0.914763
vt 0.328759 0.913458
vt 0.329758 0.913726
vt 0.333865 0.920838
vt 0.333597 0.921838
vt 0.332560 0.920489
vt 0.332292 0.921489
vt 0.329409 0.915031
vt 0.330658 0.920545
vt 0.329702 0.919590
vt 0.328759 0.917955
vt 0.328409 0.916650
vt 0.330434 0.918858
vt 0.471722 0.936502
vt 0.466591 0.910734
vt 0.455363 0.936189
vt 0.465461 0.898062
vt 0.428872 0.940072
vt 0.423930 0.892869
vt 0.442951 0.936189
vt 0.466541 0.832875
vt 0.356400 0.938912
vt 0.457461 0.832875
vt 0.366127 0.935030
vt 0.405516 0.909575
vt 0.478592 0.848269
vt 0.461093 0.808634
vt 0.359865 0.938912
vt 0.422114 0.905909
vt 0.478592 0.840041
vt 0.369164 0.872975
vt 0.477092 0.868628
vt 0.457461 0.804287
vt 0.457960 0.940071
vt 0.464725 0.836757
vt 0.475725 0.860997
vt 0.344014 0.872975
vt 0.384173 0.938912
vt 0.370980 0.886016
vt 0.411666 0.935400
vt 0.413018 0.926706
vt 0.391208 0.935030
vt 0.398252 0.913922
vt 0.352672 0.935030
vt 0.463423 0.927344
vt 0.368093 0.938912
vt 0.398717 0.926497
vt 0.353865 0.938912
vt 0.402349 0.926497
vt 0.335909 0.938912
vt 0.464996 0.880891
vt 0.424459 0.936815
vt 0.461558 0.804287
vt 0.437968 0.940071
vt 0.381892 0.926650
vt 0.459776 0.936189
vt 0.422114 0.901563
vt 0.477270 0.836757
vt 0.545700 0.452770
vt 0.545700 0.493726
vt 0.416775 0.452770
vt 0.542736 0.493726
vt 0.493834 0.493041
vt 0.492352 0.452770
vt 0.499761 0.452770
vt 0.498279 0.452770
vt 0.447895 0.493726
vt 0.489388 0.493726
vt 0.441967 0.452770
vt 0.554592 0.452770
vt 0.462714 0.452770
vt 0.461232 0.452770
vt 0.554592 0.493726
vt 0.443449 0.452770
vt 0.458268 0.452770
vt 0.487906 0.493726
vt 0.465678 0.452770
vt 0.493834 0.493726
vt 0.482664 0.533997
vt 0.470809 0.452770
vt 0.542736 0.534682
vt 0.418257 0.452770
vt 0.542736 0.452770
vt 0.554592 0.534682
vt 0.433076 0.452770
vt 0.419739 0.452770
vt 0.453822 0.534683
vt 0.536809 0.452770
vt 0.519026 0.534682
vt 0.530881 0.534682
vt 0.421221 0.534683
vt 0.462714 0.534683
vt 0.456786 0.452770
vt 0.560519 0.493725
vt 0.521990 0.534682
vt 0.523472 0.534682
vt 0.560519 0.534682
vt 0.450062 0.452770
vt 0.413811 0.534683
vt 0.523472 0.452770
vt 0.490870 0.534683
vt 0.520508 0.534682
vt 0.479700 0.574953
vt 0.467160 0.534683
vt 0.439003 0.452770
vt 0.434558 0.452770
vt 0.887796 0.830971
vt 0.887796 0.836937
vt 0.779330 0.740033
vt 0.765069 0.782089
vt 0.896116 0.905932
vt 0.897342 0.903658
vt 0.905272 0.905662
vt 0.899467 0.902304
vt 0.904045 0.903461
vt 0.901921 0.902232
vt 0.905272 0.908245
vt 0.904046 0.910518
vt 0.899467 0.911944
vt 0.827517 0.776615
vt 0.850193 0.766203
vt 0.843463 0.849962
vt 0.775117 0.869648
vt 0.904529 0.834755
vt 0.904529 0.822022
vt 0.808318 0.853120
vt 0.852715 0.752797
vt 0.828943 0.769458
vt 0.827517 0.777415
vt 0.905920 0.869846
vt 0.883095 0.872804
vt 0.927759 0.773095
vt 0.929763 0.765165
vt 0.925176 0.773095
vt 0.927490 0.763938
vt 0.922903 0.771868
vt 0.921549 0.769743
vt 0.924907 0.763938
vt 0.921477 0.767290
vt 0.922706 0.765165
vt 0.885773 0.899071
vt 0.940298 0.809588
vt 0.822682 0.930791
vt 0.811732 0.930791
vt 0.940298 0.836949
vt 0.911013 0.899071
vt 0.905920 0.859280
vt 0.903015 0.887563
vt 0.553953 0.606911
vt 0.540618 0.622845
vt 0.237547 0.621578
vt 0.236675 0.621464
vt 0.236675 0.618094
vt 0.238419 0.618324
vt 0.240044 0.618997
vt 0.238359 0.621915
vt 0.241440 0.620068
vt 0.239057 0.622450
vt 0.242511 0.621464
vt 0.243184 0.623089
vt 0.239593 0.623148
vt 0.243184 0.626577
vt 0.242511 0.628202
vt 0.239929 0.625705
vt 0.241440 0.629598
vt 0.239057 0.627216
vt 0.240044 0.630669
vt 0.238359 0.627751
vt 0.238419 0.631342
vt 0.236675 0.631572
vt 0.237547 0.628088
vt 0.236675 0.628202
vt 0.239593 0.626518
vt 0.191261 0.628088
vt 0.192133 0.628202
vt 0.192133 0.631572
vt 0.190388 0.631342
vt 0.188763 0.630669
vt 0.190448 0.627751
vt 0.187367 0.629598
vt 0.189750 0.627216
vt 0.185623 0.626577
vt 0.185394 0.624833
vt 0.188763 0.624833
vt 0.185623 0.623089
vt 0.188878 0.623961
vt 0.186297 0.621464
vt 0.189215 0.623148
vt 0.187367 0.620068
vt 0.188763 0.618997
vt 0.189750 0.622450
vt 0.190388 0.618324
vt 0.190448 0.621915
vt 0.192133 0.618094
vt 0.191261 0.621578
vt 0.192133 0.621464
vt 0.581040 0.484134
vt 0.538291 0.606912
vt 0.426352 0.622846
vt 0.510820 0.622845
vt 0.572421 0.468018
vt 0.562527 0.549931
vt 0.585644 0.532026
vt 0.567131 0.516093
vt 0.577073 0.565955
vt 0.536012 0.606912
vt 0.516062 0.622845
vt 0.436566 0.622845
vt 0.179552 0.532811
vt 0.219436 0.574929
vt 0.200555 0.470274
vt 0.201142 0.470274
vt 0.243847 0.500774
vt 0.285965 0.477312
vt 0.200555 0.456197
vt 0.158436 0.460889
vt 0.243847 0.467928
vt 0.285965 0.517197
vt 0.221783 0.532811
vt 0.158436 0.453851
vt 0.200555 0.465582
vt 0.339124 0.455597
vt 0.339239 0.454725
vt 0.342608 0.454725
vt 0.342379 0.456470
vt 0.341706 0.458095
vt 0.338787 0.456410
vt 0.340635 0.459491
vt 0.338252 0.457108
vt 0.339239 0.460561
vt 0.337614 0.461235
vt 0.337554 0.457643
vt 0.334125 0.461235
vt 0.332500 0.460561
vt 0.334997 0.457980
vt 0.331104 0.459491
vt 0.333487 0.457108
vt 0.330033 0.458095
vt 0.332951 0.456410
vt 0.329360 0.456470
vt 0.329131 0.454725
vt 0.332615 0.455597
vt 0.332500 0.454725
vt 0.334185 0.457643
vt 0.186003 0.574929
vt 0.207371 0.631572
vt 0.207371 0.628202
vt 0.208243 0.628088
vt 0.209115 0.631342
vt 0.209056 0.627751
vt 0.210741 0.630669
vt 0.213207 0.628202
vt 0.212136 0.629598
vt 0.210289 0.626518
vt 0.209754 0.627216
vt 0.214110 0.624833
vt 0.213881 0.626577
vt 0.210626 0.625705
vt 0.213881 0.623089
vt 0.210741 0.624833
vt 0.210741 0.618997
vt 0.212136 0.620068
vt 0.209056 0.621915
vt 0.209754 0.622450
vt 0.207371 0.618094
vt 0.209115 0.618324
vt 0.208243 0.621578
vt 0.207371 0.621464
vt 0.473454 0.622845
vt 0.461072 0.622845
vt 0.590297 0.468886
vt 0.569185 0.590886
vt 0.463240 0.622845
vt 0.593578 0.532026
vt 0.582363 0.468886
vt 0.413175 0.606912
vt 0.464562 0.606912
vt 0.572421 0.484134
vt 0.567816 0.547960
vt 0.581040 0.484820
vt 0.456149 0.622845
vt 0.564486 0.500068
vt 0.581040 0.532026
vt 0.484305 0.629965
vt 0.588974 0.484134
vt 0.584322 0.500068
vt 0.593578 0.500067
vt 0.574474 0.622753
vt 0.523998 0.622845
vt 0.538291 0.622845
vt 0.569822 0.606820
vt 0.591619 0.484134
vt 0.285965 0.489043
vt 0.156090 0.490105
vt 0.242311 0.574929
vt 0.243847 0.458543
vt 0.200555 0.472620
vt 0.243847 0.486697
vt 0.243847 0.460889
vt 0.193629 0.532224
vt 0.203013 0.532811
vt 0.165475 0.532811
vt 0.567131 0.532027
vt 0.574474 0.590886
vt 0.546545 0.622845
vt 0.452866 0.622845
vt 0.582363 0.484820
vt 0.571784 0.516093
vt 0.459750 0.622845
vt 0.586967 0.484134
vt 0.534690 0.606912
vt 0.499761 0.606912
vt 0.905119 0.771280
vt 0.887794 0.857236
vt 0.778601 0.758479
vt 0.803738 0.778046
vt 0.752336 0.919712
vt 0.752336 0.917129
vt 0.760265 0.915126
vt 0.753562 0.914929
vt 0.758140 0.913773
vt 0.755687 0.913700
vt 0.761491 0.917399
vt 0.761491 0.919982
vt 0.758140 0.923411
vt 0.788052 0.807298
vt 0.790591 0.831073
vt 0.852715 0.831710
vt 0.840715 0.853120
vt 0.754918 0.872804
vt 0.889730 0.865206
vt 0.814958 0.853120
vt 0.871601 0.766616
vt 0.828943 0.808516
vt 0.805450 0.807298
vt 0.791392 0.901430
vt 0.905920 0.740706
vt 0.929761 0.841563
vt 0.927758 0.833634
vt 0.927489 0.842790
vt 0.925176 0.833634
vt 0.924906 0.842790
vt 0.922706 0.841563
vt 0.922903 0.834861
vt 0.921477 0.839439
vt 0.921549 0.836985
vt 0.755590 0.912900
vt 0.940296 0.849428
vt 0.829449 0.930790
vt 0.865862 0.930790
vt 0.940296 0.903343
vt 0.764554 0.912900
vt 0.771064 0.901430
vt 0.920676 0.763944
vt 0.349927 0.791559
vt 0.452449 0.840041
vt 0.461364 0.845188
vt 0.461364 0.855482
vt 0.338703 0.791559
vt 0.414481 0.815335
vt 0.443534 0.869428
vt 0.452449 0.864281
vt 0.461364 0.869428
vt 0.382204 0.888057
vt 0.403722 0.888057
vt 0.392498 0.791559
vt 0.889730 0.804308
vt 0.889730 0.788195
vt 0.796313 0.806494
vt 0.802278 0.806494
vt 0.910824 0.917399
vt 0.910824 0.919981
vt 0.902896 0.921984
vt 0.909597 0.922181
vt 0.905020 0.923337
vt 0.907473 0.923410
vt 0.901669 0.919711
vt 0.901669 0.917129
vt 0.905020 0.913700
vt 0.812089 0.830269
vt 0.801155 0.852317
vt 0.871599 0.847181
vt 0.888927 0.773101
vt 0.840295 0.887599
vt 0.863174 0.887599
vt 0.888927 0.757305
vt 0.767808 0.872003
vt 0.816626 0.852317
vt 0.827886 0.830269
vt 0.839410 0.888401
vt 0.920674 0.832855
vt 0.938270 0.802948
vt 0.940273 0.795021
vt 0.935688 0.802948
vt 0.938001 0.793794
vt 0.933415 0.801722
vt 0.932062 0.799597
vt 0.935418 0.793794
vt 0.931989 0.797144
vt 0.933218 0.795020
vt 0.849172 0.902232
vt 0.761493 0.924211
vt 0.942499 0.734067
vt 0.924173 0.924211
vt 0.782210 0.924211
vt 0.865444 0.912898
vt 0.869499 0.888401
vt 0.905920 0.846132
vt 0.518707 0.590978
vt 0.416138 0.541118
vt 0.308474 0.628088
vt 0.309346 0.628202
vt 0.309346 0.631572
vt 0.307602 0.631342
vt 0.305977 0.630669
vt 0.307661 0.627751
vt 0.304581 0.629598
vt 0.306964 0.627216
vt 0.303510 0.628202
vt 0.302837 0.626577
vt 0.306428 0.626518
vt 0.302837 0.623089
vt 0.303510 0.621464
vt 0.306091 0.623961
vt 0.304581 0.620068
vt 0.306964 0.622450
vt 0.305977 0.618997
vt 0.307661 0.621915
vt 0.307602 0.618324
vt 0.309346 0.618094
vt 0.308474 0.621578
vt 0.309346 0.621464
vt 0.306428 0.623148
vt 0.332615 0.599783
vt 0.332500 0.600655
vt 0.329131 0.600655
vt 0.329360 0.598911
vt 0.330033 0.597286
vt 0.332951 0.598970
vt 0.331104 0.595890
vt 0.333487 0.598273
vt 0.332500 0.594819
vt 0.334125 0.594146
vt 0.334185 0.597737
vt 0.337614 0.594146
vt 0.339239 0.594819
vt 0.336742 0.597401
vt 0.340635 0.595890
vt 0.338252 0.598273
vt 0.341705 0.597286
vt 0.338787 0.598970
vt 0.342379 0.598911
vt 0.342608 0.600655
vt 0.339124 0.599783
vt 0.339239 0.600655
vt 0.337554 0.597737
vt 0.527758 0.590978
vt 0.484305 0.550023
vt 0.471446 0.590979
vt 0.561205 0.500160
vt 0.420424 0.590979
vt 0.562527 0.484820
vt 0.465199 0.590979
vt 0.424870 0.598099
vt 0.536649 0.590978
vt 0.446413 0.598099
vt 0.546545 0.590978
vt 0.450222 0.590979
vt 0.418257 0.575639
vt 0.531567 0.590978
vt 0.561842 0.468110
vt 0.448421 0.590979
vt 0.439848 0.598099
vt 0.419739 0.590979
vt 0.468005 0.590978
vt 0.469327 0.590978
vt 0.511457 0.590978
vt 0.427993 0.525092
vt 0.328543 0.587582
vt 0.328543 0.585236
vt 0.328543 0.569399
vt 0.184244 0.575516
vt 0.328544 0.531274
vt 0.286552 0.552389
vt 0.278090 0.575516
vt 0.286552 0.543005
vt 0.271051 0.575516
vt 0.193628 0.575516
vt 0.195975 0.575516
vt 0.286552 0.594620
vt 0.285839 0.538312
vt 0.332615 0.563154
vt 0.332500 0.564026
vt 0.329131 0.564026
vt 0.329360 0.562282
vt 0.330033 0.560657
vt 0.332951 0.562341
vt 0.331104 0.559261
vt 0.333487 0.561643
vt 0.332500 0.558190
vt 0.334125 0.557517
vt 0.334185 0.561108
vt 0.337614 0.557517
vt 0.339239 0.558190
vt 0.336741 0.560771
vt 0.340635 0.559261
vt 0.338252 0.561643
vt 0.341705 0.560657
vt 0.338787 0.562341
vt 0.342379 0.562282
vt 0.342608 0.564026
vt 0.339124 0.563154
vt 0.339239 0.564026
vt 0.337554 0.561108
vt 0.256387 0.617507
vt 0.329131 0.527984
vt 0.332500 0.527984
vt 0.332615 0.528856
vt 0.329360 0.529728
vt 0.332951 0.529669
vt 0.330033 0.531353
vt 0.332500 0.533820
vt 0.331104 0.532749
vt 0.334185 0.530902
vt 0.333487 0.530366
vt 0.334125 0.534493
vt 0.339239 0.533820
vt 0.337614 0.534493
vt 0.336741 0.531238
vt 0.341705 0.531353
vt 0.340635 0.532749
vt 0.338787 0.529669
vt 0.338252 0.530366
vt 0.342608 0.527984
vt 0.342379 0.529728
vt 0.339124 0.528856
vt 0.339239 0.527984
vt 0.337554 0.530902
vt 0.567131 0.468018
vt 0.579718 0.484134
vt 0.567816 0.565955
vt 0.522675 0.622845
vt 0.573743 0.532027
vt 0.573106 0.547960
vt 0.573106 0.565955
vt 0.415134 0.622846
vt 0.567131 0.548052
vt 0.563849 0.516093
vt 0.438207 0.606912
vt 0.567131 0.565955
vt 0.562527 0.532118
vt 0.572421 0.547960
vt 0.582362 0.532026
vt 0.521990 0.606912
vt 0.514261 0.622845
vt 0.424870 0.629966
vt 0.505052 0.606912
vt 0.573789 0.590886
vt 0.573789 0.606820
vt 0.570461 0.468018
vt 0.502885 0.622845
vt 0.565809 0.565955
vt 0.285839 0.540658
vt 0.328543 0.559428
vt 0.174859 0.617507
vt 0.177206 0.575516
vt 0.212398 0.617507
vt 0.205359 0.617507
vt 0.328543 0.578197
vt 0.285839 0.566466
vt 0.328544 0.514851
vt 0.285839 0.568812
vt 0.872404 0.870768
vt 0.889730 0.737450
vt 0.754918 0.782890
vt 0.765868 0.782890
vt 0.925176 0.893369
vt 0.927758 0.893369
vt 0.929761 0.901297
vt 0.929959 0.894595
vt 0.931115 0.899173
vt 0.931188 0.896720
vt 0.927489 0.902524
vt 0.924906 0.902524
vt 0.921477 0.899173
vt 0.754855 0.807298
vt 0.780827 0.831073
vt 0.852715 0.779635
vt 0.872405 0.734067
vt 0.761684 0.872804
vt 0.806465 0.872804
vt 0.844035 0.869645
vt 0.871601 0.756852
vt 0.784082 0.852319
vt 0.775573 0.807298
vt 0.758846 0.901430
vt 0.905920 0.797141
vt 0.810043 0.915126
vt 0.802114 0.917129
vt 0.811270 0.917399
vt 0.802114 0.919712
vt 0.811270 0.919982
vt 0.810043 0.922182
vt 0.803341 0.921985
vt 0.807919 0.923411
vt 0.805465 0.923339
vt 0.774318 0.902232
vt 0.940296 0.866026
vt 0.872628 0.924211
vt 0.839599 0.924211
vt 0.931989 0.885944
vt 0.814174 0.902232
vt 0.797901 0.888401
vt 0.905920 0.773103
vt 0.481261 0.857115
vt 0.470188 0.795906
vt 0.364778 0.926454
vt 0.365777 0.926186
vt 0.366127 0.927491
vt 0.365127 0.927759
vt 0.363879 0.923596
vt 0.364834 0.924552
vt 0.364102 0.925284
vt 0.365127 0.929110
vt 0.366127 0.929378
vt 0.365777 0.930683
vt 0.363147 0.924328
vt 0.360939 0.922303
vt 0.362244 0.922653
vt 0.360672 0.923303
vt 0.361977 0.923653
vt 0.364778 0.930415
vt 0.357747 0.922653
vt 0.359052 0.922303
vt 0.359320 0.923303
vt 0.364102 0.931585
vt 0.364834 0.932317
vt 0.363879 0.933272
vt 0.358015 0.923653
vt 0.363147 0.932540
vt 0.361977 0.933216
vt 0.362244 0.934216
vt 0.360672 0.933566
vt 0.360939 0.934566
vt 0.356845 0.924328
vt 0.355158 0.924552
vt 0.356113 0.923596
vt 0.355890 0.925284
vt 0.353865 0.927491
vt 0.354214 0.926186
vt 0.355214 0.926454
vt 0.359320 0.933566
vt 0.359052 0.934566
vt 0.358015 0.933216
vt 0.357747 0.934216
vt 0.354865 0.927759
vt 0.356113 0.933272
vt 0.355158 0.932317
vt 0.354865 0.929110
vt 0.354214 0.930683
vt 0.353865 0.929378
vt 0.473854 0.923462
vt 0.461608 0.923266
vt 0.462608 0.922998
vt 0.461958 0.924571
vt 0.462958 0.924303
vt 0.460709 0.920409
vt 0.461665 0.921364
vt 0.459978 0.921141
vt 0.460933 0.922096
vt 0.461958 0.925922
vt 0.462958 0.926190
vt 0.461608 0.927227
vt 0.462608 0.927495
vt 0.457770 0.919116
vt 0.459075 0.919465
vt 0.457502 0.920115
vt 0.458807 0.920465
vt 0.454578 0.919465
vt 0.455883 0.919116
vt 0.454846 0.920465
vt 0.456151 0.920115
vt 0.460933 0.928397
vt 0.461665 0.929129
vt 0.459978 0.929353
vt 0.460709 0.930085
vt 0.458807 0.930028
vt 0.459075 0.931028
vt 0.457770 0.931378
vt 0.453676 0.921141
vt 0.451989 0.921364
vt 0.452944 0.920409
vt 0.452721 0.922096
vt 0.457502 0.930378
vt 0.450696 0.924303
vt 0.451045 0.922998
vt 0.452045 0.923266
vt 0.456151 0.930378
vt 0.455883 0.931378
vt 0.454846 0.930028
vt 0.454578 0.931028
vt 0.451696 0.924571
vt 0.452944 0.930085
vt 0.451989 0.929129
vt 0.451045 0.927495
vt 0.450696 0.926190
vt 0.452721 0.928397
vt 0.371093 0.943259
vt 0.400533 0.930844
vt 0.480092 0.848734
vt 0.473854 0.919116
vt 0.361365 0.943259
vt 0.471989 0.808634
vt 0.427372 0.944418
vt 0.470909 0.880890
vt 0.404165 0.940002
vt 0.416650 0.931053
vt 0.481320 0.791559
vt 0.442951 0.931843
vt 0.434320 0.940537
vt 0.468837 0.824028
vt 0.454399 0.940536
vt 0.468628 0.877009
vt 0.353865 0.943259
vt 0.469093 0.860996
vt 0.442951 0.940536
vt 0.369164 0.894709
vt 0.328409 0.943259
vt 0.467006 0.828528
vt 0.388208 0.939377
vt 0.473854 0.932156
vt 0.479057 0.848269
vt 0.415299 0.930588
vt 0.368093 0.939377
vt 0.403700 0.926962
vt 0.478770 0.812516
vt 0.422114 0.927643
vt 0.388673 0.943259
vt 0.446583 0.931843
vt 0.478785 0.824028
vt 0.433855 0.931843
vt 0.480270 0.832409
vt 0.450215 0.931843
vt 0.435820 0.944419
vt 0.452047 0.931843
vt 0.478592 0.868628
vt 0.470444 0.877009
vt 0.401568 0.940002
vt 0.463423 0.931691
vt 0.480092 0.893563
vt 0.473854 0.927809
vt 0.348636 0.943259
vt 0.369164 0.881669
vt 0.477092 0.844387
vt 0.413490 0.925242
vt 0.413222 0.926241
vt 0.411917 0.925892
vt 0.412185 0.924892
vt 0.416414 0.925892
vt 0.415109 0.926241
vt 0.414841 0.925242
vt 0.411015 0.924216
vt 0.410283 0.924948
vt 0.409328 0.923993
vt 0.416147 0.924892
vt 0.419004 0.923993
vt 0.418049 0.924948
vt 0.418272 0.923261
vt 0.417317 0.924216
vt 0.410059 0.923261
vt 0.420297 0.921053
vt 0.419948 0.922359
vt 0.418948 0.922091
vt 0.409384 0.922091
vt 0.408384 0.922359
vt 0.408034 0.921053
vt 0.419297 0.920785
vt 0.409034 0.920785
vt 0.409034 0.919434
vt 0.408034 0.919166
vt 0.408384 0.917861
vt 0.419297 0.919434
vt 0.419948 0.917861
vt 0.420297 0.919166
vt 0.409384 0.918129
vt 0.418948 0.918129
vt 0.418049 0.915272
vt 0.419004 0.916227
vt 0.417317 0.916004
vt 0.418272 0.916959
vt 0.410059 0.916959
vt 0.409328 0.916227
vt 0.411015 0.916004
vt 0.410283 0.915272
vt 0.411917 0.914328
vt 0.413222 0.913978
vt 0.416147 0.915328
vt 0.415109 0.913978
vt 0.416414 0.914328
vt 0.409385 0.926706
vt 0.458444 0.792909
vt 0.458176 0.791909
vt 0.459749 0.792559
vt 0.459481 0.791559
vt 0.455587 0.793808
vt 0.456542 0.792852
vt 0.457274 0.793584
vt 0.461100 0.792559
vt 0.461368 0.791559
vt 0.462406 0.792909
vt 0.462674 0.791909
vt 0.456319 0.794540
vt 0.454293 0.796747
vt 0.454643 0.795442
vt 0.455293 0.797015
vt 0.455643 0.795710
vt 0.454643 0.799939
vt 0.454293 0.798634
vt 0.455643 0.799671
vt 0.455293 0.798366
vt 0.463576 0.793584
vt 0.464308 0.792852
vt 0.464531 0.794540
vt 0.465263 0.793808
vt 0.465207 0.795710
vt 0.466207 0.795442
vt 0.466556 0.796747
vt 0.456319 0.800842
vt 0.456542 0.802529
vt 0.455587 0.801574
vt 0.457274 0.801797
vt 0.465557 0.797015
vt 0.459481 0.803822
vt 0.458176 0.803473
vt 0.458444 0.802473
vt 0.465557 0.798366
vt 0.466556 0.798634
vt 0.465207 0.799671
vt 0.466207 0.799939
vt 0.459749 0.802822
vt 0.465263 0.801574
vt 0.464308 0.802529
vt 0.462674 0.803472
vt 0.461368 0.803822
vt 0.463576 0.801797
vt 0.445232 0.940071
vt 0.466812 0.877009
vt 0.476820 0.815800
vt 0.409850 0.926706
vt 0.427372 0.940072
vt 0.424775 0.906388
vt 0.478039 0.906387
vt 0.461093 0.804287
vt 0.478354 0.922997
vt 0.459277 0.804287
vt 0.478261 0.857115
vt 0.424775 0.910734
vt 0.475354 0.927344
vt 0.407332 0.909575
vt 0.478039 0.910734
vt 0.369164 0.907750
vt 0.477319 0.940385
vt 0.349462 0.872975
vt 0.435355 0.936190
vt 0.420762 0.892404
vt 0.475770 0.836757
vt 0.464725 0.808169
vt 0.409850 0.939282
vt 0.367348 0.890362
vt 0.371093 0.938912
vt 0.365996 0.889898
vt 0.383392 0.939225
vt 0.403700 0.913922
vt 0.379628 0.935030
vt 0.370980 0.912096
vt 0.465239 0.940384
vt 0.423424 0.927657
vt 0.477225 0.901944
vt 0.461558 0.812516
vt 0.477319 0.927344
vt 0.382357 0.926185
vt 0.477270 0.832410
vt 0.461829 0.877009
vt 0.478305 0.804287
vt 0.454293 0.808634
vt 0.357900 0.935030
vt 0.422114 0.897216
vt 0.476805 0.832410
vt 0.461093 0.828528
vt 0.474319 0.940385
vt 0.543422 0.574953
vt 0.544218 0.493726
vt 0.436040 0.452770
vt 0.454508 0.452770
vt 0.467845 0.452770
vt 0.467160 0.452770
vt 0.473087 0.452770
vt 0.474569 0.452770
vt 0.481978 0.493726
vt 0.470123 0.452770
vt 0.452341 0.452770
vt 0.551628 0.452770
vt 0.447895 0.452770
vt 0.453822 0.452770
vt 0.551628 0.493726
vt 0.553110 0.452770
vt 0.444931 0.452770
vt 0.489388 0.452770
vt 0.481978 0.452770
vt 0.449377 0.493726
vt 0.490073 0.493041
vt 0.459750 0.452770
vt 0.553110 0.534682
vt 0.415293 0.452770
vt 0.541255 0.493726
vt 0.541255 0.534682
vt 0.478218 0.493041
vt 0.413811 0.452770
vt 0.483460 0.534683
vt 0.437522 0.534683
vt 0.538291 0.452770
vt 0.536809 0.534682
vt 0.502725 0.534682
vt 0.464196 0.534683
vt 0.431594 0.452770
vt 0.479015 0.493726
vt 0.526435 0.534682
vt 0.532363 0.452770
vt 0.560519 0.452770
vt 0.448580 0.452770
vt 0.418257 0.534683
vt 0.452340 0.493726
vt 0.527917 0.493726
vt 0.424185 0.493727
vt 0.519711 0.533997
vt 0.481978 0.534683
vt 0.437522 0.452770
vt 0.419739 0.534683
vt 0.887796 0.814054
vt 0.887796 0.830171
vt 0.779330 0.743417
vt 0.752336 0.734067
vt 0.866244 0.905932
vt 0.867471 0.903658
vt 0.875401 0.905662
vt 0.869596 0.902304
vt 0.874174 0.903461
vt 0.872049 0.902232
vt 0.875401 0.908245
vt 0.874174 0.910518
vt 0.869596 0.911944
vt 0.827517 0.773295
vt 0.850193 0.775968
vt 0.871604 0.739777
vt 0.811638 0.869648
vt 0.904529 0.851672
vt 0.889730 0.858439
vt 0.790917 0.869648
vt 0.871604 0.740577
vt 0.850193 0.753983
vt 0.827517 0.780736
vt 0.918950 0.882065
vt 0.876454 0.872804
vt 0.922903 0.795037
vt 0.924907 0.802967
vt 0.925176 0.793810
vt 0.927490 0.802967
vt 0.927759 0.793810
vt 0.929960 0.795037
vt 0.929763 0.801740
vt 0.931189 0.797161
vt 0.931117 0.799615
vt 0.882518 0.899071
vt 0.916030 0.910540
vt 0.828649 0.924211
vt 0.791431 0.930791
vt 0.940298 0.830309
vt 0.878462 0.899071
vt 0.755591 0.888401
vt 0.886415 0.887563
vt 0.568499 0.622753
vt 0.591619 0.468018
vt 0.171614 0.621578
vt 0.170742 0.621464
vt 0.170742 0.618094
vt 0.172486 0.618324
vt 0.174111 0.618997
vt 0.172427 0.621915
vt 0.175507 0.620068
vt 0.173125 0.622450
vt 0.176578 0.621464
vt 0.177251 0.623089
vt 0.173660 0.623148
vt 0.177251 0.626577
vt 0.176578 0.628202
vt 0.173997 0.625705
vt 0.175507 0.629598
vt 0.173125 0.627216
vt 0.174111 0.630669
vt 0.172427 0.627751
vt 0.172486 0.631342
vt 0.170742 0.631572
vt 0.171614 0.628088
vt 0.170742 0.628202
vt 0.173660 0.626518
vt 0.296546 0.607810
vt 0.296661 0.606938
vt 0.300030 0.606938
vt 0.299801 0.608682
vt 0.299127 0.610307
vt 0.296209 0.608623
vt 0.298056 0.611703
vt 0.295674 0.609321
vt 0.296661 0.612774
vt 0.295036 0.613447
vt 0.294976 0.609856
vt 0.291547 0.613447
vt 0.289922 0.612774
vt 0.292419 0.610193
vt 0.288526 0.611703
vt 0.290909 0.609321
vt 0.287455 0.610307
vt 0.290373 0.608623
vt 0.286782 0.608682
vt 0.286552 0.606938
vt 0.290037 0.607810
vt 0.289922 0.606938
vt 0.291607 0.609856
vt 0.545063 0.622845
vt 0.526435 0.606912
vt 0.567177 0.590886
vt 0.496001 0.622845
vt 0.575111 0.606820
vt 0.491715 0.606912
vt 0.585644 0.547960
vt 0.567863 0.590886
vt 0.521990 0.622845
vt 0.566540 0.622753
vt 0.490710 0.622845
vt 0.497483 0.622845
vt 0.201142 0.463236
vt 0.167821 0.574929
vt 0.243260 0.472620
vt 0.243847 0.503120
vt 0.285965 0.505466
vt 0.156090 0.574929
vt 0.160783 0.532224
vt 0.243260 0.527169
vt 0.205360 0.532811
vt 0.158436 0.466169
vt 0.201142 0.496082
vt 0.224129 0.532811
vt 0.243260 0.486697
vt 0.161957 0.628088
vt 0.162829 0.628202
vt 0.162829 0.631572
vt 0.161085 0.631342
vt 0.159460 0.630669
vt 0.161144 0.627751
vt 0.158064 0.629598
vt 0.160447 0.627216
vt 0.156993 0.628202
vt 0.159911 0.626518
vt 0.156320 0.626577
vt 0.156090 0.624833
vt 0.159575 0.625705
vt 0.156320 0.623089
vt 0.159460 0.624833
vt 0.158064 0.620068
vt 0.160447 0.622450
vt 0.159460 0.618997
vt 0.161144 0.621915
vt 0.161085 0.618324
vt 0.162829 0.618094
vt 0.161957 0.621578
vt 0.162829 0.621464
vt 0.285965 0.506053
vt 0.163416 0.631572
vt 0.163416 0.628202
vt 0.164288 0.628088
vt 0.165160 0.631342
vt 0.165101 0.627751
vt 0.166786 0.630669
vt 0.169252 0.628202
vt 0.168181 0.629598
vt 0.166334 0.626518
vt 0.165799 0.627216
vt 0.170155 0.624833
vt 0.169925 0.626577
vt 0.166671 0.625705
vt 0.169925 0.623089
vt 0.166786 0.624833
vt 0.166786 0.618997
vt 0.168181 0.620068
vt 0.165101 0.621915
vt 0.165799 0.622450
vt 0.163416 0.618094
vt 0.165160 0.618324
vt 0.164288 0.621578
vt 0.163416 0.621464
vt 0.520031 0.622845
vt 0.452181 0.622845
vt 0.582999 0.565955
vt 0.563164 0.565956
vt 0.576388 0.468018
vt 0.430798 0.607598
vt 0.507856 0.606912
vt 0.591665 0.606819
vt 0.463877 0.606912
vt 0.589611 0.532026
vt 0.483141 0.606912
vt 0.582999 0.547960
vt 0.585007 0.565955
vt 0.468641 0.606912
vt 0.543581 0.606912
vt 0.444135 0.606912
vt 0.562527 0.516093
vt 0.481182 0.622845
vt 0.576388 0.484134
vt 0.440485 0.614032
vt 0.479860 0.622845
vt 0.592941 0.484134
vt 0.509338 0.622845
vt 0.542100 0.606912
vt 0.285965 0.463236
vt 0.201142 0.498428
vt 0.158436 0.474966
vt 0.186590 0.574929
vt 0.243260 0.465582
vt 0.243847 0.449159
vt 0.201142 0.514851
vt 0.156090 0.489518
vt 0.158436 0.458543
vt 0.243847 0.519543
vt 0.590343 0.575638
vt 0.527281 0.606912
vt 0.450859 0.606912
vt 0.414497 0.606913
vt 0.583685 0.550707
vt 0.575751 0.516093
vt 0.532044 0.622845
vt 0.567863 0.606820
vt 0.533049 0.606912
vt 0.592256 0.516093
vt 0.887794 0.837738
vt 0.887794 0.843704
vt 0.780131 0.744216
vt 0.780131 0.736650
vt 0.925176 0.822878
vt 0.922903 0.821652
vt 0.924906 0.813723
vt 0.921549 0.819527
vt 0.922706 0.814949
vt 0.921477 0.817074
vt 0.927489 0.813723
vt 0.929761 0.814949
vt 0.931188 0.819527
vt 0.791371 0.807298
vt 0.828943 0.793043
vt 0.852715 0.828455
vt 0.872405 0.753985
vt 0.822581 0.872804
vt 0.799699 0.872804
vt 0.831556 0.853120
vt 0.852715 0.824400
vt 0.828943 0.802007
vt 0.795491 0.807298
vt 0.784883 0.901430
vt 0.905920 0.734067
vt 0.861849 0.919982
vt 0.869777 0.921985
vt 0.861849 0.917399
vt 0.871004 0.919712
vt 0.863075 0.915126
vt 0.865200 0.913773
vt 0.871004 0.917130
vt 0.867653 0.913700
vt 0.869778 0.914929
vt 0.819882 0.902232
vt 0.940296 0.862707
vt 0.832832 0.930790
vt 0.869245 0.930790
vt 0.940296 0.906663
vt 0.806864 0.912900
vt 0.777573 0.901430
vt 0.920676 0.757305
vt 0.360221 0.815800
vt 0.443070 0.845188
vt 0.443070 0.855482
vt 0.434155 0.860629
vt 0.392498 0.840041
vt 0.360686 0.839576
vt 0.355619 0.888522
vt 0.364534 0.903963
vt 0.355619 0.909110
vt 0.381739 0.791559
vt 0.424775 0.864281
vt 0.338703 0.840041
vt 0.889730 0.807691
vt 0.889730 0.818639
vt 0.828143 0.736649
vt 0.775216 0.806494
vt 0.930732 0.919711
vt 0.929506 0.921984
vt 0.921578 0.919981
vt 0.927382 0.923337
vt 0.922805 0.922181
vt 0.924929 0.923410
vt 0.921578 0.917399
vt 0.922805 0.915126
vt 0.927382 0.913700
vt 0.818728 0.830269
vt 0.804409 0.852317
vt 0.871599 0.850436
vt 0.888927 0.766462
vt 0.823381 0.887599
vt 0.856408 0.887599
vt 0.888927 0.787178
vt 0.752336 0.853120
vt 0.832898 0.852316
vt 0.851915 0.747344
vt 0.855682 0.888401
vt 0.905920 0.813739
vt 0.881760 0.919981
vt 0.889688 0.921984
vt 0.881760 0.917399
vt 0.890914 0.919711
vt 0.882987 0.915126
vt 0.885111 0.913773
vt 0.890914 0.917129
vt 0.887564 0.913700
vt 0.889688 0.914929
vt 0.852426 0.902232
vt 0.764813 0.924211
vt 0.942499 0.737450
vt 0.920790 0.924211
vt 0.775571 0.924211
vt 0.859735 0.902232
vt 0.872754 0.888401
vt 0.905920 0.839493
vt 0.416138 0.589194
vt 0.435403 0.575639
vt 0.339124 0.580137
vt 0.339239 0.579265
vt 0.342608 0.579265
vt 0.342379 0.581009
vt 0.341705 0.582634
vt 0.338787 0.580949
vt 0.340635 0.584030
vt 0.338252 0.581647
vt 0.339239 0.585101
vt 0.337554 0.582183
vt 0.337614 0.585774
vt 0.335869 0.586003
vt 0.336742 0.582519
vt 0.334125 0.585774
vt 0.335869 0.582634
vt 0.331104 0.584030
vt 0.333487 0.581647
vt 0.330033 0.582634
vt 0.332951 0.580949
vt 0.329360 0.581009
vt 0.329131 0.579265
vt 0.332615 0.580137
vt 0.332500 0.579265
vt 0.332615 0.607109
vt 0.332500 0.607981
vt 0.329131 0.607981
vt 0.329360 0.606237
vt 0.330033 0.604612
vt 0.332951 0.606296
vt 0.331104 0.603216
vt 0.333487 0.605598
vt 0.332500 0.602145
vt 0.334125 0.601472
vt 0.334185 0.605063
vt 0.337614 0.601472
vt 0.339239 0.602145
vt 0.336742 0.604726
vt 0.340635 0.603216
vt 0.338252 0.605598
vt 0.341705 0.604612
vt 0.338787 0.606296
vt 0.342379 0.606237
vt 0.342608 0.607981
vt 0.339124 0.607109
vt 0.339239 0.607981
vt 0.337554 0.605063
vt 0.557921 0.590978
vt 0.534690 0.590978
vt 0.561205 0.566047
vt 0.558606 0.590977
vt 0.427993 0.582074
vt 0.562527 0.468795
vt 0.428630 0.550023
vt 0.416138 0.557829
vt 0.422066 0.509067
vt 0.502566 0.590978
vt 0.433076 0.582074
vt 0.422066 0.525092
vt 0.433921 0.590979
vt 0.561842 0.532210
vt 0.487110 0.590978
vt 0.424870 0.550023
vt 0.533049 0.590978
vt 0.561888 0.590977
vt 0.559928 0.590977
vt 0.440485 0.582073
vt 0.445776 0.534683
vt 0.549350 0.590978
vt 0.285839 0.543005
vt 0.243847 0.571158
vt 0.328543 0.595207
vt 0.328543 0.606351
vt 0.286552 0.517197
vt 0.243847 0.528928
vt 0.328543 0.580543
vt 0.275744 0.575516
vt 0.328543 0.590515
vt 0.286552 0.545351
vt 0.258734 0.617507
vt 0.328544 0.456784
vt 0.328544 0.474966
vt 0.332615 0.614435
vt 0.332500 0.615307
vt 0.329131 0.615307
vt 0.329360 0.613563
vt 0.330033 0.611937
vt 0.332951 0.613622
vt 0.331104 0.610542
vt 0.333487 0.612924
vt 0.332500 0.609471
vt 0.334185 0.612389
vt 0.334125 0.608798
vt 0.335869 0.608568
vt 0.334997 0.612052
vt 0.337614 0.608798
vt 0.335869 0.611937
vt 0.340635 0.610542
vt 0.338252 0.612924
vt 0.341705 0.611937
vt 0.338787 0.613622
vt 0.342379 0.613563
vt 0.342608 0.615307
vt 0.339124 0.614435
vt 0.339239 0.615307
vt 0.284541 0.617507
vt 0.329131 0.615894
vt 0.332500 0.615894
vt 0.332615 0.616766
vt 0.329360 0.617638
vt 0.332951 0.617579
vt 0.330033 0.619263
vt 0.332500 0.621730
vt 0.331104 0.620659
vt 0.334185 0.618812
vt 0.333487 0.618276
vt 0.334125 0.622403
vt 0.339239 0.621730
vt 0.337614 0.622403
vt 0.336741 0.619148
vt 0.341705 0.619263
vt 0.340635 0.620659
vt 0.338787 0.617579
vt 0.338252 0.618276
vt 0.342608 0.615894
vt 0.342379 0.617638
vt 0.339124 0.616766
vt 0.339239 0.615894
vt 0.337554 0.618812
vt 0.587652 0.500067
vt 0.588289 0.484134
vt 0.587652 0.468018
vt 0.564486 0.549931
vt 0.498120 0.606912
vt 0.575751 0.500068
vt 0.575751 0.547960
vt 0.413811 0.622846
vt 0.552631 0.606911
vt 0.562573 0.590886
vt 0.458109 0.606912
vt 0.588974 0.500067
vt 0.570461 0.484134
vt 0.495156 0.606912
vt 0.570461 0.500845
vt 0.416138 0.605128
vt 0.435880 0.622845
vt 0.565218 0.622753
vt 0.583685 0.468018
vt 0.541255 0.606912
vt 0.576388 0.532027
vt 0.491715 0.622845
vt 0.565172 0.468018
vt 0.571098 0.500068
vt 0.160783 0.575516
vt 0.214744 0.617507
vt 0.328543 0.561774
vt 0.207705 0.575516
vt 0.228821 0.575516
vt 0.285839 0.554735
vt 0.285839 0.535966
vt 0.285839 0.573504
vt 0.285839 0.547697
vt 0.328543 0.601659
vt 0.889730 0.750182
vt 0.889730 0.774663
vt 0.765068 0.782890
vt 0.780131 0.743416
vt 0.925176 0.843590
vt 0.927758 0.843590
vt 0.929761 0.851519
vt 0.929959 0.844817
vt 0.931115 0.849394
vt 0.931187 0.846941
vt 0.927489 0.852745
vt 0.924906 0.852745
vt 0.921477 0.849394
vt 0.804539 0.797334
vt 0.767809 0.831073
vt 0.852715 0.789399
vt 0.872404 0.737387
vt 0.889730 0.866006
vt 0.779400 0.872804
vt 0.844835 0.853120
vt 0.852715 0.798362
vt 0.828943 0.811771
vt 0.755655 0.807298
vt 0.827192 0.901430
vt 0.905920 0.803780
vt 0.880960 0.917129
vt 0.873031 0.915126
vt 0.880960 0.919712
vt 0.871805 0.917399
vt 0.879733 0.921985
vt 0.877609 0.923339
vt 0.871805 0.919982
vt 0.875156 0.923411
vt 0.873031 0.922182
vt 0.777572 0.902232
vt 0.931989 0.870146
vt 0.889543 0.924211
vt 0.846364 0.924211
vt 0.931989 0.859387
vt 0.801155 0.902232
vt 0.817429 0.888401
vt 0.905920 0.789701
vt 0.475039 0.910734
vt 0.345830 0.872975
vt 0.418272 0.897805
vt 0.419004 0.898537
vt 0.418049 0.899492
vt 0.417317 0.898760
vt 0.420298 0.895597
vt 0.419948 0.896902
vt 0.418948 0.896634
vt 0.416147 0.899436
vt 0.416415 0.900436
vt 0.415109 0.900785
vt 0.419298 0.895329
vt 0.419948 0.892405
vt 0.420298 0.893710
vt 0.418948 0.892673
vt 0.419298 0.893978
vt 0.414842 0.899785
vt 0.418049 0.889815
vt 0.419004 0.890771
vt 0.418272 0.891503
vt 0.413490 0.899785
vt 0.413222 0.900785
vt 0.412185 0.899436
vt 0.411917 0.900436
vt 0.417317 0.890547
vt 0.411015 0.898760
vt 0.410283 0.899492
vt 0.410060 0.897805
vt 0.409328 0.898537
vt 0.416147 0.889872
vt 0.415109 0.888522
vt 0.416415 0.888872
vt 0.414841 0.889522
vt 0.411917 0.888872
vt 0.413222 0.888522
vt 0.413490 0.889522
vt 0.409384 0.896635
vt 0.408384 0.896902
vt 0.408034 0.895597
vt 0.412185 0.889872
vt 0.409034 0.895329
vt 0.408034 0.893710
vt 0.408384 0.892405
vt 0.411015 0.890547
vt 0.409328 0.890771
vt 0.410283 0.889815
vt 0.347646 0.868628
vt 0.417317 0.903275
vt 0.418049 0.902543
vt 0.419004 0.903499
vt 0.418272 0.904231
vt 0.415109 0.901250
vt 0.416415 0.901600
vt 0.414841 0.902250
vt 0.416147 0.902600
vt 0.418948 0.905401
vt 0.419948 0.905133
vt 0.419298 0.906706
vt 0.420298 0.906438
vt 0.413490 0.902250
vt 0.411917 0.901600
vt 0.413222 0.901250
vt 0.412185 0.902600
vt 0.409328 0.903499
vt 0.410283 0.902544
vt 0.411015 0.903276
vt 0.419298 0.908058
vt 0.420298 0.908325
vt 0.418948 0.909363
vt 0.419948 0.909631
vt 0.410060 0.904231
vt 0.418272 0.910533
vt 0.419004 0.911265
vt 0.418049 0.912220
vt 0.408034 0.906438
vt 0.408384 0.905133
vt 0.409384 0.905401
vt 0.417317 0.911488
vt 0.409034 0.906706
vt 0.408384 0.909631
vt 0.408034 0.908325
vt 0.409384 0.909363
vt 0.409034 0.908058
vt 0.416147 0.912164
vt 0.416415 0.913164
vt 0.414842 0.912514
vt 0.415109 0.913514
vt 0.413222 0.913514
vt 0.411917 0.913164
vt 0.410283 0.912220
vt 0.409328 0.911265
vt 0.412185 0.912164
vt 0.472725 0.880891
vt 0.345830 0.868628
vt 0.474225 0.860997
vt 0.365532 0.864281
vt 0.472725 0.860997
vt 0.369629 0.868163
vt 0.361899 0.864281
vt 0.362364 0.872510
vt 0.474225 0.877009
vt 0.362364 0.868163
vt 0.475305 0.832875
vt 0.365532 0.868628
vt 0.474270 0.804287
vt 0.340846 0.872510
vt 0.361899 0.872975
vt 0.369164 0.864281
vt 0.339346 0.868163
vt 0.367348 0.872975
vt 0.473539 0.910734
vt 0.345830 0.864281
vt 0.472504 0.910269
vt 0.342663 0.864281
vt 0.475039 0.906387
vt 0.349462 0.868628
vt 0.339346 0.876857
vt 0.347646 0.864281
vt 0.475305 0.832410
vt 0.363716 0.872975
vt 0.360864 0.881204
vt 0.342198 0.864281
vt 0.472725 0.901944
vt 0.367348 0.864281
vt 0.339346 0.872510
vt 0.367348 0.868628
vt 0.474270 0.812516
vt 0.370980 0.868628
vt 0.474225 0.901944
vt 0.369164 0.868628
vt 0.361899 0.868628
vt 0.342663 0.872510
vt 0.339346 0.881204
vt 0.342198 0.872975
vt 0.339346 0.881669
vt 0.349462 0.864281
vt 0.360864 0.885551
vt 0.281240 0.205746
vt 0.205577 0.226811
vt 0.223749 0.258286
vt 0.187405 0.258286
vt 0.281240 0.268941
vt 0.302305 0.247876
vt 0.260175 0.258286
vt 0.223831 0.258286
vt 0.242003 0.226811
vt 0.260257 0.226811
vt 0.187405 0.289843
vt 0.281322 0.247957
s 0
usemtl Material.001
f 5/1/1 1/2/1 2/3/1
f 2/4/2 3/5/2 9/6/2
f 1/7/3 6/8/3 3/9/3
f 5/10/4 6/11/4 4/12/4
f 6/13/5 10/14/5 8/15/5
f 3/16/6 8/17/6 9/18/6
f 8/19/7 27/20/7 28/21/7
f 7/22/8 11/23/8 10/24/8
f 2/25/7 12/26/7 11/27/7
f 22/28/9 26/29/9 27/30/9
f 14/31/10 15/32/10 12/33/10
f 20/34/11 17/35/11 19/36/11
f 19/37/2 16/38/2 14/39/2
f 22/40/12 20/41/12 21/42/12
f 23/43/11 22/44/11 21/45/11
f 24/46/11 26/47/11 23/48/11
f 28/49/13 23/50/13 25/51/13
f 27/52/14 24/53/14 28/54/14
f 31/55/15 33/56/15 30/57/15
f 125/58/16 30/59/16 32/60/16
f 80/61/8 86/62/8 88/63/8
f 35/64/17 34/65/17 33/66/17
f 117/67/2 109/68/2 103/69/2
f 38/70/18 36/71/18 37/72/18
f 37/73/19 40/74/19 38/75/19
f 39/76/20 42/77/20 40/78/20
f 42/79/21 43/80/21 44/81/21
f 46/82/22 43/83/22 45/84/22
f 45/85/23 48/86/23 46/87/23
f 47/88/24 50/89/24 48/90/24
f 49/91/25 52/92/25 50/93/25
f 53/94/26 52/95/26 51/96/26
f 53/97/27 56/98/27 54/99/27
f 55/100/17 58/101/17 56/102/17
f 57/103/28 60/104/28 58/105/28
f 61/106/29 60/107/29 59/108/29
f 61/109/30 64/110/30 62/111/30
f 63/112/31 66/113/31 64/114/31
f 65/115/32 68/116/32 66/117/32
f 70/118/33 67/119/33 69/120/33
f 69/121/34 72/122/34 70/123/34
f 71/124/35 74/125/35 72/126/35
f 73/127/26 76/128/26 74/129/26
f 78/130/36 75/131/36 77/132/36
f 78/133/37 79/134/37 80/135/37
f 79/136/28 82/137/28 80/138/28
f 81/139/38 84/140/38 82/141/38
f 86/142/39 83/143/39 85/144/39
f 85/145/40 88/146/40 86/147/40
f 88/148/22 89/149/22 90/150/22
f 89/151/41 92/152/41 90/153/41
f 94/154/20 91/155/20 93/156/20
f 93/157/42 96/158/42 94/159/42
f 95/160/26 98/161/26 96/162/26
f 97/163/43 100/164/43 98/165/43
f 102/166/44 99/167/44 101/168/44
f 101/169/45 104/170/45 102/171/45
f 103/172/29 106/173/29 104/174/29
f 105/175/15 108/176/15 106/177/15
f 110/178/17 107/179/17 109/180/17
f 110/181/46 111/182/46 112/183/46
f 111/184/47 114/185/47 112/186/47
f 114/187/48 115/188/48 116/189/48
f 118/190/21 115/191/21 117/192/21
f 117/193/49 120/194/49 118/195/49
f 120/196/36 121/197/36 122/198/36
f 121/199/44 124/200/44 122/201/44
f 32/202/50 123/203/50 125/204/50
f 126/205/51 131/206/51 127/207/51
f 132/208/52 126/209/52 128/210/52
f 130/211/53 131/212/53 129/213/53
f 132/214/54 130/215/54 129/216/54
f 135/217/55 132/218/55 128/219/55
f 136/220/56 132/221/56 134/222/56
f 137/223/57 135/224/57 138/225/57
f 139/226/58 134/227/58 137/228/58
f 141/229/59 137/230/59 138/231/59
f 142/232/60 137/233/60 140/234/60
f 144/235/61 140/236/61 141/237/61
f 145/238/62 140/239/62 143/240/62
f 147/241/63 143/242/63 144/243/63
f 148/244/64 143/245/64 146/246/64
f 150/247/65 146/248/65 147/249/65
f 151/250/66 146/251/66 149/252/66
f 152/253/67 150/254/67 153/255/67
f 154/256/68 149/257/68 152/258/68
f 155/259/69 153/260/69 156/261/69
f 157/262/70 152/263/70 155/264/70
f 159/265/71 155/266/71 156/267/71
f 160/268/72 155/269/72 158/270/72
f 162/271/73 158/272/73 159/273/73
f 163/274/74 158/275/74 161/276/74
f 165/277/75 161/278/75 162/279/75
f 166/280/76 161/281/76 164/282/76
f 168/283/77 164/284/77 165/285/77
f 169/286/78 164/287/78 167/288/78
f 170/289/79 168/290/79 171/291/79
f 170/292/80 169/293/80 167/294/80
f 174/295/81 170/296/81 171/297/81
f 175/298/82 170/299/82 173/300/82
f 177/301/83 173/302/83 174/303/83
f 178/304/84 173/305/84 176/306/84
f 179/307/85 177/308/85 180/309/85
f 179/310/86 178/311/86 176/312/86
f 182/313/87 180/314/87 183/315/87
f 182/316/88 181/317/88 179/318/88
f 185/319/89 183/320/89 186/321/89
f 187/322/90 182/323/90 185/324/90
f 188/325/91 186/326/91 189/327/91
f 188/328/92 187/329/92 185/330/92
f 191/331/93 189/332/93 192/333/93
f 191/334/94 190/335/94 188/336/94
f 194/337/95 192/338/95 195/339/95
f 194/340/96 193/341/96 191/342/96
f 197/343/97 195/344/97 198/345/97
f 197/346/98 196/347/98 194/348/98
f 200/349/99 198/350/99 201/351/99
f 202/352/100 197/353/100 200/354/100
f 203/355/101 201/356/101 204/357/101
f 205/358/102 200/359/102 203/360/102
f 206/361/103 204/362/103 207/363/103
f 206/364/104 205/365/104 203/366/104
f 209/367/105 207/368/105 210/369/105
f 209/370/106 208/371/106 206/372/106
f 212/373/107 210/374/107 213/375/107
f 212/376/108 211/377/108 209/378/108
f 215/379/109 213/380/109 216/381/109
f 215/382/110 214/383/110 212/384/110
f 218/385/111 216/386/111 219/387/111
f 220/388/112 215/389/112 218/390/112
f 131/391/113 219/392/113 127/393/113
f 131/394/114 220/395/114 218/396/114
f 223/397/115 220/398/115 222/399/115
f 221/400/116 217/401/116 220/402/116
f 225/403/117 222/404/117 130/405/117
f 224/406/118 221/407/118 223/408/118
f 225/409/119 224/410/119 223/411/119
f 228/412/120 225/413/120 227/414/120
f 227/415/121 130/416/121 133/417/121
f 229/418/122 133/419/122 136/420/122
f 230/421/123 227/422/123 229/423/123
f 231/424/124 136/425/124 139/426/124
f 231/427/125 230/428/125 229/429/125
f 233/430/126 139/431/126 142/432/126
f 234/433/127 231/434/127 233/435/127
f 235/436/128 142/437/128 145/438/128
f 235/439/129 234/440/129 233/441/129
f 237/442/130 145/443/130 148/444/130
f 237/445/131 236/446/131 235/447/131
f 239/448/132 148/449/132 151/450/132
f 239/451/133 238/452/133 237/453/133
f 241/454/134 151/455/134 154/456/134
f 242/457/135 239/458/135 241/459/135
f 243/460/136 154/461/136 157/462/136
f 244/463/137 241/464/137 243/465/137
f 245/466/138 157/467/138 160/468/138
f 246/469/139 243/470/139 245/471/139
f 247/472/140 160/473/140 163/474/140
f 247/475/141 246/476/141 245/477/141
f 249/478/142 163/479/142 166/480/142
f 249/481/143 248/482/143 247/483/143
f 251/484/144 166/485/144 169/486/144
f 252/487/145 249/488/145 251/489/145
f 253/490/146 169/491/146 172/492/146
f 254/493/147 251/494/147 253/495/147
f 255/496/148 172/497/148 175/498/148
f 256/499/149 253/500/149 255/501/149
f 257/502/150 175/503/150 178/504/150
f 257/505/151 256/506/151 255/507/151
f 259/508/152 178/509/152 181/510/152
f 260/511/153 257/512/153 259/513/153
f 261/514/154 181/515/154 184/516/154
f 262/517/155 259/518/155 261/519/155
f 263/520/156 184/521/156 187/522/156
f 264/523/157 261/524/157 263/525/157
f 265/526/158 187/527/158 190/528/158
f 265/529/159 264/530/159 263/531/159
f 267/532/160 190/533/160 193/534/160
f 268/535/161 265/536/161 267/537/161
f 269/538/162 193/539/162 196/540/162
f 270/541/163 267/542/163 269/543/163
f 271/544/164 196/545/164 199/546/164
f 272/547/165 269/548/165 271/549/165
f 273/550/166 199/551/166 202/552/166
f 274/553/167 271/554/167 273/555/167
f 275/556/168 202/557/168 205/558/168
f 276/559/169 273/560/169 275/561/169
f 277/562/170 205/563/170 208/564/170
f 278/565/171 275/566/171 277/567/171
f 279/568/172 208/569/172 211/570/172
f 280/571/173 277/572/173 279/573/173
f 281/574/174 211/575/174 214/576/174
f 282/577/175 279/578/175 281/579/175
f 283/580/176 214/581/176 217/582/176
f 284/583/177 281/584/177 283/585/177
f 286/586/178 283/587/178 221/588/178
f 287/589/179 284/590/179 286/591/179
f 285/592/180 282/593/180 284/594/180
f 289/595/181 286/596/181 224/597/181
f 288/598/116 285/599/116 287/600/116
f 290/601/115 287/602/115 289/603/115
f 291/604/182 224/605/182 226/606/182
f 292/607/117 289/608/117 291/609/117
f 294/610/121 291/611/121 293/612/121
f 228/613/183 291/614/183 226/615/183
f 295/616/184 228/617/184 230/618/184
f 296/619/122 293/620/122 295/621/122
f 297/622/185 230/623/185 232/624/185
f 298/625/124 295/626/124 297/627/124
f 299/628/186 232/629/186 234/630/186
f 300/631/126 297/632/126 299/633/126
f 301/634/187 234/635/187 236/636/187
f 302/637/128 299/638/128 301/639/128
f 303/640/188 236/641/188 238/642/188
f 304/643/130 301/644/130 303/645/130
f 305/646/189 238/647/189 240/648/189
f 306/649/132 303/650/132 305/651/132
f 307/652/190 240/653/190 242/654/190
f 308/655/134 305/656/134 307/657/134
f 309/658/191 242/659/191 244/660/191
f 310/661/136 307/662/136 309/663/136
f 311/664/192 244/665/192 246/666/192
f 312/667/138 309/668/138 311/669/138
f 313/670/193 246/671/193 248/672/193
f 314/673/140 311/674/140 313/675/140
f 315/676/194 248/677/194 250/678/194
f 316/679/142 313/680/142 315/681/142
f 252/682/195 315/683/195 250/684/195
f 318/685/144 315/686/144 317/687/144
f 254/688/196 317/689/196 252/690/196
f 320/691/146 317/692/146 319/693/146
f 321/694/197 254/695/197 256/696/197
f 322/697/148 319/698/148 321/699/148
f 323/700/198 256/701/198 258/702/198
f 324/703/150 321/704/150 323/705/150
f 260/706/199 323/707/199 258/708/199
f 326/709/152 323/710/152 325/711/152
f 327/712/200 260/713/200 262/714/200
f 328/715/154 325/716/154 327/717/154
f 329/718/201 262/719/201 264/720/201
f 330/721/156 327/722/156 329/723/156
f 331/724/202 264/725/202 266/726/202
f 332/727/158 329/728/158 331/729/158
f 268/730/203 331/731/203 266/732/203
f 334/733/160 331/734/160 333/735/160
f 270/736/204 333/737/204 268/738/204
f 336/739/162 333/740/162 335/741/162
f 272/742/205 335/743/205 270/744/205
f 338/745/164 335/746/164 337/747/164
f 339/748/206 272/749/206 274/750/206
f 340/751/166 337/752/166 339/753/166
f 341/754/207 274/755/207 276/756/207
f 342/757/168 339/758/168 341/759/168
f 278/760/208 341/761/208 276/762/208
f 344/763/170 341/764/170 343/765/170
f 280/766/209 343/767/209 278/768/209
f 346/769/172 343/770/172 345/771/172
f 282/772/210 345/773/210 280/774/210
f 348/775/174 345/776/174 347/777/174
f 350/778/176 347/779/176 285/780/176
f 349/781/211 346/782/211 348/783/211
f 351/784/212 348/785/212 350/786/212
f 353/787/213 350/788/213 288/789/213
f 354/790/214 351/791/214 353/792/214
f 351/793/215 413/794/215 349/795/215
f 355/796/216 288/797/216 290/798/216
f 356/799/217 353/800/217 355/801/217
f 292/802/218 355/803/218 290/804/218
f 358/805/219 355/806/219 357/807/219
f 359/808/220 358/809/220 357/810/220
f 359/811/221 292/812/221 294/813/221
f 361/814/222 294/815/222 296/816/222
f 362/817/223 359/818/223 361/819/223
f 363/820/224 296/821/224 298/822/224
f 364/823/225 361/824/225 363/825/225
f 365/826/226 298/827/226 300/828/226
f 366/829/227 363/830/227 365/831/227
f 302/832/228 365/833/228 300/834/228
f 368/835/229 365/836/229 367/837/229
f 304/838/230 367/839/230 302/840/230
f 370/841/231 367/842/231 369/843/231
f 306/844/232 369/845/232 304/846/232
f 372/847/233 369/848/233 371/849/233
f 373/850/234 306/851/234 308/852/234
f 374/853/235 371/854/235 373/855/235
f 310/856/236 373/857/236 308/858/236
f 376/859/237 373/860/237 375/861/237
f 312/862/238 375/863/238 310/864/238
f 378/865/239 375/866/239 377/867/239
f 314/868/240 377/869/240 312/870/240
f 380/871/241 377/872/241 379/873/241
f 316/874/242 379/875/242 314/876/242
f 382/877/243 379/878/243 381/879/243
f 383/880/244 316/881/244 318/882/244
f 384/883/245 381/884/245 383/885/245
f 320/886/246 383/887/246 318/888/246
f 386/889/247 383/890/247 385/891/247
f 387/892/248 320/893/248 322/894/248
f 388/895/249 385/896/249 387/897/249
f 324/898/250 387/899/250 322/900/250
f 390/901/251 387/902/251 389/903/251
f 391/904/252 324/905/252 326/906/252
f 391/907/253 390/908/253 389/909/253
f 393/910/254 326/911/254 328/912/254
f 394/913/255 391/914/255 393/915/255
f 395/916/256 328/917/256 330/918/256
f 396/919/257 393/920/257 395/921/257
f 397/922/258 330/923/258 332/924/258
f 398/925/259 395/926/259 397/927/259
f 399/928/260 332/929/260 334/930/260
f 399/931/261 398/932/261 397/933/261
f 401/934/262 334/935/262 336/936/262
f 402/937/263 399/938/263 401/939/263
f 403/940/264 336/941/264 338/942/264
f 403/943/265 402/944/265 401/945/265
f 405/946/266 338/947/266 340/948/266
f 405/949/267 404/950/267 403/951/267
f 407/952/268 340/953/268 342/954/268
f 407/955/269 406/956/269 405/957/269
f 409/958/270 342/959/270 344/960/270
f 409/961/271 408/962/271 407/963/271
f 411/964/272 344/965/272 346/966/272
f 411/967/273 410/968/273 409/969/273
f 349/970/274 412/971/274 411/972/274
f 415/973/15 417/974/15 414/975/15
f 518/976/275 414/977/275 416/978/275
f 440/979/8 424/980/8 433/981/8
f 419/982/17 418/983/17 417/984/17
f 549/985/2 478/986/2 476/987/2
f 422/988/18 420/989/18 421/990/18
f 421/991/19 424/992/19 422/993/19
f 423/994/48 427/995/48 424/996/48
f 427/997/276 426/998/276 428/999/276
f 429/1000/277 426/1001/277 430/1002/277
f 430/1003/23 431/1004/23 429/1005/23
f 463/1006/8 464/1007/8 481/1008/8
f 435/1009/41 433/1010/41 432/1011/41
f 435/1012/278 434/1013/278 436/1014/278
f 437/1015/279 440/1016/279 433/1017/279
f 438/1018/38 441/1019/38 440/1020/38
f 439/1021/280 442/1022/280 441/1023/280
f 443/1024/26 444/1025/26 442/1026/26
f 445/1027/281 446/1028/281 444/1029/281
f 448/1030/22 447/1031/22 446/1032/22
f 486/1033/2 459/1034/2 458/1035/2
f 449/1036/282 452/1037/282 447/1038/282
f 450/1039/283 453/1040/283 452/1041/283
f 451/1042/284 454/1043/284 453/1044/284
f 455/1045/285 456/1046/285 454/1047/285
f 458/1048/286 457/1049/286 456/1050/286
f 460/1051/21 457/1052/21 459/1053/21
f 462/1054/19 463/1055/19 460/1056/19
f 467/1057/287 464/1058/287 462/1059/287
f 468/1060/16 465/1061/16 467/1062/16
f 469/1063/24 466/1064/24 468/1065/24
f 471/1066/49 470/1067/49 469/1068/49
f 472/1069/20 473/1070/20 471/1071/20
f 476/1072/288 474/1073/288 472/1074/288
f 478/1075/39 475/1076/39 476/1077/39
f 480/1078/289 477/1079/289 478/1080/289
f 436/1081/36 479/1082/36 480/1083/36
f 461/1084/277 484/1085/277 481/1086/277
f 482/1087/279 481/1088/279 520/1089/279
f 483/1090/290 487/1091/290 484/1092/290
f 488/1093/20 485/1094/20 486/1095/20
f 486/1096/291 489/1097/291 488/1098/291
f 490/1099/26 491/1100/26 489/1101/26
f 492/1102/36 493/1103/36 491/1104/36
f 495/1105/44 494/1106/44 496/1107/44
f 496/1108/45 497/1109/45 495/1110/45
f 498/1111/292 499/1112/292 497/1113/292
f 500/1114/15 501/1115/15 499/1116/15
f 503/1117/287 502/1118/287 504/1119/287
f 504/1120/46 505/1121/46 503/1122/46
f 506/1123/290 507/1124/290 505/1125/290
f 508/1126/293 509/1127/293 507/1128/293
f 510/1129/21 511/1130/21 512/1131/21
f 510/1132/49 513/1133/49 514/1134/49
f 513/1135/36 516/1136/36 514/1137/36
f 515/1138/44 519/1139/44 516/1140/44
f 416/1141/25 517/1142/25 518/1143/25
f 520/1144/39 521/1145/39 482/1146/39
f 522/1147/29 523/1148/29 524/1149/29
f 526/1150/18 524/1151/18 525/1152/18
f 528/1153/294 525/1154/294 527/1155/294
f 527/1156/36 530/1157/36 528/1158/36
f 532/1159/26 529/1160/26 531/1161/26
f 535/1162/25 531/1163/25 533/1164/25
f 536/1165/34 533/1166/34 534/1167/34
f 534/1168/290 537/1169/290 536/1170/290
f 538/1171/277 539/1172/277 540/1173/277
f 543/1174/31 540/1175/31 541/1176/31
f 544/1177/282 541/1178/282 542/1179/282
f 542/1180/292 545/1181/292 544/1182/292
f 547/1183/28 546/1184/28 548/1185/28
f 549/1186/17 548/1187/17 550/1188/17
f 551/1189/295 550/1190/295 552/1191/295
f 552/1192/26 553/1193/26 551/1194/26
f 554/1195/25 555/1196/25 556/1197/25
f 557/1198/44 556/1199/44 431/1200/44
f 559/1201/15 561/1202/15 558/1203/15
f 662/1204/275 558/1205/275 560/1206/275
f 584/1207/8 568/1208/8 577/1209/8
f 563/1210/17 562/1211/17 561/1212/17
f 693/1213/2 622/1214/2 620/1215/2
f 566/1216/28 564/1217/28 565/1218/28
f 565/1219/19 568/1220/19 566/1221/19
f 567/1222/20 571/1223/20 568/1224/20
f 571/1225/21 570/1226/21 572/1227/21
f 573/1228/277 570/1229/277 574/1230/277
f 574/1231/23 575/1232/23 573/1233/23
f 607/1234/8 608/1235/8 625/1236/8
f 579/1237/41 577/1238/41 576/1239/41
f 579/1240/278 578/1241/278 580/1242/278
f 581/1243/279 584/1244/279 577/1245/279
f 582/1246/38 585/1247/38 584/1248/38
f 583/1249/280 586/1250/280 585/1251/280
f 587/1252/26 588/1253/26 586/1254/26
f 589/1255/281 590/1256/281 588/1257/281
f 592/1258/22 591/1259/22 590/1260/22
f 630/1261/2 603/1262/2 602/1263/2
f 593/1264/282 596/1265/282 591/1266/282
f 594/1267/296 597/1268/296 596/1269/296
f 595/1270/297 598/1271/297 597/1272/297
f 599/1273/25 600/1274/25 598/1275/25
f 602/1276/286 601/1277/286 600/1278/286
f 604/1279/21 601/1280/21 603/1281/21
f 606/1282/298 607/1283/298 604/1284/298
f 611/1285/287 608/1286/287 606/1287/287
f 612/1288/16 609/1289/16 611/1290/16
f 613/1291/24 610/1292/24 612/1293/24
f 615/1294/49 614/1295/49 613/1296/49
f 616/1297/20 617/1298/20 615/1299/20
f 620/1300/46 618/1301/46 616/1302/46
f 622/1303/39 619/1304/39 620/1305/39
f 624/1306/289 621/1307/289 622/1308/289
f 580/1309/43 623/1310/43 624/1311/43
f 605/1312/277 628/1313/277 625/1314/277
f 626/1315/279 625/1316/279 664/1317/279
f 627/1318/290 631/1319/290 628/1320/290
f 632/1321/20 629/1322/20 630/1323/20
f 630/1324/42 633/1325/42 632/1326/42
f 634/1327/26 635/1328/26 633/1329/26
f 636/1330/36 637/1331/36 635/1332/36
f 639/1333/44 638/1334/44 640/1335/44
f 640/1336/45 641/1337/45 639/1338/45
f 642/1339/29 643/1340/29 641/1341/29
f 644/1342/39 645/1343/39 643/1344/39
f 647/1345/287 646/1346/287 648/1347/287
f 648/1348/46 649/1349/46 647/1350/46
f 650/1351/299 651/1352/299 649/1353/299
f 652/1354/48 653/1355/48 651/1356/48
f 654/1357/21 655/1358/21 656/1359/21
f 654/1360/49 657/1361/49 658/1362/49
f 657/1363/36 660/1364/36 658/1365/36
f 659/1366/44 663/1367/44 660/1368/44
f 560/1369/25 661/1370/25 662/1371/25
f 664/1372/15 665/1373/15 626/1374/15
f 666/1375/29 667/1376/29 668/1377/29
f 670/1378/18 668/1379/18 669/1380/18
f 672/1381/294 669/1382/294 671/1383/294
f 671/1384/36 674/1385/36 672/1386/36
f 676/1387/26 673/1388/26 675/1389/26
f 679/1390/35 675/1391/35 677/1392/35
f 680/1393/34 677/1394/34 678/1395/34
f 678/1396/299 681/1397/299 680/1398/299
f 682/1399/277 683/1400/277 684/1401/277
f 687/1402/31 684/1403/31 685/1404/31
f 688/1405/282 685/1406/282 686/1407/282
f 686/1408/292 689/1409/292 688/1410/292
f 691/1411/28 690/1412/28 692/1413/28
f 693/1414/17 692/1415/17 694/1416/17
f 695/1417/295 694/1418/295 696/1419/295
f 696/1420/26 697/1421/26 695/1422/26
f 698/1423/25 699/1424/25 700/1425/25
f 701/1426/44 700/1427/44 575/1428/44
f 703/1429/15 705/1430/15 702/1431/15
f 806/1432/275 702/1433/275 704/1434/275
f 728/1435/8 712/1436/8 721/1437/8
f 707/1438/17 706/1439/17 705/1440/17
f 837/1441/2 766/1442/2 764/1443/2
f 710/1444/18 708/1445/18 709/1446/18
f 709/1447/19 712/1448/19 710/1449/19
f 711/1450/48 715/1451/48 712/1452/48
f 715/1453/31 714/1454/31 716/1455/31
f 717/1456/277 714/1457/277 718/1458/277
f 718/1459/23 719/1460/23 717/1461/23
f 751/1462/8 752/1463/8 769/1464/8
f 723/1465/41 721/1466/41 720/1467/41
f 723/1468/42 722/1469/42 724/1470/42
f 725/1471/279 728/1472/279 721/1473/279
f 726/1474/292 729/1475/292 728/1476/292
f 727/1477/37 730/1478/37 729/1479/37
f 731/1480/26 732/1481/26 730/1482/26
f 733/1483/281 734/1484/281 732/1485/281
f 736/1486/22 735/1487/22 734/1488/22
f 774/1489/2 747/1490/2 746/1491/2
f 737/1492/282 740/1493/282 735/1494/282
f 738/1495/18 741/1496/18 740/1497/18
f 739/1498/27 742/1499/27 741/1500/27
f 743/1501/35 744/1502/35 742/1503/35
f 746/1504/286 745/1505/286 744/1506/286
f 748/1507/21 745/1508/21 747/1509/21
f 750/1510/19 751/1511/19 748/1512/19
f 755/1513/287 752/1514/287 750/1515/287
f 756/1516/16 753/1517/16 755/1518/16
f 757/1519/24 754/1520/24 756/1521/24
f 759/1522/49 758/1523/49 757/1524/49
f 760/1525/20 761/1526/20 759/1527/20
f 764/1528/288 762/1529/288 760/1530/288
f 766/1531/39 763/1532/39 764/1533/39
f 768/1534/289 765/1535/289 766/1536/289
f 724/1537/43 767/1538/43 768/1539/43
f 749/1540/277 772/1541/277 769/1542/277
f 770/1543/279 769/1544/279 808/1545/279
f 771/1546/290 775/1547/290 772/1548/290
f 776/1549/20 773/1550/20 774/1551/20
f 774/1552/291 777/1553/291 776/1554/291
f 778/1555/26 779/1556/26 777/1557/26
f 780/1558/36 781/1559/36 779/1560/36
f 783/1561/44 782/1562/44 784/1563/44
f 784/1564/45 785/1565/45 783/1566/45
f 786/1567/29 787/1568/29 785/1569/29
f 788/1570/15 789/1571/15 787/1572/15
f 791/1573/287 790/1574/287 792/1575/287
f 792/1576/46 793/1577/46 791/1578/46
f 794/1579/299 795/1580/299 793/1581/299
f 796/1582/48 797/1583/48 795/1584/48
f 798/1585/276 799/1586/276 800/1587/276
f 798/1588/49 801/1589/49 802/1590/49
f 801/1591/36 804/1592/36 802/1593/36
f 803/1594/44 807/1595/44 804/1596/44
f 704/1597/25 805/1598/25 806/1599/25
f 808/1600/39 809/1601/39 770/1602/39
f 810/1603/29 811/1604/29 812/1605/29
f 814/1606/28 812/1607/28 813/1608/28
f 816/1609/294 813/1610/294 815/1611/294
f 815/1612/36 818/1613/36 816/1614/36
f 820/1615/26 817/1616/26 819/1617/26
f 823/1618/35 819/1619/35 821/1620/35
f 824/1621/34 821/1622/34 822/1623/34
f 822/1624/299 825/1625/299 824/1626/299
f 826/1627/277 827/1628/277 828/1629/277
f 831/1630/31 828/1631/31 829/1632/31
f 832/1633/282 829/1634/282 830/1635/282
f 830/1636/292 833/1637/292 832/1638/292
f 835/1639/28 834/1640/28 836/1641/28
f 837/1642/17 836/1643/17 838/1644/17
f 839/1645/295 838/1646/295 840/1647/295
f 840/1648/26 841/1649/26 839/1650/26
f 842/1651/25 843/1652/25 844/1653/25
f 845/1654/44 844/1655/44 719/1656/44
f 848/1657/300 847/1658/300 846/1659/300
f 851/1660/301 846/1661/301 849/1662/301
f 852/1663/44 849/1664/44 850/1665/44
f 853/1666/49 850/1667/49 855/1668/49
f 856/1669/48 853/1670/48 855/1671/48
f 859/1672/302 856/1673/302 857/1674/302
f 860/1675/303 857/1676/303 858/1677/303
f 861/1678/304 858/1679/304 863/1680/304
f 862/1681/36 863/1682/36 864/1683/36
f 867/1684/278 864/1685/278 865/1686/278
f 868/1687/47 865/1688/47 866/1689/47
f 869/1690/279 866/1691/279 871/1692/279
f 870/1693/305 871/1694/305 872/1695/305
f 875/1696/280 872/1697/280 873/1698/280
f 876/1699/306 873/1700/306 874/1701/306
f 877/1702/307 874/1703/307 879/1704/307
f 878/1705/308 879/1706/308 880/1707/308
f 883/1708/282 880/1709/282 881/1710/282
f 884/1711/296 881/1712/296 882/1713/296
f 885/1714/297 882/1715/297 887/1716/297
f 886/1717/25 887/1718/25 888/1719/25
f 889/1720/286 886/1721/286 888/1722/286
f 892/1723/31 889/1724/31 890/1725/31
f 893/1726/298 890/1727/298 847/1728/298
f 895/1729/11 903/1730/11 897/1731/11
f 896/1732/309 895/1733/309 894/1734/309
f 899/1735/310 894/1736/310 897/1737/310
f 900/1738/12 897/1739/12 898/1740/12
f 896/1741/7 900/1742/7 902/1743/7
f 901/1744/311 898/1745/311 903/1746/311
f 902/1747/312 903/1748/312 904/1749/312
f 905/1750/1 904/1751/1 895/1752/1
f 906/1753/117 910/1754/117 909/1755/117
f 937/1756/7 953/1757/7 969/1758/7
f 908/1759/121 909/1760/121 911/1761/121
f 913/1762/122 911/1763/122 912/1764/122
f 915/1765/124 912/1766/124 914/1767/124
f 917/1768/126 914/1769/126 916/1770/126
f 919/1771/128 916/1772/128 918/1773/128
f 921/1774/130 918/1775/130 920/1776/130
f 923/1777/132 920/1778/132 922/1779/132
f 925/1780/134 922/1781/134 924/1782/134
f 927/1783/136 924/1784/136 926/1785/136
f 929/1786/138 926/1787/138 928/1788/138
f 931/1789/140 928/1790/140 930/1791/140
f 933/1792/142 930/1793/142 932/1794/142
f 935/1795/144 932/1796/144 934/1797/144
f 937/1798/146 934/1799/146 936/1800/146
f 939/1801/148 936/1802/148 938/1803/148
f 941/1804/150 938/1805/150 940/1806/150
f 943/1807/152 940/1808/152 942/1809/152
f 945/1810/154 942/1811/154 944/1812/154
f 947/1813/156 944/1814/156 946/1815/156
f 949/1816/158 946/1817/158 948/1818/158
f 951/1819/160 948/1820/160 950/1821/160
f 953/1822/162 950/1823/162 952/1824/162
f 955/1825/164 952/1826/164 954/1827/164
f 957/1828/166 954/1829/166 956/1830/166
f 959/1831/168 956/1832/168 958/1833/168
f 961/1834/170 958/1835/170 960/1836/170
f 963/1837/172 960/1838/172 962/1839/172
f 965/1840/174 962/1841/174 964/1842/174
f 967/1843/176 964/1844/176 966/1845/176
f 969/1846/116 966/1847/116 968/1848/116
f 907/1849/115 968/1850/115 910/1851/115
f 1074/1852/275 970/1853/275 972/1854/275
f 971/1855/15 973/1856/15 970/1857/15
f 996/1858/8 980/1859/8 989/1860/8
f 975/1861/17 974/1862/17 973/1863/17
f 1105/1864/2 1034/1865/2 1032/1866/2
f 978/1867/18 976/1868/18 977/1869/18
f 977/1870/19 980/1871/19 978/1872/19
f 979/1873/48 983/1874/48 980/1875/48
f 981/1876/31 984/1877/31 983/1878/31
f 985/1879/277 982/1880/277 986/1881/277
f 986/1882/23 987/1883/23 985/1884/23
f 1019/1885/8 1020/1886/8 1037/1887/8
f 991/1888/41 989/1889/41 988/1890/41
f 991/1891/278 990/1892/278 992/1893/278
f 989/1894/279 994/1895/279 996/1896/279
f 996/1897/38 995/1898/38 997/1899/38
f 995/1900/280 998/1901/280 997/1902/280
f 999/1903/26 1000/1904/26 998/1905/26
f 1001/1906/281 1002/1907/281 1000/1908/281
f 1004/1909/22 1003/1910/22 1002/1911/22
f 1042/1912/2 1015/1913/2 1014/1914/2
f 1005/1915/313 1008/1916/313 1003/1917/313
f 1006/1918/283 1009/1919/283 1008/1920/283
f 1007/1921/284 1010/1922/284 1009/1923/284
f 1011/1924/285 1012/1925/285 1010/1926/285
f 1014/1927/286 1013/1928/286 1012/1929/286
f 1016/1930/21 1013/1931/21 1015/1932/21
f 1018/1933/19 1019/1934/19 1016/1935/19
f 1023/1936/287 1020/1937/287 1018/1938/287
f 1023/1939/16 1022/1940/16 1021/1941/16
f 1024/1942/314 1026/1943/314 1022/1944/314
f 1027/1945/49 1026/1946/49 1025/1947/49
f 1028/1948/20 1029/1949/20 1027/1950/20
f 1032/1951/288 1030/1952/288 1028/1953/288
f 1034/1954/39 1031/1955/39 1032/1956/39
f 1036/1957/289 1033/1958/289 1034/1959/289
f 992/1960/36 1035/1961/36 1036/1962/36
f 1038/1963/279 1037/1964/279 1076/1965/279
f 1017/1966/277 1040/1967/277 1037/1968/277
f 1039/1969/290 1043/1970/290 1040/1971/290
f 1044/1972/20 1041/1973/20 1042/1974/20
f 1042/1975/291 1045/1976/291 1044/1977/291
f 1046/1978/26 1047/1979/26 1045/1980/26
f 1048/1981/36 1049/1982/36 1047/1983/36
f 1051/1984/44 1050/1985/44 1052/1986/44
f 1052/1987/45 1053/1988/45 1051/1989/45
f 1054/1990/292 1055/1991/292 1053/1992/292
f 1056/1993/15 1057/1994/15 1055/1995/15
f 1059/1996/287 1058/1997/287 1060/1998/287
f 1060/1999/46 1061/2000/46 1059/2001/46
f 1062/2002/290 1063/2003/290 1061/2004/290
f 1064/2005/293 1065/2006/293 1063/2007/293
f 1066/2008/21 1067/2009/21 1068/2010/21
f 1068/2011/49 1070/2012/49 1066/2013/49
f 1069/2014/36 1072/2015/36 1070/2016/36
f 1071/2017/44 1075/2018/44 1072/2019/44
f 972/2020/25 1073/2021/25 1074/2022/25
f 1076/2023/39 1077/2024/39 1038/2025/39
f 1078/2026/29 1079/2027/29 1080/2028/29
f 1082/2029/18 1080/2030/18 1081/2031/18
f 1084/2032/294 1081/2033/294 1083/2034/294
f 1083/2035/36 1086/2036/36 1084/2037/36
f 1088/2038/26 1085/2039/26 1087/2040/26
f 1091/2041/25 1087/2042/25 1089/2043/25
f 1092/2044/34 1089/2045/34 1090/2046/34
f 1090/2047/290 1093/2048/290 1092/2049/290
f 1094/2050/277 1095/2051/277 1096/2052/277
f 1099/2053/31 1096/2054/31 1097/2055/31
f 1100/2056/282 1097/2057/282 1098/2058/282
f 1098/2059/292 1101/2060/292 1100/2061/292
f 1103/2062/28 1102/2063/28 1104/2064/28
f 1105/2065/17 1104/2066/17 1106/2067/17
f 1107/2068/295 1106/2069/295 1108/2070/295
f 1108/2071/26 1109/2072/26 1107/2073/26
f 1110/2074/25 1111/2075/25 1112/2076/25
f 1113/2077/44 1112/2078/44 987/2079/44
f 1215/2080/275 1114/2081/275 1116/2082/275
f 1115/2083/15 1117/2084/15 1114/2085/15
f 1140/2086/8 1124/2087/8 1133/2088/8
f 1119/2089/17 1118/2090/17 1117/2091/17
f 1121/2092/2 1119/2093/2 1115/2094/2
f 1122/2095/28 1120/2096/28 1121/2097/28
f 1121/2098/19 1124/2099/19 1122/2100/19
f 1244/2101/2 1178/2102/2 1176/2103/2
f 1123/2104/20 1128/2105/20 1124/2106/20
f 1125/2107/2 1126/2108/2 1123/2109/2
f 1126/2110/21 1129/2111/21 1128/2112/21
f 1130/2113/277 1127/2114/277 1125/2115/277
f 1125/2116/23 1131/2117/23 1130/2118/23
f 1163/2119/8 1164/2120/8 1181/2121/8
f 1135/2122/41 1133/2123/41 1132/2124/41
f 1135/2125/278 1134/2126/278 1136/2127/278
f 1133/2128/279 1138/2129/279 1140/2130/279
f 1140/2131/38 1139/2132/38 1141/2133/38
f 1139/2134/280 1142/2135/280 1141/2136/280
f 1143/2137/26 1144/2138/26 1142/2139/26
f 1145/2140/281 1146/2141/281 1144/2142/281
f 1148/2143/22 1147/2144/22 1146/2145/22
f 1151/2146/2 1150/2147/2 1204/2148/2
f 1149/2149/313 1152/2150/313 1147/2151/313
f 1150/2152/296 1153/2153/296 1152/2154/296
f 1151/2155/297 1154/2156/297 1153/2157/297
f 1155/2158/25 1156/2159/25 1154/2160/25
f 1158/2161/286 1157/2162/286 1156/2163/286
f 1160/2164/21 1157/2165/21 1159/2166/21
f 1162/2167/298 1163/2168/298 1160/2169/298
f 1167/2170/287 1164/2171/287 1162/2172/287
f 1167/2173/16 1166/2174/16 1165/2175/16
f 1168/2176/24 1170/2177/24 1166/2178/24
f 1171/2179/49 1170/2180/49 1169/2181/49
f 1172/2182/20 1173/2183/20 1171/2184/20
f 1176/2185/46 1174/2186/46 1172/2187/46
f 1178/2188/39 1175/2189/39 1176/2190/39
f 1180/2191/289 1177/2192/289 1178/2193/289
f 1136/2194/43 1179/2195/43 1180/2196/43
f 1182/2197/279 1181/2198/279 1220/2199/279
f 1161/2200/277 1185/2201/277 1181/2202/277
f 1183/2203/2 1184/2204/2 1161/2205/2
f 1184/2206/290 1187/2207/290 1185/2208/290
f 1188/2209/20 1186/2210/20 1183/2211/20
f 1183/2212/42 1189/2213/42 1188/2214/42
f 1190/2215/26 1191/2216/26 1189/2217/26
f 1192/2218/36 1193/2219/36 1191/2220/36
f 1195/2221/44 1194/2222/44 1196/2223/44
f 1196/2224/45 1197/2225/45 1195/2226/45
f 1198/2227/29 1199/2228/29 1197/2229/29
f 1200/2230/39 1201/2231/39 1199/2232/39
f 1203/2233/287 1202/2234/287 1204/2235/287
f 1204/2236/46 1205/2237/46 1203/2238/46
f 1206/2239/299 1207/2240/299 1205/2241/299
f 1208/2242/48 1209/2243/48 1207/2244/48
f 1210/2245/21 1211/2246/21 1212/2247/21
f 1212/2248/2 1208/2249/2 1206/2250/2
f 1212/2251/49 1214/2252/49 1210/2253/49
f 1213/2254/36 1217/2255/36 1214/2256/36
f 1213/2257/2 1218/2258/2 1216/2259/2
f 1216/2260/44 1219/2261/44 1217/2262/44
f 1116/2263/25 1218/2264/25 1215/2265/25
f 1198/2266/2 1202/2267/2 1200/2268/2
f 1196/2269/2 1192/2270/2 1190/2271/2
f 1220/2272/15 1222/2273/15 1182/2274/15
f 1182/2275/2 1223/2276/2 1221/2277/2
f 1223/2278/29 1224/2279/29 1225/2280/29
f 1221/2281/18 1225/2282/18 1226/2283/18
f 1228/2284/294 1226/2285/294 1227/2286/294
f 1227/2287/36 1230/2288/36 1228/2289/36
f 1232/2290/26 1229/2291/26 1231/2292/26
f 1235/2293/35 1231/2294/35 1233/2295/35
f 1236/2296/34 1233/2297/34 1234/2298/34
f 1235/2299/2 1230/2300/2 1232/2301/2
f 1234/2302/299 1238/2303/299 1236/2304/299
f 1236/2305/2 1239/2306/2 1237/2307/2
f 1239/2308/277 1240/2309/277 1241/2310/277
f 1237/2311/31 1241/2312/31 1242/2313/31
f 1244/2314/282 1242/2315/282 1243/2316/282
f 1243/2317/292 1246/2318/292 1244/2319/292
f 1249/2320/28 1245/2321/28 1247/2322/28
f 1250/2323/17 1247/2324/17 1248/2325/17
f 1244/2326/2 1249/2327/2 1250/2328/2
f 1251/2329/295 1248/2330/295 1252/2331/295
f 1252/2332/26 1253/2333/26 1251/2334/26
f 1251/2335/2 1255/2336/2 1254/2337/2
f 1254/2338/44 1256/2339/44 1131/2340/44
f 1255/2341/25 1257/2342/25 1256/2343/25
f 1362/2344/275 1258/2345/275 1260/2346/275
f 1259/2347/15 1261/2348/15 1258/2349/15
f 1284/2350/8 1268/2351/8 1277/2352/8
f 1263/2353/17 1262/2354/17 1261/2355/17
f 1393/2356/2 1322/2357/2 1320/2358/2
f 1266/2359/18 1264/2360/18 1265/2361/18
f 1265/2362/19 1268/2363/19 1266/2364/19
f 1267/2365/48 1271/2366/48 1268/2367/48
f 1269/2368/31 1272/2369/31 1271/2370/31
f 1273/2371/277 1270/2372/277 1274/2373/277
f 1274/2374/23 1275/2375/23 1273/2376/23
f 1307/2377/8 1308/2378/8 1325/2379/8
f 1279/2380/41 1277/2381/41 1276/2382/41
f 1279/2383/42 1278/2384/42 1280/2385/42
f 1277/2386/40 1282/2387/40 1284/2388/40
f 1284/2389/292 1283/2390/292 1285/2391/292
f 1283/2392/37 1286/2393/37 1285/2394/37
f 1287/2395/26 1288/2396/26 1286/2397/26
f 1289/2398/281 1290/2399/281 1288/2400/281
f 1292/2401/22 1291/2402/22 1290/2403/22
f 1292/2404/2 1356/2405/2 1350/2406/2
f 1293/2407/282 1296/2408/282 1291/2409/282
f 1294/2410/18 1297/2411/18 1296/2412/18
f 1295/2413/27 1298/2414/27 1297/2415/27
f 1299/2416/35 1300/2417/35 1298/2418/35
f 1302/2419/286 1301/2420/286 1300/2421/286
f 1304/2422/21 1301/2423/21 1303/2424/21
f 1306/2425/19 1307/2426/19 1304/2427/19
f 1311/2428/287 1308/2429/287 1306/2430/287
f 1311/2431/16 1310/2432/16 1309/2433/16
f 1312/2434/24 1314/2435/24 1310/2436/24
f 1315/2437/49 1314/2438/49 1313/2439/49
f 1316/2440/20 1317/2441/20 1315/2442/20
f 1320/2443/288 1318/2444/288 1316/2445/288
f 1322/2446/39 1319/2447/39 1320/2448/39
f 1324/2449/289 1321/2450/289 1322/2451/289
f 1280/2452/43 1323/2453/43 1324/2454/43
f 1326/2455/279 1325/2456/279 1364/2457/279
f 1305/2458/277 1328/2459/277 1325/2460/277
f 1327/2461/290 1331/2462/290 1328/2463/290
f 1332/2464/20 1329/2465/20 1330/2466/20
f 1330/2467/291 1333/2468/291 1332/2469/291
f 1334/2470/26 1335/2471/26 1333/2472/26
f 1336/2473/36 1337/2474/36 1335/2475/36
f 1339/2476/44 1338/2477/44 1340/2478/44
f 1340/2479/45 1341/2480/45 1339/2481/45
f 1342/2482/29 1343/2483/29 1341/2484/29
f 1344/2485/15 1345/2486/15 1343/2487/15
f 1347/2488/287 1346/2489/287 1348/2490/287
f 1348/2491/46 1349/2492/46 1347/2493/46
f 1350/2494/299 1351/2495/299 1349/2496/299
f 1352/2497/48 1353/2498/48 1351/2499/48
f 1354/2500/276 1355/2501/276 1356/2502/276
f 1356/2503/49 1358/2504/49 1354/2505/49
f 1357/2506/36 1360/2507/36 1358/2508/36
f 1359/2509/44 1363/2510/44 1360/2511/44
f 1260/2512/25 1361/2513/25 1362/2514/25
f 1364/2515/39 1365/2516/39 1326/2517/39
f 1366/2518/29 1367/2519/29 1368/2520/29
f 1370/2521/28 1368/2522/28 1369/2523/28
f 1372/2524/294 1369/2525/294 1371/2526/294
f 1371/2527/36 1374/2528/36 1372/2529/36
f 1376/2530/26 1373/2531/26 1375/2532/26
f 1379/2533/35 1375/2534/35 1377/2535/35
f 1380/2536/34 1377/2537/34 1378/2538/34
f 1378/2539/299 1381/2540/299 1380/2541/299
f 1382/2542/277 1383/2543/277 1384/2544/277
f 1387/2545/31 1384/2546/31 1385/2547/31
f 1388/2548/282 1385/2549/282 1386/2550/282
f 1386/2551/292 1389/2552/292 1388/2553/292
f 1391/2554/28 1390/2555/28 1392/2556/28
f 1393/2557/17 1392/2558/17 1394/2559/17
f 1395/2560/295 1394/2561/295 1396/2562/295
f 1396/2563/26 1397/2564/26 1395/2565/26
f 1398/2566/25 1399/2567/25 1400/2568/25
f 1401/2569/44 1400/2570/44 1275/2571/44
f 1404/2572/315 1403/2573/315 1402/2574/315
f 1407/2575/316 1402/2576/316 1405/2577/316
f 1408/2578/317 1405/2579/317 1406/2580/317
f 1409/2581/318 1406/2582/318 1411/2583/318
f 1410/2584/20 1411/2585/20 1412/2586/20
f 1415/2587/302 1412/2588/302 1413/2589/302
f 1416/2590/303 1413/2591/303 1414/2592/303
f 1417/2593/304 1414/2594/304 1419/2595/304
f 1418/2596/319 1419/2597/319 1420/2598/319
f 1423/2599/42 1420/2600/42 1421/2601/42
f 1424/2602/290 1421/2603/290 1422/2604/290
f 1425/2605/40 1422/2606/40 1427/2607/40
f 1426/2608/320 1427/2609/320 1428/2610/320
f 1431/2611/321 1428/2612/321 1429/2613/321
f 1432/2614/26 1429/2615/26 1430/2616/26
f 1435/2617/34 1432/2618/34 1430/2619/34
f 1434/2620/322 1435/2621/322 1436/2622/322
f 1439/2623/30 1436/2624/30 1437/2625/30
f 1440/2626/296 1437/2627/296 1438/2628/296
f 1441/2629/297 1438/2630/297 1443/2631/297
f 1442/2632/25 1443/2633/25 1444/2634/25
f 1447/2635/23 1444/2636/23 1445/2637/23
f 1448/2638/31 1445/2639/31 1446/2640/31
f 1449/2641/19 1446/2642/19 1403/2643/19
f 1451/2644/323 1452/2645/323 1485/2646/323
f 1453/2647/324 1451/2648/324 1476/2649/324
f 1454/2650/325 1452/2651/325 1450/2652/325
f 1453/2653/326 1454/2654/326 1450/2655/326
f 1457/2656/327 1456/2657/327 1461/2658/327
f 1456/2659/328 1458/2660/328 1452/2661/328
f 1457/2662/329 1460/2663/329 1458/2664/329
f 1459/2665/330 1462/2666/330 1460/2667/330
f 1461/2668/331 1464/2669/331 1462/2670/331
f 1463/2671/332 1466/2672/332 1464/2673/332
f 1466/2674/333 1467/2675/333 1468/2676/333
f 1468/2677/334 1469/2678/334 1470/2679/334
f 1470/2680/335 1471/2681/335 1472/2682/335
f 1472/2683/336 1473/2684/336 1474/2685/336
f 1474/2686/337 1455/2687/337 1453/2688/337
f 1472/2689/338 1475/2690/338 1477/2691/338
f 1474/2692/339 1476/2693/339 1475/2694/339
f 1478/2695/2 1477/2696/2 1475/2697/2
f 1470/2698/340 1477/2699/340 1478/2700/340
f 1468/2701/341 1478/2702/341 1479/2703/341
f 1466/2704/342 1479/2705/342 1480/2706/342
f 1481/2707/343 1466/2708/343 1480/2709/343
f 1482/2710/344 1464/2711/344 1481/2712/344
f 1483/2713/345 1462/2714/345 1482/2715/345
f 1484/2716/346 1460/2717/346 1483/2718/346
f 1485/2719/347 1458/2720/347 1484/2721/347
f 1486/2722/348 1491/2723/348 1487/2724/348
f 1492/2725/349 1486/2726/349 1488/2727/349
f 1605/2728/350 1616/2729/350 1618/2730/350
f 1503/2731/350 1505/2732/350 1525/2733/350
f 1493/2734/351 1488/2735/351 1494/2736/351
f 1496/2737/352 1493/2738/352 1494/2739/352
f 1497/2740/353 1496/2741/353 1498/2742/353
f 1499/2743/354 1498/2744/354 1500/2745/354
f 1502/2746/355 1499/2747/355 1500/2748/355
f 1503/2749/356 1502/2750/356 1504/2751/356
f 1506/2752/357 1503/2753/357 1504/2754/357
f 1508/2755/358 1505/2756/358 1506/2757/358
f 1509/2758/359 1508/2759/359 1510/2760/359
f 1511/2761/360 1510/2762/360 1512/2763/360
f 1514/2764/361 1511/2765/361 1512/2766/361
f 1515/2767/362 1514/2768/362 1611/2769/362
f 1520/2770/363 1516/2771/363 1517/2772/363
f 1610/2773/364 1516/2774/364 1518/2775/364
f 1520/2776/365 1521/2777/365 1519/2778/365
f 1524/2779/359 1521/2780/359 1522/2781/359
f 1526/2782/358 1523/2783/358 1524/2784/358
f 1526/2785/366 1527/2786/366 1525/2787/366
f 1528/2788/367 1529/2789/367 1527/2790/367
f 1532/2791/368 1529/2792/368 1530/2793/368
f 1534/2794/369 1531/2795/369 1532/2796/369
f 1534/2797/370 1535/2798/370 1533/2799/370
f 1538/2800/371 1535/2801/371 1536/2802/371
f 1540/2803/372 1537/2804/372 1538/2805/372
f 1540/2806/373 1490/2807/373 1539/2808/373
f 1526/2809/374 1576/2810/374 1578/2811/374
f 1490/2812/375 1542/2813/375 1591/2814/375
f 1558/2815/327 1600/2816/327 1556/2817/327
f 1544/2818/375 1546/2819/375 1543/2820/375
f 1545/2821/349 1544/2822/349 1543/2823/349
f 1546/2824/376 1549/2825/376 1548/2826/376
f 1549/2827/377 1550/2828/377 1548/2829/377
f 1551/2830/378 1552/2831/378 1550/2832/378
f 1552/2833/379 1555/2834/379 1554/2835/379
f 1554/2836/380 1557/2837/380 1556/2838/380
f 1557/2839/381 1558/2840/381 1556/2841/381
f 1559/2842/382 1560/2843/382 1558/2844/382
f 1560/2845/383 1563/2846/383 1562/2847/383
f 1563/2848/384 1564/2849/384 1562/2850/384
f 1564/2851/385 1567/2852/385 1566/2853/385
f 1567/2854/386 1568/2855/386 1566/2856/386
f 1568/2857/387 1571/2858/387 1570/2859/387
f 1571/2860/365 1572/2861/365 1570/2862/365
f 1573/2863/359 1574/2864/359 1572/2865/359
f 1575/2866/358 1576/2867/358 1574/2868/358
f 1576/2869/357 1579/2870/357 1578/2871/357
f 1578/2872/356 1581/2873/356 1580/2874/356
f 1581/2875/355 1582/2876/355 1580/2877/355
f 1583/2878/354 1584/2879/354 1582/2880/354
f 1584/2881/370 1587/2882/370 1586/2883/370
f 1586/2884/388 1589/2885/388 1588/2886/388
f 1589/2887/389 1545/2888/389 1588/2889/389
f 1542/2890/376 1593/2891/376 1591/2892/376
f 1594/2893/390 1593/2894/390 1592/2895/390
f 1596/2896/391 1595/2897/391 1594/2898/391
f 1598/2899/392 1597/2900/392 1596/2901/392
f 1598/2902/393 1601/2903/393 1599/2904/393
f 1602/2905/394 1601/2906/394 1600/2907/394
f 1604/2908/395 1603/2909/395 1602/2910/395
f 1604/2911/383 1607/2912/383 1605/2913/383
f 1608/2914/396 1607/2915/396 1606/2916/396
f 1610/2917/385 1609/2918/385 1608/2919/385
f 1613/2920/397 1515/2921/397 1611/2922/397
f 1614/2923/398 1613/2924/398 1615/2925/398
f 1616/2926/383 1615/2927/383 1617/2928/383
f 1618/2929/382 1617/2930/382 1619/2931/382
f 1621/2932/399 1618/2933/399 1619/2934/399
f 1622/2935/400 1621/2936/400 1623/2937/400
f 1625/2938/379 1622/2939/379 1623/2940/379
f 1627/2941/401 1624/2942/401 1625/2943/401
f 1628/2944/390 1627/2945/390 1629/2946/390
f 1487/2947/402 1628/2948/402 1629/2949/402
f 1631/2950/403 1632/2951/403 1665/2952/403
f 1633/2953/404 1631/2954/404 1656/2955/404
f 1634/2956/326 1632/2957/326 1630/2958/326
f 1633/2959/325 1634/2960/325 1630/2961/325
f 1637/2962/405 1636/2963/405 1641/2964/405
f 1636/2965/337 1638/2966/337 1632/2967/337
f 1637/2968/336 1640/2969/336 1638/2970/336
f 1639/2971/335 1642/2972/335 1640/2973/335
f 1641/2974/406 1644/2975/406 1642/2976/406
f 1643/2977/333 1646/2978/333 1644/2979/333
f 1646/2980/332 1647/2981/332 1648/2982/332
f 1648/2983/407 1649/2984/407 1650/2985/407
f 1650/2986/408 1651/2987/408 1652/2988/408
f 1652/2989/409 1653/2990/409 1654/2991/409
f 1654/2992/328 1635/2993/328 1633/2994/328
f 1652/2995/345 1655/2996/345 1657/2997/345
f 1654/2998/410 1656/2999/410 1655/3000/410
f 1658/3001/2 1657/3002/2 1655/3003/2
f 1650/3004/411 1657/3005/411 1658/3006/411
f 1648/3007/347 1658/3008/347 1659/3009/347
f 1646/3010/412 1659/3011/412 1660/3012/412
f 1661/3013/413 1646/3014/413 1660/3015/413
f 1662/3016/414 1644/3017/414 1661/3018/414
f 1663/3019/415 1642/3020/415 1662/3021/415
f 1664/3022/340 1640/3023/340 1663/3024/340
f 1665/3025/341 1638/3026/341 1664/3027/341
f 1666/3028/416 1677/3029/416 1667/3030/416
f 1675/3031/8 1670/3032/8 1669/3033/8
f 1671/3034/417 1666/3035/417 1669/3036/417
f 1672/3037/7 1669/3038/7 1670/3039/7
f 1672/3040/2 1673/3041/2 1674/3042/2
f 1673/3043/418 1670/3044/418 1675/3045/418
f 1674/3046/419 1675/3047/419 1676/3048/419
f 1677/3049/11 1676/3050/11 1667/3051/11
f 1679/3052/324 1680/3053/324 1713/3054/324
f 1681/3055/323 1679/3056/323 1704/3057/323
f 1682/3058/333 1680/3059/333 1678/3060/333
f 1681/3061/332 1682/3062/332 1678/3063/332
f 1685/3064/420 1684/3065/420 1689/3066/420
f 1684/3067/406 1686/3068/406 1680/3069/406
f 1685/3070/421 1688/3071/421 1686/3072/421
f 1687/3073/336 1690/3074/336 1688/3075/336
f 1689/3076/422 1692/3077/422 1690/3078/422
f 1691/3079/326 1694/3080/326 1692/3081/326
f 1694/3082/325 1695/3083/325 1696/3084/325
f 1696/3085/328 1697/3086/328 1698/3087/328
f 1698/3088/329 1699/3089/329 1700/3090/329
f 1700/3091/330 1701/3092/330 1702/3093/330
f 1702/3094/331 1683/3095/331 1681/3096/331
f 1700/3097/411 1703/3098/411 1705/3099/411
f 1702/3100/423 1704/3101/423 1703/3102/423
f 1706/3103/8 1705/3104/8 1703/3105/8
f 1698/3106/345 1705/3107/345 1706/3108/345
f 1696/3109/344 1706/3110/344 1707/3111/344
f 1694/3112/404 1707/3113/404 1708/3114/404
f 1709/3115/342 1694/3116/342 1708/3117/342
f 1710/3118/424 1692/3119/424 1709/3120/424
f 1711/3121/425 1690/3122/425 1710/3123/425
f 1712/3124/338 1688/3125/338 1711/3126/338
f 1713/3127/339 1686/3128/339 1712/3129/339
f 1714/3130/387 1719/3131/387 1715/3132/387
f 1720/3133/386 1714/3134/386 1716/3135/386
f 1851/3136/350 1750/3137/350 1752/3138/350
f 1731/3139/350 1776/3140/350 1729/3141/350
f 1722/3142/385 1720/3143/385 1716/3144/385
f 1723/3145/384 1722/3146/384 1724/3147/384
f 1726/3148/426 1723/3149/426 1724/3150/426
f 1727/3151/427 1726/3152/427 1728/3153/427
f 1729/3154/428 1728/3155/428 1730/3156/428
f 1732/3157/429 1729/3158/429 1730/3159/429
f 1734/3160/430 1731/3161/430 1732/3162/430
f 1735/3163/431 1734/3164/431 1736/3165/431
f 1738/3166/432 1735/3167/432 1736/3168/432
f 1740/3169/402 1737/3170/402 1738/3171/402
f 1741/3172/433 1740/3173/433 1742/3174/433
f 1744/3175/434 1742/3176/434 1745/3177/434
f 1746/3178/351 1745/3179/351 1747/3180/351
f 1748/3181/371 1747/3182/371 1749/3183/371
f 1751/3184/435 1748/3185/435 1749/3186/435
f 1752/3187/354 1751/3188/354 1753/3189/354
f 1754/3190/355 1753/3191/355 1755/3192/355
f 1757/3193/356 1754/3194/356 1755/3195/356
f 1758/3196/436 1757/3197/436 1759/3198/436
f 1760/3199/437 1759/3200/437 1761/3201/437
f 1763/3202/359 1760/3203/359 1761/3204/359
f 1719/3205/365 1763/3206/365 1715/3207/365
f 1764/3208/438 1766/3209/438 1743/3210/438
f 1857/3211/439 1743/3212/439 1765/3213/439
f 1769/3214/440 1766/3215/440 1767/3216/440
f 1771/3217/377 1768/3218/377 1769/3219/377
f 1771/3220/391 1772/3221/391 1770/3222/391
f 1775/3223/392 1772/3224/392 1773/3225/392
f 1777/3226/429 1774/3227/429 1775/3228/429
f 1779/3229/428 1776/3230/428 1777/3231/428
f 1781/3232/395 1778/3233/395 1779/3234/395
f 1783/3235/383 1780/3236/383 1781/3237/383
f 1785/3238/396 1782/3239/396 1783/3240/396
f 1787/3241/385 1784/3242/385 1785/3243/385
f 1787/3244/364 1718/3245/364 1786/3246/364
f 1829/3247/420 1831/3248/420 1781/3249/420
f 1718/3250/441 1789/3251/441 1839/3252/441
f 1805/3253/420 1848/3254/420 1803/3255/420
f 1790/3256/442 1794/3257/442 1793/3258/442
f 1837/3259/443 1790/3260/443 1792/3261/443
f 1794/3262/365 1795/3263/365 1793/3264/365
f 1796/3265/444 1797/3266/444 1795/3267/444
f 1797/3268/445 1800/3269/445 1799/3270/445
f 1800/3271/366 1801/3272/366 1799/3273/366
f 1802/3274/356 1803/3275/356 1801/3276/356
f 1803/3277/355 1806/3278/355 1805/3279/355
f 1805/3280/369 1808/3281/369 1807/3282/369
f 1808/3283/370 1809/3284/370 1807/3285/370
f 1810/3286/446 1811/3287/446 1809/3288/446
f 1811/3289/351 1814/3290/351 1813/3291/351
f 1814/3292/434 1815/3293/434 1813/3294/434
f 1815/3295/433 1818/3296/433 1817/3297/433
f 1818/3298/402 1819/3299/402 1817/3300/402
f 1819/3301/390 1822/3302/390 1821/3303/390
f 1821/3304/391 1824/3305/391 1823/3306/391
f 1824/3307/392 1825/3308/392 1823/3309/392
f 1826/3310/429 1827/3311/429 1825/3312/429
f 1827/3313/428 1830/3314/428 1829/3315/428
f 1829/3316/395 1832/3317/395 1831/3318/395
f 1832/3319/383 1833/3320/383 1831/3321/383
f 1833/3322/396 1836/3323/396 1835/3324/396
f 1835/3325/385 1837/3326/385 1792/3327/385
f 1789/3328/365 1840/3329/365 1839/3330/365
f 1838/3331/359 1841/3332/359 1840/3333/359
f 1842/3334/358 1843/3335/358 1841/3336/358
f 1846/3337/366 1843/3338/366 1844/3339/366
f 1846/3340/356 1847/3341/356 1845/3342/356
f 1848/3343/355 1849/3344/355 1847/3345/355
f 1850/3346/369 1851/3347/369 1849/3348/369
f 1852/3349/447 1853/3350/447 1851/3351/447
f 1854/3352/371 1855/3353/371 1853/3354/371
f 1856/3355/372 1765/3356/372 1855/3357/372
f 1859/3358/448 1860/3359/448 1893/3360/448
f 1861/3361/403 1859/3362/403 1884/3363/403
f 1862/3364/332 1860/3365/332 1858/3366/332
f 1861/3367/333 1862/3368/333 1858/3369/333
f 1865/3370/350 1864/3371/350 1869/3372/350
f 1864/3373/331 1866/3374/331 1860/3375/331
f 1865/3376/408 1868/3377/408 1866/3378/408
f 1867/3379/329 1870/3380/329 1868/3381/329
f 1869/3382/449 1872/3383/449 1870/3384/449
f 1871/3385/325 1874/3386/325 1872/3387/325
f 1874/3388/326 1875/3389/326 1876/3390/326
f 1876/3391/422 1877/3392/422 1878/3393/422
f 1878/3394/336 1879/3395/336 1880/3396/336
f 1880/3397/335 1881/3398/335 1882/3399/335
f 1882/3400/450 1863/3401/450 1861/3402/450
f 1880/3403/340 1883/3404/340 1885/3405/340
f 1882/3406/341 1884/3407/341 1883/3408/341
f 1886/3409/8 1885/3410/8 1883/3411/8
f 1878/3412/338 1885/3413/338 1886/3414/338
f 1876/3415/339 1886/3416/339 1887/3417/339
f 1874/3418/413 1887/3419/413 1888/3420/413
f 1889/3421/323 1874/3422/323 1888/3423/323
f 1890/3424/347 1872/3425/347 1889/3426/347
f 1891/3427/411 1870/3428/411 1890/3429/411
f 1892/3430/345 1868/3431/345 1891/3432/345
f 1893/3433/451 1866/3434/451 1892/3435/451
f 1895/3436/15 1897/3437/15 1894/3438/15
f 1989/3439/275 1894/3440/275 1896/3441/275
f 1944/3442/8 1950/3443/8 1952/3444/8
f 1899/3445/287 1898/3446/287 1897/3447/287
f 1981/3448/2 1973/3449/2 1967/3450/2
f 1902/3451/28 1900/3452/28 1901/3453/28
f 1901/3454/19 1904/3455/19 1902/3456/19
f 1903/3457/48 1906/3458/48 1904/3459/48
f 1905/3460/21 1908/3461/21 1906/3462/21
f 1910/3463/22 1907/3464/22 1909/3465/22
f 1909/3466/23 1912/3467/23 1910/3468/23
f 1911/3469/44 1914/3470/44 1912/3471/44
f 1913/3472/25 1916/3473/25 1914/3474/25
f 1917/3475/26 1916/3476/26 1915/3477/26
f 1917/3478/295 1920/3479/295 1918/3480/295
f 1919/3481/17 1922/3482/17 1920/3483/17
f 1921/3484/28 1924/3485/28 1922/3486/28
f 1925/3487/29 1924/3488/29 1923/3489/29
f 1925/3490/282 1928/3491/282 1926/3492/282
f 1927/3493/452 1930/3494/452 1928/3495/452
f 1929/3496/22 1932/3497/22 1930/3498/22
f 1934/3499/290 1931/3500/290 1933/3501/290
f 1933/3502/281 1936/3503/281 1934/3504/281
f 1935/3505/25 1938/3506/25 1936/3507/25
f 1937/3508/453 1940/3509/453 1938/3510/453
f 1942/3511/43 1939/3512/43 1941/3513/43
f 1942/3514/37 1943/3515/37 1944/3516/37
f 1943/3517/18 1946/3518/18 1944/3519/18
f 1945/3520/38 1948/3521/38 1946/3522/38
f 1950/3523/454 1947/3524/454 1949/3525/454
f 1949/3526/279 1952/3527/279 1950/3528/279
f 1952/3529/277 1953/3530/277 1954/3531/277
f 1953/3532/290 1956/3533/290 1954/3534/290
f 1958/3535/48 1955/3536/48 1957/3537/48
f 1957/3538/291 1960/3539/291 1958/3540/291
f 1959/3541/26 1962/3542/26 1960/3543/26
f 1961/3544/36 1964/3545/36 1962/3546/36
f 1966/3547/24 1963/3548/24 1965/3549/24
f 1965/3550/455 1968/3551/455 1966/3552/455
f 1967/3553/29 1970/3554/29 1968/3555/29
f 1969/3556/15 1972/3557/15 1970/3558/15
f 1974/3559/17 1971/3560/17 1973/3561/17
f 1973/3562/46 1976/3563/46 1974/3564/46
f 1975/3565/41 1978/3566/41 1976/3567/41
f 1977/3568/20 1980/3569/20 1978/3570/20
f 1982/3571/21 1979/3572/21 1981/3573/21
f 1981/3574/49 1984/3575/49 1982/3576/49
f 1984/3577/319 1985/3578/319 1986/3579/319
f 1985/3580/44 1988/3581/44 1986/3582/44
f 1896/3583/456 1987/3584/456 1989/3585/456
f 2085/3586/275 1990/3587/275 1992/3588/275
f 1991/3589/303 1993/3590/303 1990/3591/303
f 2040/3592/8 2046/3593/8 2048/3594/8
f 1995/3595/287 1994/3596/287 1993/3597/287
f 2077/3598/2 2069/3599/2 2063/3600/2
f 1998/3601/28 1996/3602/28 1997/3603/28
f 1997/3604/19 2000/3605/19 1998/3606/19
f 1999/3607/48 2002/3608/48 2000/3609/48
f 2002/3610/21 2003/3611/21 2004/3612/21
f 2006/3613/277 2003/3614/277 2005/3615/277
f 2005/3616/457 2008/3617/457 2006/3618/457
f 2007/3619/44 2010/3620/44 2008/3621/44
f 2009/3622/25 2012/3623/25 2010/3624/25
f 2013/3625/26 2012/3626/26 2011/3627/26
f 2013/3628/295 2016/3629/295 2014/3630/295
f 2015/3631/17 2018/3632/17 2016/3633/17
f 2017/3634/28 2020/3635/28 2018/3636/28
f 2021/3637/29 2020/3638/29 2019/3639/29
f 2021/3640/282 2024/3641/282 2022/3642/282
f 2023/3643/31 2026/3644/31 2024/3645/31
f 2025/3646/22 2028/3647/22 2026/3648/22
f 2030/3649/41 2027/3650/41 2029/3651/41
f 2029/3652/34 2032/3653/34 2030/3654/34
f 2031/3655/25 2034/3656/25 2032/3657/25
f 2033/3658/453 2036/3659/453 2034/3660/453
f 2038/3661/43 2035/3662/43 2037/3663/43
f 2038/3664/37 2039/3665/37 2040/3666/37
f 2039/3667/18 2042/3668/18 2040/3669/18
f 2041/3670/38 2044/3671/38 2042/3672/38
f 2046/3673/15 2043/3674/15 2045/3675/15
f 2045/3676/279 2048/3677/279 2046/3678/279
f 2048/3679/277 2049/3680/277 2050/3681/277
f 2049/3682/290 2052/3683/290 2050/3684/290
f 2054/3685/48 2051/3686/48 2053/3687/48
f 2053/3688/291 2056/3689/291 2054/3690/291
f 2055/3691/26 2058/3692/26 2056/3693/26
f 2057/3694/36 2060/3695/36 2058/3696/36
f 2062/3697/24 2059/3698/24 2061/3699/24
f 2061/3700/455 2064/3701/455 2062/3702/455
f 2063/3703/29 2066/3704/29 2064/3705/29
f 2065/3706/303 2068/3707/303 2066/3708/303
f 2070/3709/17 2067/3710/17 2069/3711/17
f 2070/3712/46 2071/3713/46 2072/3714/46
f 2071/3715/41 2074/3716/41 2072/3717/41
f 2074/3718/293 2075/3719/293 2076/3720/293
f 2078/3721/21 2075/3722/21 2077/3723/21
f 2077/3724/49 2080/3725/49 2078/3726/49
f 2080/3727/36 2081/3728/36 2082/3729/36
f 2081/3730/44 2084/3731/44 2082/3732/44
f 1992/3733/35 2083/3734/35 2085/3735/35
f 2088/3736/300 2087/3737/300 2086/3738/300
f 2091/3739/301 2086/3740/301 2089/3741/301
f 2092/3742/24 2089/3743/24 2090/3744/24
f 2093/3745/318 2090/3746/318 2095/3747/318
f 2096/3748/48 2093/3749/48 2095/3750/48
f 2099/3751/46 2096/3752/46 2097/3753/46
f 2100/3754/39 2097/3755/39 2098/3756/39
f 2101/3757/458 2098/3758/458 2103/3759/458
f 2102/3760/459 2103/3761/459 2104/3762/459
f 2107/3763/278 2104/3764/278 2105/3765/278
f 2108/3766/460 2105/3767/460 2106/3768/460
f 2109/3769/461 2106/3770/461 2111/3771/461
f 2110/3772/38 2111/3773/38 2112/3774/38
f 2115/3775/462 2112/3776/462 2113/3777/462
f 2116/3778/26 2113/3779/26 2114/3780/26
f 2117/3781/281 2114/3782/281 2119/3783/281
f 2118/3784/32 2119/3785/32 2120/3786/32
f 2123/3787/463 2120/3788/463 2121/3789/463
f 2124/3790/296 2121/3791/296 2122/3792/296
f 2125/3793/297 2122/3794/297 2127/3795/297
f 2126/3796/464 2127/3797/464 2128/3798/464
f 2129/3799/457 2126/3800/457 2128/3801/457
f 2132/3802/21 2129/3803/21 2130/3804/21
f 2133/3805/19 2130/3806/19 2087/3807/19
f 2136/3808/465 2135/3809/465 2134/3810/465
f 2139/3811/466 2134/3812/466 2137/3813/466
f 2140/3814/44 2137/3815/44 2138/3816/44
f 2141/3817/467 2138/3818/467 2143/3819/467
f 2142/3820/468 2143/3821/468 2144/3822/468
f 2147/3823/302 2144/3824/302 2145/3825/302
f 2148/3826/303 2145/3827/303 2146/3828/303
f 2149/3829/304 2146/3830/304 2151/3831/304
f 2150/3832/469 2151/3833/469 2152/3834/469
f 2155/3835/278 2152/3836/278 2153/3837/278
f 2156/3838/41 2153/3839/41 2154/3840/41
f 2157/3841/279 2154/3842/279 2159/3843/279
f 2158/3844/320 2159/3845/320 2160/3846/320
f 2163/3847/321 2160/3848/321 2161/3849/321
f 2164/3850/453 2161/3851/453 2162/3852/453
f 2167/3853/34 2164/3854/34 2162/3855/34
f 2166/3856/470 2167/3857/470 2168/3858/470
f 2171/3859/471 2168/3860/471 2169/3861/471
f 2172/3862/283 2169/3863/283 2170/3864/283
f 2173/3865/472 2170/3866/472 2175/3867/472
f 2174/3868/456 2175/3869/456 2176/3870/456
f 2179/3871/473 2176/3872/473 2177/3873/473
f 2180/3874/31 2177/3875/31 2178/3876/31
f 2181/3877/298 2178/3878/298 2135/3879/298
f 2183/3880/323 2184/3881/323 2217/3882/323
f 2185/3883/324 2183/3884/324 2208/3885/324
f 2186/3886/325 2184/3887/325 2182/3888/325
f 2185/3889/326 2186/3890/326 2182/3891/326
f 2189/3892/420 2188/3893/420 2193/3894/420
f 2188/3895/328 2190/3896/328 2184/3897/328
f 2189/3898/329 2192/3899/329 2190/3900/329
f 2191/3901/330 2194/3902/330 2192/3903/330
f 2193/3904/474 2196/3905/474 2194/3906/474
f 2195/3907/332 2198/3908/332 2196/3909/332
f 2198/3910/333 2199/3911/333 2200/3912/333
f 2200/3913/334 2201/3914/334 2202/3915/334
f 2202/3916/475 2203/3917/475 2204/3918/475
f 2204/3919/336 2205/3920/336 2206/3921/336
f 2206/3922/337 2187/3923/337 2185/3924/337
f 2204/3925/415 2207/3926/415 2209/3927/415
f 2206/3928/339 2208/3929/339 2207/3930/339
f 2210/3931/2 2209/3932/2 2207/3933/2
f 2202/3934/476 2209/3935/476 2210/3936/476
f 2200/3937/341 2210/3938/341 2211/3939/341
f 2198/3940/342 2211/3941/342 2212/3942/342
f 2213/3943/343 2198/3944/343 2212/3945/343
f 2214/3946/344 2196/3947/344 2213/3948/344
f 2215/3949/345 2194/3950/345 2214/3951/345
f 2216/3952/346 2192/3953/346 2215/3954/346
f 2217/3955/347 2190/3956/347 2216/3957/347
f 2218/3958/433 2223/3959/433 2219/3960/433
f 2224/3961/477 2218/3962/477 2220/3963/477
f 2354/3964/350 2356/3965/350 2329/3966/350
f 2235/3967/350 2261/3968/350 2233/3969/350
f 2225/3970/351 2220/3971/351 2226/3972/351
f 2228/3973/446 2225/3974/446 2226/3975/446
f 2229/3976/353 2228/3977/353 2230/3978/353
f 2231/3979/354 2230/3980/354 2232/3981/354
f 2234/3982/355 2231/3983/355 2232/3984/355
f 2235/3985/356 2234/3986/356 2236/3987/356
f 2238/3988/357 2235/3989/357 2236/3990/357
f 2240/3991/478 2237/3992/478 2238/3993/478
f 2241/3994/359 2240/3995/359 2242/3996/359
f 2243/3997/479 2242/3998/479 2244/3999/479
f 2246/4000/441 2243/4001/441 2244/4002/441
f 2247/4003/364 2246/4004/364 2343/4005/364
f 2252/4006/441 2248/4007/441 2249/4008/441
f 2342/4009/364 2248/4010/364 2250/4011/364
f 2252/4012/365 2253/4013/365 2251/4014/365
f 2256/4015/480 2253/4016/480 2254/4017/480
f 2258/4018/358 2255/4019/358 2256/4020/358
f 2258/4021/366 2259/4022/366 2257/4023/366
f 2260/4024/367 2261/4025/367 2259/4026/367
f 2264/4027/368 2261/4028/368 2262/4029/368
f 2266/4030/369 2263/4031/369 2264/4032/369
f 2266/4033/353 2267/4034/353 2265/4035/353
f 2270/4036/371 2267/4037/371 2268/4038/371
f 2272/4039/372 2269/4040/372 2270/4041/372
f 2272/4042/481 2222/4043/481 2271/4044/481
f 2258/4045/482 2308/4046/482 2310/4047/482
f 2222/4048/483 2274/4049/483 2323/4050/483
f 2290/4051/327 2332/4052/327 2288/4053/327
f 2276/4054/438 2278/4055/438 2275/4056/438
f 2277/4057/439 2276/4058/439 2275/4059/439
f 2278/4060/376 2281/4061/376 2280/4062/376
f 2281/4063/390 2282/4064/390 2280/4065/390
f 2283/4066/484 2284/4067/484 2282/4068/484
f 2284/4069/379 2287/4070/379 2286/4071/379
f 2286/4072/380 2289/4073/380 2288/4074/380
f 2289/4075/485 2290/4076/485 2288/4077/485
f 2291/4078/486 2292/4079/486 2290/4080/486
f 2292/4081/383 2295/4082/383 2294/4083/383
f 2295/4084/384 2296/4085/384 2294/4086/384
f 2296/4087/385 2299/4088/385 2298/4089/385
f 2299/4090/386 2300/4091/386 2298/4092/386
f 2300/4093/387 2303/4094/387 2302/4095/387
f 2303/4096/365 2304/4097/365 2302/4098/365
f 2305/4099/359 2306/4100/359 2304/4101/359
f 2307/4102/358 2308/4103/358 2306/4104/358
f 2308/4105/487 2311/4106/487 2310/4107/487
f 2310/4108/356 2313/4109/356 2312/4110/356
f 2313/4111/355 2314/4112/355 2312/4113/355
f 2315/4114/354 2316/4115/354 2314/4116/354
f 2316/4117/488 2319/4118/488 2318/4119/488
f 2318/4120/446 2321/4121/446 2320/4122/446
f 2321/4123/351 2277/4124/351 2320/4125/351
f 2274/4126/402 2325/4127/402 2323/4128/402
f 2326/4129/489 2325/4130/489 2324/4131/489
f 2328/4132/391 2327/4133/391 2326/4134/391
f 2330/4135/392 2329/4136/392 2328/4137/392
f 2330/4138/393 2333/4139/393 2331/4140/393
f 2334/4141/394 2333/4142/394 2332/4143/394
f 2336/4144/395 2335/4145/395 2334/4146/395
f 2336/4147/383 2339/4148/383 2337/4149/383
f 2340/4150/490 2339/4151/490 2338/4152/490
f 2342/4153/385 2341/4154/385 2340/4155/385
f 2345/4156/491 2247/4157/491 2343/4158/491
f 2346/4159/384 2345/4160/384 2347/4161/384
f 2348/4162/383 2347/4163/383 2349/4164/383
f 2350/4165/382 2349/4166/382 2351/4167/382
f 2353/4168/399 2350/4169/399 2351/4170/399
f 2354/4171/400 2353/4172/400 2355/4173/400
f 2357/4174/379 2354/4175/379 2355/4176/379
f 2359/4177/401 2356/4178/401 2357/4179/401
f 2360/4180/390 2359/4181/390 2361/4182/390
f 2219/4183/402 2360/4184/402 2361/4185/402
f 2363/4186/403 2364/4187/403 2397/4188/403
f 2365/4189/404 2363/4190/404 2388/4191/404
f 2366/4192/326 2364/4193/326 2362/4194/326
f 2365/4195/325 2366/4196/325 2362/4197/325
f 2369/4198/405 2368/4199/405 2373/4200/405
f 2368/4201/337 2370/4202/337 2364/4203/337
f 2369/4204/336 2372/4205/336 2370/4206/336
f 2371/4207/335 2374/4208/335 2372/4209/335
f 2373/4210/406 2376/4211/406 2374/4212/406
f 2375/4213/333 2378/4214/333 2376/4215/333
f 2378/4216/332 2379/4217/332 2380/4218/332
f 2380/4219/407 2381/4220/407 2382/4221/407
f 2382/4222/330 2383/4223/330 2384/4224/330
f 2384/4225/329 2385/4226/329 2386/4227/329
f 2386/4228/328 2367/4229/328 2365/4230/328
f 2384/4231/492 2387/4232/492 2389/4233/492
f 2386/4234/493 2388/4235/493 2387/4236/493
f 2390/4237/2 2389/4238/2 2387/4239/2
f 2382/4240/411 2389/4241/411 2390/4242/411
f 2380/4243/347 2390/4244/347 2391/4245/347
f 2378/4246/323 2391/4247/323 2392/4248/323
f 2393/4249/494 2378/4250/494 2392/4251/494
f 2394/4252/339 2376/4253/339 2393/4254/339
f 2395/4255/338 2374/4256/338 2394/4257/338
f 2396/4258/340 2372/4259/340 2395/4260/340
f 2397/4261/341 2370/4262/341 2396/4263/341
f 2398/4264/416 2409/4265/416 2399/4266/416
f 2407/4267/8 2402/4268/8 2401/4269/8
f 2403/4270/417 2398/4271/417 2401/4272/417
f 2404/4273/7 2401/4274/7 2402/4275/7
f 2404/4276/2 2405/4277/2 2406/4278/2
f 2405/4279/418 2402/4280/418 2407/4281/418
f 2406/4282/419 2407/4283/419 2408/4284/419
f 2409/4285/11 2408/4286/11 2399/4287/11
f 2411/4288/494 2412/4289/494 2445/4290/494
f 2413/4291/495 2411/4292/495 2436/4293/495
f 2414/4294/333 2412/4295/333 2410/4296/333
f 2413/4297/332 2414/4298/332 2410/4299/332
f 2417/4300/420 2416/4301/420 2421/4302/420
f 2416/4303/450 2418/4304/450 2412/4305/450
f 2417/4306/335 2420/4307/335 2418/4308/335
f 2419/4309/336 2422/4310/336 2420/4311/336
f 2421/4312/337 2424/4313/337 2422/4314/337
f 2423/4315/326 2426/4316/326 2424/4317/326
f 2426/4318/325 2427/4319/325 2428/4320/325
f 2428/4321/449 2429/4322/449 2430/4323/449
f 2430/4324/329 2431/4325/329 2432/4326/329
f 2432/4327/330 2433/4328/330 2434/4329/330
f 2434/4330/331 2415/4331/331 2413/4332/331
f 2432/4333/411 2435/4334/411 2437/4335/411
f 2434/4336/423 2436/4337/423 2435/4338/423
f 2438/4339/8 2437/4340/8 2435/4341/8
f 2430/4342/345 2437/4343/345 2438/4344/345
f 2428/4345/493 2438/4346/493 2439/4347/493
f 2426/4348/404 2439/4349/404 2440/4350/404
f 2441/4351/342 2426/4352/342 2440/4353/342
f 2442/4354/424 2424/4355/424 2441/4356/424
f 2443/4357/425 2422/4358/425 2442/4359/425
f 2444/4360/415 2420/4361/415 2443/4362/415
f 2445/4363/414 2418/4364/414 2444/4365/414
f 2446/4366/496 2451/4367/496 2447/4368/496
f 2452/4369/497 2446/4370/497 2448/4371/497
f 2583/4372/498 2482/4373/498 2484/4374/498
f 2512/4375/350 2457/4376/350 2459/4377/350
f 2454/4378/385 2452/4379/385 2448/4380/385
f 2455/4381/396 2454/4382/396 2456/4383/396
f 2458/4384/426 2455/4385/426 2456/4386/426
f 2459/4387/427 2458/4388/427 2460/4389/427
f 2461/4390/428 2460/4391/428 2462/4392/428
f 2464/4393/429 2461/4394/429 2462/4395/429
f 2466/4396/430 2463/4397/430 2464/4398/430
f 2467/4399/378 2466/4400/378 2468/4401/378
f 2470/4402/432 2467/4403/432 2468/4404/432
f 2472/4405/402 2469/4406/402 2470/4407/402
f 2473/4408/433 2472/4409/433 2474/4410/433
f 2476/4411/499 2474/4412/499 2477/4413/499
f 2478/4414/351 2477/4415/351 2479/4416/351
f 2480/4417/371 2479/4418/371 2481/4419/371
f 2483/4420/447 2480/4421/447 2481/4422/447
f 2484/4423/500 2483/4424/500 2485/4425/500
f 2486/4426/355 2485/4427/355 2487/4428/355
f 2489/4429/356 2486/4430/356 2487/4431/356
f 2490/4432/436 2489/4433/436 2491/4434/436
f 2492/4435/437 2491/4436/437 2493/4437/437
f 2495/4438/444 2492/4439/444 2493/4440/444
f 2451/4441/365 2495/4442/365 2447/4443/365
f 2496/4444/348 2498/4445/348 2475/4446/348
f 2589/4447/349 2475/4448/349 2497/4449/349
f 2501/4450/376 2498/4451/376 2499/4452/376
f 2503/4453/377 2500/4454/377 2501/4455/377
f 2503/4456/391 2504/4457/391 2502/4458/391
f 2507/4459/392 2504/4460/392 2505/4461/392
f 2509/4462/429 2506/4463/429 2507/4464/429
f 2511/4465/428 2508/4466/428 2509/4467/428
f 2513/4468/395 2510/4469/395 2511/4470/395
f 2515/4471/383 2512/4472/383 2513/4473/383
f 2517/4474/501 2514/4475/501 2515/4476/501
f 2519/4477/502 2516/4478/502 2517/4479/502
f 2519/4480/497 2450/4481/497 2518/4482/497
f 2561/4483/420 2563/4484/420 2513/4485/420
f 2450/4486/361 2521/4487/361 2571/4488/361
f 2537/4489/420 2580/4490/420 2535/4491/420
f 2522/4492/496 2526/4493/496 2525/4494/496
f 2569/4495/497 2522/4496/497 2524/4497/497
f 2526/4498/365 2527/4499/365 2525/4500/365
f 2528/4501/503 2529/4502/503 2527/4503/503
f 2529/4504/504 2532/4505/504 2531/4506/504
f 2532/4507/366 2533/4508/366 2531/4509/366
f 2534/4510/356 2535/4511/356 2533/4512/356
f 2535/4513/355 2538/4514/355 2537/4515/355
f 2537/4516/369 2540/4517/369 2539/4518/369
f 2540/4519/505 2541/4520/505 2539/4521/505
f 2542/4522/388 2543/4523/388 2541/4524/388
f 2543/4525/351 2546/4526/351 2545/4527/351
f 2546/4528/506 2547/4529/506 2545/4530/506
f 2547/4531/507 2550/4532/507 2549/4533/507
f 2550/4534/402 2551/4535/402 2549/4536/402
f 2551/4537/377 2554/4538/377 2553/4539/377
f 2553/4540/391 2556/4541/391 2555/4542/391
f 2556/4543/392 2557/4544/392 2555/4545/392
f 2558/4546/429 2559/4547/429 2557/4548/429
f 2559/4549/428 2562/4550/428 2561/4551/428
f 2561/4552/395 2564/4553/395 2563/4554/395
f 2564/4555/383 2565/4556/383 2563/4557/383
f 2565/4558/501 2568/4559/501 2567/4560/501
f 2567/4561/385 2569/4562/385 2524/4563/385
f 2521/4564/365 2572/4565/365 2571/4566/365
f 2570/4567/444 2573/4568/444 2572/4569/444
f 2574/4570/358 2575/4571/358 2573/4572/358
f 2578/4573/366 2575/4574/366 2576/4575/366
f 2578/4576/356 2579/4577/356 2577/4578/356
f 2580/4579/355 2581/4580/355 2579/4581/355
f 2582/4582/369 2583/4583/369 2581/4584/369
f 2584/4585/447 2585/4586/447 2583/4587/447
f 2586/4588/371 2587/4589/371 2585/4590/371
f 2588/4591/351 2497/4592/351 2587/4593/351
f 2591/4594/404 2592/4595/404 2625/4596/404
f 2593/4597/508 2591/4598/508 2616/4599/508
f 2594/4600/332 2592/4601/332 2590/4602/332
f 2593/4603/333 2594/4604/333 2590/4605/333
f 2597/4606/350 2596/4607/350 2601/4608/350
f 2596/4609/331 2598/4610/331 2592/4611/331
f 2597/4612/408 2600/4613/408 2598/4614/408
f 2599/4615/329 2602/4616/329 2600/4617/329
f 2601/4618/449 2604/4619/449 2602/4620/449
f 2603/4621/325 2606/4622/325 2604/4623/325
f 2606/4624/326 2607/4625/326 2608/4626/326
f 2608/4627/422 2609/4628/422 2610/4629/422
f 2610/4630/336 2611/4631/336 2612/4632/336
f 2612/4633/335 2613/4634/335 2614/4635/335
f 2614/4636/406 2595/4637/406 2593/4638/406
f 2612/4639/340 2615/4640/340 2617/4641/340
f 2614/4642/341 2616/4643/341 2615/4644/341
f 2618/4645/8 2617/4646/8 2615/4647/8
f 2610/4648/415 2617/4649/415 2618/4650/415
f 2608/4651/339 2618/4652/339 2619/4653/339
f 2606/4654/413 2619/4655/413 2620/4656/413
f 2621/4657/323 2606/4658/323 2620/4659/323
f 2622/4660/347 2604/4661/347 2621/4662/347
f 2623/4663/411 2602/4664/411 2622/4665/411
f 2624/4666/509 2600/4667/509 2623/4668/509
f 2625/4669/493 2598/4670/493 2624/4671/493
f 2627/4672/39 2629/4673/39 2626/4674/39
f 2721/4675/16 2626/4676/16 2628/4677/16
f 2676/4678/8 2682/4679/8 2684/4680/8
f 2631/4681/287 2630/4682/287 2629/4683/287
f 2713/4684/2 2705/4685/2 2699/4686/2
f 2634/4687/28 2632/4688/28 2633/4689/28
f 2633/4690/19 2636/4691/19 2634/4692/19
f 2635/4693/20 2638/4694/20 2636/4695/20
f 2637/4696/21 2640/4697/21 2638/4698/21
f 2642/4699/22 2639/4700/22 2641/4701/22
f 2641/4702/286 2644/4703/286 2642/4704/286
f 2643/4705/24 2646/4706/24 2644/4707/24
f 2645/4708/25 2648/4709/25 2646/4710/25
f 2649/4711/26 2648/4712/26 2647/4713/26
f 2649/4714/295 2652/4715/295 2650/4716/295
f 2651/4717/17 2654/4718/17 2652/4719/17
f 2653/4720/28 2656/4721/28 2654/4722/28
f 2657/4723/29 2656/4724/29 2655/4725/29
f 2657/4726/471 2660/4727/471 2658/4728/471
f 2659/4729/276 2662/4730/276 2660/4731/276
f 2661/4732/277 2664/4733/277 2662/4734/277
f 2666/4735/510 2663/4736/510 2665/4737/510
f 2665/4738/34 2668/4739/34 2666/4740/34
f 2667/4741/35 2670/4742/35 2668/4743/35
f 2669/4744/26 2672/4745/26 2670/4746/26
f 2674/4747/319 2671/4748/319 2673/4749/319
f 2674/4750/294 2675/4751/294 2676/4752/294
f 2675/4753/28 2678/4754/28 2676/4755/28
f 2677/4756/38 2680/4757/38 2678/4758/38
f 2682/4759/15 2679/4760/15 2681/4761/15
f 2681/4762/40 2684/4763/40 2682/4764/40
f 2684/4765/22 2685/4766/22 2686/4767/22
f 2685/4768/299 2688/4769/299 2686/4770/299
f 2690/4771/48 2687/4772/48 2689/4773/48
f 2689/4774/291 2692/4775/291 2690/4776/291
f 2691/4777/26 2694/4778/26 2692/4779/26
f 2693/4780/36 2696/4781/36 2694/4782/36
f 2698/4783/24 2695/4784/24 2697/4785/24
f 2697/4786/304 2700/4787/304 2698/4788/304
f 2699/4789/29 2702/4790/29 2700/4791/29
f 2701/4792/15 2704/4793/15 2702/4794/15
f 2706/4795/17 2703/4796/17 2705/4797/17
f 2705/4798/46 2708/4799/46 2706/4800/46
f 2707/4801/41 2710/4802/41 2708/4803/41
f 2709/4804/48 2712/4805/48 2710/4806/48
f 2714/4807/21 2711/4808/21 2713/4809/21
f 2713/4810/511 2716/4811/511 2714/4812/511
f 2716/4813/43 2717/4814/43 2718/4815/43
f 2717/4816/44 2720/4817/44 2718/4818/44
f 2628/4819/35 2719/4820/35 2721/4821/35
f 2817/4822/16 2722/4823/16 2724/4824/16
f 2723/4825/39 2725/4826/39 2722/4827/39
f 2772/4828/8 2778/4829/8 2780/4830/8
f 2727/4831/287 2726/4832/287 2725/4833/287
f 2809/4834/2 2801/4835/2 2795/4836/2
f 2730/4837/28 2728/4838/28 2729/4839/28
f 2729/4840/19 2732/4841/19 2730/4842/19
f 2731/4843/20 2734/4844/20 2732/4845/20
f 2734/4846/21 2735/4847/21 2736/4848/21
f 2738/4849/22 2735/4850/22 2737/4851/22
f 2737/4852/286 2740/4853/286 2738/4854/286
f 2739/4855/24 2742/4856/24 2740/4857/24
f 2741/4858/25 2744/4859/25 2742/4860/25
f 2745/4861/26 2744/4862/26 2743/4863/26
f 2745/4864/295 2748/4865/295 2746/4866/295
f 2747/4867/17 2750/4868/17 2748/4869/17
f 2749/4870/18 2752/4871/18 2750/4872/18
f 2753/4873/29 2752/4874/29 2751/4875/29
f 2753/4876/471 2756/4877/471 2754/4878/471
f 2755/4879/31 2758/4880/31 2756/4881/31
f 2757/4882/277 2760/4883/277 2758/4884/277
f 2762/4885/290 2759/4886/290 2761/4887/290
f 2761/4888/34 2764/4889/34 2762/4890/34
f 2763/4891/35 2766/4892/35 2764/4893/35
f 2765/4894/26 2768/4895/26 2766/4896/26
f 2770/4897/512 2767/4898/512 2769/4899/512
f 2770/4900/294 2771/4901/294 2772/4902/294
f 2771/4903/28 2774/4904/28 2772/4905/28
f 2773/4906/38 2776/4907/38 2774/4908/38
f 2778/4909/15 2775/4910/15 2777/4911/15
f 2777/4912/40 2780/4913/40 2778/4914/40
f 2780/4915/22 2781/4916/22 2782/4917/22
f 2781/4918/290 2784/4919/290 2782/4920/290
f 2786/4921/48 2783/4922/48 2785/4923/48
f 2785/4924/291 2788/4925/291 2786/4926/291
f 2787/4927/26 2790/4928/26 2788/4929/26
f 2789/4930/36 2792/4931/36 2790/4932/36
f 2794/4933/24 2791/4934/24 2793/4935/24
f 2793/4936/304 2796/4937/304 2794/4938/304
f 2795/4939/29 2798/4940/29 2796/4941/29
f 2797/4942/513 2800/4943/513 2798/4944/513
f 2802/4945/17 2799/4946/17 2801/4947/17
f 2802/4948/46 2803/4949/46 2804/4950/46
f 2803/4951/41 2806/4952/41 2804/4953/41
f 2806/4954/48 2807/4955/48 2808/4956/48
f 2810/4957/21 2807/4958/21 2809/4959/21
f 2809/4960/318 2812/4961/318 2810/4962/318
f 2812/4963/43 2813/4964/43 2814/4965/43
f 2813/4966/44 2816/4967/44 2814/4968/44
f 2724/4969/35 2815/4970/35 2817/4971/35
f 2820/4972/300 2819/4973/300 2818/4974/300
f 2823/4975/301 2818/4976/301 2821/4977/301
f 2824/4978/314 2821/4979/314 2822/4980/314
f 2825/4981/511 2822/4982/511 2827/4983/511
f 2828/4984/514 2825/4985/514 2827/4986/514
f 2831/4987/515 2828/4988/515 2829/4989/515
f 2832/4990/303 2829/4991/303 2830/4992/303
f 2833/4993/304 2830/4994/304 2835/4995/304
f 2834/4996/36 2835/4997/36 2836/4998/36
f 2839/4999/42 2836/5000/42 2837/5001/42
f 2840/5002/290 2837/5003/290 2838/5004/290
f 2841/5005/40 2838/5006/40 2843/5007/40
f 2842/5008/38 2843/5009/38 2844/5010/38
f 2847/5011/280 2844/5012/280 2845/5013/280
f 2848/5014/306 2845/5015/306 2846/5016/306
f 2849/5017/281 2846/5018/281 2851/5019/281
f 2850/5020/22 2851/5021/22 2852/5022/22
f 2855/5023/282 2852/5024/282 2853/5025/282
f 2856/5026/296 2853/5027/296 2854/5028/296
f 2857/5029/297 2854/5030/297 2859/5031/297
f 2858/5032/456 2859/5033/456 2860/5034/456
f 2861/5035/23 2858/5036/23 2860/5037/23
f 2864/5038/516 2861/5039/516 2862/5040/516
f 2865/5041/517 2862/5042/517 2819/5043/517
f 2868/5044/465 2867/5045/465 2866/5046/465
f 2871/5047/466 2866/5048/466 2869/5049/466
f 2872/5050/44 2869/5051/44 2870/5052/44
f 2873/5053/518 2870/5054/518 2875/5055/518
f 2874/5056/519 2875/5057/519 2876/5058/519
f 2879/5059/46 2876/5060/46 2877/5061/46
f 2880/5062/303 2877/5063/303 2878/5064/303
f 2881/5065/304 2878/5066/304 2883/5067/304
f 2882/5068/459 2883/5069/459 2884/5070/459
f 2887/5071/291 2884/5072/291 2885/5073/291
f 2888/5074/520 2885/5075/520 2886/5076/520
f 2889/5077/279 2886/5078/279 2891/5079/279
f 2890/5080/292 2891/5081/292 2892/5082/292
f 2895/5083/321 2892/5084/321 2893/5085/321
f 2896/5086/453 2893/5087/453 2894/5088/453
f 2899/5089/307 2896/5090/307 2894/5091/307
f 2898/5092/470 2899/5093/470 2900/5094/470
f 2903/5095/521 2900/5096/521 2901/5097/521
f 2904/5098/522 2901/5099/522 2902/5100/522
f 2905/5101/297 2902/5102/297 2907/5103/297
f 2906/5104/285 2907/5105/285 2908/5106/285
f 2911/5107/23 2908/5108/23 2909/5109/23
f 2912/5110/276 2909/5111/276 2910/5112/276
f 2913/5113/298 2910/5114/298 2867/5115/298
f 2915/5116/323 2916/5117/323 2949/5118/323
f 2917/5119/494 2915/5120/494 2940/5121/494
f 2918/5122/325 2916/5123/325 2914/5124/325
f 2917/5125/326 2918/5126/326 2914/5127/326
f 2921/5128/420 2920/5129/420 2925/5130/420
f 2920/5131/328 2922/5132/328 2916/5133/328
f 2921/5134/329 2924/5135/329 2922/5136/329
f 2923/5137/330 2926/5138/330 2924/5139/330
f 2925/5140/407 2928/5141/407 2926/5142/407
f 2927/5143/332 2930/5144/332 2928/5145/332
f 2930/5146/333 2931/5147/333 2932/5148/333
f 2932/5149/406 2933/5150/406 2934/5151/406
f 2934/5152/475 2935/5153/475 2936/5154/475
f 2936/5155/523 2937/5156/523 2938/5157/523
f 2938/5158/524 2919/5159/524 2917/5160/524
f 2936/5161/415 2939/5162/415 2941/5163/415
f 2938/5164/414 2940/5165/414 2939/5166/414
f 2942/5167/2 2941/5168/2 2939/5169/2
f 2934/5170/476 2941/5171/476 2942/5172/476
f 2932/5173/341 2942/5174/341 2943/5175/341
f 2930/5176/342 2943/5177/342 2944/5178/342
f 2945/5179/343 2930/5180/343 2944/5181/343
f 2946/5182/493 2928/5183/493 2945/5184/493
f 2947/5185/345 2926/5186/345 2946/5187/345
f 2948/5188/346 2924/5189/346 2947/5190/346
f 2949/5191/347 2922/5192/347 2948/5193/347
f 2950/5194/433 2955/5195/433 2951/5196/433
f 2956/5197/434 2950/5198/434 2952/5199/434
f 3086/5200/405 3065/5201/405 3084/5202/405
f 2967/5203/350 2993/5204/350 2965/5205/350
f 2957/5206/351 2952/5207/351 2958/5208/351
f 2960/5209/371 2957/5210/371 2958/5211/371
f 2961/5212/353 2960/5213/353 2962/5214/353
f 2963/5215/525 2962/5216/525 2964/5217/525
f 2966/5218/355 2963/5219/355 2964/5220/355
f 2967/5221/356 2966/5222/356 2968/5223/356
f 2970/5224/357 2967/5225/357 2968/5226/357
f 2972/5227/526 2969/5228/526 2970/5229/526
f 2973/5230/527 2972/5231/527 2974/5232/527
f 2975/5233/360 2974/5234/360 2976/5235/360
f 2978/5236/361 2975/5237/361 2976/5238/361
f 2979/5239/362 2978/5240/362 3075/5241/362
f 2984/5242/528 2980/5243/528 2981/5244/528
f 3074/5245/364 2980/5246/364 2982/5247/364
f 2984/5248/365 2985/5249/365 2983/5250/365
f 2988/5251/480 2985/5252/480 2986/5253/480
f 2990/5254/358 2987/5255/358 2988/5256/358
f 2990/5257/366 2991/5258/366 2989/5259/366
f 2992/5260/367 2993/5261/367 2991/5262/367
f 2996/5263/368 2993/5264/368 2994/5265/368
f 2998/5266/354 2995/5267/354 2996/5268/354
f 2998/5269/447 2999/5270/447 2997/5271/447
f 3002/5272/529 2999/5273/529 3000/5274/529
f 3004/5275/372 3001/5276/372 3002/5277/372
f 3004/5278/349 2954/5279/349 3003/5280/349
f 2990/5281/374 3040/5282/374 3042/5283/374
f 2954/5284/348 3006/5285/348 3055/5286/348
f 3022/5287/530 3024/5288/530 3068/5289/530
f 3008/5290/531 3010/5291/531 3007/5292/531
f 3009/5293/499 3008/5294/499 3007/5295/499
f 3010/5296/376 3013/5297/376 3012/5298/376
f 3013/5299/390 3014/5300/390 3012/5301/390
f 3015/5302/391 3016/5303/391 3014/5304/391
f 3016/5305/532 3019/5306/532 3018/5307/532
f 3018/5308/380 3021/5309/380 3020/5310/380
f 3021/5311/381 3022/5312/381 3020/5313/381
f 3023/5314/382 3024/5315/382 3022/5316/382
f 3024/5317/383 3027/5318/383 3026/5319/383
f 3027/5320/396 3028/5321/396 3026/5322/396
f 3028/5323/385 3031/5324/385 3030/5325/385
f 3031/5326/497 3032/5327/497 3030/5328/497
f 3032/5329/496 3035/5330/496 3034/5331/496
f 3035/5332/365 3036/5333/365 3034/5334/365
f 3037/5335/533 3038/5336/533 3036/5337/533
f 3039/5338/358 3040/5339/358 3038/5340/358
f 3040/5341/436 3043/5342/436 3042/5343/436
f 3042/5344/356 3045/5345/356 3044/5346/356
f 3045/5347/355 3046/5348/355 3044/5349/355
f 3047/5350/534 3048/5351/534 3046/5352/534
f 3048/5353/447 3051/5354/447 3050/5355/447
f 3050/5356/535 3053/5357/535 3052/5358/535
f 3053/5359/351 3009/5360/351 3052/5361/351
f 3006/5362/402 3057/5363/402 3055/5364/402
f 3058/5365/432 3057/5366/432 3056/5367/432
f 3060/5368/391 3059/5369/391 3058/5370/391
f 3062/5371/379 3061/5372/379 3060/5373/379
f 3062/5374/393 3065/5375/393 3063/5376/393
f 3066/5377/394 3065/5378/394 3064/5379/394
f 3068/5380/395 3067/5381/395 3066/5382/395
f 3068/5383/383 3071/5384/383 3069/5385/383
f 3072/5386/490 3071/5387/490 3070/5388/490
f 3074/5389/385 3073/5390/385 3072/5391/385
f 3077/5392/536 2979/5393/536 3075/5394/536
f 3078/5395/537 3077/5396/537 3079/5397/537
f 3080/5398/538 3079/5399/538 3081/5400/538
f 3082/5401/427 3081/5402/427 3083/5403/427
f 3085/5404/381 3082/5405/381 3083/5406/381
f 3086/5407/380 3085/5408/380 3087/5409/380
f 3089/5410/392 3086/5411/392 3087/5412/392
f 3091/5413/401 3088/5414/401 3089/5415/401
f 3092/5416/432 3091/5417/432 3093/5418/432
f 2951/5419/402 3092/5420/402 3093/5421/402
f 3095/5422/403 3096/5423/403 3129/5424/403
f 3097/5425/448 3095/5426/448 3120/5427/448
f 3098/5428/326 3096/5429/326 3094/5430/326
f 3097/5431/325 3098/5432/325 3094/5433/325
f 3101/5434/350 3100/5435/350 3105/5436/350
f 3100/5437/539 3102/5438/539 3096/5439/539
f 3101/5440/336 3104/5441/336 3102/5442/336
f 3103/5443/421 3106/5444/421 3104/5445/421
f 3105/5446/406 3108/5447/406 3106/5448/406
f 3107/5449/333 3110/5450/333 3108/5451/333
f 3110/5452/332 3111/5453/332 3112/5454/332
f 3112/5455/407 3113/5456/407 3114/5457/407
f 3114/5458/330 3115/5459/330 3116/5460/330
f 3116/5461/409 3117/5462/409 3118/5463/409
f 3118/5464/540 3099/5465/540 3097/5466/540
f 3116/5467/509 3119/5468/509 3121/5469/509
f 3118/5470/344 3120/5471/344 3119/5472/344
f 3122/5473/2 3121/5474/2 3119/5475/2
f 3114/5476/411 3121/5477/411 3122/5478/411
f 3112/5479/347 3122/5480/347 3123/5481/347
f 3110/5482/412 3123/5483/412 3124/5484/412
f 3125/5485/324 3110/5486/324 3124/5487/324
f 3126/5488/339 3108/5489/339 3125/5490/339
f 3127/5491/338 3106/5492/338 3126/5493/338
f 3128/5494/340 3104/5495/340 3127/5496/340
f 3129/5497/424 3102/5498/424 3128/5499/424
f 3130/5500/416 3141/5501/416 3131/5502/416
f 3139/5503/8 3134/5504/8 3133/5505/8
f 3135/5506/417 3130/5507/417 3133/5508/417
f 3136/5509/7 3133/5510/7 3134/5511/7
f 3136/5512/2 3137/5513/2 3138/5514/2
f 3137/5515/418 3134/5516/418 3139/5517/418
f 3138/5518/419 3139/5519/419 3140/5520/419
f 3141/5521/11 3140/5522/11 3131/5523/11
f 3143/5524/413 3144/5525/413 3177/5526/413
f 3145/5527/495 3143/5528/495 3168/5529/495
f 3146/5530/333 3144/5531/333 3142/5532/333
f 3145/5533/332 3146/5534/332 3142/5535/332
f 3149/5536/420 3148/5537/420 3153/5538/420
f 3148/5539/406 3150/5540/406 3144/5541/406
f 3149/5542/421 3152/5543/421 3150/5544/421
f 3151/5545/336 3154/5546/336 3152/5547/336
f 3153/5548/337 3156/5549/337 3154/5550/337
f 3155/5551/326 3158/5552/326 3156/5553/326
f 3158/5554/325 3159/5555/325 3160/5556/325
f 3160/5557/328 3161/5558/328 3162/5559/328
f 3162/5560/329 3163/5561/329 3164/5562/329
f 3164/5563/330 3165/5564/330 3166/5565/330
f 3166/5566/407 3147/5567/407 3145/5568/407
f 3164/5569/411 3167/5570/411 3169/5571/411
f 3166/5572/423 3168/5573/423 3167/5574/423
f 3170/5575/8 3169/5576/8 3167/5577/8
f 3162/5578/345 3169/5579/345 3170/5580/345
f 3160/5581/493 3170/5582/493 3171/5583/493
f 3158/5584/448 3171/5585/448 3172/5586/448
f 3173/5587/508 3158/5588/508 3172/5589/508
f 3174/5590/424 3156/5591/424 3173/5592/424
f 3175/5593/425 3154/5594/425 3174/5595/425
f 3176/5596/338 3152/5597/338 3175/5598/338
f 3177/5599/541 3150/5600/541 3176/5601/541
f 3178/5602/441 3183/5603/441 3179/5604/441
f 3184/5605/364 3178/5606/364 3180/5607/364
f 3315/5608/542 3214/5609/542 3216/5610/542
f 3244/5611/542 3189/5612/542 3191/5613/542
f 3186/5614/385 3184/5615/385 3180/5616/385
f 3187/5617/396 3186/5618/396 3188/5619/396
f 3190/5620/426 3187/5621/426 3188/5622/426
f 3191/5623/427 3190/5624/427 3192/5625/427
f 3193/5626/428 3192/5627/428 3194/5628/428
f 3196/5629/429 3193/5630/429 3194/5631/429
f 3198/5632/430 3195/5633/430 3196/5634/430
f 3199/5635/401 3198/5636/401 3200/5637/401
f 3202/5638/432 3199/5639/432 3200/5640/432
f 3204/5641/402 3201/5642/402 3202/5643/402
f 3205/5644/433 3204/5645/433 3206/5646/433
f 3208/5647/434 3206/5648/434 3209/5649/434
f 3210/5650/351 3209/5651/351 3211/5652/351
f 3212/5653/371 3211/5654/371 3213/5655/371
f 3215/5656/435 3212/5657/435 3213/5658/435
f 3216/5659/500 3215/5660/500 3217/5661/500
f 3218/5662/355 3217/5663/355 3219/5664/355
f 3221/5665/356 3218/5666/356 3219/5667/356
f 3222/5668/436 3221/5669/436 3223/5670/436
f 3224/5671/437 3223/5672/437 3225/5673/437
f 3227/5674/444 3224/5675/444 3225/5676/444
f 3183/5677/365 3227/5678/365 3179/5679/365
f 3228/5680/483 3230/5681/483 3207/5682/483
f 3321/5683/481 3207/5684/481 3229/5685/481
f 3233/5686/376 3230/5687/376 3231/5688/376
f 3235/5689/390 3232/5690/390 3233/5691/390
f 3235/5692/391 3236/5693/391 3234/5694/391
f 3239/5695/392 3236/5696/392 3237/5697/392
f 3241/5698/429 3238/5699/429 3239/5700/429
f 3243/5701/428 3240/5702/428 3241/5703/428
f 3245/5704/395 3242/5705/395 3243/5706/395
f 3247/5707/383 3244/5708/383 3245/5709/383
f 3249/5710/501 3246/5711/501 3247/5712/501
f 3251/5713/502 3248/5714/502 3249/5715/502
f 3251/5716/497 3182/5717/497 3250/5718/497
f 3293/5719/420 3241/5720/420 3291/5721/420
f 3182/5722/361 3253/5723/361 3303/5724/361
f 3312/5725/420 3265/5726/420 3267/5727/420
f 3254/5728/496 3258/5729/496 3257/5730/496
f 3301/5731/543 3254/5732/543 3256/5733/543
f 3258/5734/365 3259/5735/365 3257/5736/365
f 3260/5737/544 3261/5738/544 3259/5739/544
f 3261/5740/445 3264/5741/445 3263/5742/445
f 3264/5743/366 3265/5744/366 3263/5745/366
f 3266/5746/356 3267/5747/356 3265/5748/356
f 3267/5749/355 3270/5750/355 3269/5751/355
f 3269/5752/369 3272/5753/369 3271/5754/369
f 3272/5755/370 3273/5756/370 3271/5757/370
f 3274/5758/446 3275/5759/446 3273/5760/446
f 3275/5761/351 3278/5762/351 3277/5763/351
f 3278/5764/373 3279/5765/373 3277/5766/373
f 3279/5767/483 3282/5768/483 3281/5769/483
f 3282/5770/402 3283/5771/402 3281/5772/402
f 3283/5773/390 3286/5774/390 3285/5775/390
f 3285/5776/391 3288/5777/391 3287/5778/391
f 3288/5779/392 3289/5780/392 3287/5781/392
f 3290/5782/429 3291/5783/429 3289/5784/429
f 3291/5785/428 3294/5786/428 3293/5787/428
f 3293/5788/395 3296/5789/395 3295/5790/395
f 3296/5791/383 3297/5792/383 3295/5793/383
f 3297/5794/396 3300/5795/396 3299/5796/396
f 3299/5797/385 3301/5798/385 3256/5799/385
f 3253/5800/365 3304/5801/365 3303/5802/365
f 3302/5803/444 3305/5804/444 3304/5805/444
f 3306/5806/445 3307/5807/445 3305/5808/445
f 3310/5809/366 3307/5810/366 3308/5811/366
f 3310/5812/356 3311/5813/356 3309/5814/356
f 3312/5815/355 3313/5816/355 3311/5817/355
f 3314/5818/369 3315/5819/369 3313/5820/369
f 3316/5821/447 3317/5822/447 3315/5823/447
f 3318/5824/446 3319/5825/446 3317/5826/446
f 3320/5827/351 3229/5828/351 3319/5829/351
f 3323/5830/404 3324/5831/404 3357/5832/404
f 3325/5833/508 3323/5834/508 3348/5835/508
f 3326/5836/332 3324/5837/332 3322/5838/332
f 3325/5839/333 3326/5840/333 3322/5841/333
f 3329/5842/545 3328/5843/545 3333/5844/545
f 3328/5845/407 3330/5846/407 3324/5847/407
f 3329/5848/408 3332/5849/408 3330/5850/408
f 3331/5851/329 3334/5852/329 3332/5853/329
f 3333/5854/449 3336/5855/449 3334/5856/449
f 3335/5857/325 3338/5858/325 3336/5859/325
f 3338/5860/326 3339/5861/326 3340/5862/326
f 3340/5863/337 3341/5864/337 3342/5865/337
f 3342/5866/336 3343/5867/336 3344/5868/336
f 3344/5869/335 3345/5870/335 3346/5871/335
f 3346/5872/406 3327/5873/406 3325/5874/406
f 3344/5875/340 3347/5876/340 3349/5877/340
f 3346/5878/341 3348/5879/341 3347/5880/341
f 3350/5881/8 3349/5882/8 3347/5883/8
f 3342/5884/415 3349/5885/415 3350/5886/415
f 3340/5887/414 3350/5888/414 3351/5889/414
f 3338/5890/494 3351/5891/494 3352/5892/494
f 3353/5893/323 3338/5894/323 3352/5895/323
f 3354/5896/347 3336/5897/347 3353/5898/347
f 3355/5899/411 3334/5900/411 3354/5901/411
f 3356/5902/345 3332/5903/345 3355/5904/345
f 3357/5905/493 3330/5906/493 3356/5907/493
f 3359/5908/15 3361/5909/15 3358/5910/15
f 3453/5911/16 3358/5912/16 3360/5913/16
f 3408/5914/8 3414/5915/8 3416/5916/8
f 3363/5917/17 3362/5918/17 3361/5919/17
f 3445/5920/2 3437/5921/2 3431/5922/2
f 3366/5923/28 3364/5924/28 3365/5925/28
f 3365/5926/19 3368/5927/19 3366/5928/19
f 3367/5929/20 3370/5930/20 3368/5931/20
f 3369/5932/21 3372/5933/21 3370/5934/21
f 3374/5935/277 3371/5936/277 3373/5937/277
f 3373/5938/23 3376/5939/23 3374/5940/23
f 3375/5941/24 3378/5942/24 3376/5943/24
f 3377/5944/25 3380/5945/25 3378/5946/25
f 3381/5947/546 3380/5948/546 3379/5949/546
f 3381/5950/295 3384/5951/295 3382/5952/295
f 3383/5953/17 3386/5954/17 3384/5955/17
f 3385/5956/18 3388/5957/18 3386/5958/18
f 3389/5959/29 3388/5960/29 3387/5961/29
f 3389/5962/282 3392/5963/282 3390/5964/282
f 3391/5965/31 3394/5966/31 3392/5967/31
f 3393/5968/22 3396/5969/22 3394/5970/22
f 3398/5971/299 3395/5972/299 3397/5973/299
f 3397/5974/34 3400/5975/34 3398/5976/34
f 3399/5977/25 3402/5978/25 3400/5979/25
f 3401/5980/453 3404/5981/453 3402/5982/453
f 3406/5983/43 3403/5984/43 3405/5985/43
f 3406/5986/294 3407/5987/294 3408/5988/294
f 3407/5989/28 3410/5990/28 3408/5991/28
f 3409/5992/38 3412/5993/38 3410/5994/38
f 3414/5995/15 3411/5996/15 3413/5997/15
f 3413/5998/40 3416/5999/40 3414/6000/40
f 3416/6001/322 3417/6002/322 3418/6003/322
f 3417/6004/290 3420/6005/290 3418/6006/290
f 3422/6007/20 3419/6008/20 3421/6009/20
f 3421/6010/278 3424/6011/278 3422/6012/278
f 3423/6013/26 3426/6014/26 3424/6015/26
f 3425/6016/36 3428/6017/36 3426/6018/36
f 3430/6019/24 3427/6020/24 3429/6021/24
f 3429/6022/45 3432/6023/45 3430/6024/45
f 3431/6025/29 3434/6026/29 3432/6027/29
f 3433/6028/15 3436/6029/15 3434/6030/15
f 3438/6031/17 3435/6032/17 3437/6033/17
f 3437/6034/46 3440/6035/46 3438/6036/46
f 3439/6037/47 3442/6038/47 3440/6039/47
f 3441/6040/48 3444/6041/48 3442/6042/48
f 3446/6043/31 3443/6044/31 3445/6045/31
f 3445/6046/49 3448/6047/49 3446/6048/49
f 3448/6049/43 3449/6050/43 3450/6051/43
f 3449/6052/44 3452/6053/44 3450/6054/44
f 3360/6055/50 3451/6056/50 3453/6057/50
f 3549/6058/16 3454/6059/16 3456/6060/16
f 3455/6061/15 3457/6062/15 3454/6063/15
f 3504/6064/8 3510/6065/8 3512/6066/8
f 3459/6067/17 3458/6068/17 3457/6069/17
f 3541/6070/2 3533/6071/2 3527/6072/2
f 3462/6073/28 3460/6074/28 3461/6075/28
f 3461/6076/19 3464/6077/19 3462/6078/19
f 3463/6079/20 3466/6080/20 3464/6081/20
f 3466/6082/21 3467/6083/21 3468/6084/21
f 3470/6085/277 3467/6086/277 3469/6087/277
f 3469/6088/23 3472/6089/23 3470/6090/23
f 3471/6091/24 3474/6092/24 3472/6093/24
f 3473/6094/25 3476/6095/25 3474/6096/25
f 3477/6097/26 3476/6098/26 3475/6099/26
f 3477/6100/295 3480/6101/295 3478/6102/295
f 3479/6103/17 3482/6104/17 3480/6105/17
f 3481/6106/18 3484/6107/18 3482/6108/18
f 3485/6109/29 3484/6110/29 3483/6111/29
f 3485/6112/30 3488/6113/30 3486/6114/30
f 3487/6115/31 3490/6116/31 3488/6117/31
f 3489/6118/32 3492/6119/32 3490/6120/32
f 3494/6121/290 3491/6122/290 3493/6123/290
f 3493/6124/34 3496/6125/34 3494/6126/34
f 3495/6127/35 3498/6128/35 3496/6129/35
f 3497/6130/26 3500/6131/26 3498/6132/26
f 3502/6133/43 3499/6134/43 3501/6135/43
f 3502/6136/294 3503/6137/294 3504/6138/294
f 3503/6139/28 3506/6140/28 3504/6141/28
f 3505/6142/38 3508/6143/38 3506/6144/38
f 3510/6145/303 3507/6146/303 3509/6147/303
f 3509/6148/40 3512/6149/40 3510/6150/40
f 3512/6151/22 3513/6152/22 3514/6153/22
f 3513/6154/290 3516/6155/290 3514/6156/290
f 3518/6157/20 3515/6158/20 3517/6159/20
f 3517/6160/547 3520/6161/547 3518/6162/547
f 3519/6163/26 3522/6164/26 3520/6165/26
f 3521/6166/36 3524/6167/36 3522/6168/36
f 3526/6169/24 3523/6170/24 3525/6171/24
f 3525/6172/289 3528/6173/289 3526/6174/289
f 3527/6175/29 3530/6176/29 3528/6177/29
f 3529/6178/15 3532/6179/15 3530/6180/15
f 3534/6181/17 3531/6182/17 3533/6183/17
f 3534/6184/46 3535/6185/46 3536/6186/46
f 3535/6187/47 3538/6188/47 3536/6189/47
f 3538/6190/48 3539/6191/48 3540/6192/48
f 3542/6193/31 3539/6194/31 3541/6195/31
f 3541/6196/49 3544/6197/49 3542/6198/49
f 3544/6199/36 3545/6200/36 3546/6201/36
f 3545/6202/44 3548/6203/44 3546/6204/44
f 3456/6205/50 3547/6206/50 3549/6207/50
f 3552/6208/300 3551/6209/300 3550/6210/300
f 3555/6211/301 3550/6212/301 3553/6213/301
f 3556/6214/314 3553/6215/314 3554/6216/314
f 3557/6217/318 3554/6218/318 3559/6219/318
f 3560/6220/48 3557/6221/48 3559/6222/48
f 3563/6223/548 3560/6224/548 3561/6225/548
f 3564/6226/303 3561/6227/303 3562/6228/303
f 3565/6229/304 3562/6230/304 3567/6231/304
f 3566/6232/469 3567/6233/469 3568/6234/469
f 3571/6235/278 3568/6236/278 3569/6237/278
f 3572/6238/299 3569/6239/299 3570/6240/299
f 3573/6241/461 3570/6242/461 3575/6243/461
f 3574/6244/38 3575/6245/38 3576/6246/38
f 3579/6247/462 3576/6248/462 3577/6249/462
f 3580/6250/26 3577/6251/26 3578/6252/26
f 3581/6253/34 3578/6254/34 3583/6255/34
f 3582/6256/22 3583/6257/22 3584/6258/22
f 3587/6259/549 3584/6260/549 3585/6261/549
f 3588/6262/296 3585/6263/296 3586/6264/296
f 3589/6265/297 3586/6266/297 3591/6267/297
f 3590/6268/50 3591/6269/50 3592/6270/50
f 3593/6271/23 3590/6272/23 3592/6273/23
f 3596/6274/276 3593/6275/276 3594/6276/276
f 3597/6277/19 3594/6278/19 3551/6279/19
f 3600/6280/465 3599/6281/465 3598/6282/465
f 3603/6283/466 3598/6284/466 3601/6285/466
f 3604/6286/44 3601/6287/44 3602/6288/44
f 3605/6289/467 3602/6290/467 3607/6291/467
f 3606/6292/293 3607/6293/293 3608/6294/293
f 3611/6295/550 3608/6296/550 3609/6297/550
f 3612/6298/303 3609/6299/303 3610/6300/303
f 3613/6301/551 3610/6302/551 3615/6303/551
f 3614/6304/552 3615/6305/552 3616/6306/552
f 3619/6307/553 3616/6308/553 3617/6309/553
f 3620/6310/41 3617/6311/41 3618/6312/41
f 3621/6313/279 3618/6314/279 3623/6315/279
f 3622/6316/320 3623/6317/320 3624/6318/320
f 3627/6319/321 3624/6320/321 3625/6321/321
f 3628/6322/453 3625/6323/453 3626/6324/453
f 3631/6325/554 3628/6326/554 3626/6327/554
f 3630/6328/277 3631/6329/277 3632/6330/277
f 3635/6331/30 3632/6332/30 3633/6333/30
f 3636/6334/296 3633/6335/296 3634/6336/296
f 3637/6337/297 3634/6338/297 3639/6339/297
f 3638/6340/555 3639/6341/555 3640/6342/555
f 3643/6343/556 3640/6344/556 3641/6345/556
f 3644/6346/557 3641/6347/557 3642/6348/557
f 3645/6349/558 3642/6350/558 3599/6351/558
f 3647/6352/323 3648/6353/323 3681/6354/323
f 3649/6355/494 3647/6356/494 3672/6357/494
f 3650/6358/325 3648/6359/325 3646/6360/325
f 3649/6361/326 3650/6362/326 3646/6363/326
f 3653/6364/420 3652/6365/420 3657/6366/420
f 3652/6367/328 3654/6368/328 3648/6369/328
f 3653/6370/329 3656/6371/329 3654/6372/329
f 3655/6373/330 3658/6374/330 3656/6375/330
f 3657/6376/331 3660/6377/331 3658/6378/331
f 3659/6379/332 3662/6380/332 3660/6381/332
f 3662/6382/333 3663/6383/333 3664/6384/333
f 3664/6385/334 3665/6386/334 3666/6387/334
f 3666/6388/475 3667/6389/475 3668/6390/475
f 3668/6391/336 3669/6392/336 3670/6393/336
f 3670/6394/524 3651/6395/524 3649/6396/524
f 3668/6397/338 3671/6398/338 3673/6399/338
f 3670/6400/414 3672/6401/414 3671/6402/414
f 3674/6403/2 3673/6404/2 3671/6405/2
f 3666/6406/476 3673/6407/476 3674/6408/476
f 3664/6409/341 3674/6410/341 3675/6411/341
f 3662/6412/508 3675/6413/508 3676/6414/508
f 3677/6415/448 3662/6416/448 3676/6417/448
f 3678/6418/493 3660/6419/493 3677/6420/493
f 3679/6421/345 3658/6422/345 3678/6423/345
f 3680/6424/346 3656/6425/346 3679/6426/346
f 3681/6427/347 3654/6428/347 3680/6429/347
f 3682/6430/531 3687/6431/531 3683/6432/531
f 3688/6433/434 3682/6434/434 3684/6435/434
f 3801/6436/542 3812/6437/542 3814/6438/542
f 3699/6439/559 3701/6440/559 3721/6441/559
f 3689/6442/351 3684/6443/351 3690/6444/351
f 3692/6445/446 3689/6446/446 3690/6447/446
f 3693/6448/370 3692/6449/370 3694/6450/370
f 3695/6451/525 3694/6452/525 3696/6453/525
f 3698/6454/355 3695/6455/355 3696/6456/355
f 3699/6457/356 3698/6458/356 3700/6459/356
f 3702/6460/487 3699/6461/487 3700/6462/487
f 3704/6463/358 3701/6464/358 3702/6465/358
f 3705/6466/527 3704/6467/527 3706/6468/527
f 3707/6469/360 3706/6470/360 3708/6471/360
f 3710/6472/361 3707/6473/361 3708/6474/361
f 3711/6475/362 3710/6476/362 3807/6477/362
f 3716/6478/361 3712/6479/361 3713/6480/361
f 3806/6481/364 3712/6482/364 3714/6483/364
f 3716/6484/365 3717/6485/365 3715/6486/365
f 3720/6487/359 3717/6488/359 3718/6489/359
f 3722/6490/445 3719/6491/445 3720/6492/445
f 3722/6493/366 3723/6494/366 3721/6495/366
f 3724/6496/367 3725/6497/367 3723/6498/367
f 3728/6499/368 3725/6500/368 3726/6501/368
f 3730/6502/369 3727/6503/369 3728/6504/369
f 3730/6505/447 3731/6506/447 3729/6507/447
f 3734/6508/371 3731/6509/371 3732/6510/371
f 3736/6511/372 3733/6512/372 3734/6513/372
f 3736/6514/349 3686/6515/349 3735/6516/349
f 3778/6517/560 3780/6518/560 3730/6519/560
f 3686/6520/348 3738/6521/348 3787/6522/348
f 3754/6523/561 3756/6524/561 3800/6525/561
f 3740/6526/375 3742/6527/375 3739/6528/375
f 3741/6529/349 3740/6530/349 3739/6531/349
f 3742/6532/376 3745/6533/376 3744/6534/376
f 3745/6535/377 3746/6536/377 3744/6537/377
f 3747/6538/391 3748/6539/391 3746/6540/391
f 3748/6541/532 3751/6542/532 3750/6543/532
f 3750/6544/380 3753/6545/380 3752/6546/380
f 3753/6547/399 3754/6548/399 3752/6549/399
f 3755/6550/486 3756/6551/486 3754/6552/486
f 3756/6553/562 3759/6554/562 3758/6555/562
f 3759/6556/396 3760/6557/396 3758/6558/396
f 3760/6559/385 3763/6560/385 3762/6561/385
f 3763/6562/386 3764/6563/386 3762/6564/386
f 3764/6565/387 3767/6566/387 3766/6567/387
f 3767/6568/365 3768/6569/365 3766/6570/365
f 3769/6571/444 3770/6572/444 3768/6573/444
f 3771/6574/563 3772/6575/563 3770/6576/563
f 3772/6577/487 3775/6578/487 3774/6579/487
f 3774/6580/356 3777/6581/356 3776/6582/356
f 3777/6583/355 3778/6584/355 3776/6585/355
f 3779/6586/534 3780/6587/534 3778/6588/534
f 3780/6589/447 3783/6590/447 3782/6591/447
f 3782/6592/564 3785/6593/564 3784/6594/564
f 3785/6595/389 3741/6596/389 3784/6597/389
f 3738/6598/376 3789/6599/376 3787/6600/376
f 3790/6601/390 3789/6602/390 3788/6603/390
f 3792/6604/391 3791/6605/391 3790/6606/391
f 3794/6607/392 3793/6608/392 3792/6609/392
f 3794/6610/393 3797/6611/393 3795/6612/393
f 3798/6613/394 3797/6614/394 3796/6615/394
f 3800/6616/395 3799/6617/395 3798/6618/395
f 3800/6619/383 3803/6620/383 3801/6621/383
f 3804/6622/396 3803/6623/396 3802/6624/396
f 3806/6625/385 3805/6626/385 3804/6627/385
f 3809/6628/397 3711/6629/397 3807/6630/397
f 3810/6631/565 3809/6632/565 3811/6633/565
f 3812/6634/383 3811/6635/383 3813/6636/383
f 3814/6637/486 3813/6638/486 3815/6639/486
f 3817/6640/381 3814/6641/381 3815/6642/381
f 3818/6643/400 3817/6644/400 3819/6645/400
f 3821/6646/566 3818/6647/566 3819/6648/566
f 3823/6649/378 3820/6650/378 3821/6651/378
f 3824/6652/390 3823/6653/390 3825/6654/390
f 3683/6655/402 3824/6656/402 3825/6657/402
f 3827/6658/508 3828/6659/508 3861/6660/508
f 3829/6661/343 3827/6662/343 3852/6663/343
f 3830/6664/326 3828/6665/326 3826/6666/326
f 3829/6667/325 3830/6668/325 3826/6669/325
f 3833/6670/350 3832/6671/350 3837/6672/350
f 3832/6673/539 3834/6674/539 3828/6675/539
f 3833/6676/523 3836/6677/523 3834/6678/523
f 3835/6679/335 3838/6680/335 3836/6681/335
f 3837/6682/406 3840/6683/406 3838/6684/406
f 3839/6685/333 3842/6686/333 3840/6687/333
f 3842/6688/332 3843/6689/332 3844/6690/332
f 3844/6691/407 3845/6692/407 3846/6693/407
f 3846/6694/330 3847/6695/330 3848/6696/330
f 3848/6697/409 3849/6698/409 3850/6699/409
f 3850/6700/328 3831/6701/328 3829/6702/328
f 3848/6703/345 3851/6704/345 3853/6705/345
f 3850/6706/493 3852/6707/493 3851/6708/493
f 3854/6709/2 3853/6710/2 3851/6711/2
f 3846/6712/411 3853/6713/411 3854/6714/411
f 3844/6715/347 3854/6716/347 3855/6717/347
f 3842/6718/412 3855/6719/412 3856/6720/412
f 3857/6721/494 3842/6722/494 3856/6723/494
f 3858/6724/414 3840/6725/414 3857/6726/414
f 3859/6727/415 3838/6728/415 3858/6729/415
f 3860/6730/340 3836/6731/340 3859/6732/340
f 3861/6733/424 3834/6734/424 3860/6735/424
f 3862/6736/416 3873/6737/416 3863/6738/416
f 3871/6739/8 3866/6740/8 3865/6741/8
f 3867/6742/417 3862/6743/417 3865/6744/417
f 3868/6745/7 3865/6746/7 3866/6747/7
f 3868/6748/2 3869/6749/2 3870/6750/2
f 3869/6751/418 3866/6752/418 3871/6753/418
f 3870/6754/419 3871/6755/419 3872/6756/419
f 3873/6757/11 3872/6758/11 3863/6759/11
f 3875/6760/413 3876/6761/413 3909/6762/413
f 3877/6763/495 3875/6764/495 3900/6765/495
f 3878/6766/333 3876/6767/333 3874/6768/333
f 3877/6769/332 3878/6770/332 3874/6771/332
f 3881/6772/420 3880/6773/420 3885/6774/420
f 3880/6775/406 3882/6776/406 3876/6777/406
f 3881/6778/335 3884/6779/335 3882/6780/335
f 3883/6781/336 3886/6782/336 3884/6783/336
f 3885/6784/422 3888/6785/422 3886/6786/422
f 3887/6787/326 3890/6788/326 3888/6789/326
f 3890/6790/325 3891/6791/325 3892/6792/325
f 3892/6793/328 3893/6794/328 3894/6795/328
f 3894/6796/329 3895/6797/329 3896/6798/329
f 3896/6799/330 3897/6800/330 3898/6801/330
f 3898/6802/407 3879/6803/407 3877/6804/407
f 3896/6805/411 3899/6806/411 3901/6807/411
f 3898/6808/423 3900/6809/423 3899/6810/423
f 3902/6811/8 3901/6812/8 3899/6813/8
f 3894/6814/345 3901/6815/345 3902/6816/345
f 3892/6817/493 3902/6818/493 3903/6819/493
f 3890/6820/448 3903/6821/448 3904/6822/448
f 3905/6823/508 3890/6824/508 3904/6825/508
f 3906/6826/424 3888/6827/424 3905/6828/424
f 3907/6829/425 3886/6830/425 3906/6831/425
f 3908/6832/415 3884/6833/415 3907/6834/415
f 3909/6835/339 3882/6836/339 3908/6837/339
f 3910/6838/496 3915/6839/496 3911/6840/496
f 3916/6841/497 3910/6842/497 3912/6843/497
f 4047/6844/350 3946/6845/350 3948/6846/350
f 3976/6847/350 3921/6848/350 3923/6849/350
f 3918/6850/385 3916/6851/385 3912/6852/385
f 3919/6853/396 3918/6854/396 3920/6855/396
f 3922/6856/426 3919/6857/426 3920/6858/426
f 3923/6859/427 3922/6860/427 3924/6861/427
f 3925/6862/428 3924/6863/428 3926/6864/428
f 3928/6865/429 3925/6866/429 3926/6867/429
f 3930/6868/430 3927/6869/430 3928/6870/430
f 3931/6871/567 3930/6872/567 3932/6873/567
f 3934/6874/432 3931/6875/432 3932/6876/432
f 3936/6877/402 3933/6878/402 3934/6879/402
f 3937/6880/438 3936/6881/438 3938/6882/438
f 3940/6883/481 3938/6884/481 3941/6885/481
f 3942/6886/351 3941/6887/351 3943/6888/351
f 3944/6889/371 3943/6890/371 3945/6891/371
f 3947/6892/370 3944/6893/370 3945/6894/370
f 3948/6895/500 3947/6896/500 3949/6897/500
f 3950/6898/355 3949/6899/355 3951/6900/355
f 3953/6901/356 3950/6902/356 3951/6903/356
f 3954/6904/436 3953/6905/436 3955/6906/436
f 3956/6907/437 3955/6908/437 3957/6909/437
f 3959/6910/444 3956/6911/444 3957/6912/444
f 3915/6913/365 3959/6914/365 3911/6915/365
f 3960/6916/438 3962/6917/438 3939/6918/438
f 4053/6919/481 3939/6920/481 3961/6921/481
f 3965/6922/376 3962/6923/376 3963/6924/376
f 3967/6925/390 3964/6926/390 3965/6927/390
f 3967/6928/391 3968/6929/391 3966/6930/391
f 3971/6931/392 3968/6932/392 3969/6933/392
f 3973/6934/429 3970/6935/429 3971/6936/429
f 3975/6937/428 3972/6938/428 3973/6939/428
f 3977/6940/395 3974/6941/395 3975/6942/395
f 3979/6943/568 3976/6944/568 3977/6945/568
f 3981/6946/396 3978/6947/396 3979/6948/396
f 3983/6949/502 3980/6950/502 3981/6951/502
f 3983/6952/569 3914/6953/569 3982/6954/569
f 4025/6955/327 3973/6956/327 4023/6957/327
f 3914/6958/496 3985/6959/496 4035/6960/496
f 4001/6961/327 4044/6962/327 3999/6963/327
f 3986/6964/496 3990/6965/496 3989/6966/496
f 4033/6967/497 3986/6968/497 3988/6969/497
f 3990/6970/365 3991/6971/365 3989/6972/365
f 3992/6973/359 3993/6974/359 3991/6975/359
f 3993/6976/445 3996/6977/445 3995/6978/445
f 3996/6979/436 3997/6980/436 3995/6981/436
f 3998/6982/356 3999/6983/356 3997/6984/356
f 3999/6985/355 4002/6986/355 4001/6987/355
f 4001/6988/500 4004/6989/500 4003/6990/500
f 4004/6991/435 4005/6992/435 4003/6993/435
f 4006/6994/446 4007/6995/446 4005/6996/446
f 4007/6997/351 4010/6998/351 4009/6999/351
f 4010/7000/434 4011/7001/434 4009/7002/434
f 4011/7003/433 4014/7004/433 4013/7005/433
f 4014/7006/376 4015/7007/376 4013/7008/376
f 4015/7009/390 4018/7010/390 4017/7011/390
f 4017/7012/431 4020/7013/431 4019/7014/431
f 4020/7015/430 4021/7016/430 4019/7017/430
f 4022/7018/429 4023/7019/429 4021/7020/429
f 4023/7021/428 4026/7022/428 4025/7023/428
f 4025/7024/427 4028/7025/427 4027/7026/427
f 4028/7027/383 4029/7028/383 4027/7029/383
f 4029/7030/384 4032/7031/384 4031/7032/384
f 4031/7033/385 4033/7034/385 3988/7035/385
f 3985/7036/365 4036/7037/365 4035/7038/365
f 4034/7039/444 4037/7040/444 4036/7041/444
f 4038/7042/570 4039/7043/570 4037/7044/570
f 4042/7045/366 4039/7046/366 4040/7047/366
f 4042/7048/356 4043/7049/356 4041/7050/356
f 4044/7051/355 4045/7052/355 4043/7053/355
f 4046/7054/369 4047/7055/369 4045/7056/369
f 4048/7057/447 4049/7058/447 4047/7059/447
f 4050/7060/371 4051/7061/371 4049/7062/371
f 4052/7063/351 3961/7064/351 4051/7065/351
f 4055/7066/448 4056/7067/448 4089/7068/448
f 4057/7069/403 4055/7070/403 4080/7071/403
f 4058/7072/332 4056/7073/332 4054/7074/332
f 4057/7075/333 4058/7076/333 4054/7077/333
f 4061/7078/350 4060/7079/350 4065/7080/350
f 4060/7081/331 4062/7082/331 4056/7083/331
f 4061/7084/408 4064/7085/408 4062/7086/408
f 4063/7087/409 4066/7088/409 4064/7089/409
f 4065/7090/328 4068/7091/328 4066/7092/328
f 4067/7093/325 4070/7094/325 4068/7095/325
f 4070/7096/326 4071/7097/326 4072/7098/326
f 4072/7099/337 4073/7100/337 4074/7101/337
f 4074/7102/336 4075/7103/336 4076/7104/336
f 4076/7105/335 4077/7106/335 4078/7107/335
f 4078/7108/406 4059/7109/406 4057/7110/406
f 4076/7111/340 4079/7112/340 4081/7113/340
f 4078/7114/341 4080/7115/341 4079/7116/341
f 4082/7117/8 4081/7118/8 4079/7119/8
f 4074/7120/415 4081/7121/415 4082/7122/415
f 4072/7123/541 4082/7124/541 4083/7125/541
f 4070/7126/494 4083/7127/494 4084/7128/494
f 4085/7129/323 4070/7130/323 4084/7131/323
f 4086/7132/347 4068/7133/347 4085/7134/347
f 4087/7135/411 4066/7136/411 4086/7137/411
f 4088/7138/345 4064/7139/345 4087/7140/345
f 4089/7141/344 4062/7142/344 4088/7143/344
f 4091/7144/39 4093/7145/39 4090/7146/39
f 4185/7147/16 4090/7148/16 4092/7149/16
f 4140/7150/8 4146/7151/8 4148/7152/8
f 4095/7153/287 4094/7154/287 4093/7155/287
f 4177/7156/2 4169/7157/2 4163/7158/2
f 4098/7159/18 4096/7160/18 4097/7161/18
f 4097/7162/19 4100/7163/19 4098/7164/19
f 4099/7165/48 4102/7166/48 4100/7167/48
f 4101/7168/21 4104/7169/21 4102/7170/21
f 4106/7171/277 4103/7172/277 4105/7173/277
f 4105/7174/23 4108/7175/23 4106/7176/23
f 4107/7177/24 4110/7178/24 4108/7179/24
f 4109/7180/25 4112/7181/25 4110/7182/25
f 4113/7183/26 4112/7184/26 4111/7185/26
f 4113/7186/295 4116/7187/295 4114/7188/295
f 4115/7189/17 4118/7190/17 4116/7191/17
f 4117/7192/296 4120/7193/296 4118/7194/296
f 4121/7195/29 4120/7196/29 4119/7197/29
f 4121/7198/30 4124/7199/30 4122/7200/30
f 4123/7201/31 4126/7202/31 4124/7203/31
f 4125/7204/277 4128/7205/277 4126/7206/277
f 4130/7207/299 4127/7208/299 4129/7209/299
f 4129/7210/34 4132/7211/34 4130/7212/34
f 4131/7213/285 4134/7214/285 4132/7215/285
f 4133/7216/453 4136/7217/453 4134/7218/453
f 4138/7219/36 4135/7220/36 4137/7221/36
f 4138/7222/37 4139/7223/37 4140/7224/37
f 4139/7225/28 4142/7226/28 4140/7227/28
f 4141/7228/38 4144/7229/38 4142/7230/38
f 4146/7231/15 4143/7232/15 4145/7233/15
f 4145/7234/40 4148/7235/40 4146/7236/40
f 4148/7237/277 4149/7238/277 4150/7239/277
f 4149/7240/290 4152/7241/290 4150/7242/290
f 4154/7243/571 4151/7244/571 4153/7245/571
f 4153/7246/291 4156/7247/291 4154/7248/291
f 4155/7249/546 4158/7250/546 4156/7251/546
f 4157/7252/36 4160/7253/36 4158/7254/36
f 4162/7255/24 4159/7256/24 4161/7257/24
f 4161/7258/45 4164/7259/45 4162/7260/45
f 4163/7261/29 4166/7262/29 4164/7263/29
f 4165/7264/15 4168/7265/15 4166/7266/15
f 4170/7267/17 4167/7268/17 4169/7269/17
f 4169/7270/288 4172/7271/288 4170/7272/288
f 4171/7273/290 4174/7274/290 4172/7275/290
f 4173/7276/20 4176/7277/20 4174/7278/20
f 4178/7279/21 4175/7280/21 4177/7281/21
f 4177/7282/49 4180/7283/49 4178/7284/49
f 4180/7285/36 4181/7286/36 4182/7287/36
f 4181/7288/44 4184/7289/44 4182/7290/44
f 4092/7291/572 4183/7292/572 4185/7293/572
f 4281/7294/16 4186/7295/16 4188/7296/16
f 4187/7297/39 4189/7298/39 4186/7299/39
f 4236/7300/8 4242/7301/8 4244/7302/8
f 4191/7303/287 4190/7304/287 4189/7305/287
f 4273/7306/2 4265/7307/2 4259/7308/2
f 4194/7309/18 4192/7310/18 4193/7311/18
f 4193/7312/19 4196/7313/19 4194/7314/19
f 4195/7315/48 4198/7316/48 4196/7317/48
f 4198/7318/21 4199/7319/21 4200/7320/21
f 4202/7321/277 4199/7322/277 4201/7323/277
f 4201/7324/23 4204/7325/23 4202/7326/23
f 4203/7327/24 4206/7328/24 4204/7329/24
f 4205/7330/285 4208/7331/285 4206/7332/285
f 4209/7333/26 4208/7334/26 4207/7335/26
f 4209/7336/295 4212/7337/295 4210/7338/295
f 4211/7339/17 4214/7340/17 4212/7341/17
f 4213/7342/28 4216/7343/28 4214/7344/28
f 4217/7345/29 4216/7346/29 4215/7347/29
f 4217/7348/30 4220/7349/30 4218/7350/30
f 4219/7351/31 4222/7352/31 4220/7353/31
f 4221/7354/277 4224/7355/277 4222/7356/277
f 4226/7357/290 4223/7358/290 4225/7359/290
f 4225/7360/34 4228/7361/34 4226/7362/34
f 4227/7363/573 4230/7364/573 4228/7365/573
f 4229/7366/453 4232/7367/453 4230/7368/453
f 4234/7369/512 4231/7370/512 4233/7371/512
f 4234/7372/37 4235/7373/37 4236/7374/37
f 4235/7375/28 4238/7376/28 4236/7377/28
f 4237/7378/38 4240/7379/38 4238/7380/38
f 4242/7381/303 4239/7382/303 4241/7383/303
f 4241/7384/40 4244/7385/40 4242/7386/40
f 4244/7387/277 4245/7388/277 4246/7389/277
f 4245/7390/290 4248/7391/290 4246/7392/290
f 4250/7393/20 4247/7394/20 4249/7395/20
f 4249/7396/42 4252/7397/42 4250/7398/42
f 4251/7399/546 4254/7400/546 4252/7401/546
f 4253/7402/36 4256/7403/36 4254/7404/36
f 4258/7405/24 4255/7406/24 4257/7407/24
f 4257/7408/45 4260/7409/45 4258/7410/45
f 4259/7411/29 4262/7412/29 4260/7413/29
f 4261/7414/15 4264/7415/15 4262/7416/15
f 4266/7417/17 4263/7418/17 4265/7419/17
f 4266/7420/288 4267/7421/288 4268/7422/288
f 4267/7423/290 4270/7424/290 4268/7425/290
f 4270/7426/20 4271/7427/20 4272/7428/20
f 4274/7429/21 4271/7430/21 4273/7431/21
f 4273/7432/49 4276/7433/49 4274/7434/49
f 4276/7435/36 4277/7436/36 4278/7437/36
f 4277/7438/44 4280/7439/44 4278/7440/44
f 4188/7441/572 4279/7442/572 4281/7443/572
f 4284/7444/300 4283/7445/300 4282/7446/300
f 4287/7447/301 4282/7448/301 4285/7449/301
f 4288/7450/24 4285/7451/24 4286/7452/24
f 4289/7453/511 4286/7454/511 4291/7455/511
f 4292/7456/20 4289/7457/20 4291/7458/20
f 4295/7459/574 4292/7460/574 4293/7461/574
f 4296/7462/303 4293/7463/303 4294/7464/303
f 4297/7465/304 4294/7466/304 4299/7467/304
f 4298/7468/469 4299/7469/469 4300/7470/469
f 4303/7471/575 4300/7472/575 4301/7473/575
f 4304/7474/460 4301/7475/460 4302/7476/460
f 4305/7477/461 4302/7478/461 4307/7479/461
f 4306/7480/38 4307/7481/38 4308/7482/38
f 4311/7483/280 4308/7484/280 4309/7485/280
f 4312/7486/453 4309/7487/453 4310/7488/453
f 4313/7489/307 4310/7490/307 4315/7491/307
f 4314/7492/32 4315/7493/32 4316/7494/32
f 4319/7495/30 4316/7496/30 4317/7497/30
f 4320/7498/296 4317/7499/296 4318/7500/296
f 4321/7501/297 4318/7502/297 4323/7503/297
f 4322/7504/576 4323/7505/576 4324/7506/576
f 4325/7507/457 4322/7508/457 4324/7509/457
f 4328/7510/31 4325/7511/31 4326/7512/31
f 4329/7513/517 4326/7514/517 4283/7515/517
f 4332/7516/315 4331/7517/315 4330/7518/315
f 4335/7519/316 4330/7520/316 4333/7521/316
f 4336/7522/577 4333/7523/577 4334/7524/577
f 4337/7525/511 4334/7526/511 4339/7527/511
f 4338/7528/20 4339/7529/20 4340/7530/20
f 4343/7531/578 4340/7532/578 4341/7533/578
f 4344/7534/579 4341/7535/579 4342/7536/579
f 4345/7537/580 4342/7538/580 4347/7539/580
f 4346/7540/43 4347/7541/43 4348/7542/43
f 4351/7543/278 4348/7544/278 4349/7545/278
f 4352/7546/290 4349/7547/290 4350/7548/290
f 4353/7549/40 4350/7550/40 4355/7551/40
f 4354/7552/320 4355/7553/320 4356/7554/320
f 4359/7555/321 4356/7556/321 4357/7557/321
f 4360/7558/26 4357/7559/26 4358/7560/26
f 4363/7561/281 4360/7562/281 4358/7563/281
f 4362/7564/470 4363/7565/470 4364/7566/470
f 4367/7567/521 4364/7568/521 4365/7569/521
f 4368/7570/522 4365/7571/522 4366/7572/522
f 4369/7573/297 4366/7574/297 4371/7575/297
f 4370/7576/581 4371/7577/581 4372/7578/581
f 4375/7579/473 4372/7580/473 4373/7581/473
f 4376/7582/21 4373/7583/21 4374/7584/21
f 4377/7585/19 4374/7586/19 4331/7587/19
f 4379/7588/412 4380/7589/412 4413/7590/412
f 4381/7591/413 4379/7592/413 4404/7593/413
f 4382/7594/325 4380/7595/325 4378/7596/325
f 4381/7597/326 4382/7598/326 4378/7599/326
f 4385/7600/420 4384/7601/420 4389/7602/420
f 4384/7603/328 4386/7604/328 4380/7605/328
f 4385/7606/329 4388/7607/329 4386/7608/329
f 4387/7609/330 4390/7610/330 4388/7611/330
f 4389/7612/331 4392/7613/331 4390/7614/331
f 4391/7615/332 4394/7616/332 4392/7617/332
f 4394/7618/333 4395/7619/333 4396/7620/333
f 4396/7621/406 4397/7622/406 4398/7623/406
f 4398/7624/335 4399/7625/335 4400/7626/335
f 4400/7627/336 4401/7628/336 4402/7629/336
f 4402/7630/337 4383/7631/337 4381/7632/337
f 4400/7633/415 4403/7634/415 4405/7635/415
f 4402/7636/541 4404/7637/541 4403/7638/541
f 4406/7639/2 4405/7640/2 4403/7641/2
f 4398/7642/340 4405/7643/340 4406/7644/340
f 4396/7645/341 4406/7646/341 4407/7647/341
f 4394/7648/508 4407/7649/508 4408/7650/508
f 4409/7651/448 4394/7652/448 4408/7653/448
f 4410/7654/493 4392/7655/493 4409/7656/493
f 4411/7657/509 4390/7658/509 4410/7659/509
f 4412/7660/346 4388/7661/346 4411/7662/346
f 4413/7663/347 4386/7664/347 4412/7665/347
f 4414/7666/582 4419/7667/582 4415/7668/582
f 4420/7669/434 4414/7670/434 4416/7671/434
f 4550/7672/350 4529/7673/350 4548/7674/350
f 4431/7675/583 4433/7676/583 4453/7677/583
f 4421/7678/351 4416/7679/351 4422/7680/351
f 4424/7681/371 4421/7682/371 4422/7683/371
f 4425/7684/353 4424/7685/353 4426/7686/353
f 4427/7687/354 4426/7688/354 4428/7689/354
f 4430/7690/355 4427/7691/355 4428/7692/355
f 4431/7693/356 4430/7694/356 4432/7695/356
f 4434/7696/487 4431/7697/487 4432/7698/487
f 4436/7699/563 4433/7700/563 4434/7701/563
f 4437/7702/503 4436/7703/503 4438/7704/503
f 4439/7705/584 4438/7706/584 4440/7707/584
f 4442/7708/441 4439/7709/441 4440/7710/441
f 4443/7711/364 4442/7712/364 4539/7713/364
f 4448/7714/496 4444/7715/496 4445/7716/496
f 4538/7717/386 4444/7718/386 4446/7719/386
f 4448/7720/365 4449/7721/365 4447/7722/365
f 4452/7723/359 4449/7724/359 4450/7725/359
f 4454/7726/445 4451/7727/445 4452/7728/445
f 4454/7729/366 4455/7730/366 4453/7731/366
f 4456/7732/367 4457/7733/367 4455/7734/367
f 4460/7735/368 4457/7736/368 4458/7737/368
f 4462/7738/369 4459/7739/369 4460/7740/369
f 4462/7741/370 4463/7742/370 4461/7743/370
f 4466/7744/371 4463/7745/371 4464/7746/371
f 4468/7747/372 4465/7748/372 4466/7749/372
f 4468/7750/481 4418/7751/481 4467/7752/481
f 4510/7753/420 4458/7754/420 4508/7755/420
f 4418/7756/438 4470/7757/438 4519/7758/438
f 4486/7759/420 4488/7760/420 4532/7761/420
f 4472/7762/438 4474/7763/438 4471/7764/438
f 4473/7765/373 4472/7766/373 4471/7767/373
f 4474/7768/376 4477/7769/376 4476/7770/376
f 4477/7771/390 4478/7772/390 4476/7773/390
f 4479/7774/567 4480/7775/567 4478/7776/567
f 4480/7777/532 4483/7778/532 4482/7779/532
f 4482/7780/380 4485/7781/380 4484/7782/380
f 4485/7783/399 4486/7784/399 4484/7785/399
f 4487/7786/382 4488/7787/382 4486/7788/382
f 4488/7789/383 4491/7790/383 4490/7791/383
f 4491/7792/396 4492/7793/396 4490/7794/396
f 4492/7795/385 4495/7796/385 4494/7797/385
f 4495/7798/386 4496/7799/386 4494/7800/386
f 4496/7801/585 4499/7802/585 4498/7803/585
f 4499/7804/365 4500/7805/365 4498/7806/365
f 4501/7807/527 4502/7808/527 4500/7809/527
f 4503/7810/358 4504/7811/358 4502/7812/358
f 4504/7813/357 4507/7814/357 4506/7815/357
f 4506/7816/356 4509/7817/356 4508/7818/356
f 4509/7819/355 4510/7820/355 4508/7821/355
f 4511/7822/534 4512/7823/534 4510/7824/534
f 4512/7825/447 4515/7826/447 4514/7827/447
f 4514/7828/352 4517/7829/352 4516/7830/352
f 4517/7831/351 4473/7832/351 4516/7833/351
f 4470/7834/402 4521/7835/402 4519/7836/402
f 4522/7837/489 4521/7838/489 4520/7839/489
f 4524/7840/391 4523/7841/391 4522/7842/391
f 4526/7843/392 4525/7844/392 4524/7845/392
f 4526/7846/393 4529/7847/393 4527/7848/393
f 4530/7849/394 4529/7850/394 4528/7851/394
f 4532/7852/395 4531/7853/395 4530/7854/395
f 4532/7855/383 4535/7856/383 4533/7857/383
f 4536/7858/396 4535/7859/396 4534/7860/396
f 4538/7861/502 4537/7862/502 4536/7863/502
f 4541/7864/502 4443/7865/502 4539/7866/502
f 4542/7867/501 4541/7868/501 4543/7869/501
f 4544/7870/562 4543/7871/562 4545/7872/562
f 4546/7873/486 4545/7874/486 4547/7875/486
f 4549/7876/399 4546/7877/399 4547/7878/399
f 4550/7879/380 4549/7880/380 4551/7881/380
f 4553/7882/566 4550/7883/566 4551/7884/566
f 4555/7885/401 4552/7886/401 4553/7887/401
f 4556/7888/432 4555/7889/432 4557/7890/432
f 4415/7891/402 4556/7892/402 4557/7893/402
f 4559/7894/403 4560/7895/403 4593/7896/403
f 4561/7897/448 4559/7898/448 4584/7899/448
f 4562/7900/326 4560/7901/326 4558/7902/326
f 4561/7903/325 4562/7904/325 4558/7905/325
f 4565/7906/350 4564/7907/350 4569/7908/350
f 4564/7909/539 4566/7910/539 4560/7911/539
f 4565/7912/336 4568/7913/336 4566/7914/336
f 4567/7915/335 4570/7916/335 4568/7917/335
f 4569/7918/406 4572/7919/406 4570/7920/406
f 4571/7921/333 4574/7922/333 4572/7923/333
f 4574/7924/332 4575/7925/332 4576/7926/332
f 4576/7927/407 4577/7928/407 4578/7929/407
f 4578/7930/408 4579/7931/408 4580/7932/408
f 4580/7933/409 4581/7934/409 4582/7935/409
f 4582/7936/540 4563/7937/540 4561/7938/540
f 4580/7939/345 4583/7940/345 4585/7941/345
f 4582/7942/493 4584/7943/493 4583/7944/493
f 4586/7945/2 4585/7946/2 4583/7947/2
f 4578/7948/411 4585/7949/411 4586/7950/411
f 4576/7951/347 4586/7952/347 4587/7953/347
f 4574/7954/323 4587/7955/323 4588/7956/323
f 4589/7957/413 4574/7958/413 4588/7959/413
f 4590/7960/541 4572/7961/541 4589/7962/541
f 4591/7963/338 4570/7964/338 4590/7965/338
f 4592/7966/340 4568/7967/340 4591/7968/340
f 4593/7969/341 4566/7970/341 4592/7971/341
f 4594/7972/416 4605/7973/416 4595/7974/416
f 4603/7975/8 4598/7976/8 4597/7977/8
f 4599/7978/417 4594/7979/417 4597/7980/417
f 4600/7981/7 4597/7982/7 4598/7983/7
f 4600/7984/2 4601/7985/2 4602/7986/2
f 4601/7987/418 4598/7988/418 4603/7989/418
f 4602/7990/419 4603/7991/419 4604/7992/419
f 4605/7993/11 4604/7994/11 4595/7995/11
f 4607/7996/494 4608/7997/494 4641/7998/494
f 4609/7999/495 4607/8000/495 4632/8001/495
f 4610/8002/333 4608/8003/333 4606/8004/333
f 4609/8005/332 4610/8006/332 4606/8007/332
f 4613/8008/586 4612/8009/586 4617/8010/586
f 4612/8011/450 4614/8012/450 4608/8013/450
f 4613/8014/335 4616/8015/335 4614/8016/335
f 4615/8017/587 4618/8018/587 4616/8019/587
f 4617/8020/422 4620/8021/422 4618/8022/422
f 4619/8023/326 4622/8024/326 4620/8025/326
f 4622/8026/325 4623/8027/325 4624/8028/325
f 4624/8029/328 4625/8030/328 4626/8031/328
f 4626/8032/329 4627/8033/329 4628/8034/329
f 4628/8035/408 4629/8036/408 4630/8037/408
f 4630/8038/331 4611/8039/331 4609/8040/331
f 4628/8041/411 4631/8042/411 4633/8043/411
f 4630/8044/423 4632/8045/423 4631/8046/423
f 4634/8047/8 4633/8048/8 4631/8049/8
f 4626/8050/345 4633/8051/345 4634/8052/345
f 4624/8053/493 4634/8054/493 4635/8055/493
f 4622/8056/448 4635/8057/448 4636/8058/448
f 4637/8059/508 4622/8060/508 4636/8061/508
f 4638/8062/424 4620/8063/424 4637/8064/424
f 4639/8065/425 4618/8066/425 4638/8067/425
f 4640/8068/338 4616/8069/338 4639/8070/338
f 4641/8071/414 4614/8072/414 4640/8073/414
f 4642/8074/387 4647/8075/387 4643/8076/387
f 4648/8077/386 4642/8078/386 4644/8079/386
f 4684/8080/405 4775/8081/405 4682/8082/405
f 4659/8083/405 4704/8084/405 4657/8085/405
f 4650/8086/385 4648/8087/385 4644/8088/385
f 4651/8089/396 4650/8090/396 4652/8091/396
f 4654/8092/426 4651/8093/426 4652/8094/426
f 4655/8095/427 4654/8096/427 4656/8097/427
f 4657/8098/428 4656/8099/428 4658/8100/428
f 4660/8101/429 4657/8102/429 4658/8103/429
f 4662/8104/430 4659/8105/430 4660/8106/430
f 4663/8107/391 4662/8108/391 4664/8109/391
f 4666/8110/432 4663/8111/432 4664/8112/432
f 4668/8113/402 4665/8114/402 4666/8115/402
f 4669/8116/433 4668/8117/433 4670/8118/433
f 4672/8119/499 4670/8120/499 4673/8121/499
f 4674/8122/351 4673/8123/351 4675/8124/351
f 4676/8125/371 4675/8126/371 4677/8127/371
f 4679/8128/370 4676/8129/370 4677/8130/370
f 4680/8131/500 4679/8132/500 4681/8133/500
f 4682/8134/355 4681/8135/355 4683/8136/355
f 4685/8137/356 4682/8138/356 4683/8139/356
f 4686/8140/436 4685/8141/436 4687/8142/436
f 4688/8143/437 4687/8144/437 4689/8145/437
f 4691/8146/544 4688/8147/544 4689/8148/544
f 4647/8149/365 4691/8150/365 4643/8151/365
f 4692/8152/375 4694/8153/375 4671/8154/375
f 4785/8155/373 4671/8156/373 4693/8157/373
f 4697/8158/376 4694/8159/376 4695/8160/376
f 4699/8161/377 4696/8162/377 4697/8163/377
f 4699/8164/378 4700/8165/378 4698/8166/378
f 4703/8167/392 4700/8168/392 4701/8169/392
f 4705/8170/429 4702/8171/429 4703/8172/429
f 4707/8173/428 4704/8174/428 4705/8175/428
f 4709/8176/395 4706/8177/395 4707/8178/395
f 4711/8179/383 4708/8180/383 4709/8181/383
f 4713/8182/501 4710/8183/501 4711/8184/501
f 4715/8185/502 4712/8186/502 4713/8187/502
f 4715/8188/497 4646/8189/497 4714/8190/497
f 4757/8191/327 4705/8192/327 4755/8193/327
f 4646/8194/361 4717/8195/361 4767/8196/361
f 4776/8197/588 4729/8198/588 4731/8199/588
f 4718/8200/496 4722/8201/496 4721/8202/496
f 4765/8203/543 4718/8204/543 4720/8205/543
f 4722/8206/365 4723/8207/365 4721/8208/365
f 4724/8209/359 4725/8210/359 4723/8211/359
f 4725/8212/445 4728/8213/445 4727/8214/445
f 4728/8215/436 4729/8216/436 4727/8217/436
f 4730/8218/356 4731/8219/356 4729/8220/356
f 4731/8221/355 4734/8222/355 4733/8223/355
f 4733/8224/500 4736/8225/500 4735/8226/500
f 4736/8227/435 4737/8228/435 4735/8229/435
f 4738/8230/388 4739/8231/388 4737/8232/388
f 4739/8233/389 4742/8234/389 4741/8235/389
f 4742/8236/477 4743/8237/477 4741/8238/477
f 4743/8239/589 4746/8240/589 4745/8241/589
f 4746/8242/376 4747/8243/376 4745/8244/376
f 4747/8245/377 4750/8246/377 4749/8247/377
f 4749/8248/378 4752/8249/378 4751/8250/378
f 4752/8251/430 4753/8252/430 4751/8253/430
f 4754/8254/429 4755/8255/429 4753/8256/429
f 4755/8257/428 4758/8258/428 4757/8259/428
f 4757/8260/427 4760/8261/427 4759/8262/427
f 4760/8263/383 4761/8264/383 4759/8265/383
f 4761/8266/384 4764/8267/384 4763/8268/384
f 4763/8269/385 4765/8270/385 4720/8271/385
f 4717/8272/365 4768/8273/365 4767/8274/365
f 4766/8275/444 4769/8276/444 4768/8277/444
f 4770/8278/570 4771/8279/570 4769/8280/570
f 4774/8281/366 4771/8282/366 4772/8283/366
f 4774/8284/356 4775/8285/356 4773/8286/356
f 4776/8287/355 4777/8288/355 4775/8289/355
f 4778/8290/369 4779/8291/369 4777/8292/369
f 4780/8293/447 4781/8294/447 4779/8295/447
f 4782/8296/446 4783/8297/446 4781/8298/446
f 4784/8299/351 4693/8300/351 4783/8301/351
f 4787/8302/448 4788/8303/448 4821/8304/448
f 4789/8305/403 4787/8306/403 4812/8307/403
f 4790/8308/332 4788/8309/332 4786/8310/332
f 4789/8311/333 4790/8312/333 4786/8313/333
f 4793/8314/350 4792/8315/350 4797/8316/350
f 4792/8317/331 4794/8318/331 4788/8319/331
f 4793/8320/330 4796/8321/330 4794/8322/330
f 4795/8323/590 4798/8324/590 4796/8325/590
f 4797/8326/449 4800/8327/449 4798/8328/449
f 4799/8329/325 4802/8330/325 4800/8331/325
f 4802/8332/326 4803/8333/326 4804/8334/326
f 4804/8335/422 4805/8336/422 4806/8337/422
f 4806/8338/336 4807/8339/336 4808/8340/336
f 4808/8341/335 4809/8342/335 4810/8343/335
f 4810/8344/334 4791/8345/334 4789/8346/334
f 4808/8347/340 4811/8348/340 4813/8349/340
f 4810/8350/341 4812/8351/341 4811/8352/341
f 4814/8353/8 4813/8354/8 4811/8355/8
f 4806/8356/415 4813/8357/415 4814/8358/415
f 4804/8359/541 4814/8360/541 4815/8361/541
f 4802/8362/413 4815/8363/413 4816/8364/413
f 4817/8365/412 4802/8366/412 4816/8367/412
f 4818/8368/347 4800/8369/347 4817/8370/347
f 4819/8371/346 4798/8372/346 4818/8373/346
f 4820/8374/345 4796/8375/345 4819/8376/345
f 4821/8377/493 4794/8378/493 4820/8379/493
f 4823/8380/15 4825/8381/15 4822/8382/15
f 4917/8383/16 4822/8384/16 4824/8385/16
f 4872/8386/8 4878/8387/8 4880/8388/8
f 4827/8389/17 4826/8390/17 4825/8391/17
f 4909/8392/2 4901/8393/2 4895/8394/2
f 4830/8395/18 4828/8396/18 4829/8397/18
f 4829/8398/19 4832/8399/19 4830/8400/19
f 4831/8401/48 4834/8402/48 4832/8403/48
f 4833/8404/21 4836/8405/21 4834/8406/21
f 4838/8407/277 4835/8408/277 4837/8409/277
f 4837/8410/23 4840/8411/23 4838/8412/23
f 4839/8413/24 4842/8414/24 4840/8415/24
f 4841/8416/35 4844/8417/35 4842/8418/35
f 4845/8419/546 4844/8420/546 4843/8421/546
f 4845/8422/297 4848/8423/297 4846/8424/297
f 4847/8425/17 4850/8426/17 4848/8427/17
f 4849/8428/283 4852/8429/283 4850/8430/283
f 4853/8431/29 4852/8432/29 4851/8433/29
f 4853/8434/282 4856/8435/282 4854/8436/282
f 4855/8437/31 4858/8438/31 4856/8439/31
f 4857/8440/277 4860/8441/277 4858/8442/277
f 4862/8443/290 4859/8444/290 4861/8445/290
f 4861/8446/307 4864/8447/307 4862/8448/307
f 4863/8449/285 4866/8450/285 4864/8451/285
f 4865/8452/453 4868/8453/453 4866/8454/453
f 4870/8455/319 4867/8456/319 4869/8457/319
f 4870/8458/37 4871/8459/37 4872/8460/37
f 4871/8461/296 4874/8462/296 4872/8463/296
f 4873/8464/38 4876/8465/38 4874/8466/38
f 4878/8467/15 4875/8468/15 4877/8469/15
f 4877/8470/40 4880/8471/40 4878/8472/40
f 4880/8473/22 4881/8474/22 4882/8475/22
f 4881/8476/41 4884/8477/41 4882/8478/41
f 4886/8479/48 4883/8480/48 4885/8481/48
f 4885/8482/291 4888/8483/291 4886/8484/291
f 4887/8485/546 4890/8486/546 4888/8487/546
f 4889/8488/36 4892/8489/36 4890/8490/36
f 4894/8491/24 4891/8492/24 4893/8493/24
f 4893/8494/45 4896/8495/45 4894/8496/45
f 4895/8497/29 4898/8498/29 4896/8499/29
f 4897/8500/15 4900/8501/15 4898/8502/15
f 4902/8503/17 4899/8504/17 4901/8505/17
f 4901/8506/288 4904/8507/288 4902/8508/288
f 4903/8509/290 4906/8510/290 4904/8511/290
f 4905/8512/20 4908/8513/20 4906/8514/20
f 4910/8515/21 4907/8516/21 4909/8517/21
f 4909/8518/49 4912/8519/49 4910/8520/49
f 4912/8521/43 4913/8522/43 4914/8523/43
f 4913/8524/44 4916/8525/44 4914/8526/44
f 4824/8527/25 4915/8528/25 4917/8529/25
f 5013/8530/16 4918/8531/16 4920/8532/16
f 4919/8533/15 4921/8534/15 4918/8535/15
f 4968/8536/8 4974/8537/8 4976/8538/8
f 4923/8539/17 4922/8540/17 4921/8541/17
f 5005/8542/2 4997/8543/2 4991/8544/2
f 4926/8545/18 4924/8546/18 4925/8547/18
f 4925/8548/19 4928/8549/19 4926/8550/19
f 4927/8551/48 4930/8552/48 4928/8553/48
f 4930/8554/21 4931/8555/21 4932/8556/21
f 4934/8557/277 4931/8558/277 4933/8559/277
f 4933/8560/473 4936/8561/473 4934/8562/473
f 4935/8563/24 4938/8564/24 4936/8565/24
f 4937/8566/25 4940/8567/25 4938/8568/25
f 4941/8569/546 4940/8570/546 4939/8571/546
f 4941/8572/295 4944/8573/295 4942/8574/295
f 4943/8575/17 4946/8576/17 4944/8577/17
f 4945/8578/283 4948/8579/283 4946/8580/283
f 4949/8581/29 4948/8582/29 4947/8583/29
f 4949/8584/282 4952/8585/282 4950/8586/282
f 4951/8587/21 4954/8588/21 4952/8589/21
f 4953/8590/277 4956/8591/277 4954/8592/277
f 4958/8593/290 4955/8594/290 4957/8595/290
f 4957/8596/307 4960/8597/307 4958/8598/307
f 4959/8599/573 4962/8600/573 4960/8601/573
f 4961/8602/453 4964/8603/453 4962/8604/453
f 4966/8605/552 4963/8606/552 4965/8607/552
f 4966/8608/37 4967/8609/37 4968/8610/37
f 4967/8611/28 4970/8612/28 4968/8613/28
f 4969/8614/38 4972/8615/38 4970/8616/38
f 4974/8617/15 4971/8618/15 4973/8619/15
f 4973/8620/40 4976/8621/40 4974/8622/40
f 4976/8623/22 4977/8624/22 4978/8625/22
f 4977/8626/41 4980/8627/41 4978/8628/41
f 4982/8629/48 4979/8630/48 4981/8631/48
f 4981/8632/291 4984/8633/291 4982/8634/291
f 4983/8635/546 4986/8636/546 4984/8637/546
f 4985/8638/36 4988/8639/36 4986/8640/36
f 4990/8641/24 4987/8642/24 4989/8643/24
f 4989/8644/289 4992/8645/289 4990/8646/289
f 4991/8647/29 4994/8648/29 4992/8649/29
f 4993/8650/39 4996/8651/39 4994/8652/39
f 4998/8653/17 4995/8654/17 4997/8655/17
f 4998/8656/288 4999/8657/288 5000/8658/288
f 4999/8659/290 5002/8660/290 5000/8661/290
f 5002/8662/20 5003/8663/20 5004/8664/20
f 5006/8665/21 5003/8666/21 5005/8667/21
f 5005/8668/49 5008/8669/49 5006/8670/49
f 5008/8671/43 5009/8672/43 5010/8673/43
f 5009/8674/44 5012/8675/44 5010/8676/44
f 4920/8677/25 5011/8678/25 5013/8679/25
f 5016/8680/300 5015/8681/300 5014/8682/300
f 5019/8683/16 5014/8684/16 5017/8685/16
f 5020/8686/44 5017/8687/44 5018/8688/44
f 5023/8689/49 5020/8690/49 5018/8691/49
f 5024/8692/20 5021/8693/20 5023/8694/20
f 5027/8695/515 5024/8696/515 5025/8697/515
f 5028/8698/579 5025/8699/579 5026/8700/579
f 5029/8701/458 5026/8702/458 5031/8703/458
f 5030/8704/36 5031/8705/36 5032/8706/36
f 5035/8707/575 5032/8708/575 5033/8709/575
f 5036/8710/47 5033/8711/47 5034/8712/47
f 5037/8713/279 5034/8714/279 5039/8715/279
f 5038/8716/305 5039/8717/305 5040/8718/305
f 5043/8719/280 5040/8720/280 5041/8721/280
f 5044/8722/306 5041/8723/306 5042/8724/306
f 5045/8725/34 5042/8726/34 5047/8727/34
f 5046/8728/22 5047/8729/22 5048/8730/22
f 5051/8731/30 5048/8732/30 5049/8733/30
f 5052/8734/296 5049/8735/296 5050/8736/296
f 5053/8737/297 5050/8738/297 5055/8739/297
f 5054/8740/285 5055/8741/285 5056/8742/285
f 5059/8743/23 5056/8744/23 5057/8745/23
f 5060/8746/276 5057/8747/276 5058/8748/276
f 5061/8749/517 5058/8750/517 5015/8751/517
f 5064/8752/315 5063/8753/315 5062/8754/315
f 5067/8755/316 5062/8756/316 5065/8757/316
f 5068/8758/44 5065/8759/44 5066/8760/44
f 5069/8761/49 5066/8762/49 5071/8763/49
f 5070/8764/519 5071/8765/519 5072/8766/519
f 5075/8767/46 5072/8768/46 5073/8769/46
f 5076/8770/579 5073/8771/579 5074/8772/579
f 5077/8773/458 5074/8774/458 5079/8775/458
f 5078/8776/36 5079/8777/36 5080/8778/36
f 5083/8779/291 5080/8780/291 5081/8781/291
f 5084/8782/520 5081/8783/520 5082/8784/520
f 5085/8785/279 5082/8786/279 5087/8787/279
f 5086/8788/320 5087/8789/320 5088/8790/320
f 5091/8791/321 5088/8792/321 5089/8793/321
f 5092/8794/453 5089/8795/453 5090/8796/453
f 5095/8797/307 5092/8798/307 5090/8799/307
f 5094/8800/22 5095/8801/22 5096/8802/22
f 5099/8803/30 5096/8804/30 5097/8805/30
f 5100/8806/591 5097/8807/591 5098/8808/591
f 5101/8809/472 5098/8810/472 5103/8811/472
f 5102/8812/285 5103/8813/285 5104/8814/285
f 5107/8815/286 5104/8816/286 5105/8817/286
f 5108/8818/276 5105/8819/276 5106/8820/276
f 5109/8821/298 5106/8822/298 5063/8823/298
f 5111/8824/323 5112/8825/323 5145/8826/323
f 5113/8827/494 5111/8828/494 5136/8829/494
f 5114/8830/325 5112/8831/325 5110/8832/325
f 5113/8833/326 5114/8834/326 5110/8835/326
f 5117/8836/420 5116/8837/420 5121/8838/420
f 5116/8839/328 5118/8840/328 5112/8841/328
f 5117/8842/329 5120/8843/329 5118/8844/329
f 5119/8845/592 5122/8846/592 5120/8847/592
f 5121/8848/407 5124/8849/407 5122/8850/407
f 5123/8851/332 5126/8852/332 5124/8853/332
f 5126/8854/333 5127/8855/333 5128/8856/333
f 5128/8857/406 5129/8858/406 5130/8859/406
f 5130/8860/335 5131/8861/335 5132/8862/335
f 5132/8863/523 5133/8864/523 5134/8865/523
f 5134/8866/539 5115/8867/539 5113/8868/539
f 5132/8869/415 5135/8870/415 5137/8871/415
f 5134/8872/541 5136/8873/541 5135/8874/541
f 5138/8875/2 5137/8876/2 5135/8877/2
f 5130/8878/340 5137/8879/340 5138/8880/340
f 5128/8881/341 5138/8882/341 5139/8883/341
f 5126/8884/508 5139/8885/508 5140/8886/508
f 5141/8887/343 5126/8888/343 5140/8889/343
f 5142/8890/410 5124/8891/410 5141/8892/410
f 5143/8893/492 5122/8894/492 5142/8895/492
f 5144/8896/346 5120/8897/346 5143/8898/346
f 5145/8899/347 5118/8900/347 5144/8901/347
f 5146/8902/433 5151/8903/433 5147/8904/433
f 5152/8905/434 5146/8906/434 5148/8907/434
f 5282/8908/405 5261/8909/405 5280/8910/405
f 5163/8911/350 5189/8912/350 5161/8913/350
f 5153/8914/351 5148/8915/351 5154/8916/351
f 5156/8917/446 5153/8918/446 5154/8919/446
f 5158/8920/488 5155/8921/488 5156/8922/488
f 5159/8923/354 5158/8924/354 5160/8925/354
f 5162/8926/355 5159/8927/355 5160/8928/355
f 5163/8929/356 5162/8930/356 5164/8931/356
f 5166/8932/487 5163/8933/487 5164/8934/487
f 5167/8935/358 5166/8936/358 5168/8937/358
f 5170/8938/527 5167/8939/527 5168/8940/527
f 5171/8941/360 5170/8942/360 5172/8943/360
f 5174/8944/361 5171/8945/361 5172/8946/361
f 5175/8947/362 5174/8948/362 5271/8949/362
f 5180/8950/363 5176/8951/363 5177/8952/363
f 5270/8953/386 5176/8954/386 5178/8955/386
f 5180/8956/365 5181/8957/365 5179/8958/365
f 5184/8959/480 5181/8960/480 5182/8961/480
f 5184/8962/358 5185/8963/358 5183/8964/358
f 5186/8965/366 5187/8966/366 5185/8967/366
f 5188/8968/367 5189/8969/367 5187/8970/367
f 5192/8971/368 5189/8972/368 5190/8973/368
f 5194/8974/369 5191/8975/369 5192/8976/369
f 5194/8977/353 5195/8978/353 5193/8979/353
f 5198/8980/529 5195/8981/529 5196/8982/529
f 5200/8983/372 5197/8984/372 5198/8985/372
f 5200/8986/593 5150/8987/593 5199/8988/593
f 5186/8989/420 5236/8990/420 5238/8991/420
f 5150/8992/483 5202/8993/483 5251/8994/483
f 5218/8995/420 5220/8996/420 5264/8997/420
f 5204/8998/438 5206/8999/438 5203/9000/438
f 5205/9001/373 5204/9002/373 5203/9003/373
f 5206/9004/376 5209/9005/376 5208/9006/376
f 5208/9007/432 5211/9008/432 5210/9009/432
f 5210/9010/594 5213/9011/594 5212/9012/594
f 5212/9013/532 5215/9014/532 5214/9015/532
f 5215/9016/380 5216/9017/380 5214/9018/380
f 5217/9019/381 5218/9020/381 5216/9021/381
f 5218/9022/382 5221/9023/382 5220/9024/382
f 5220/9025/538 5223/9026/538 5222/9027/538
f 5222/9028/384 5225/9029/384 5224/9030/384
f 5224/9031/385 5227/9032/385 5226/9033/385
f 5227/9034/386 5228/9035/386 5226/9036/386
f 5228/9037/387 5231/9038/387 5230/9039/387
f 5231/9040/365 5232/9041/365 5230/9042/365
f 5233/9043/359 5234/9044/359 5232/9045/359
f 5235/9046/595 5236/9047/595 5234/9048/595
f 5237/9049/357 5238/9050/357 5236/9051/357
f 5238/9052/356 5241/9053/356 5240/9054/356
f 5240/9055/355 5243/9056/355 5242/9057/355
f 5243/9058/534 5244/9059/534 5242/9060/534
f 5245/9061/447 5246/9062/447 5244/9063/447
f 5247/9064/371 5248/9065/371 5246/9066/371
f 5249/9067/351 5205/9068/351 5248/9069/351
f 5202/9070/402 5253/9071/402 5251/9072/402
f 5254/9073/596 5253/9074/596 5252/9075/596
f 5256/9076/391 5255/9077/391 5254/9078/391
f 5256/9079/392 5259/9080/392 5257/9081/392
f 5258/9082/393 5261/9083/393 5259/9084/393
f 5262/9085/394 5261/9086/394 5260/9087/394
f 5264/9088/395 5263/9089/395 5262/9090/395
f 5264/9091/383 5267/9092/383 5265/9093/383
f 5268/9094/490 5267/9095/490 5266/9096/490
f 5270/9097/385 5269/9098/385 5268/9099/385
f 5273/9100/491 5175/9101/491 5271/9102/491
f 5274/9103/537 5273/9104/537 5275/9105/537
f 5277/9106/383 5274/9107/383 5275/9108/383
f 5278/9109/486 5277/9110/486 5279/9111/486
f 5281/9112/485 5278/9113/485 5279/9114/485
f 5282/9115/380 5281/9116/380 5283/9117/380
f 5285/9118/379 5282/9119/379 5283/9120/379
f 5286/9121/484 5285/9122/484 5287/9123/484
f 5288/9124/390 5287/9125/390 5289/9126/390
f 5147/9127/402 5288/9128/402 5289/9129/402
f 5291/9130/508 5292/9131/508 5325/9132/508
f 5293/9133/448 5291/9134/448 5316/9135/448
f 5294/9136/326 5292/9137/326 5290/9138/326
f 5293/9139/325 5294/9140/325 5290/9141/325
f 5297/9142/350 5296/9143/350 5301/9144/350
f 5296/9145/597 5298/9146/597 5292/9147/597
f 5297/9148/336 5300/9149/336 5298/9150/336
f 5299/9151/335 5302/9152/335 5300/9153/335
f 5301/9154/406 5304/9155/406 5302/9156/406
f 5303/9157/333 5306/9158/333 5304/9159/333
f 5306/9160/332 5307/9161/332 5308/9162/332
f 5308/9163/407 5309/9164/407 5310/9165/407
f 5310/9166/408 5311/9167/408 5312/9168/408
f 5312/9169/409 5313/9170/409 5314/9171/409
f 5314/9172/540 5295/9173/540 5293/9174/540
f 5312/9175/598 5315/9176/598 5317/9177/598
f 5314/9178/493 5316/9179/493 5315/9180/493
f 5318/9181/2 5317/9182/2 5315/9183/2
f 5310/9184/411 5317/9185/411 5318/9186/411
f 5308/9187/347 5318/9188/347 5319/9189/347
f 5306/9190/323 5319/9191/323 5320/9192/323
f 5321/9193/324 5306/9194/324 5320/9195/324
f 5322/9196/339 5304/9197/339 5321/9198/339
f 5323/9199/338 5302/9200/338 5322/9201/338
f 5324/9202/340 5300/9203/340 5323/9204/340
f 5325/9205/424 5298/9206/424 5324/9207/424
f 5328/9208/416 5327/9209/416 5326/9210/416
f 5335/9211/8 5330/9212/8 5329/9213/8
f 5331/9214/417 5326/9215/417 5329/9216/417
f 5332/9217/7 5329/9218/7 5330/9219/7
f 5333/9220/2 5334/9221/2 5328/9222/2
f 5333/9223/418 5330/9224/418 5335/9225/418
f 5334/9226/419 5335/9227/419 5336/9228/419
f 5337/9229/11 5336/9230/11 5327/9231/11
f 5339/9232/494 5340/9233/494 5373/9234/494
f 5341/9235/495 5339/9236/495 5364/9237/495
f 5342/9238/333 5340/9239/333 5338/9240/333
f 5341/9241/332 5342/9242/332 5338/9243/332
f 5345/9244/586 5344/9245/586 5349/9246/586
f 5344/9247/450 5346/9248/450 5340/9249/450
f 5345/9250/335 5348/9251/335 5346/9252/335
f 5347/9253/336 5350/9254/336 5348/9255/336
f 5349/9256/337 5352/9257/337 5350/9258/337
f 5351/9259/326 5354/9260/326 5352/9261/326
f 5354/9262/325 5355/9263/325 5356/9264/325
f 5356/9265/449 5357/9266/449 5358/9267/449
f 5358/9268/329 5359/9269/329 5360/9270/329
f 5360/9271/330 5361/9272/330 5362/9273/330
f 5362/9274/331 5343/9275/331 5341/9276/331
f 5360/9277/411 5363/9278/411 5365/9279/411
f 5362/9280/423 5364/9281/423 5363/9282/423
f 5366/9283/8 5365/9284/8 5363/9285/8
f 5358/9286/492 5365/9287/492 5366/9288/492
f 5356/9289/410 5366/9290/410 5367/9291/410
f 5354/9292/404 5367/9293/404 5368/9294/404
f 5369/9295/508 5354/9296/508 5368/9297/508
f 5370/9298/424 5352/9299/424 5369/9300/424
f 5371/9301/425 5350/9302/425 5370/9303/425
f 5372/9304/415 5348/9305/415 5371/9306/415
f 5373/9307/414 5346/9308/414 5372/9309/414
f 5377/9310/599 5375/9311/599 5374/9312/599
f 5376/9313/386 5377/9314/386 5374/9315/386
f 5511/9316/350 5410/9317/350 5412/9318/350
f 5391/9319/600 5436/9320/600 5389/9321/600
f 5382/9322/385 5380/9323/385 5376/9324/385
f 5383/9325/396 5382/9326/396 5384/9327/396
f 5385/9328/426 5384/9329/426 5386/9330/426
f 5387/9331/427 5386/9332/427 5388/9333/427
f 5389/9334/428 5388/9335/428 5390/9336/428
f 5392/9337/429 5389/9338/429 5390/9339/429
f 5394/9340/430 5391/9341/430 5392/9342/430
f 5396/9343/391 5393/9344/391 5394/9345/391
f 5397/9346/432 5396/9347/432 5398/9348/432
f 5400/9349/402 5397/9350/402 5398/9351/402
f 5402/9352/438 5399/9353/438 5400/9354/438
f 5404/9355/439 5402/9356/439 5405/9357/439
f 5406/9358/351 5405/9359/351 5407/9360/351
f 5409/9361/371 5406/9362/371 5407/9363/371
f 5410/9364/370 5409/9365/370 5411/9366/370
f 5412/9367/500 5411/9368/500 5413/9369/500
f 5414/9370/355 5413/9371/355 5415/9372/355
f 5417/9373/356 5414/9374/356 5415/9375/356
f 5418/9376/436 5417/9377/436 5419/9378/436
f 5421/9379/358 5418/9380/358 5419/9381/358
f 5423/9382/444 5420/9383/444 5421/9384/444
f 5379/9385/365 5423/9386/365 5375/9387/365
f 5424/9388/601 5426/9389/601 5403/9390/601
f 5424/9391/593 5425/9392/593 5517/9393/593
f 5429/9394/376 5426/9395/376 5427/9396/376
f 5429/9397/377 5430/9398/377 5428/9399/377
f 5433/9400/484 5430/9401/484 5431/9402/484
f 5435/9403/392 5432/9404/392 5433/9405/392
f 5435/9406/429 5436/9407/429 5434/9408/429
f 5439/9409/428 5436/9410/428 5437/9411/428
f 5441/9412/395 5438/9413/395 5439/9414/395
f 5443/9415/383 5440/9416/383 5441/9417/383
f 5445/9418/501 5442/9419/501 5443/9420/501
f 5447/9421/502 5444/9422/502 5445/9423/502
f 5447/9424/364 5378/9425/364 5446/9426/364
f 5433/9427/482 5483/9428/482 5485/9429/482
f 5378/9430/441 5449/9431/441 5499/9432/441
f 5508/9433/602 5461/9434/602 5463/9435/602
f 5451/9436/528 5453/9437/528 5450/9438/528
f 5452/9439/497 5451/9440/497 5450/9441/497
f 5454/9442/603 5455/9443/603 5453/9444/603
f 5455/9445/604 5458/9446/604 5457/9447/604
f 5457/9448/437 5460/9449/437 5459/9450/437
f 5460/9451/436 5461/9452/436 5459/9453/436
f 5462/9454/356 5463/9455/356 5461/9456/356
f 5463/9457/355 5466/9458/355 5465/9459/355
f 5465/9460/500 5468/9461/500 5467/9462/500
f 5468/9463/370 5469/9464/370 5467/9465/370
f 5469/9466/371 5472/9467/371 5471/9468/371
f 5472/9469/351 5473/9470/351 5471/9471/351
f 5474/9472/434 5475/9473/434 5473/9474/434
f 5475/9475/433 5478/9476/433 5477/9477/433
f 5477/9478/402 5480/9479/402 5479/9480/402
f 5480/9481/605 5481/9482/605 5479/9483/605
f 5481/9484/391 5484/9485/391 5483/9486/391
f 5484/9487/430 5485/9488/430 5483/9489/430
f 5486/9490/429 5487/9491/429 5485/9492/429
f 5487/9493/428 5490/9494/428 5489/9495/428
f 5489/9496/427 5492/9497/427 5491/9498/427
f 5492/9499/606 5493/9500/606 5491/9501/606
f 5494/9502/501 5495/9503/501 5493/9504/501
f 5495/9505/607 5497/9506/607 5452/9507/607
f 5498/9508/365 5499/9509/365 5449/9510/365
f 5498/9511/444 5501/9512/444 5500/9513/444
f 5502/9514/445 5503/9515/445 5501/9516/445
f 5506/9517/366 5503/9518/366 5504/9519/366
f 5508/9520/356 5505/9521/356 5506/9522/356
f 5508/9523/355 5509/9524/355 5507/9525/355
f 5510/9526/369 5511/9527/369 5509/9528/369
f 5512/9529/447 5513/9530/447 5511/9531/447
f 5514/9532/446 5515/9533/446 5513/9534/446
f 5516/9535/351 5425/9536/351 5515/9537/351
f 5519/9538/343 5520/9539/343 5553/9540/343
f 5521/9541/508 5519/9542/508 5544/9543/508
f 5522/9544/332 5520/9545/332 5518/9546/332
f 5521/9547/333 5522/9548/333 5518/9549/333
f 5525/9550/545 5524/9551/545 5529/9552/545
f 5524/9553/407 5526/9554/407 5520/9555/407
f 5525/9556/408 5528/9557/408 5526/9558/408
f 5527/9559/409 5530/9560/409 5528/9561/409
f 5529/9562/328 5532/9563/328 5530/9564/328
f 5531/9565/325 5534/9566/325 5532/9567/325
f 5534/9568/326 5535/9569/326 5536/9570/326
f 5536/9571/337 5537/9572/337 5538/9573/337
f 5538/9574/523 5539/9575/523 5540/9576/523
f 5540/9577/475 5541/9578/475 5542/9579/475
f 5542/9580/450 5523/9581/450 5521/9582/450
f 5540/9583/340 5543/9584/340 5545/9585/340
f 5542/9586/341 5544/9587/341 5543/9588/341
f 5546/9589/8 5545/9590/8 5543/9591/8
f 5538/9592/608 5545/9593/608 5546/9594/608
f 5536/9595/414 5546/9596/414 5547/9597/414
f 5534/9598/324 5547/9599/324 5548/9600/324
f 5549/9601/609 5534/9602/609 5548/9603/609
f 5550/9604/347 5532/9605/347 5549/9606/347
f 5551/9607/411 5530/9608/411 5550/9609/411
f 5552/9610/345 5528/9611/345 5551/9612/345
f 5553/9613/410 5526/9614/410 5552/9615/410
f 5555/9616/15 5557/9617/15 5554/9618/15
f 5649/9619/16 5554/9620/16 5556/9621/16
f 5604/9622/8 5610/9623/8 5612/9624/8
f 5559/9625/17 5558/9626/17 5557/9627/17
f 5641/9628/2 5633/9629/2 5627/9630/2
f 5562/9631/18 5560/9632/18 5561/9633/18
f 5561/9634/19 5564/9635/19 5562/9636/19
f 5563/9637/610 5566/9638/610 5564/9639/610
f 5565/9640/21 5568/9641/21 5566/9642/21
f 5570/9643/22 5567/9644/22 5569/9645/22
f 5569/9646/23 5572/9647/23 5570/9648/23
f 5571/9649/24 5574/9650/24 5572/9651/24
f 5573/9652/25 5576/9653/25 5574/9654/25
f 5577/9655/26 5576/9656/26 5575/9657/26
f 5577/9658/295 5580/9659/295 5578/9660/295
f 5579/9661/17 5582/9662/17 5580/9663/17
f 5581/9664/28 5584/9665/28 5582/9666/28
f 5585/9667/29 5584/9668/29 5583/9669/29
f 5585/9670/30 5588/9671/30 5586/9672/30
f 5587/9673/31 5590/9674/31 5588/9675/31
f 5589/9676/277 5592/9677/277 5590/9678/277
f 5594/9679/299 5591/9680/299 5593/9681/299
f 5593/9682/34 5596/9683/34 5594/9684/34
f 5595/9685/35 5598/9686/35 5596/9687/35
f 5597/9688/26 5600/9689/26 5598/9690/26
f 5602/9691/36 5599/9692/36 5601/9693/36
f 5602/9694/37 5603/9695/37 5604/9696/37
f 5603/9697/296 5606/9698/296 5604/9699/296
f 5605/9700/38 5608/9701/38 5606/9702/38
f 5610/9703/15 5607/9704/15 5609/9705/15
f 5609/9706/40 5612/9707/40 5610/9708/40
f 5612/9709/322 5613/9710/322 5614/9711/322
f 5613/9712/41 5616/9713/41 5614/9714/41
f 5618/9715/48 5615/9716/48 5617/9717/48
f 5617/9718/291 5620/9719/291 5618/9720/291
f 5619/9721/546 5622/9722/546 5620/9723/546
f 5621/9724/36 5624/9725/36 5622/9726/36
f 5626/9727/44 5623/9728/44 5625/9729/44
f 5625/9730/45 5628/9731/45 5626/9732/45
f 5627/9733/29 5630/9734/29 5628/9735/29
f 5629/9736/303 5632/9737/303 5630/9738/303
f 5634/9739/17 5631/9740/17 5633/9741/17
f 5633/9742/46 5636/9743/46 5634/9744/46
f 5635/9745/47 5638/9746/47 5636/9747/47
f 5637/9748/48 5640/9749/48 5638/9750/48
f 5642/9751/21 5639/9752/21 5641/9753/21
f 5641/9754/49 5644/9755/49 5642/9756/49
f 5644/9757/36 5645/9758/36 5646/9759/36
f 5645/9760/44 5648/9761/44 5646/9762/44
f 5556/9763/573 5647/9764/573 5649/9765/573
f 5652/9766/309 5651/9767/309 5650/9768/309
f 5651/9769/11 5659/9770/11 5653/9771/11
f 5655/9772/310 5650/9773/310 5653/9774/310
f 5656/9775/12 5653/9776/12 5654/9777/12
f 5652/9778/7 5656/9779/7 5658/9780/7
f 5657/9781/311 5654/9782/311 5659/9783/311
f 5658/9784/312 5659/9785/312 5660/9786/312
f 5661/9787/1 5660/9788/1 5651/9789/1
f 2/3/1 11/9790/1 5/1/1
f 5/1/1 4/9791/1 1/2/1
f 2/4/2 1/9792/2 3/5/2
f 1/7/611 4/9793/611 6/8/611
f 5/10/612 7/9794/612 6/11/612
f 6/13/5 7/9795/5 10/14/5
f 3/16/6 6/9796/6 8/17/6
f 14/9797/7 2/9798/7 29/9799/7
f 2/9798/7 9/9800/7 29/9799/7
f 11/9801/7 12/9802/7 13/9803/7
f 10/9804/7 11/9801/7 13/9803/7
f 25/9805/7 29/9799/7 9/9800/7
f 25/9805/7 9/9800/7 8/19/7
f 10/9804/7 13/9803/7 27/20/7
f 28/21/7 25/9805/7 8/19/7
f 8/19/7 10/9804/7 27/20/7
f 7/22/8 5/9806/8 11/23/8
f 2/25/7 14/9807/7 12/26/7
f 27/30/9 13/9808/9 22/28/9
f 13/9808/613 12/9809/613 22/28/613
f 12/9809/8 15/9810/8 17/9811/8
f 17/9811/614 18/9812/614 12/9809/614
f 18/9812/613 22/28/613 12/9809/613
f 14/31/10 16/9813/10 15/32/10
f 20/34/11 18/9814/11 17/35/11
f 14/39/615 29/9815/615 21/9816/615
f 29/9815/616 25/9817/616 21/9816/616
f 25/9817/616 23/9818/616 21/9816/616
f 21/9816/615 20/9819/615 14/39/615
f 20/9819/617 19/37/617 14/39/617
f 22/40/12 18/9820/12 20/41/12
f 23/43/11 26/9821/11 22/44/11
f 28/49/13 24/9822/13 23/50/13
f 27/52/14 26/9823/14 24/53/14
f 31/55/15 35/9824/15 33/56/15
f 125/58/16 31/9825/16 30/59/16
f 40/9826/8 42/9827/8 44/9828/8
f 40/9826/8 44/9828/8 46/9829/8
f 33/9830/8 34/9831/8 38/9832/8
f 38/9832/8 40/9826/8 48/9833/8
f 40/9826/8 46/9829/8 48/9833/8
f 48/9833/8 50/9834/8 52/9835/8
f 30/9836/8 33/9830/8 38/9832/8
f 122/9837/8 124/9838/8 120/9839/8
f 124/9838/8 32/9840/8 120/9839/8
f 32/9840/8 30/9836/8 48/9833/8
f 30/9836/8 38/9832/8 48/9833/8
f 48/9833/8 52/9835/8 54/9841/8
f 114/9842/8 116/9843/8 118/9844/8
f 118/9844/8 120/9839/8 56/9845/8
f 120/9839/8 32/9840/8 56/9845/8
f 32/9840/8 48/9833/8 56/9845/8
f 48/9833/8 54/9841/8 56/9845/8
f 56/9845/8 58/9846/8 62/9847/8
f 58/9846/8 60/9848/8 62/9847/8
f 112/9849/8 114/9842/8 118/9844/8
f 64/9850/8 66/9851/8 70/9852/8
f 66/9851/8 68/9853/8 70/9852/8
f 56/9845/8 62/9847/8 64/9850/8
f 112/9849/8 118/9844/8 110/9854/8
f 118/9844/8 56/9845/8 110/9854/8
f 106/9855/8 108/9856/8 110/9854/8
f 110/9854/8 56/9845/8 70/9852/8
f 56/9845/8 64/9850/8 70/9852/8
f 104/9857/8 106/9855/8 110/9854/8
f 98/9858/8 100/9859/8 96/9860/8
f 100/9859/8 102/9861/8 96/9860/8
f 102/9861/8 104/9857/8 72/9862/8
f 104/9857/8 110/9854/8 72/9862/8
f 72/9862/8 74/9863/8 76/9864/8
f 110/9854/8 70/9852/8 72/9862/8
f 72/9862/8 76/9864/8 78/9865/8
f 80/61/8 82/9866/8 86/62/8
f 82/9866/8 84/9867/8 86/62/8
f 72/9862/8 78/9865/8 80/61/8
f 96/9860/8 102/9861/8 94/9868/8
f 102/9861/8 72/9862/8 94/9868/8
f 90/9869/8 92/9870/8 88/63/8
f 92/9870/8 94/9868/8 88/63/8
f 94/9868/8 72/9862/8 88/63/8
f 72/9862/8 80/61/8 88/63/8
f 35/64/17 36/9871/17 34/65/17
f 61/9872/2 59/9873/2 57/9874/2
f 61/9872/2 57/9874/2 55/9875/2
f 67/9876/2 65/9877/2 69/9878/2
f 65/9877/2 63/9879/2 69/9878/2
f 63/9879/2 61/9872/2 55/9875/2
f 53/9880/2 51/9881/2 47/9882/2
f 51/9881/2 49/9883/2 47/9882/2
f 63/9879/2 55/9875/2 71/9884/2
f 55/9875/2 53/9880/2 71/9884/2
f 75/9885/2 73/9886/2 71/9884/2
f 71/9884/2 69/9878/2 63/9879/2
f 77/9887/2 75/9885/2 71/9884/2
f 83/9888/2 81/9889/2 85/9890/2
f 81/9889/2 79/9891/2 85/9890/2
f 79/9891/2 77/9887/2 71/9884/2
f 71/9884/2 53/9880/2 45/9892/2
f 53/9880/2 47/9882/2 45/9892/2
f 45/9892/2 43/9893/2 39/9894/2
f 43/9893/2 41/9895/2 39/9894/2
f 79/9891/2 71/9884/2 85/9890/2
f 71/9884/2 45/9892/2 85/9890/2
f 37/9896/2 36/9897/2 35/9898/2
f 45/9892/2 39/9894/2 37/9896/2
f 91/9899/2 89/9900/2 87/9901/2
f 87/9901/2 85/9890/2 45/9892/2
f 37/9896/2 35/9898/2 31/9902/2
f 87/9901/2 45/9892/2 31/9902/2
f 45/9892/2 37/9896/2 31/9902/2
f 93/9903/2 91/9899/2 87/9901/2
f 99/9904/2 97/9905/2 95/9906/2
f 95/9906/2 93/9903/2 87/9901/2
f 125/9907/2 123/9908/2 119/9909/2
f 123/9908/2 121/9910/2 119/9909/2
f 87/9901/2 31/9902/2 125/9907/2
f 101/9911/2 99/9904/2 95/9906/2
f 95/9906/2 87/9901/2 101/9911/2
f 87/9901/2 125/9907/2 101/9911/2
f 117/67/2 115/9912/2 113/9913/2
f 125/9907/2 119/9909/2 103/69/2
f 119/9909/2 117/67/2 103/69/2
f 107/9914/2 105/9915/2 109/68/2
f 105/9915/2 103/69/2 109/68/2
f 103/69/2 101/9911/2 125/9907/2
f 117/67/2 113/9913/2 111/9916/2
f 117/67/2 111/9916/2 109/68/2
f 38/70/18 34/9917/18 36/71/18
f 37/73/19 39/9918/19 40/74/19
f 39/76/20 41/9919/20 42/77/20
f 42/79/21 41/9920/21 43/80/21
f 46/82/22 44/9921/22 43/83/22
f 45/85/23 47/9922/23 48/86/23
f 47/88/44 49/9923/44 50/89/44
f 49/91/25 51/9924/25 52/92/25
f 53/94/26 54/9925/26 52/95/26
f 53/97/295 55/9926/295 56/98/295
f 55/100/17 57/9927/17 58/101/17
f 57/103/18 59/9928/18 60/104/18
f 61/106/29 62/9929/29 60/107/29
f 61/109/30 63/9930/30 64/110/30
f 63/112/31 65/9931/31 66/113/31
f 65/115/277 67/9932/277 68/116/277
f 70/118/290 68/9933/290 67/119/290
f 69/121/34 71/9934/34 72/122/34
f 71/124/35 73/9935/35 74/125/35
f 73/127/26 75/9936/26 76/128/26
f 78/130/512 76/9937/512 75/131/512
f 78/133/37 77/9938/37 79/134/37
f 79/136/296 81/9939/296 82/137/296
f 81/139/38 83/9940/38 84/140/38
f 86/142/39 84/9941/39 83/143/39
f 85/145/40 87/9942/40 88/146/40
f 88/148/22 87/9943/22 89/149/22
f 89/151/299 91/9944/299 92/152/299
f 94/154/48 92/9945/48 91/155/48
f 93/157/42 95/9946/42 96/158/42
f 95/160/26 97/9947/26 98/161/26
f 97/163/43 99/9948/43 100/164/43
f 102/166/44 100/9949/44 99/167/44
f 101/169/304 103/9950/304 104/170/304
f 103/172/29 105/9951/29 106/173/29
f 105/175/303 107/9952/303 108/176/303
f 110/178/17 108/9953/17 107/179/17
f 110/181/46 109/9954/46 111/182/46
f 111/184/41 113/9955/41 114/185/41
f 114/187/48 113/9956/48 115/188/48
f 118/190/21 116/9957/21 115/191/21
f 117/193/49 119/9958/49 120/194/49
f 120/196/36 119/9959/36 121/197/36
f 121/199/44 123/9960/44 124/200/44
f 32/202/285 124/9961/285 123/203/285
f 126/205/618 129/9962/618 131/206/618
f 132/208/619 129/9963/619 126/209/619
f 130/211/620 222/9964/620 131/212/620
f 132/214/621 133/9965/621 130/215/621
f 135/217/55 134/9966/55 132/218/55
f 136/220/56 133/9967/56 132/221/56
f 137/223/57 134/9968/57 135/224/57
f 139/226/58 136/9969/58 134/227/58
f 141/229/59 140/9970/59 137/230/59
f 142/232/622 139/9971/622 137/233/622
f 144/235/623 143/9972/623 140/236/623
f 145/238/624 142/9973/624 140/239/624
f 147/241/63 146/9974/63 143/242/63
f 148/244/625 145/9975/625 143/245/625
f 150/247/65 149/9976/65 146/248/65
f 151/250/66 148/9977/66 146/251/66
f 152/253/626 149/9978/626 150/254/626
f 154/256/627 151/9979/627 149/257/627
f 155/259/628 152/9980/628 153/260/628
f 157/262/629 154/9981/629 152/263/629
f 159/265/71 158/9982/71 155/266/71
f 160/268/72 157/9983/72 155/269/72
f 162/271/630 161/9984/630 158/272/630
f 163/274/631 160/9985/631 158/275/631
f 165/277/632 164/9986/632 161/278/632
f 166/280/633 163/9987/633 161/281/633
f 168/283/77 167/9988/77 164/284/77
f 169/286/78 166/9989/78 164/287/78
f 170/289/634 167/9990/634 168/290/634
f 170/292/80 172/9991/80 169/293/80
f 174/295/635 173/9992/635 170/296/635
f 175/298/82 172/9993/82 170/299/82
f 177/301/83 176/9994/83 173/302/83
f 178/304/84 175/9995/84 173/305/84
f 179/307/85 176/9996/85 177/308/85
f 179/310/86 181/9997/86 178/311/86
f 182/313/636 179/9998/636 180/314/636
f 182/316/88 184/9999/88 181/317/88
f 185/319/89 182/10000/89 183/320/89
f 187/322/90 184/10001/90 182/323/90
f 188/325/91 185/10002/91 186/326/91
f 188/328/92 190/10003/92 187/329/92
f 191/331/93 188/10004/93 189/332/93
f 191/334/94 193/10005/94 190/335/94
f 194/337/95 191/10006/95 192/338/95
f 194/340/96 196/10007/96 193/341/96
f 197/343/637 194/10008/637 195/344/637
f 197/346/98 199/10009/98 196/347/98
f 200/349/99 197/10010/99 198/350/99
f 202/352/100 199/10011/100 197/353/100
f 203/355/101 200/10012/101 201/356/101
f 205/358/102 202/10013/102 200/359/102
f 206/361/638 203/10014/638 204/362/638
f 206/364/104 208/10015/104 205/365/104
f 209/367/105 206/10016/105 207/368/105
f 209/370/106 211/10017/106 208/371/106
f 212/373/107 209/10018/107 210/374/107
f 212/376/108 214/10019/108 211/377/108
f 215/379/109 212/10020/109 213/380/109
f 215/382/110 217/10021/110 214/383/110
f 218/385/111 215/10022/111 216/386/111
f 220/388/112 217/10023/112 215/389/112
f 131/391/113 218/10024/113 219/392/113
f 131/394/114 222/10025/114 220/395/114
f 223/397/115 221/10026/115 220/398/115
f 221/400/116 283/10027/116 217/401/116
f 225/403/117 223/10028/117 222/404/117
f 224/406/118 286/10029/118 221/407/118
f 225/409/119 226/10030/119 224/410/119
f 228/412/120 226/10031/120 225/413/120
f 227/415/121 225/10032/121 130/416/121
f 229/418/122 227/10033/122 133/419/122
f 230/421/123 228/10034/123 227/422/123
f 231/424/124 229/10035/124 136/425/124
f 231/427/639 232/10036/639 230/428/639
f 233/430/126 231/10037/126 139/431/126
f 234/433/640 232/10038/640 231/434/640
f 235/436/128 233/10039/128 142/437/128
f 235/439/641 236/10040/641 234/440/641
f 237/442/130 235/10041/130 145/443/130
f 237/445/642 238/10042/642 236/446/642
f 239/448/132 237/10043/132 148/449/132
f 239/451/133 240/10044/133 238/452/133
f 241/454/134 239/10045/134 151/455/134
f 242/457/135 240/10046/135 239/458/135
f 243/460/136 241/10047/136 154/461/136
f 244/463/137 242/10048/137 241/464/137
f 245/466/138 243/10049/138 157/467/138
f 246/469/139 244/10050/139 243/470/139
f 247/472/140 245/10051/140 160/473/140
f 247/475/643 248/10052/643 246/476/643
f 249/478/142 247/10053/142 163/479/142
f 249/481/143 250/10054/143 248/482/143
f 251/484/144 249/10055/144 166/485/144
f 252/487/145 250/10056/145 249/488/145
f 253/490/146 251/10057/146 169/491/146
f 254/493/644 252/10058/644 251/494/644
f 255/496/148 253/10059/148 172/497/148
f 256/499/645 254/10060/645 253/500/645
f 257/502/150 255/10061/150 175/503/150
f 257/505/646 258/10062/646 256/506/646
f 259/508/152 257/10063/152 178/509/152
f 260/511/647 258/10064/647 257/512/647
f 261/514/154 259/10065/154 181/515/154
f 262/517/648 260/10066/648 259/518/648
f 263/520/156 261/10067/156 184/521/156
f 264/523/649 262/10068/649 261/524/649
f 265/526/158 263/10069/158 187/527/158
f 265/529/159 266/10070/159 264/530/159
f 267/532/160 265/10071/160 190/533/160
f 268/535/161 266/10072/161 265/536/161
f 269/538/162 267/10073/162 193/539/162
f 270/541/650 268/10074/650 267/542/650
f 271/544/164 269/10075/164 196/545/164
f 272/547/651 270/10076/651 269/548/651
f 273/550/166 271/10077/166 199/551/166
f 274/553/652 272/10078/652 271/554/652
f 275/556/168 273/10079/168 202/557/168
f 276/559/653 274/10080/653 273/560/653
f 277/562/170 275/10081/170 205/563/170
f 278/565/654 276/10082/654 275/566/654
f 279/568/172 277/10083/172 208/569/172
f 280/571/655 278/10084/655 277/572/655
f 281/574/174 279/10085/174 211/575/174
f 282/577/175 280/10086/175 279/578/175
f 283/580/176 281/10087/176 214/581/176
f 284/583/177 282/10088/177 281/584/177
f 286/586/656 284/10089/656 283/587/656
f 287/589/657 285/10090/657 284/590/657
f 285/592/180 347/10091/180 282/593/180
f 289/595/181 287/10092/181 286/596/181
f 288/598/116 350/10093/116 285/599/116
f 290/601/115 288/10094/115 287/602/115
f 291/604/182 289/10095/182 224/605/182
f 292/607/117 290/10096/117 289/608/117
f 294/610/121 292/10097/121 291/611/121
f 228/613/183 293/10098/183 291/614/183
f 295/616/184 293/10099/184 228/617/184
f 296/619/122 294/10100/122 293/620/122
f 297/622/658 295/10101/658 230/623/658
f 298/625/124 296/10102/124 295/626/124
f 299/628/659 297/10103/659 232/629/659
f 300/631/126 298/10104/126 297/632/126
f 301/634/660 299/10105/660 234/635/660
f 302/637/128 300/10106/128 299/638/128
f 303/640/661 301/10107/661 236/641/661
f 304/643/130 302/10108/130 301/644/130
f 305/646/189 303/10109/189 238/647/189
f 306/649/132 304/10110/132 303/650/132
f 307/652/190 305/10111/190 240/653/190
f 308/655/134 306/10112/134 305/656/134
f 309/658/191 307/10113/191 242/659/191
f 310/661/136 308/10114/136 307/662/136
f 311/664/192 309/10115/192 244/665/192
f 312/667/138 310/10116/138 309/668/138
f 313/670/662 311/10117/662 246/671/662
f 314/673/140 312/10118/140 311/674/140
f 315/676/194 313/10119/194 248/677/194
f 316/679/142 314/10120/142 313/680/142
f 252/682/195 317/10121/195 315/683/195
f 318/685/144 316/10122/144 315/686/144
f 254/688/663 319/10123/663 317/689/663
f 320/691/146 318/10124/146 317/692/146
f 321/694/664 319/10125/664 254/695/664
f 322/697/148 320/10126/148 319/698/148
f 323/700/665 321/10127/665 256/701/665
f 324/703/150 322/10128/150 321/704/150
f 260/706/666 325/10129/666 323/707/666
f 326/709/152 324/10130/152 323/710/152
f 327/712/667 325/10131/667 260/713/667
f 328/715/154 326/10132/154 325/716/154
f 329/718/668 327/10133/668 262/719/668
f 330/721/156 328/10134/156 327/722/156
f 331/724/202 329/10135/202 264/725/202
f 332/727/158 330/10136/158 329/728/158
f 268/730/203 333/10137/203 331/731/203
f 334/733/160 332/10138/160 331/734/160
f 270/736/669 335/10139/669 333/737/669
f 336/739/162 334/10140/162 333/740/162
f 272/742/670 337/10141/670 335/743/670
f 338/745/164 336/10142/164 335/746/164
f 339/748/671 337/10143/671 272/749/671
f 340/751/166 338/10144/166 337/752/166
f 341/754/672 339/10145/672 274/755/672
f 342/757/168 340/10146/168 339/758/168
f 278/760/673 343/10147/673 341/761/673
f 344/763/170 342/10148/170 341/764/170
f 280/766/674 345/10149/674 343/767/674
f 346/769/172 344/10150/172 343/770/172
f 282/772/210 347/10151/210 345/773/210
f 348/775/174 346/10152/174 345/776/174
f 350/778/176 348/10153/176 347/779/176
f 349/781/211 411/10154/211 346/782/211
f 351/784/212 349/10155/212 348/785/212
f 353/787/675 351/10156/675 350/788/675
f 354/790/676 352/10157/676 351/791/676
f 351/793/215 352/10158/215 413/794/215
f 355/796/677 353/10159/677 288/797/677
f 356/799/678 354/10160/678 353/800/678
f 292/802/218 357/10161/218 355/803/218
f 358/805/219 356/10162/219 355/806/219
f 359/808/220 360/10163/220 358/809/220
f 359/811/221 357/10164/221 292/812/221
f 361/814/679 359/10165/679 294/815/679
f 362/817/680 360/10166/680 359/818/680
f 363/820/224 361/10167/224 296/821/224
f 364/823/225 362/10168/225 361/824/225
f 365/826/226 363/10169/226 298/827/226
f 366/829/227 364/10170/227 363/830/227
f 302/832/228 367/10171/228 365/833/228
f 368/835/229 366/10172/229 365/836/229
f 304/838/230 369/10173/230 367/839/230
f 370/841/231 368/10174/231 367/842/231
f 306/844/681 371/10175/681 369/845/681
f 372/847/682 370/10176/682 369/848/682
f 373/850/234 371/10177/234 306/851/234
f 374/853/235 372/10178/235 371/854/235
f 310/856/236 375/10179/236 373/857/236
f 376/859/237 374/10180/237 373/860/237
f 312/862/683 377/10181/683 375/863/683
f 378/865/684 376/10182/684 375/866/684
f 314/868/685 379/10183/685 377/869/685
f 380/871/686 378/10184/686 377/872/686
f 316/874/242 381/10185/242 379/875/242
f 382/877/243 380/10186/243 379/878/243
f 383/880/244 381/10187/244 316/881/244
f 384/883/245 382/10188/245 381/884/245
f 320/886/687 385/10189/687 383/887/687
f 386/889/688 384/10190/688 383/890/688
f 387/892/248 385/10191/248 320/893/248
f 388/895/249 386/10192/249 385/896/249
f 324/898/250 389/10193/250 387/899/250
f 390/901/251 388/10194/251 387/902/251
f 391/904/252 389/10195/252 324/905/252
f 391/907/253 392/10196/253 390/908/253
f 393/910/254 391/10197/254 326/911/254
f 394/913/255 392/10198/255 391/914/255
f 395/916/689 393/10199/689 328/917/689
f 396/919/690 394/10200/690 393/920/690
f 397/922/258 395/10201/258 330/923/258
f 398/925/259 396/10202/259 395/926/259
f 399/928/260 397/10203/260 332/929/260
f 399/931/261 400/10204/261 398/932/261
f 401/934/691 399/10205/691 334/935/691
f 402/937/692 400/10206/692 399/938/692
f 403/940/264 401/10207/264 336/941/264
f 403/943/265 404/10208/265 402/944/265
f 405/946/266 403/10209/266 338/947/266
f 405/949/267 406/10210/267 404/950/267
f 407/952/268 405/10211/268 340/953/268
f 407/955/269 408/10212/269 406/956/269
f 409/958/270 407/10213/270 342/959/270
f 409/961/271 410/10214/271 408/962/271
f 411/964/693 409/10215/693 344/965/693
f 411/967/694 412/10216/694 410/968/694
f 349/970/274 413/10217/274 412/971/274
f 415/973/15 419/10218/15 417/974/15
f 518/976/275 415/10219/275 414/977/275
f 489/10220/8 491/10221/8 495/10222/8
f 491/10221/8 493/10223/8 495/10222/8
f 457/10224/8 488/10225/8 489/10220/8
f 456/10226/8 457/10224/8 489/10220/8
f 489/10220/8 495/10222/8 456/10226/8
f 495/10222/8 497/10227/8 454/10228/8
f 456/10226/8 495/10222/8 454/10228/8
f 497/10227/8 499/10229/8 501/10230/8
f 497/10227/8 501/10230/8 503/10231/8
f 497/10227/8 503/10231/8 453/10232/8
f 503/10231/8 505/10233/8 452/10234/8
f 453/10232/8 503/10231/8 452/10234/8
f 505/10233/8 507/10235/8 510/10236/8
f 507/10235/8 509/10237/8 510/10236/8
f 454/10228/8 497/10227/8 453/10232/8
f 505/10233/8 510/10236/8 447/10238/8
f 510/10236/8 514/10239/8 446/10240/8
f 447/10238/8 510/10236/8 446/10240/8
f 514/10239/8 516/10241/8 519/10242/8
f 514/10239/8 519/10242/8 416/10243/8
f 452/10234/8 505/10233/8 447/10238/8
f 514/10239/8 416/10243/8 442/10244/8
f 416/10243/8 414/10245/8 442/10244/8
f 414/10245/8 417/10246/8 422/10247/8
f 417/10246/8 418/10248/8 422/10247/8
f 414/10245/8 422/10247/8 441/10249/8
f 442/10244/8 414/10245/8 441/10249/8
f 424/980/8 427/10250/8 428/10251/8
f 422/10247/8 424/980/8 440/979/8
f 444/10252/8 446/10240/8 514/10239/8
f 442/10244/8 444/10252/8 514/10239/8
f 424/980/8 428/10251/8 429/10253/8
f 429/10253/8 432/10254/8 433/981/8
f 429/10253/8 433/981/8 424/980/8
f 441/10249/8 422/10247/8 440/979/8
f 419/982/17 420/10255/17 418/983/17
f 430/10256/2 426/10257/2 425/10258/2
f 430/10256/2 425/10258/2 423/10259/2
f 553/10260/2 554/10261/2 557/10262/2
f 557/10262/2 430/10256/2 435/10263/2
f 430/10256/2 423/10259/2 437/10264/2
f 421/10265/2 420/10266/2 419/10267/2
f 430/10256/2 437/10264/2 435/10263/2
f 423/10259/2 421/10265/2 437/10264/2
f 551/10268/2 553/10260/2 557/10262/2
f 545/10269/2 547/10270/2 549/985/2
f 549/985/2 551/10268/2 480/10271/2
f 551/10268/2 557/10262/2 436/10272/2
f 421/10265/2 419/10267/2 415/10273/2
f 551/10268/2 436/10272/2 480/10271/2
f 544/10274/2 545/10269/2 549/985/2
f 537/10275/2 538/10276/2 543/10277/2
f 543/10277/2 544/10274/2 472/10278/2
f 544/10274/2 549/985/2 476/987/2
f 472/10278/2 544/10274/2 476/987/2
f 421/10265/2 415/10273/2 438/10279/2
f 437/10264/2 421/10265/2 438/10279/2
f 518/10280/2 517/10281/2 515/10282/2
f 415/10273/2 518/10280/2 439/10283/2
f 536/10284/2 537/10275/2 543/10277/2
f 518/10280/2 515/10282/2 513/10285/2
f 513/10285/2 445/10286/2 443/10287/2
f 513/10285/2 443/10287/2 518/10280/2
f 536/10284/2 543/10277/2 471/10288/2
f 471/10288/2 543/10277/2 472/10278/2
f 530/10289/2 532/10290/2 535/10291/2
f 535/10291/2 536/10284/2 469/10292/2
f 469/10292/2 536/10284/2 471/10288/2
f 443/10287/2 439/10283/2 518/10280/2
f 439/10283/2 438/10279/2 415/10273/2
f 530/10289/2 535/10291/2 528/10293/2
f 528/10293/2 535/10291/2 469/10292/2
f 526/10294/2 528/10293/2 468/10295/2
f 521/10296/2 522/10297/2 482/10298/2
f 522/10297/2 526/10294/2 482/10298/2
f 460/10299/2 461/10300/2 462/10301/2
f 461/10300/2 482/10298/2 462/10301/2
f 557/10262/2 435/10263/2 436/10272/2
f 482/10298/2 526/10294/2 467/10302/2
f 528/10293/2 469/10292/2 468/10295/2
f 467/10302/2 462/10301/2 482/10298/2
f 549/985/2 480/10271/2 478/986/2
f 468/10295/2 467/10302/2 526/10294/2
f 422/988/18 418/10303/18 420/989/18
f 421/991/19 423/10304/19 424/992/19
f 423/994/48 425/10305/48 427/995/48
f 427/997/31 425/10306/31 426/998/31
f 429/1000/277 428/10307/277 426/1001/277
f 430/1003/473 557/10308/473 431/1004/473
f 550/10309/8 548/10310/8 546/10311/8
f 550/10309/8 546/10311/8 542/10312/8
f 556/10313/8 555/10314/8 431/10315/8
f 555/10314/8 552/10316/8 431/10315/8
f 552/10316/8 550/10309/8 479/10317/8
f 550/10309/8 542/10312/8 477/10318/8
f 479/10317/8 550/10309/8 477/10318/8
f 541/10319/8 540/10320/8 539/10321/8
f 542/10312/8 541/10319/8 475/10322/8
f 432/10323/8 429/10324/8 431/10315/8
f 434/10325/8 432/10323/8 431/10315/8
f 431/10315/8 552/10316/8 434/10325/8
f 434/10325/8 552/10316/8 479/10317/8
f 541/10319/8 539/10321/8 534/10326/8
f 533/10327/8 531/10328/8 529/10329/8
f 541/10319/8 534/10326/8 473/10330/8
f 534/10326/8 533/10327/8 470/10331/8
f 477/10318/8 542/10312/8 475/10322/8
f 533/10327/8 529/10329/8 527/10332/8
f 534/10326/8 470/10331/8 473/10330/8
f 533/10327/8 527/10332/8 466/10333/8
f 525/10334/8 524/10335/8 523/10336/8
f 533/10327/8 466/10333/8 470/10331/8
f 527/10332/8 525/10334/8 465/10337/8
f 474/10338/8 475/10322/8 541/10319/8
f 473/10330/8 474/10338/8 541/10319/8
f 527/10332/8 465/10337/8 466/10333/8
f 525/10334/8 523/10336/8 520/10339/8
f 525/10334/8 520/10339/8 465/10337/8
f 520/10339/8 481/1008/8 464/1007/8
f 465/10337/8 520/10339/8 464/1007/8
f 481/1008/8 484/10340/8 487/10341/8
f 487/10341/8 488/10342/8 481/1008/8
f 488/10342/8 457/10343/8 463/1006/8
f 488/10342/8 463/1006/8 481/1008/8
f 435/1009/41 437/10344/41 433/1010/41
f 435/1012/278 432/10345/278 434/1013/278
f 437/1015/279 438/10346/279 440/1016/279
f 438/1018/38 439/10347/38 441/1019/38
f 439/1021/280 443/10348/280 442/1022/280
f 443/1024/26 445/10349/26 444/1025/26
f 445/1027/281 448/10350/281 446/1028/281
f 448/1030/22 449/10351/22 447/1031/22
f 512/10352/2 511/10353/2 508/10354/2
f 512/10352/2 508/10354/2 506/10355/2
f 445/10356/2 513/10357/2 448/10358/2
f 513/10357/2 512/10352/2 448/10358/2
f 512/10352/2 506/10355/2 448/10358/2
f 506/10355/2 504/10359/2 449/10360/2
f 448/10358/2 506/10355/2 449/10360/2
f 504/10359/2 502/10361/2 498/10362/2
f 502/10361/2 500/10363/2 498/10362/2
f 504/10359/2 498/10362/2 450/10364/2
f 498/10362/2 496/10365/2 451/10366/2
f 450/10364/2 498/10362/2 451/10366/2
f 496/10365/2 494/10367/2 492/10368/2
f 496/10365/2 492/10368/2 490/10369/2
f 449/10360/2 504/10359/2 450/10364/2
f 496/10365/2 490/10369/2 455/10370/2
f 490/10369/2 486/1033/2 458/1035/2
f 455/10370/2 490/10369/2 458/1035/2
f 486/1033/2 485/10371/2 483/10372/2
f 483/10372/2 461/10373/2 486/1033/2
f 461/10373/2 460/10374/2 459/1034/2
f 461/10373/2 459/1034/2 486/1033/2
f 451/10366/2 496/10365/2 455/10370/2
f 449/1036/471 450/10375/471 452/1037/471
f 450/1039/283 451/10376/283 453/1040/283
f 451/1042/284 455/10377/284 454/1043/284
f 455/1045/25 458/10378/25 456/1046/25
f 458/1048/286 459/10379/286 457/1049/286
f 460/1051/21 463/10380/21 457/1052/21
f 462/1054/298 464/10381/298 463/1055/298
f 467/1057/287 465/10382/287 464/1058/287
f 468/1060/16 466/10383/16 465/1061/16
f 469/1063/24 470/10384/24 466/1064/24
f 471/1066/49 473/10385/49 470/1067/49
f 472/1069/20 474/10386/20 473/1070/20
f 476/1072/46 475/10387/46 474/1073/46
f 478/1075/39 477/10388/39 475/1076/39
f 480/1078/289 479/10389/289 477/1079/289
f 436/1081/43 434/10390/43 479/1082/43
f 461/1084/277 483/10391/277 484/1085/277
f 482/1087/279 461/10392/279 481/1088/279
f 483/1090/290 485/10393/290 487/1091/290
f 488/1093/20 487/10394/20 485/1094/20
f 486/1096/291 490/10395/291 489/1097/291
f 490/1099/26 492/10396/26 491/1100/26
f 492/1102/36 494/10397/36 493/1103/36
f 495/1105/44 493/10398/44 494/1106/44
f 496/1108/45 498/10399/45 497/1109/45
f 498/1111/292 500/10400/292 499/1112/292
f 500/1114/15 502/10401/15 501/1115/15
f 503/1117/287 501/10402/287 502/1118/287
f 504/1120/46 506/10403/46 505/1121/46
f 506/1123/299 508/10404/299 507/1124/299
f 508/1126/293 511/10405/293 509/1127/293
f 510/1129/21 509/10406/21 511/1130/21
f 510/1132/49 512/10407/49 513/1133/49
f 513/1135/36 515/10408/36 516/1136/36
f 515/1138/44 517/10409/44 519/1139/44
f 416/1141/25 519/10410/25 517/1142/25
f 520/1144/39 523/10411/39 521/1145/39
f 522/1147/29 521/10412/29 523/1148/29
f 526/1150/18 522/10413/18 524/1151/18
f 528/1153/294 526/10414/294 525/1154/294
f 527/1156/36 529/10415/36 530/1157/36
f 532/1159/26 530/10416/26 529/1160/26
f 535/1162/25 532/10417/25 531/1163/25
f 536/1165/34 535/10418/34 533/1166/34
f 534/1168/290 539/10419/290 537/1169/290
f 538/1171/277 537/10420/277 539/1172/277
f 543/1174/31 538/10421/31 540/1175/31
f 544/1177/282 543/10422/282 541/1178/282
f 542/1180/292 546/10423/292 545/1181/292
f 547/1183/28 545/10424/28 546/1184/28
f 549/1186/17 547/10425/17 548/1187/17
f 551/1189/295 549/10426/295 550/1190/295
f 552/1192/26 555/10427/26 553/1193/26
f 554/1195/25 553/10428/25 555/1196/25
f 557/1198/44 554/10429/44 556/1199/44
f 559/1201/15 563/10430/15 561/1202/15
f 662/1204/275 559/10431/275 558/1205/275
f 633/10432/8 635/10433/8 639/10434/8
f 635/10433/8 637/10435/8 639/10434/8
f 601/10436/8 632/10437/8 633/10432/8
f 600/10438/8 601/10436/8 633/10432/8
f 633/10432/8 639/10434/8 600/10438/8
f 639/10434/8 641/10439/8 598/10440/8
f 600/10438/8 639/10434/8 598/10440/8
f 641/10439/8 643/10441/8 645/10442/8
f 641/10439/8 645/10442/8 647/10443/8
f 641/10439/8 647/10443/8 597/10444/8
f 647/10443/8 649/10445/8 596/10446/8
f 597/10444/8 647/10443/8 596/10446/8
f 649/10445/8 651/10447/8 654/10448/8
f 651/10447/8 653/10449/8 654/10448/8
f 598/10440/8 641/10439/8 597/10444/8
f 649/10445/8 654/10448/8 591/10450/8
f 654/10448/8 658/10451/8 590/10452/8
f 591/10450/8 654/10448/8 590/10452/8
f 658/10451/8 660/10453/8 663/10454/8
f 658/10451/8 663/10454/8 560/10455/8
f 596/10446/8 649/10445/8 591/10450/8
f 658/10451/8 560/10455/8 586/10456/8
f 560/10455/8 558/10457/8 586/10456/8
f 558/10457/8 561/10458/8 566/10459/8
f 561/10458/8 562/10460/8 566/10459/8
f 558/10457/8 566/10459/8 585/10461/8
f 586/10456/8 558/10457/8 585/10461/8
f 568/1208/8 571/10462/8 572/10463/8
f 566/10459/8 568/1208/8 584/1207/8
f 588/10464/8 590/10452/8 658/10451/8
f 586/10456/8 588/10464/8 658/10451/8
f 568/1208/8 572/10463/8 573/10465/8
f 573/10465/8 576/10466/8 577/1209/8
f 573/10465/8 577/1209/8 568/1208/8
f 585/10461/8 566/10459/8 584/1207/8
f 563/1210/17 564/10467/17 562/1211/17
f 574/10468/2 570/10469/2 569/10470/2
f 574/10468/2 569/10470/2 567/10471/2
f 697/10472/2 698/10473/2 695/10474/2
f 698/10473/2 701/10475/2 695/10474/2
f 701/10475/2 574/10468/2 579/10476/2
f 574/10468/2 567/10471/2 581/10477/2
f 565/10478/2 564/10479/2 563/10480/2
f 574/10468/2 581/10477/2 579/10476/2
f 567/10471/2 565/10478/2 581/10477/2
f 689/10481/2 691/10482/2 693/1213/2
f 693/1213/2 695/10474/2 624/10483/2
f 695/10474/2 701/10475/2 580/10484/2
f 565/10478/2 563/10480/2 559/10485/2
f 695/10474/2 580/10484/2 624/10483/2
f 688/10486/2 689/10481/2 693/1213/2
f 681/10487/2 682/10488/2 680/10489/2
f 682/10488/2 687/10490/2 680/10489/2
f 687/10490/2 688/10486/2 616/10491/2
f 688/10486/2 693/1213/2 620/1215/2
f 616/10491/2 688/10486/2 620/1215/2
f 565/10478/2 559/10485/2 582/10492/2
f 581/10477/2 565/10478/2 582/10492/2
f 662/10493/2 661/10494/2 659/10495/2
f 559/10485/2 662/10493/2 583/10496/2
f 662/10493/2 659/10495/2 657/10497/2
f 657/10497/2 589/10498/2 587/10499/2
f 657/10497/2 587/10499/2 662/10493/2
f 680/10489/2 687/10490/2 615/10500/2
f 615/10500/2 687/10490/2 616/10491/2
f 674/10501/2 676/10502/2 679/10503/2
f 679/10503/2 680/10489/2 613/10504/2
f 613/10504/2 680/10489/2 615/10500/2
f 587/10499/2 583/10496/2 662/10493/2
f 583/10496/2 582/10492/2 559/10485/2
f 674/10501/2 679/10503/2 672/10505/2
f 672/10505/2 679/10503/2 613/10504/2
f 670/10506/2 672/10505/2 612/10507/2
f 665/10508/2 666/10509/2 626/10510/2
f 666/10509/2 670/10506/2 626/10510/2
f 604/10511/2 605/10512/2 606/10513/2
f 605/10512/2 626/10510/2 606/10513/2
f 701/10475/2 579/10476/2 580/10484/2
f 626/10510/2 670/10506/2 611/10514/2
f 672/10505/2 613/10504/2 612/10507/2
f 611/10514/2 606/10513/2 626/10510/2
f 693/1213/2 624/10483/2 622/1214/2
f 612/10507/2 611/10514/2 670/10506/2
f 566/1216/28 562/10515/28 564/1217/28
f 565/1219/19 567/10516/19 568/1220/19
f 567/1222/20 569/10517/20 571/1223/20
f 571/1225/21 569/10518/21 570/1226/21
f 573/1228/277 572/10519/277 570/1229/277
f 574/1231/23 701/10520/23 575/1232/23
f 694/10521/8 692/10522/8 690/10523/8
f 694/10521/8 690/10523/8 686/10524/8
f 700/10525/8 699/10526/8 696/10527/8
f 696/10527/8 694/10521/8 623/10528/8
f 694/10521/8 686/10524/8 621/10529/8
f 623/10528/8 694/10521/8 621/10529/8
f 685/10530/8 684/10531/8 678/10532/8
f 684/10531/8 683/10533/8 678/10532/8
f 686/10524/8 685/10530/8 619/10534/8
f 575/10535/8 700/10525/8 696/10527/8
f 576/10536/8 573/10537/8 575/10535/8
f 578/10538/8 576/10536/8 575/10535/8
f 575/10535/8 696/10527/8 578/10538/8
f 578/10538/8 696/10527/8 623/10528/8
f 677/10539/8 675/10540/8 673/10541/8
f 685/10530/8 678/10532/8 617/10542/8
f 678/10532/8 677/10539/8 614/10543/8
f 621/10529/8 686/10524/8 619/10534/8
f 677/10539/8 673/10541/8 671/10544/8
f 678/10532/8 614/10543/8 617/10542/8
f 677/10539/8 671/10544/8 610/10545/8
f 669/10546/8 668/10547/8 667/10548/8
f 677/10539/8 610/10545/8 614/10543/8
f 671/10544/8 669/10546/8 609/10549/8
f 618/10550/8 619/10534/8 685/10530/8
f 617/10542/8 618/10550/8 685/10530/8
f 671/10544/8 609/10549/8 610/10545/8
f 669/10546/8 667/10548/8 664/10551/8
f 669/10546/8 664/10551/8 609/10549/8
f 664/10551/8 625/1236/8 608/1235/8
f 609/10549/8 664/10551/8 608/1235/8
f 625/1236/8 628/10552/8 631/10553/8
f 631/10553/8 632/10554/8 625/1236/8
f 632/10554/8 601/10555/8 607/1234/8
f 632/10554/8 607/1234/8 625/1236/8
f 579/1237/41 581/10556/41 577/1238/41
f 579/1240/278 576/10557/278 578/1241/278
f 581/1243/279 582/10558/279 584/1244/279
f 582/1246/38 583/10559/38 585/1247/38
f 583/1249/280 587/10560/280 586/1250/280
f 587/1252/26 589/10561/26 588/1253/26
f 589/1255/281 592/10562/281 590/1256/281
f 592/1258/22 593/10563/22 591/1259/22
f 656/10564/2 655/10565/2 652/10566/2
f 656/10564/2 652/10566/2 650/10567/2
f 589/10568/2 657/10569/2 592/10570/2
f 657/10569/2 656/10564/2 592/10570/2
f 656/10564/2 650/10567/2 592/10570/2
f 650/10567/2 648/10571/2 593/10572/2
f 592/10570/2 650/10567/2 593/10572/2
f 648/10571/2 646/10573/2 642/10574/2
f 646/10573/2 644/10575/2 642/10574/2
f 648/10571/2 642/10574/2 594/10576/2
f 642/10574/2 640/10577/2 595/10578/2
f 594/10576/2 642/10574/2 595/10578/2
f 640/10577/2 638/10579/2 636/10580/2
f 640/10577/2 636/10580/2 634/10581/2
f 593/10572/2 648/10571/2 594/10576/2
f 640/10577/2 634/10581/2 599/10582/2
f 634/10581/2 630/1261/2 602/1263/2
f 599/10582/2 634/10581/2 602/1263/2
f 630/1261/2 629/10583/2 627/10584/2
f 627/10584/2 605/10585/2 630/1261/2
f 605/10585/2 604/10586/2 603/1262/2
f 605/10585/2 603/1262/2 630/1261/2
f 595/10578/2 640/10577/2 599/10582/2
f 593/1264/282 594/10587/282 596/1265/282
f 594/1267/296 595/10588/296 597/1268/296
f 595/1270/297 599/10589/297 598/1271/297
f 599/1273/25 602/10590/25 600/1274/25
f 602/1276/286 603/10591/286 601/1277/286
f 604/1279/21 607/10592/21 601/1280/21
f 606/1282/19 608/10593/19 607/1283/19
f 611/1285/287 609/10594/287 608/1286/287
f 612/1288/16 610/10595/16 609/1289/16
f 613/1291/44 614/10596/44 610/1292/44
f 615/1294/49 617/10597/49 614/1295/49
f 616/1297/20 618/10598/20 617/1298/20
f 620/1300/288 619/10599/288 618/1301/288
f 622/1303/39 621/10600/39 619/1304/39
f 624/1306/289 623/10601/289 621/1307/289
f 580/1309/36 578/10602/36 623/1310/36
f 605/1312/277 627/10603/277 628/1313/277
f 626/1315/279 605/10604/279 625/1316/279
f 627/1318/290 629/10605/290 631/1319/290
f 632/1321/20 631/10606/20 629/1322/20
f 630/1324/42 634/10607/42 633/1325/42
f 634/1327/26 636/10608/26 635/1328/26
f 636/1330/36 638/10609/36 637/1331/36
f 639/1333/44 637/10610/44 638/1334/44
f 640/1336/45 642/10611/45 641/1337/45
f 642/1339/29 644/10612/29 643/1340/29
f 644/1342/39 646/10613/39 645/1343/39
f 647/1345/287 645/10614/287 646/1346/287
f 648/1348/46 650/10615/46 649/1349/46
f 650/1351/299 652/10616/299 651/1352/299
f 652/1354/293 655/10617/293 653/1355/293
f 654/1357/21 653/10618/21 655/1358/21
f 654/1360/49 656/10619/49 657/1361/49
f 657/1363/36 659/10620/36 660/1364/36
f 659/1366/44 661/10621/44 663/1367/44
f 560/1369/25 663/10622/25 661/1370/25
f 664/1372/15 667/10623/15 665/1373/15
f 666/1375/29 665/10624/29 667/1376/29
f 670/1378/18 666/10625/18 668/1379/18
f 672/1381/294 670/10626/294 669/1382/294
f 671/1384/36 673/10627/36 674/1385/36
f 676/1387/26 674/10628/26 673/1388/26
f 679/1390/25 676/10629/25 675/1391/25
f 680/1393/34 679/10630/34 677/1394/34
f 678/1396/290 683/10631/290 681/1397/290
f 682/1399/277 681/10632/277 683/1400/277
f 687/1402/31 682/10633/31 684/1403/31
f 688/1405/282 687/10634/282 685/1406/282
f 686/1408/292 690/10635/292 689/1409/292
f 691/1411/28 689/10636/28 690/1412/28
f 693/1414/17 691/10637/17 692/1415/17
f 695/1417/295 693/10638/295 694/1418/295
f 696/1420/26 699/10639/26 697/1421/26
f 698/1423/25 697/10640/25 699/1424/25
f 701/1426/44 698/10641/44 700/1427/44
f 703/1429/15 707/10642/15 705/1430/15
f 806/1432/275 703/10643/275 702/1433/275
f 777/10644/8 779/10645/8 783/10646/8
f 779/10645/8 781/10647/8 783/10646/8
f 745/10648/8 776/10649/8 777/10644/8
f 744/10650/8 745/10648/8 777/10644/8
f 777/10644/8 783/10646/8 744/10650/8
f 783/10646/8 785/10651/8 742/10652/8
f 744/10650/8 783/10646/8 742/10652/8
f 785/10651/8 787/10653/8 789/10654/8
f 785/10651/8 789/10654/8 791/10655/8
f 785/10651/8 791/10655/8 741/10656/8
f 791/10655/8 793/10657/8 740/10658/8
f 741/10656/8 791/10655/8 740/10658/8
f 793/10657/8 795/10659/8 798/10660/8
f 795/10659/8 797/10661/8 798/10660/8
f 742/10652/8 785/10651/8 741/10656/8
f 793/10657/8 798/10660/8 735/10662/8
f 798/10660/8 802/10663/8 734/10664/8
f 735/10662/8 798/10660/8 734/10664/8
f 802/10663/8 804/10665/8 807/10666/8
f 802/10663/8 807/10666/8 704/10667/8
f 740/10658/8 793/10657/8 735/10662/8
f 802/10663/8 704/10667/8 730/10668/8
f 704/10667/8 702/10669/8 730/10668/8
f 702/10669/8 705/10670/8 710/10671/8
f 705/10670/8 706/10672/8 710/10671/8
f 702/10669/8 710/10671/8 729/10673/8
f 730/10668/8 702/10669/8 729/10673/8
f 712/1436/8 715/10674/8 716/10675/8
f 710/10671/8 712/1436/8 728/1435/8
f 732/10676/8 734/10664/8 802/10663/8
f 730/10668/8 732/10676/8 802/10663/8
f 712/1436/8 716/10675/8 717/10677/8
f 717/10677/8 720/10678/8 721/1437/8
f 717/10677/8 721/1437/8 712/1436/8
f 729/10673/8 710/10671/8 728/1435/8
f 707/1438/17 708/10679/17 706/1439/17
f 718/10680/2 714/10681/2 711/10682/2
f 714/10681/2 713/10683/2 711/10682/2
f 841/10684/2 842/10685/2 839/10686/2
f 842/10685/2 845/10687/2 839/10686/2
f 845/10687/2 718/10680/2 723/10688/2
f 718/10680/2 711/10682/2 725/10689/2
f 709/10690/2 708/10691/2 707/10692/2
f 718/10680/2 725/10689/2 723/10688/2
f 711/10682/2 709/10690/2 725/10689/2
f 833/10693/2 835/10694/2 837/1441/2
f 837/1441/2 839/10686/2 768/10695/2
f 839/10686/2 845/10687/2 724/10696/2
f 709/10690/2 707/10692/2 703/10697/2
f 839/10686/2 724/10696/2 768/10695/2
f 832/10698/2 833/10693/2 837/1441/2
f 825/10699/2 826/10700/2 824/10701/2
f 826/10700/2 831/10702/2 824/10701/2
f 831/10702/2 832/10698/2 760/10703/2
f 832/10698/2 837/1441/2 764/1443/2
f 760/10703/2 832/10698/2 764/1443/2
f 709/10690/2 703/10697/2 726/10704/2
f 725/10689/2 709/10690/2 726/10704/2
f 806/10705/2 805/10706/2 803/10707/2
f 703/10697/2 806/10705/2 727/10708/2
f 806/10705/2 803/10707/2 801/10709/2
f 801/10709/2 733/10710/2 731/10711/2
f 801/10709/2 731/10711/2 806/10705/2
f 824/10701/2 831/10702/2 759/10712/2
f 759/10712/2 831/10702/2 760/10703/2
f 818/10713/2 820/10714/2 823/10715/2
f 823/10715/2 824/10701/2 757/10716/2
f 757/10716/2 824/10701/2 759/10712/2
f 731/10711/2 727/10708/2 806/10705/2
f 727/10708/2 726/10704/2 703/10697/2
f 818/10713/2 823/10715/2 816/10717/2
f 816/10717/2 823/10715/2 757/10716/2
f 814/10718/2 816/10717/2 756/10719/2
f 809/10720/2 810/10721/2 770/10722/2
f 810/10721/2 814/10718/2 770/10722/2
f 748/10723/2 749/10724/2 750/10725/2
f 749/10724/2 770/10722/2 750/10725/2
f 845/10687/2 723/10688/2 724/10696/2
f 770/10722/2 814/10718/2 755/10726/2
f 816/10717/2 757/10716/2 756/10719/2
f 755/10726/2 750/10725/2 770/10722/2
f 837/1441/2 768/10695/2 766/1442/2
f 756/10719/2 755/10726/2 814/10718/2
f 710/1444/18 706/10727/18 708/1445/18
f 709/1447/19 711/10728/19 712/1448/19
f 711/1450/48 713/10729/48 715/1451/48
f 715/1453/31 713/10730/31 714/1454/31
f 717/1456/277 716/10731/277 714/1457/277
f 718/1459/23 845/10732/23 719/1460/23
f 838/10733/8 836/10734/8 834/10735/8
f 838/10733/8 834/10735/8 830/10736/8
f 844/10737/8 843/10738/8 840/10739/8
f 840/10739/8 838/10733/8 767/10740/8
f 838/10733/8 830/10736/8 765/10741/8
f 767/10740/8 838/10733/8 765/10741/8
f 829/10742/8 828/10743/8 822/10744/8
f 828/10743/8 827/10745/8 822/10744/8
f 830/10736/8 829/10742/8 763/10746/8
f 719/10747/8 844/10737/8 840/10739/8
f 720/10748/8 717/10749/8 719/10747/8
f 722/10750/8 720/10748/8 719/10747/8
f 719/10747/8 840/10739/8 722/10750/8
f 722/10750/8 840/10739/8 767/10740/8
f 821/10751/8 819/10752/8 817/10753/8
f 829/10742/8 822/10744/8 761/10754/8
f 822/10744/8 821/10751/8 758/10755/8
f 765/10741/8 830/10736/8 763/10746/8
f 821/10751/8 817/10753/8 815/10756/8
f 822/10744/8 758/10755/8 761/10754/8
f 821/10751/8 815/10756/8 754/10757/8
f 813/10758/8 812/10759/8 811/10760/8
f 821/10751/8 754/10757/8 758/10755/8
f 815/10756/8 813/10758/8 753/10761/8
f 762/10762/8 763/10746/8 829/10742/8
f 761/10754/8 762/10762/8 829/10742/8
f 815/10756/8 753/10761/8 754/10757/8
f 813/10758/8 811/10760/8 808/10763/8
f 813/10758/8 808/10763/8 753/10761/8
f 808/10763/8 769/1464/8 752/1463/8
f 753/10761/8 808/10763/8 752/1463/8
f 769/1464/8 772/10764/8 775/10765/8
f 775/10765/8 776/10766/8 769/1464/8
f 776/10766/8 745/10767/8 751/1462/8
f 776/10766/8 751/1462/8 769/1464/8
f 723/1465/41 725/10768/41 721/1466/41
f 723/1468/278 720/10769/278 722/1469/278
f 725/1471/40 726/10770/40 728/1472/40
f 726/1474/292 727/10771/292 729/1475/292
f 727/1477/37 731/10772/37 730/1478/37
f 731/1480/26 733/10773/26 732/1481/26
f 733/1483/281 736/10774/281 734/1484/281
f 736/1486/22 737/10775/22 735/1487/22
f 800/10776/2 799/10777/2 796/10778/2
f 800/10776/2 796/10778/2 794/10779/2
f 733/10780/2 801/10781/2 800/10776/2
f 736/10782/2 733/10780/2 800/10776/2
f 800/10776/2 794/10779/2 736/10782/2
f 794/10779/2 792/10783/2 737/10784/2
f 736/10782/2 794/10779/2 737/10784/2
f 792/10783/2 790/10785/2 786/10786/2
f 790/10785/2 788/10787/2 786/10786/2
f 792/10783/2 786/10786/2 738/10788/2
f 786/10786/2 784/10789/2 739/10790/2
f 738/10788/2 786/10786/2 739/10790/2
f 784/10789/2 782/10791/2 780/10792/2
f 784/10789/2 780/10792/2 778/10793/2
f 737/10784/2 792/10783/2 738/10788/2
f 784/10789/2 778/10793/2 743/10794/2
f 778/10793/2 774/1489/2 746/1491/2
f 743/10794/2 778/10793/2 746/1491/2
f 774/1489/2 773/10795/2 771/10796/2
f 771/10796/2 749/10797/2 774/1489/2
f 749/10797/2 748/10798/2 747/1490/2
f 749/10797/2 747/1490/2 774/1489/2
f 739/10790/2 784/10789/2 743/10794/2
f 737/1492/30 738/10799/30 740/1493/30
f 738/1495/18 739/10800/18 741/1496/18
f 739/1498/27 743/10801/27 742/1499/27
f 743/1501/25 746/10802/25 744/1502/25
f 746/1504/286 747/10803/286 745/1505/286
f 748/1507/21 751/10804/21 745/1508/21
f 750/1510/19 752/10805/19 751/1511/19
f 755/1513/287 753/10806/287 752/1514/287
f 756/1516/16 754/10807/16 753/1517/16
f 757/1519/44 758/10808/44 754/1520/44
f 759/1522/49 761/10809/49 758/1523/49
f 760/1525/293 762/10810/293 761/1526/293
f 764/1528/288 763/10811/288 762/1529/288
f 766/1531/39 765/10812/39 763/1532/39
f 768/1534/289 767/10813/289 765/1535/289
f 724/1537/43 722/10814/43 767/1538/43
f 749/1540/277 771/10815/277 772/1541/277
f 770/1543/279 749/10816/279 769/1544/279
f 771/1546/290 773/10817/290 775/1547/290
f 776/1549/20 775/10818/20 773/1550/20
f 774/1552/42 778/10819/42 777/1553/42
f 778/1555/26 780/10820/26 779/1556/26
f 780/1558/36 782/10821/36 781/1559/36
f 783/1561/44 781/10822/44 782/1562/44
f 784/1564/45 786/10823/45 785/1565/45
f 786/1567/29 788/10824/29 787/1568/29
f 788/1570/15 790/10825/15 789/1571/15
f 791/1573/287 789/10826/287 790/1574/287
f 792/1576/46 794/10827/46 793/1577/46
f 794/1579/290 796/10828/290 795/1580/290
f 796/1582/48 799/10829/48 797/1583/48
f 798/1585/276 797/10830/276 799/1586/276
f 798/1588/49 800/10831/49 801/1589/49
f 801/1591/36 803/10832/36 804/1592/36
f 803/1594/44 805/10833/44 807/1595/44
f 704/1597/25 807/10834/25 805/1598/25
f 808/1600/39 811/10835/39 809/1601/39
f 810/1603/29 809/10836/29 811/1604/29
f 814/1606/28 810/10837/28 812/1607/28
f 816/1609/294 814/10838/294 813/1610/294
f 815/1612/36 817/10839/36 818/1613/36
f 820/1615/26 818/10840/26 817/1616/26
f 823/1618/25 820/10841/25 819/1619/25
f 824/1621/34 823/10842/34 821/1622/34
f 822/1624/290 827/10843/290 825/1625/290
f 826/1627/277 825/10844/277 827/1628/277
f 831/1630/31 826/10845/31 828/1631/31
f 832/1633/282 831/10846/282 829/1634/282
f 830/1636/292 834/10847/292 833/1637/292
f 835/1639/28 833/10848/28 834/1640/28
f 837/1642/17 835/10849/17 836/1643/17
f 839/1645/295 837/10850/295 838/1646/295
f 840/1648/26 843/10851/26 841/1649/26
f 842/1651/25 841/10852/25 843/1652/25
f 845/1654/44 842/10853/44 844/1655/44
f 848/1657/300 893/10854/300 847/1658/300
f 851/1660/301 848/10855/301 846/1661/301
f 852/1663/44 851/10856/44 849/1664/44
f 853/1666/49 852/10857/49 850/1667/49
f 856/1669/48 854/10858/48 853/1670/48
f 859/1672/288 854/10859/288 856/1673/288
f 860/1675/303 859/10860/303 857/1676/303
f 861/1678/304 860/10861/304 858/1679/304
f 862/1681/36 861/10862/36 863/1682/36
f 867/1684/278 862/10863/278 864/1685/278
f 868/1687/41 867/10864/41 865/1688/41
f 869/1690/279 868/10865/279 866/1691/279
f 870/1693/305 869/10866/305 871/1694/305
f 875/1696/280 870/10867/280 872/1697/280
f 876/1699/453 875/10868/453 873/1700/453
f 877/1702/695 876/10869/695 874/1703/695
f 878/1705/277 877/10870/277 879/1706/277
f 883/1708/471 878/10871/471 880/1709/471
f 884/1711/296 883/10872/296 881/1712/296
f 885/1714/297 884/10873/297 882/1715/297
f 886/1717/35 885/10874/35 887/1718/35
f 889/1720/696 891/10875/696 886/1721/696
f 892/1723/697 891/10876/697 889/1724/697
f 893/1726/517 892/10877/517 890/1727/517
f 897/1731/11 894/10878/11 895/1729/11
f 895/1729/11 904/10879/11 903/1730/11
f 903/1730/11 898/10880/11 897/1731/11
f 896/1732/309 905/10881/309 895/1733/309
f 899/1735/310 896/10882/310 894/1736/310
f 900/1738/12 899/10883/12 897/1739/12
f 902/1743/7 905/10884/7 896/1741/7
f 896/1741/7 899/10885/7 900/1742/7
f 900/1742/7 901/10886/7 902/1743/7
f 901/1744/311 900/10887/311 898/1745/311
f 902/1747/312 901/10888/312 903/1748/312
f 905/1750/1 902/10889/1 904/1751/1
f 906/1753/117 907/10890/117 910/1754/117
f 969/1758/698 907/10891/698 913/10892/698
f 907/10891/7 906/10893/7 913/10892/7
f 906/10893/699 908/10894/699 913/10892/699
f 913/10892/7 915/10895/7 921/10896/7
f 915/10895/7 917/10897/7 921/10896/7
f 917/10897/698 919/10898/698 921/10896/698
f 921/10896/7 923/10899/7 929/10900/7
f 923/10899/7 925/10901/7 929/10900/7
f 925/10901/7 927/10902/7 929/10900/7
f 929/10900/700 931/10903/700 933/10904/700
f 933/10904/7 935/10905/7 929/10900/7
f 935/10905/698 937/1756/698 929/10900/698
f 937/1756/701 939/10906/701 941/10907/701
f 941/10907/7 943/10908/7 937/1756/7
f 943/10908/7 945/10909/7 937/1756/7
f 945/10909/7 947/10910/7 953/1757/7
f 947/10910/7 949/10911/7 953/1757/7
f 949/10911/700 951/10912/700 953/1757/700
f 953/1757/7 955/10913/7 961/10914/7
f 955/10913/7 957/10915/7 961/10914/7
f 957/10915/700 959/10916/700 961/10914/700
f 961/10914/698 963/10917/698 965/10918/698
f 965/10918/7 967/10919/7 961/10914/7
f 967/10919/7 969/1758/7 961/10914/7
f 969/1758/7 913/10892/7 921/10896/7
f 921/10896/7 929/10900/7 937/1756/7
f 937/1756/7 945/10909/7 953/1757/7
f 953/1757/7 961/10914/7 969/1758/7
f 969/1758/7 921/10896/7 937/1756/7
f 908/1759/121 906/10920/121 909/1760/121
f 913/1762/122 908/10921/122 911/1763/122
f 915/1765/124 913/10922/124 912/1766/124
f 917/1768/126 915/10923/126 914/1769/126
f 919/1771/128 917/10924/128 916/1772/128
f 921/1774/130 919/10925/130 918/1775/130
f 923/1777/132 921/10926/132 920/1778/132
f 925/1780/134 923/10927/134 922/1781/134
f 927/1783/136 925/10928/136 924/1784/136
f 929/1786/138 927/10929/138 926/1787/138
f 931/1789/140 929/10930/140 928/1790/140
f 933/1792/142 931/10931/142 930/1793/142
f 935/1795/144 933/10932/144 932/1796/144
f 937/1798/146 935/10933/146 934/1799/146
f 939/1801/148 937/10934/148 936/1802/148
f 941/1804/150 939/10935/150 938/1805/150
f 943/1807/152 941/10936/152 940/1808/152
f 945/1810/154 943/10937/154 942/1811/154
f 947/1813/156 945/10938/156 944/1814/156
f 949/1816/158 947/10939/158 946/1817/158
f 951/1819/160 949/10940/160 948/1820/160
f 953/1822/162 951/10941/162 950/1823/162
f 955/1825/164 953/10942/164 952/1826/164
f 957/1828/166 955/10943/166 954/1829/166
f 959/1831/168 957/10944/168 956/1832/168
f 961/1834/170 959/10945/170 958/1835/170
f 963/1837/172 961/10946/172 960/1838/172
f 965/1840/174 963/10947/174 962/1841/174
f 967/1843/176 965/10948/176 964/1844/176
f 969/1846/116 967/10949/116 966/1847/116
f 907/1849/115 969/10950/115 968/1850/115
f 1074/1852/275 971/10951/275 970/1853/275
f 971/1855/15 975/10952/15 973/1856/15
f 1045/10953/8 1047/10954/8 1051/10955/8
f 1047/10954/8 1049/10956/8 1051/10955/8
f 1013/10957/8 1044/10958/8 1045/10953/8
f 1012/10959/8 1013/10957/8 1045/10953/8
f 1045/10953/8 1051/10955/8 1012/10959/8
f 1051/10955/8 1053/10960/8 1010/10961/8
f 1012/10959/8 1051/10955/8 1010/10961/8
f 1053/10960/8 1055/10962/8 1057/10963/8
f 1053/10960/8 1057/10963/8 1059/10964/8
f 1053/10960/8 1059/10964/8 1009/10965/8
f 1059/10964/8 1061/10966/8 1008/10967/8
f 1009/10965/8 1059/10964/8 1008/10967/8
f 1061/10966/8 1063/10968/8 1066/10969/8
f 1063/10968/8 1065/10970/8 1066/10969/8
f 1010/10961/8 1053/10960/8 1009/10965/8
f 1061/10966/8 1066/10969/8 1003/10971/8
f 1066/10969/8 1070/10972/8 1002/10973/8
f 1003/10971/8 1066/10969/8 1002/10973/8
f 1070/10972/8 1072/10974/8 1075/10975/8
f 1070/10972/8 1075/10975/8 972/10976/8
f 1008/10967/8 1061/10966/8 1003/10971/8
f 1070/10972/8 972/10976/8 998/10977/8
f 972/10976/8 970/10978/8 998/10977/8
f 970/10978/8 973/10979/8 978/10980/8
f 973/10979/8 974/10981/8 978/10980/8
f 970/10978/8 978/10980/8 997/10982/8
f 998/10977/8 970/10978/8 997/10982/8
f 980/1859/8 983/10983/8 984/10984/8
f 978/10980/8 980/1859/8 996/1858/8
f 1000/10985/8 1002/10973/8 1070/10972/8
f 998/10977/8 1000/10985/8 1070/10972/8
f 980/1859/8 984/10984/8 985/10986/8
f 985/10986/8 988/10987/8 989/1860/8
f 985/10986/8 989/1860/8 980/1859/8
f 997/10982/8 978/10980/8 996/1858/8
f 975/1861/17 976/10988/17 974/1862/17
f 986/10989/2 982/10990/2 981/10991/2
f 986/10989/2 981/10991/2 979/10992/2
f 1109/10993/2 1110/10994/2 1113/10995/2
f 1113/10995/2 986/10989/2 991/10996/2
f 986/10989/2 979/10992/2 993/10997/2
f 977/10998/2 976/10999/2 975/11000/2
f 986/10989/2 993/10997/2 991/10996/2
f 979/10992/2 977/10998/2 993/10997/2
f 1107/11001/2 1109/10993/2 1113/10995/2
f 1101/11002/2 1103/11003/2 1105/1864/2
f 1105/1864/2 1107/11001/2 1036/11004/2
f 1107/11001/2 1113/10995/2 992/11005/2
f 977/10998/2 975/11000/2 971/11006/2
f 1107/11001/2 992/11005/2 1036/11004/2
f 1100/11007/2 1101/11002/2 1105/1864/2
f 1093/11008/2 1094/11009/2 1099/11010/2
f 1099/11010/2 1100/11007/2 1028/11011/2
f 1100/11007/2 1105/1864/2 1032/1866/2
f 1028/11011/2 1100/11007/2 1032/1866/2
f 977/10998/2 971/11006/2 994/11012/2
f 993/10997/2 977/10998/2 994/11012/2
f 1074/11013/2 1073/11014/2 1071/11015/2
f 971/11006/2 1074/11013/2 995/11016/2
f 1092/11017/2 1093/11008/2 1099/11010/2
f 1074/11013/2 1071/11015/2 1069/11018/2
f 1069/11018/2 1001/11019/2 999/11020/2
f 1069/11018/2 999/11020/2 1074/11013/2
f 1092/11017/2 1099/11010/2 1027/11021/2
f 1027/11021/2 1099/11010/2 1028/11011/2
f 1086/11022/2 1088/11023/2 1091/11024/2
f 1091/11024/2 1092/11017/2 1025/11025/2
f 1025/11025/2 1092/11017/2 1027/11021/2
f 999/11020/2 995/11016/2 1074/11013/2
f 995/11016/2 994/11012/2 971/11006/2
f 1086/11022/2 1091/11024/2 1084/11026/2
f 1084/11026/2 1091/11024/2 1025/11025/2
f 1082/11027/2 1084/11026/2 1024/11028/2
f 1077/11029/2 1078/11030/2 1038/11031/2
f 1078/11030/2 1082/11027/2 1038/11031/2
f 1016/11032/2 1017/11033/2 1018/11034/2
f 1017/11033/2 1038/11031/2 1018/11034/2
f 1113/10995/2 991/10996/2 992/11005/2
f 1038/11031/2 1082/11027/2 1023/11035/2
f 1084/11026/2 1025/11025/2 1024/11028/2
f 1023/11035/2 1018/11034/2 1038/11031/2
f 1105/1864/2 1036/11004/2 1034/1865/2
f 1024/11028/2 1023/11035/2 1082/11027/2
f 978/1867/18 974/11036/18 976/1868/18
f 977/1870/19 979/11037/19 980/1871/19
f 979/1873/48 981/11038/48 983/1874/48
f 981/1876/276 982/11039/276 984/1877/276
f 985/1879/277 984/11040/277 982/1880/277
f 986/1882/473 1113/11041/473 987/1883/473
f 1106/11042/8 1104/11043/8 1102/11044/8
f 1106/11042/8 1102/11044/8 1098/11045/8
f 1112/11046/8 1111/11047/8 987/11048/8
f 1111/11047/8 1108/11049/8 987/11048/8
f 1108/11049/8 1106/11042/8 1035/11050/8
f 1106/11042/8 1098/11045/8 1033/11051/8
f 1035/11050/8 1106/11042/8 1033/11051/8
f 1097/11052/8 1096/11053/8 1095/11054/8
f 1098/11045/8 1097/11052/8 1031/11055/8
f 988/11056/8 985/11057/8 987/11048/8
f 990/11058/8 988/11056/8 987/11048/8
f 987/11048/8 1108/11049/8 990/11058/8
f 990/11058/8 1108/11049/8 1035/11050/8
f 1097/11052/8 1095/11054/8 1090/11059/8
f 1089/11060/8 1087/11061/8 1085/11062/8
f 1097/11052/8 1090/11059/8 1029/11063/8
f 1090/11059/8 1089/11060/8 1026/11064/8
f 1033/11051/8 1098/11045/8 1031/11055/8
f 1089/11060/8 1085/11062/8 1083/11065/8
f 1090/11059/8 1026/11064/8 1029/11063/8
f 1089/11060/8 1083/11065/8 1022/11066/8
f 1081/11067/8 1080/11068/8 1079/11069/8
f 1089/11060/8 1022/11066/8 1026/11064/8
f 1083/11065/8 1081/11067/8 1021/11070/8
f 1030/11071/8 1031/11055/8 1097/11052/8
f 1029/11063/8 1030/11071/8 1097/11052/8
f 1083/11065/8 1021/11070/8 1022/11066/8
f 1081/11067/8 1079/11069/8 1076/11072/8
f 1081/11067/8 1076/11072/8 1021/11070/8
f 1076/11072/8 1037/1887/8 1020/1886/8
f 1021/11070/8 1076/11072/8 1020/1886/8
f 1037/1887/8 1040/11073/8 1043/11074/8
f 1043/11074/8 1044/11075/8 1037/1887/8
f 1044/11075/8 1013/11076/8 1019/1885/8
f 1044/11075/8 1019/1885/8 1037/1887/8
f 991/1888/41 993/11077/41 989/1889/41
f 991/1891/278 988/11078/278 990/1892/278
f 989/1894/279 993/11079/279 994/1895/279
f 996/1897/38 994/11080/38 995/1898/38
f 995/1900/280 999/11081/280 998/1901/280
f 999/1903/26 1001/11082/26 1000/1904/26
f 1001/1906/281 1004/11083/281 1002/1907/281
f 1004/1909/22 1005/11084/22 1003/1910/22
f 1068/11085/2 1067/11086/2 1064/11087/2
f 1068/11085/2 1064/11087/2 1062/11088/2
f 1001/11089/2 1069/11090/2 1004/11091/2
f 1069/11090/2 1068/11085/2 1004/11091/2
f 1068/11085/2 1062/11088/2 1004/11091/2
f 1062/11088/2 1060/11092/2 1005/11093/2
f 1004/11091/2 1062/11088/2 1005/11093/2
f 1060/11092/2 1058/11094/2 1054/11095/2
f 1058/11094/2 1056/11096/2 1054/11095/2
f 1060/11092/2 1054/11095/2 1006/11097/2
f 1054/11095/2 1052/11098/2 1007/11099/2
f 1006/11097/2 1054/11095/2 1007/11099/2
f 1052/11098/2 1050/11100/2 1048/11101/2
f 1052/11098/2 1048/11101/2 1046/11102/2
f 1005/11093/2 1060/11092/2 1006/11097/2
f 1052/11098/2 1046/11102/2 1011/11103/2
f 1046/11102/2 1042/1912/2 1014/1914/2
f 1011/11103/2 1046/11102/2 1014/1914/2
f 1042/1912/2 1041/11104/2 1039/11105/2
f 1039/11105/2 1017/11106/2 1042/1912/2
f 1017/11106/2 1016/11107/2 1015/1913/2
f 1017/11106/2 1015/1913/2 1042/1912/2
f 1007/11099/2 1052/11098/2 1011/11103/2
f 1005/1915/471 1006/11108/471 1008/1916/471
f 1006/1918/283 1007/11109/283 1009/1919/283
f 1007/1921/284 1011/11110/284 1010/1922/284
f 1011/1924/25 1014/11111/25 1012/1925/25
f 1014/1927/286 1015/11112/286 1013/1928/286
f 1016/1930/21 1019/11113/21 1013/1931/21
f 1018/1933/298 1020/11114/298 1019/1934/298
f 1023/1936/287 1021/11115/287 1020/1937/287
f 1023/1939/16 1024/11116/16 1022/1940/16
f 1024/1942/24 1025/11117/24 1026/1943/24
f 1027/1945/49 1029/11118/49 1026/1946/49
f 1028/1948/20 1030/11119/20 1029/1949/20
f 1032/1951/46 1031/11120/46 1030/1952/46
f 1034/1954/39 1033/11121/39 1031/1955/39
f 1036/1957/289 1035/11122/289 1033/1958/289
f 992/1960/43 990/11123/43 1035/1961/43
f 1038/1963/279 1017/11124/279 1037/1964/279
f 1017/1966/277 1039/11125/277 1040/1967/277
f 1039/1969/290 1041/11126/290 1043/1970/290
f 1044/1972/20 1043/11127/20 1041/1973/20
f 1042/1975/291 1046/11128/291 1045/1976/291
f 1046/1978/26 1048/11129/26 1047/1979/26
f 1048/1981/36 1050/11130/36 1049/1982/36
f 1051/1984/44 1049/11131/44 1050/1985/44
f 1052/1987/45 1054/11132/45 1053/1988/45
f 1054/1990/292 1056/11133/292 1055/1991/292
f 1056/1993/15 1058/11134/15 1057/1994/15
f 1059/1996/287 1057/11135/287 1058/1997/287
f 1060/1999/46 1062/11136/46 1061/2000/46
f 1062/2002/299 1064/11137/299 1063/2003/299
f 1064/2005/293 1067/11138/293 1065/2006/293
f 1066/2008/21 1065/11139/21 1067/2009/21
f 1068/2011/49 1069/11140/49 1070/2012/49
f 1069/2014/36 1071/11141/36 1072/2015/36
f 1071/2017/44 1073/11142/44 1075/2018/44
f 972/2020/25 1075/11143/25 1073/2021/25
f 1076/2023/39 1079/11144/39 1077/2024/39
f 1078/2026/29 1077/11145/29 1079/2027/29
f 1082/2029/18 1078/11146/18 1080/2030/18
f 1084/2032/294 1082/11147/294 1081/2033/294
f 1083/2035/36 1085/11148/36 1086/2036/36
f 1088/2038/26 1086/11149/26 1085/2039/26
f 1091/2041/25 1088/11150/25 1087/2042/25
f 1092/2044/34 1091/11151/34 1089/2045/34
f 1090/2047/290 1095/11152/290 1093/2048/290
f 1094/2050/277 1093/11153/277 1095/2051/277
f 1099/2053/31 1094/11154/31 1096/2054/31
f 1100/2056/282 1099/11155/282 1097/2057/282
f 1098/2059/292 1102/11156/292 1101/2060/292
f 1103/2062/28 1101/11157/28 1102/2063/28
f 1105/2065/17 1103/11158/17 1104/2066/17
f 1107/2068/295 1105/11159/295 1106/2069/295
f 1108/2071/26 1111/11160/26 1109/2072/26
f 1110/2074/25 1109/11161/25 1111/2075/25
f 1113/2077/44 1110/11162/44 1112/2078/44
f 1215/2080/275 1115/11163/275 1114/2081/275
f 1115/2083/15 1119/11164/15 1117/2084/15
f 1189/11165/8 1191/11166/8 1195/11167/8
f 1191/11166/8 1193/11168/8 1195/11167/8
f 1157/11169/8 1188/11170/8 1189/11165/8
f 1156/11171/8 1157/11169/8 1189/11165/8
f 1189/11165/8 1195/11167/8 1156/11171/8
f 1195/11167/8 1197/11172/8 1154/11173/8
f 1156/11171/8 1195/11167/8 1154/11173/8
f 1197/11172/8 1199/11174/8 1201/11175/8
f 1197/11172/8 1201/11175/8 1203/11176/8
f 1197/11172/8 1203/11176/8 1153/11177/8
f 1203/11176/8 1205/11178/8 1152/11179/8
f 1153/11177/8 1203/11176/8 1152/11179/8
f 1205/11178/8 1207/11180/8 1210/11181/8
f 1207/11180/8 1209/11182/8 1210/11181/8
f 1154/11173/8 1197/11172/8 1153/11177/8
f 1205/11178/8 1210/11181/8 1147/11183/8
f 1210/11181/8 1214/11184/8 1146/11185/8
f 1147/11183/8 1210/11181/8 1146/11185/8
f 1214/11184/8 1217/11186/8 1219/11187/8
f 1214/11184/8 1219/11187/8 1116/11188/8
f 1152/11179/8 1205/11178/8 1147/11183/8
f 1214/11184/8 1116/11188/8 1142/11189/8
f 1116/11188/8 1114/11190/8 1142/11189/8
f 1114/11190/8 1117/11191/8 1122/11192/8
f 1117/11191/8 1118/11193/8 1122/11192/8
f 1114/11190/8 1122/11192/8 1141/11194/8
f 1142/11189/8 1114/11190/8 1141/11194/8
f 1124/2087/8 1128/11195/8 1129/11196/8
f 1122/11192/8 1124/2087/8 1140/2086/8
f 1144/11197/8 1146/11185/8 1214/11184/8
f 1142/11189/8 1144/11197/8 1214/11184/8
f 1124/2087/8 1129/11196/8 1130/11198/8
f 1130/11198/8 1132/11199/8 1133/2088/8
f 1130/11198/8 1133/2088/8 1124/2087/8
f 1141/11194/8 1122/11192/8 1140/2086/8
f 1119/2089/17 1120/11200/17 1118/2090/17
f 1121/2092/2 1120/11201/2 1119/2093/2
f 1122/2095/28 1118/11202/28 1120/2096/28
f 1121/2098/19 1123/11203/19 1124/2099/19
f 1160/11204/2 1161/11205/2 1182/11206/2
f 1182/11206/2 1221/11207/2 1162/11208/2
f 1221/11207/2 1228/11209/2 1167/11210/2
f 1162/11208/2 1221/11207/2 1167/11210/2
f 1228/11209/2 1235/11211/2 1168/11212/2
f 1235/11211/2 1236/11213/2 1169/11214/2
f 1168/11212/2 1235/11211/2 1169/11214/2
f 1236/11213/2 1237/11215/2 1171/11216/2
f 1237/11215/2 1244/2101/2 1172/11217/2
f 1171/11216/2 1237/11215/2 1172/11217/2
f 1244/2101/2 1250/11218/2 1178/2102/2
f 1250/11218/2 1251/11219/2 1180/11220/2
f 1251/11219/2 1254/11221/2 1136/11222/2
f 1254/11221/2 1125/11223/2 1136/11222/2
f 1125/11223/2 1123/11224/2 1137/11225/2
f 1123/11224/2 1121/11226/2 1138/11227/2
f 1121/11226/2 1115/11228/2 1139/11229/2
f 1115/11228/2 1215/11230/2 1143/11231/2
f 1215/11230/2 1213/11232/2 1143/11231/2
f 1213/11232/2 1145/11233/2 1143/11231/2
f 1123/11224/2 1138/11227/2 1137/11225/2
f 1115/11228/2 1143/11231/2 1139/11229/2
f 1250/11218/2 1180/11220/2 1178/2102/2
f 1160/11204/2 1182/11206/2 1162/11208/2
f 1121/11226/2 1139/11229/2 1138/11227/2
f 1168/11212/2 1167/11210/2 1228/11209/2
f 1169/11214/2 1236/11213/2 1171/11216/2
f 1125/11223/2 1137/11225/2 1135/11234/2
f 1125/11223/2 1135/11234/2 1136/11222/2
f 1251/11219/2 1136/11222/2 1180/11220/2
f 1176/2103/2 1172/11217/2 1244/2101/2
f 1123/2104/20 1126/11235/20 1128/2105/20
f 1125/2107/2 1127/11236/2 1126/2108/2
f 1126/2110/21 1127/11237/21 1129/2111/21
f 1130/2113/277 1129/11238/277 1127/2114/277
f 1125/2116/23 1254/11239/23 1131/2117/23
f 1248/11240/8 1247/11241/8 1245/11242/8
f 1248/11240/8 1245/11242/8 1243/11243/8
f 1256/11244/8 1257/11245/8 1252/11246/8
f 1252/11246/8 1248/11240/8 1179/11247/8
f 1248/11240/8 1243/11243/8 1177/11248/8
f 1179/11247/8 1248/11240/8 1177/11248/8
f 1242/11249/8 1241/11250/8 1234/11251/8
f 1241/11250/8 1240/11252/8 1234/11251/8
f 1243/11243/8 1242/11249/8 1175/11253/8
f 1131/11254/8 1256/11244/8 1252/11246/8
f 1132/11255/8 1130/11256/8 1131/11254/8
f 1134/11257/8 1132/11255/8 1131/11254/8
f 1131/11254/8 1252/11246/8 1134/11257/8
f 1134/11257/8 1252/11246/8 1179/11247/8
f 1233/11258/8 1231/11259/8 1229/11260/8
f 1242/11249/8 1234/11251/8 1173/11261/8
f 1234/11251/8 1233/11258/8 1170/11262/8
f 1177/11248/8 1243/11243/8 1175/11253/8
f 1233/11258/8 1229/11260/8 1227/11263/8
f 1234/11251/8 1170/11262/8 1173/11261/8
f 1233/11258/8 1227/11263/8 1166/11264/8
f 1226/11265/8 1225/11266/8 1224/11267/8
f 1233/11258/8 1166/11264/8 1170/11262/8
f 1227/11263/8 1226/11265/8 1165/11268/8
f 1174/11269/8 1175/11253/8 1242/11249/8
f 1173/11261/8 1174/11269/8 1242/11249/8
f 1227/11263/8 1165/11268/8 1166/11264/8
f 1226/11265/8 1224/11267/8 1220/11270/8
f 1226/11265/8 1220/11270/8 1165/11268/8
f 1220/11270/8 1181/2121/8 1164/2120/8
f 1165/11268/8 1220/11270/8 1164/2120/8
f 1181/2121/8 1185/11271/8 1187/11272/8
f 1187/11272/8 1188/11273/8 1181/2121/8
f 1188/11273/8 1157/11274/8 1163/2119/8
f 1188/11273/8 1163/2119/8 1181/2121/8
f 1135/2122/41 1137/11275/41 1133/2123/41
f 1135/2125/278 1132/11276/278 1134/2126/278
f 1133/2128/279 1137/11277/279 1138/2129/279
f 1140/2131/38 1138/11278/38 1139/2132/38
f 1139/2134/280 1143/11279/280 1142/2135/280
f 1143/2137/26 1145/11280/26 1144/2138/26
f 1145/2140/281 1148/11281/281 1146/2141/281
f 1148/2143/22 1149/11282/22 1147/2144/22
f 1145/11283/2 1213/11284/2 1212/11285/2
f 1212/11285/2 1206/11286/2 1148/11287/2
f 1206/11286/2 1204/2148/2 1149/11288/2
f 1148/11287/2 1206/11286/2 1149/11288/2
f 1204/2148/2 1198/11289/2 1151/2146/2
f 1198/11289/2 1196/11290/2 1155/11291/2
f 1196/11290/2 1190/11292/2 1158/11293/2
f 1190/11292/2 1183/11294/2 1159/11295/2
f 1183/11294/2 1161/11296/2 1159/11295/2
f 1161/11296/2 1160/11297/2 1159/11295/2
f 1198/11289/2 1155/11291/2 1151/2146/2
f 1190/11292/2 1159/11295/2 1158/11293/2
f 1145/11283/2 1212/11285/2 1148/11287/2
f 1196/11290/2 1158/11293/2 1155/11291/2
f 1150/2147/2 1149/11288/2 1204/2148/2
f 1149/2149/282 1150/11298/282 1152/2150/282
f 1150/2152/296 1151/11299/296 1153/2153/296
f 1151/2155/297 1155/11300/297 1154/2156/297
f 1155/2158/25 1158/11301/25 1156/2159/25
f 1158/2161/286 1159/11302/286 1157/2162/286
f 1160/2164/21 1163/11303/21 1157/2165/21
f 1162/2167/19 1164/11304/19 1163/2168/19
f 1167/2170/287 1165/11305/287 1164/2171/287
f 1167/2173/16 1168/11306/16 1166/2174/16
f 1168/2176/44 1169/11307/44 1170/2177/44
f 1171/2179/49 1173/11308/49 1170/2180/49
f 1172/2182/20 1174/11309/20 1173/2183/20
f 1176/2185/288 1175/11310/288 1174/2186/288
f 1178/2188/39 1177/11311/39 1175/2189/39
f 1180/2191/289 1179/11312/289 1177/2192/289
f 1136/2194/36 1134/11313/36 1179/2195/36
f 1182/2197/279 1161/11314/279 1181/2198/279
f 1161/2200/277 1184/11315/277 1185/2201/277
f 1183/2203/2 1186/11316/2 1184/2204/2
f 1184/2206/290 1186/11317/290 1187/2207/290
f 1188/2209/20 1187/11318/20 1186/2210/20
f 1183/2212/42 1190/11319/42 1189/2213/42
f 1190/2215/26 1192/11320/26 1191/2216/26
f 1192/2218/36 1194/11321/36 1193/2219/36
f 1195/2221/44 1193/11322/44 1194/2222/44
f 1196/2224/45 1198/11323/45 1197/2225/45
f 1198/2227/29 1200/11324/29 1199/2228/29
f 1200/2230/39 1202/11325/39 1201/2231/39
f 1203/2233/287 1201/11326/287 1202/2234/287
f 1204/2236/46 1206/11327/46 1205/2237/46
f 1206/2239/299 1208/11328/299 1207/2240/299
f 1208/2242/293 1211/11329/293 1209/2243/293
f 1210/2245/21 1209/11330/21 1211/2246/21
f 1212/2248/2 1211/11331/2 1208/2249/2
f 1212/2251/49 1213/11332/49 1214/2252/49
f 1213/2254/36 1216/11333/36 1217/2255/36
f 1213/2257/2 1215/11334/2 1218/2258/2
f 1216/2260/44 1218/11335/44 1219/2261/44
f 1116/2263/25 1219/11336/25 1218/2264/25
f 1198/2266/2 1204/11337/2 1202/2267/2
f 1196/2269/2 1194/11338/2 1192/2270/2
f 1220/2272/15 1224/11339/15 1222/2273/15
f 1182/2275/2 1222/11340/2 1223/2276/2
f 1223/2278/29 1222/11341/29 1224/2279/29
f 1221/2281/18 1223/11342/18 1225/2282/18
f 1228/2284/294 1221/11343/294 1226/2285/294
f 1227/2287/36 1229/11344/36 1230/2288/36
f 1232/2290/26 1230/11345/26 1229/2291/26
f 1235/2293/25 1232/11346/25 1231/2294/25
f 1236/2296/34 1235/11347/34 1233/2297/34
f 1235/2299/2 1228/11348/2 1230/2300/2
f 1234/2302/290 1240/11349/290 1238/2303/290
f 1236/2305/2 1238/11350/2 1239/2306/2
f 1239/2308/277 1238/11351/277 1240/2309/277
f 1237/2311/31 1239/11352/31 1241/2312/31
f 1244/2314/282 1237/11353/282 1242/2315/282
f 1243/2317/292 1245/11354/292 1246/2318/292
f 1249/2320/28 1246/11355/28 1245/2321/28
f 1250/2323/17 1249/11356/17 1247/2324/17
f 1244/2326/2 1246/11357/2 1249/2327/2
f 1251/2329/295 1250/11358/295 1248/2330/295
f 1252/2332/26 1257/11359/26 1253/2333/26
f 1251/2335/2 1253/11360/2 1255/2336/2
f 1254/2338/44 1255/11361/44 1256/2339/44
f 1255/2341/25 1253/11362/25 1257/2342/25
f 1362/2344/275 1259/11363/275 1258/2345/275
f 1259/2347/15 1263/11364/15 1261/2348/15
f 1333/11365/8 1335/11366/8 1339/11367/8
f 1335/11366/8 1337/11368/8 1339/11367/8
f 1301/11369/8 1332/11370/8 1333/11365/8
f 1300/11371/8 1301/11369/8 1333/11365/8
f 1333/11365/8 1339/11367/8 1300/11371/8
f 1339/11367/8 1341/11372/8 1298/11373/8
f 1300/11371/8 1339/11367/8 1298/11373/8
f 1341/11372/8 1343/11374/8 1345/11375/8
f 1341/11372/8 1345/11375/8 1347/11376/8
f 1341/11372/8 1347/11376/8 1297/11377/8
f 1347/11376/8 1349/11378/8 1296/11379/8
f 1297/11377/8 1347/11376/8 1296/11379/8
f 1349/11378/8 1351/11380/8 1354/11381/8
f 1351/11380/8 1353/11382/8 1354/11381/8
f 1298/11373/8 1341/11372/8 1297/11377/8
f 1349/11378/8 1354/11381/8 1291/11383/8
f 1354/11381/8 1358/11384/8 1290/11385/8
f 1291/11383/8 1354/11381/8 1290/11385/8
f 1358/11384/8 1360/11386/8 1363/11387/8
f 1358/11384/8 1363/11387/8 1260/11388/8
f 1296/11379/8 1349/11378/8 1291/11383/8
f 1358/11384/8 1260/11388/8 1286/11389/8
f 1260/11388/8 1258/11390/8 1286/11389/8
f 1258/11390/8 1261/11391/8 1266/11392/8
f 1261/11391/8 1262/11393/8 1266/11392/8
f 1258/11390/8 1266/11392/8 1285/11394/8
f 1286/11389/8 1258/11390/8 1285/11394/8
f 1268/2351/8 1271/11395/8 1272/11396/8
f 1266/11392/8 1268/2351/8 1284/2350/8
f 1288/11397/8 1290/11385/8 1358/11384/8
f 1286/11389/8 1288/11397/8 1358/11384/8
f 1268/2351/8 1272/11396/8 1273/11398/8
f 1273/11398/8 1276/11399/8 1277/2352/8
f 1273/11398/8 1277/2352/8 1268/2351/8
f 1285/11394/8 1266/11392/8 1284/2350/8
f 1263/2353/17 1264/11400/17 1262/2354/17
f 1274/11401/2 1270/11402/2 1267/11403/2
f 1270/11402/2 1269/11404/2 1267/11403/2
f 1397/11405/2 1398/11406/2 1395/11407/2
f 1398/11406/2 1401/11408/2 1395/11407/2
f 1401/11408/2 1274/11401/2 1279/11409/2
f 1274/11401/2 1267/11403/2 1281/11410/2
f 1265/11411/2 1264/11412/2 1263/11413/2
f 1274/11401/2 1281/11410/2 1279/11409/2
f 1267/11403/2 1265/11411/2 1281/11410/2
f 1389/11414/2 1391/11415/2 1388/11416/2
f 1391/11415/2 1393/2356/2 1388/11416/2
f 1393/2356/2 1395/11407/2 1324/11417/2
f 1395/11407/2 1401/11408/2 1280/11418/2
f 1265/11411/2 1263/11413/2 1259/11419/2
f 1395/11407/2 1280/11418/2 1324/11417/2
f 1381/11420/2 1382/11421/2 1380/11422/2
f 1382/11421/2 1387/11423/2 1380/11422/2
f 1387/11423/2 1388/11416/2 1316/11424/2
f 1388/11416/2 1393/2356/2 1320/2358/2
f 1316/11424/2 1388/11416/2 1320/2358/2
f 1265/11411/2 1259/11419/2 1282/11425/2
f 1281/11410/2 1265/11411/2 1282/11425/2
f 1362/11426/2 1361/11427/2 1359/11428/2
f 1259/11419/2 1362/11426/2 1283/11429/2
f 1362/11426/2 1359/11428/2 1357/11430/2
f 1357/11430/2 1289/11431/2 1287/11432/2
f 1357/11430/2 1287/11432/2 1362/11426/2
f 1380/11422/2 1387/11423/2 1315/11433/2
f 1315/11433/2 1387/11423/2 1316/11424/2
f 1374/11434/2 1376/11435/2 1379/11436/2
f 1379/11436/2 1380/11422/2 1313/11437/2
f 1313/11437/2 1380/11422/2 1315/11433/2
f 1287/11432/2 1283/11429/2 1362/11426/2
f 1283/11429/2 1282/11425/2 1259/11419/2
f 1374/11434/2 1379/11436/2 1372/11438/2
f 1372/11438/2 1379/11436/2 1313/11437/2
f 1370/11439/2 1372/11438/2 1312/11440/2
f 1365/11441/2 1366/11442/2 1326/11443/2
f 1366/11442/2 1370/11439/2 1326/11443/2
f 1304/11444/2 1305/11445/2 1306/11446/2
f 1305/11445/2 1326/11443/2 1306/11446/2
f 1401/11408/2 1279/11409/2 1280/11418/2
f 1326/11443/2 1370/11439/2 1311/11447/2
f 1372/11438/2 1313/11437/2 1312/11440/2
f 1311/11447/2 1306/11446/2 1326/11443/2
f 1393/2356/2 1324/11417/2 1322/2357/2
f 1312/11440/2 1311/11447/2 1370/11439/2
f 1266/2359/18 1262/11448/18 1264/2360/18
f 1265/2362/19 1267/11449/19 1268/2363/19
f 1267/2365/48 1269/11450/48 1271/2366/48
f 1269/2368/31 1270/11451/31 1272/2369/31
f 1273/2371/277 1272/11452/277 1270/2372/277
f 1274/2374/23 1401/11453/23 1275/2375/23
f 1394/11454/8 1392/11455/8 1386/11456/8
f 1392/11455/8 1390/11457/8 1386/11456/8
f 1400/11458/8 1399/11459/8 1396/11460/8
f 1396/11460/8 1394/11454/8 1323/11461/8
f 1394/11454/8 1386/11456/8 1321/11462/8
f 1323/11461/8 1394/11454/8 1321/11462/8
f 1385/11463/8 1384/11464/8 1378/11465/8
f 1384/11464/8 1383/11466/8 1378/11465/8
f 1386/11456/8 1385/11463/8 1319/11467/8
f 1275/11468/8 1400/11458/8 1396/11460/8
f 1276/11469/8 1273/11470/8 1275/11468/8
f 1278/11471/8 1276/11469/8 1275/11468/8
f 1275/11468/8 1396/11460/8 1278/11471/8
f 1278/11471/8 1396/11460/8 1323/11461/8
f 1377/11472/8 1375/11473/8 1373/11474/8
f 1385/11463/8 1378/11465/8 1317/11475/8
f 1378/11465/8 1377/11472/8 1314/11476/8
f 1321/11462/8 1386/11456/8 1319/11467/8
f 1377/11472/8 1373/11474/8 1371/11477/8
f 1378/11465/8 1314/11476/8 1317/11475/8
f 1377/11472/8 1371/11477/8 1310/11478/8
f 1369/11479/8 1368/11480/8 1367/11481/8
f 1377/11472/8 1310/11478/8 1314/11476/8
f 1371/11477/8 1369/11479/8 1309/11482/8
f 1318/11483/8 1319/11467/8 1385/11463/8
f 1317/11475/8 1318/11483/8 1385/11463/8
f 1371/11477/8 1309/11482/8 1310/11478/8
f 1369/11479/8 1367/11481/8 1364/11484/8
f 1369/11479/8 1364/11484/8 1309/11482/8
f 1364/11484/8 1325/2379/8 1308/2378/8
f 1309/11482/8 1364/11484/8 1308/2378/8
f 1325/2379/8 1328/11485/8 1331/11486/8
f 1331/11486/8 1332/11487/8 1325/2379/8
f 1332/11487/8 1301/11488/8 1307/2377/8
f 1332/11487/8 1307/2377/8 1325/2379/8
f 1279/2380/41 1281/11489/41 1277/2381/41
f 1279/2383/278 1276/11490/278 1278/2384/278
f 1277/2386/279 1281/11491/279 1282/2387/279
f 1284/2389/292 1282/11492/292 1283/2390/292
f 1283/2392/37 1287/11493/37 1286/2393/37
f 1287/2395/26 1289/11494/26 1288/2396/26
f 1289/2398/281 1292/11495/281 1290/2399/281
f 1292/2401/22 1293/11496/22 1291/2402/22
f 1330/11497/2 1329/11498/2 1327/11499/2
f 1327/11499/2 1305/11500/2 1330/11497/2
f 1305/11500/2 1304/11501/2 1303/11502/2
f 1305/11500/2 1303/11502/2 1330/11497/2
f 1330/11497/2 1303/11502/2 1334/11503/2
f 1303/11502/2 1302/11504/2 1334/11503/2
f 1338/11505/2 1336/11506/2 1340/11507/2
f 1336/11506/2 1334/11503/2 1340/11507/2
f 1334/11503/2 1302/11504/2 1299/11508/2
f 1346/11509/2 1344/11510/2 1342/11511/2
f 1342/11511/2 1340/11507/2 1295/11512/2
f 1340/11507/2 1334/11503/2 1299/11508/2
f 1295/11512/2 1340/11507/2 1299/11508/2
f 1295/11512/2 1294/11513/2 1342/11511/2
f 1348/11514/2 1346/11509/2 1342/11511/2
f 1342/11511/2 1294/11513/2 1348/11514/2
f 1294/11513/2 1293/11515/2 1348/11514/2
f 1350/2406/2 1348/11514/2 1293/11515/2
f 1355/11516/2 1352/11517/2 1356/2405/2
f 1352/11517/2 1350/2406/2 1356/2405/2
f 1289/11518/2 1357/11519/2 1356/2405/2
f 1292/2404/2 1289/11518/2 1356/2405/2
f 1350/2406/2 1293/11515/2 1292/2404/2
f 1293/2407/30 1294/11520/30 1296/2408/30
f 1294/2410/18 1295/11521/18 1297/2411/18
f 1295/2413/27 1299/11522/27 1298/2414/27
f 1299/2416/25 1302/11523/25 1300/2417/25
f 1302/2419/286 1303/11524/286 1301/2420/286
f 1304/2422/21 1307/11525/21 1301/2423/21
f 1306/2425/19 1308/11526/19 1307/2426/19
f 1311/2428/287 1309/11527/287 1308/2429/287
f 1311/2431/16 1312/11528/16 1310/2432/16
f 1312/2434/44 1313/11529/44 1314/2435/44
f 1315/2437/49 1317/11530/49 1314/2438/49
f 1316/2440/293 1318/11531/293 1317/2441/293
f 1320/2443/288 1319/11532/288 1318/2444/288
f 1322/2446/39 1321/11533/39 1319/2447/39
f 1324/2449/289 1323/11534/289 1321/2450/289
f 1280/2452/43 1278/11535/43 1323/2453/43
f 1326/2455/279 1305/11536/279 1325/2456/279
f 1305/2458/277 1327/11537/277 1328/2459/277
f 1327/2461/290 1329/11538/290 1331/2462/290
f 1332/2464/20 1331/11539/20 1329/2465/20
f 1330/2467/42 1334/11540/42 1333/2468/42
f 1334/2470/26 1336/11541/26 1335/2471/26
f 1336/2473/36 1338/11542/36 1337/2474/36
f 1339/2476/44 1337/11543/44 1338/2477/44
f 1340/2479/45 1342/11544/45 1341/2480/45
f 1342/2482/29 1344/11545/29 1343/2483/29
f 1344/2485/15 1346/11546/15 1345/2486/15
f 1347/2488/287 1345/11547/287 1346/2489/287
f 1348/2491/46 1350/11548/46 1349/2492/46
f 1350/2494/290 1352/11549/290 1351/2495/290
f 1352/2497/48 1355/11550/48 1353/2498/48
f 1354/2500/276 1353/11551/276 1355/2501/276
f 1356/2503/49 1357/11552/49 1358/2504/49
f 1357/2506/36 1359/11553/36 1360/2507/36
f 1359/2509/44 1361/11554/44 1363/2510/44
f 1260/2512/25 1363/11555/25 1361/2513/25
f 1364/2515/39 1367/11556/39 1365/2516/39
f 1366/2518/29 1365/11557/29 1367/2519/29
f 1370/2521/28 1366/11558/28 1368/2522/28
f 1372/2524/294 1370/11559/294 1369/2525/294
f 1371/2527/36 1373/11560/36 1374/2528/36
f 1376/2530/26 1374/11561/26 1373/2531/26
f 1379/2533/25 1376/11562/25 1375/2534/25
f 1380/2536/34 1379/11563/34 1377/2537/34
f 1378/2539/290 1383/11564/290 1381/2540/290
f 1382/2542/277 1381/11565/277 1383/2543/277
f 1387/2545/31 1382/11566/31 1384/2546/31
f 1388/2548/282 1387/11567/282 1385/2549/282
f 1386/2551/292 1390/11568/292 1389/2552/292
f 1391/2554/28 1389/11569/28 1390/2555/28
f 1393/2557/17 1391/11570/17 1392/2558/17
f 1395/2560/295 1393/11571/295 1394/2561/295
f 1396/2563/26 1399/11572/26 1397/2564/26
f 1398/2566/25 1397/11573/25 1399/2567/25
f 1401/2569/44 1398/11574/44 1400/2570/44
f 1404/2572/315 1449/11575/315 1403/2573/315
f 1407/2575/316 1404/11576/316 1402/2576/316
f 1408/2578/24 1407/11577/24 1405/2579/24
f 1409/2581/318 1408/11578/318 1406/2582/318
f 1410/2584/20 1409/11579/20 1411/2585/20
f 1415/2587/302 1410/11580/302 1412/2588/302
f 1416/2590/303 1415/11581/303 1413/2591/303
f 1417/2593/304 1416/11582/304 1414/2594/304
f 1418/2596/319 1417/11583/319 1419/2597/319
f 1423/2599/291 1418/11584/291 1420/2600/291
f 1424/2602/290 1423/11585/290 1421/2603/290
f 1425/2605/40 1424/11586/40 1422/2606/40
f 1426/2608/320 1425/11587/320 1427/2609/320
f 1431/2611/321 1426/11588/321 1428/2612/321
f 1432/2614/26 1431/11589/26 1429/2615/26
f 1435/2617/34 1433/11590/34 1432/2618/34
f 1434/2620/322 1433/11591/322 1435/2621/322
f 1439/2623/463 1434/11592/463 1436/2624/463
f 1440/2626/296 1439/11593/296 1437/2627/296
f 1441/2629/297 1440/11594/297 1438/2630/297
f 1442/2632/25 1441/11595/25 1443/2633/25
f 1447/2635/23 1442/11596/23 1444/2636/23
f 1448/2638/31 1447/11597/31 1445/2639/31
f 1449/2641/19 1448/11598/19 1446/2642/19
f 1451/2644/323 1450/11599/323 1452/2645/323
f 1453/2647/702 1450/11600/702 1451/2648/702
f 1454/2650/325 1456/11601/325 1452/2651/325
f 1453/2653/326 1455/11602/326 1454/2654/326
f 1454/11603/420 1455/11604/420 1467/11605/420
f 1455/11604/420 1473/11606/420 1469/11607/420
f 1473/11606/703 1471/11608/703 1469/11607/703
f 1469/11607/420 1467/11605/420 1455/11604/420
f 1467/11605/420 1465/11609/420 1454/11603/420
f 1465/11609/420 1463/11610/420 1454/11603/420
f 1463/11610/327 1461/2658/327 1456/2657/327
f 1454/11603/420 1463/11610/420 1456/2657/420
f 1461/2658/327 1459/11611/327 1457/2656/327
f 1456/2659/540 1457/11612/540 1458/2660/540
f 1457/2662/409 1459/11613/409 1460/2663/409
f 1459/2665/330 1461/11614/330 1462/2666/330
f 1461/2668/331 1463/11615/331 1464/2669/331
f 1463/2671/332 1465/11616/332 1466/2672/332
f 1466/2674/333 1465/11617/333 1467/2675/333
f 1468/2677/406 1467/11618/406 1469/2678/406
f 1470/2680/335 1469/11619/335 1471/2681/335
f 1472/2683/523 1471/11620/523 1473/2684/523
f 1474/2686/337 1473/11621/337 1455/2687/337
f 1472/2689/338 1474/11622/338 1475/2690/338
f 1474/2692/339 1453/11623/339 1476/2693/339
f 1475/2697/2 1476/11624/2 1479/11625/2
f 1476/11624/2 1451/11626/2 1480/11627/2
f 1451/11626/2 1485/11628/2 1480/11627/2
f 1485/11628/2 1484/11629/2 1481/11630/2
f 1480/11627/2 1485/11628/2 1481/11630/2
f 1484/11629/2 1483/11631/2 1482/11632/2
f 1482/11632/2 1481/11630/2 1484/11629/2
f 1480/11627/2 1479/11625/2 1476/11624/2
f 1479/11625/2 1478/2695/2 1475/2697/2
f 1470/2698/340 1472/11633/340 1477/2699/340
f 1468/2701/341 1470/11634/341 1478/2702/341
f 1466/2704/342 1468/11635/342 1479/2705/342
f 1481/2707/343 1464/11636/343 1466/2708/343
f 1482/2710/344 1462/11637/344 1464/2711/344
f 1483/2713/492 1460/11638/492 1462/2714/492
f 1484/2716/346 1458/11639/346 1460/2717/346
f 1485/2719/347 1452/11640/347 1458/2720/347
f 1486/2722/433 1489/11641/433 1491/2723/433
f 1492/2725/499 1489/11642/499 1486/2726/499
f 1491/11643/498 1489/11644/498 1490/11645/498
f 1490/11645/350 1591/11646/350 1491/11643/350
f 1591/11646/350 1593/11647/350 1628/11648/350
f 1593/11647/350 1595/11649/350 1626/11650/350
f 1595/11649/350 1597/11651/350 1624/11652/350
f 1597/11651/350 1599/11653/350 1624/11652/350
f 1599/11653/350 1601/11654/350 1622/11655/350
f 1624/11652/350 1599/11653/350 1622/11655/350
f 1601/11654/545 1603/11656/545 1620/11657/545
f 1603/11656/350 1605/2728/350 1618/2730/350
f 1620/11657/498 1603/11656/498 1618/2730/498
f 1605/2728/704 1607/11658/704 1614/11659/704
f 1607/11658/705 1609/11660/705 1612/11661/705
f 1609/11660/350 1518/11662/350 1612/11661/350
f 1518/11662/498 1516/11663/498 1515/11664/498
f 1612/11661/350 1518/11662/350 1515/11664/350
f 1516/11663/706 1513/11665/706 1515/11664/706
f 1607/11658/350 1612/11661/350 1614/11659/350
f 1591/11646/350 1628/11648/350 1491/11643/350
f 1595/11649/350 1624/11652/350 1626/11650/350
f 1626/11650/350 1628/11648/350 1593/11647/350
f 1622/11655/350 1601/11654/350 1620/11657/350
f 1605/2728/350 1614/11659/350 1616/2729/350
f 1511/11666/707 1513/11667/707 1516/11668/707
f 1516/11668/708 1519/11669/708 1511/11666/708
f 1519/11669/350 1521/11670/350 1509/11671/350
f 1521/11670/559 1523/11672/559 1507/11673/559
f 1523/11672/708 1525/2733/708 1507/11673/708
f 1525/2733/350 1527/11674/350 1503/2731/350
f 1527/11674/545 1529/11675/545 1501/11676/545
f 1529/11675/350 1531/11677/350 1499/11678/350
f 1531/11677/350 1533/11679/350 1497/11680/350
f 1533/11679/350 1535/11681/350 1497/11680/350
f 1535/11681/350 1537/11682/350 1495/11683/350
f 1497/11680/350 1535/11681/350 1495/11683/350
f 1537/11682/350 1539/11684/350 1493/11685/350
f 1539/11684/350 1490/11686/350 1492/11687/350
f 1493/11685/350 1539/11684/350 1492/11687/350
f 1490/11686/708 1489/11688/708 1492/11687/708
f 1527/11674/708 1501/11676/708 1503/2731/708
f 1531/11677/350 1497/11680/350 1499/11678/350
f 1519/11669/350 1509/11671/350 1511/11666/350
f 1507/11673/350 1509/11671/350 1521/11670/350
f 1493/11685/350 1495/11683/350 1537/11682/350
f 1505/2732/350 1507/11673/350 1525/2733/350
f 1529/11675/350 1499/11678/350 1501/11676/350
f 1493/2734/351 1492/11689/351 1488/2735/351
f 1496/2737/446 1495/11690/446 1493/2738/446
f 1497/2740/447 1495/11691/447 1496/2741/447
f 1499/2743/534 1497/11692/534 1498/2744/534
f 1502/2746/355 1501/11693/355 1499/2747/355
f 1503/2749/356 1501/11694/356 1502/2750/356
f 1506/2752/436 1505/11695/436 1503/2753/436
f 1508/2755/358 1507/11696/358 1505/2756/358
f 1509/2758/444 1507/11697/444 1508/2759/444
f 1511/2761/365 1509/11698/365 1510/2762/365
f 1514/2764/528 1513/11699/528 1511/2765/528
f 1515/2767/709 1513/11700/709 1514/2768/709
f 1520/2770/441 1519/11701/441 1516/2771/441
f 1610/2773/362 1517/11702/362 1516/2774/362
f 1520/2776/360 1522/11703/360 1521/2777/360
f 1524/2779/359 1523/11704/359 1521/2780/359
f 1526/2782/358 1525/11705/358 1523/2783/358
f 1526/2785/366 1528/11706/366 1527/2786/366
f 1528/2788/367 1530/11707/367 1529/2789/367
f 1532/2791/368 1531/11708/368 1529/2792/368
f 1534/2794/369 1533/11709/369 1531/2795/369
f 1534/2797/447 1536/11710/447 1535/2798/447
f 1538/2800/446 1537/11711/446 1535/2801/446
f 1540/2803/351 1539/11712/351 1537/2804/351
f 1540/2806/349 1541/11713/349 1490/2807/349
f 1545/11714/710 1543/11715/710 1541/11716/710
f 1541/11716/530 1540/11717/530 1545/11714/530
f 1540/11717/374 1538/11718/374 1588/11719/374
f 1538/11718/711 1536/11720/711 1586/11721/711
f 1536/11720/712 1534/11722/712 1584/11723/712
f 1534/11722/420 1532/11724/420 1584/11723/420
f 1532/11724/713 1530/11725/713 1582/11726/713
f 1584/11723/714 1532/11724/714 1582/11726/714
f 1530/11725/327 1528/11727/327 1580/11728/327
f 1528/11727/420 1526/2809/420 1578/2811/420
f 1580/11728/420 1528/11727/420 1578/2811/420
f 1526/2809/374 1524/11729/374 1574/11730/374
f 1524/11729/530 1522/11731/530 1572/11732/530
f 1522/11731/420 1520/11733/420 1572/11732/420
f 1520/11733/420 1517/11734/420 1570/11735/420
f 1572/11732/420 1520/11733/420 1570/11735/420
f 1517/11734/420 1568/11736/420 1570/11735/420
f 1524/11729/715 1572/11732/715 1574/11730/715
f 1540/11717/374 1588/11719/374 1545/11714/374
f 1536/11720/716 1584/11723/716 1586/11721/716
f 1586/11721/717 1588/11719/717 1538/11718/717
f 1582/11726/420 1530/11725/420 1580/11728/420
f 1526/2809/420 1574/11730/420 1576/2810/420
f 1490/2812/348 1541/11737/348 1542/2813/348
f 1541/11738/718 1543/11739/718 1546/11740/718
f 1541/11738/374 1546/11740/374 1542/11741/374
f 1546/11740/530 1548/11742/530 1542/11741/530
f 1592/11743/530 1542/11741/530 1548/11742/530
f 1596/11744/715 1594/11745/715 1552/11746/715
f 1594/11745/560 1592/11743/560 1550/11747/560
f 1552/11746/719 1594/11745/719 1550/11747/719
f 1600/2816/420 1598/11748/420 1556/2817/420
f 1598/11748/713 1596/11744/713 1554/11749/713
f 1556/2817/420 1598/11748/420 1554/11749/420
f 1604/11750/420 1602/11751/420 1560/11752/420
f 1602/11751/586 1600/2816/586 1558/2815/586
f 1560/11752/420 1602/11751/420 1558/2815/420
f 1608/11753/586 1606/11754/586 1562/11755/586
f 1606/11754/530 1604/11750/530 1560/11752/530
f 1517/11756/420 1610/11757/420 1566/11758/420
f 1610/11757/420 1608/11753/420 1564/11759/420
f 1566/11758/420 1568/11760/420 1517/11756/420
f 1564/11759/420 1566/11758/420 1610/11757/420
f 1606/11754/420 1560/11752/420 1562/11755/420
f 1548/11742/420 1550/11747/420 1592/11743/420
f 1562/11755/716 1564/11759/716 1608/11753/716
f 1596/11744/720 1552/11746/720 1554/11749/720
f 1544/2818/348 1547/11761/348 1546/2819/348
f 1545/2821/349 1590/11762/349 1544/2822/349
f 1546/2824/376 1547/11763/376 1549/2825/376
f 1549/2827/721 1551/11764/721 1550/2828/721
f 1551/2830/391 1553/11765/391 1552/2831/391
f 1552/2833/379 1553/11766/379 1555/2834/379
f 1554/2836/429 1555/11767/429 1557/2837/429
f 1557/2839/428 1559/11768/428 1558/2840/428
f 1559/2842/722 1561/11769/722 1560/2843/722
f 1560/2845/723 1561/11770/723 1563/2846/723
f 1563/2848/384 1565/11771/384 1564/2849/384
f 1564/2851/502 1565/11772/502 1567/2852/502
f 1567/2854/386 1569/11773/386 1568/2855/386
f 1568/2857/387 1569/11774/387 1571/2858/387
f 1571/2860/365 1573/11775/365 1572/2861/365
f 1573/2863/503 1575/11776/503 1574/2864/503
f 1575/2866/504 1577/11777/504 1576/2867/504
f 1576/2869/724 1577/11778/724 1579/2870/724
f 1578/2872/725 1579/11779/725 1581/2873/725
f 1581/2875/726 1583/11780/726 1582/2876/726
f 1583/2878/354 1585/11781/354 1584/2879/354
f 1584/2881/447 1585/11782/447 1587/2882/447
f 1586/2884/529 1587/11783/529 1589/2885/529
f 1589/2887/351 1590/11784/351 1545/2888/351
f 1542/2890/402 1592/11785/402 1593/2891/402
f 1594/2893/390 1595/11786/390 1593/2894/390
f 1596/2896/378 1597/11787/378 1595/2897/378
f 1598/2899/392 1599/11788/392 1597/2900/392
f 1598/2902/393 1600/11789/393 1601/2903/393
f 1602/2905/394 1603/11790/394 1601/2906/394
f 1604/2908/395 1605/11791/395 1603/2909/395
f 1604/2911/383 1606/11792/383 1607/2912/383
f 1608/2914/490 1609/11793/490 1607/2915/490
f 1610/2917/385 1518/11794/385 1609/2918/385
f 1613/2920/385 1612/11795/385 1515/2921/385
f 1614/2923/396 1612/11796/396 1613/2924/396
f 1616/2926/383 1614/11797/383 1615/2927/383
f 1618/2929/382 1616/11798/382 1617/2930/382
f 1621/2932/727 1620/11799/727 1618/2933/727
f 1622/2935/380 1620/11800/380 1621/2936/380
f 1625/2938/728 1624/11801/728 1622/2939/728
f 1627/2941/391 1626/11802/391 1624/2942/391
f 1628/2944/390 1626/11803/390 1627/2945/390
f 1487/2947/402 1491/11804/402 1628/2948/402
f 1631/2950/403 1630/11805/403 1632/2951/403
f 1633/2953/343 1630/11806/343 1631/2954/343
f 1634/2956/326 1636/11807/326 1632/2957/326
f 1633/2959/325 1635/11808/325 1634/2960/325
f 1634/11809/350 1635/11810/350 1647/11811/350
f 1635/11810/350 1653/11812/350 1649/11813/350
f 1653/11812/405 1651/11814/405 1649/11813/405
f 1649/11813/350 1647/11811/350 1635/11810/350
f 1647/11811/350 1645/11815/350 1634/11809/350
f 1645/11815/350 1643/11816/350 1634/11809/350
f 1643/11816/405 1641/2964/405 1636/2963/405
f 1634/11809/350 1643/11816/350 1636/2963/350
f 1641/2964/729 1639/11817/729 1637/2962/729
f 1636/2965/539 1637/11818/539 1638/2966/539
f 1637/2968/523 1639/11819/523 1640/2969/523
f 1639/2971/335 1641/11820/335 1642/2972/335
f 1641/2974/450 1643/11821/450 1644/2975/450
f 1643/2977/333 1645/11822/333 1646/2978/333
f 1646/2980/332 1645/11823/332 1647/2981/332
f 1648/2983/407 1647/11824/407 1649/2984/407
f 1650/2986/592 1649/11825/592 1651/2987/592
f 1652/2989/590 1651/11826/590 1653/2990/590
f 1654/2992/328 1653/11827/328 1635/2993/328
f 1652/2995/345 1654/11828/345 1655/2996/345
f 1654/2998/410 1633/11829/410 1656/2999/410
f 1655/3003/2 1656/11830/2 1659/11831/2
f 1656/11830/2 1631/11832/2 1660/11833/2
f 1631/11832/2 1665/11834/2 1660/11833/2
f 1665/11834/2 1664/11835/2 1661/11836/2
f 1660/11833/2 1665/11834/2 1661/11836/2
f 1664/11835/2 1663/11837/2 1662/11838/2
f 1662/11838/2 1661/11836/2 1664/11835/2
f 1660/11833/2 1659/11831/2 1656/11830/2
f 1659/11831/2 1658/3001/2 1655/3003/2
f 1650/3004/411 1652/11839/411 1657/3005/411
f 1648/3007/347 1650/11840/347 1658/3008/347
f 1646/3010/412 1648/11841/412 1659/3011/412
f 1661/3013/413 1644/11842/413 1646/3014/413
f 1662/3016/414 1642/11843/414 1644/3017/414
f 1663/3019/415 1640/11844/415 1642/3020/415
f 1664/3022/340 1638/11845/340 1640/3023/340
f 1665/3025/341 1632/11846/341 1638/3026/341
f 1666/3028/416 1668/11847/416 1677/3029/416
f 1669/3033/8 1666/11848/8 1675/3031/8
f 1666/11848/8 1667/11849/8 1675/3031/8
f 1667/11849/8 1676/11850/8 1675/3031/8
f 1671/3034/417 1668/11851/417 1666/3035/417
f 1672/3037/7 1671/11852/7 1669/3038/7
f 1674/3042/2 1677/11853/2 1672/3040/2
f 1677/11853/2 1668/11854/2 1672/3040/2
f 1668/11854/2 1671/11855/2 1672/3040/2
f 1673/3043/418 1672/11856/418 1670/3044/418
f 1674/3046/419 1673/11857/419 1675/3047/419
f 1677/3049/11 1674/11858/11 1676/3050/11
f 1679/3052/324 1678/11859/324 1680/3053/324
f 1681/3055/323 1678/11860/323 1679/3056/323
f 1682/3058/333 1684/11861/333 1680/3059/333
f 1681/3061/332 1683/11862/332 1682/3062/332
f 1682/11863/420 1683/11864/420 1695/11865/420
f 1683/11864/713 1701/11866/713 1697/11867/713
f 1701/11866/602 1699/11868/602 1697/11867/602
f 1697/11867/713 1695/11865/713 1683/11864/713
f 1695/11865/420 1693/11869/420 1682/11863/420
f 1693/11869/420 1691/11870/420 1682/11863/420
f 1691/11870/420 1689/3066/420 1684/3065/420
f 1682/11863/713 1691/11870/713 1684/3065/713
f 1689/3066/420 1687/11871/420 1685/3064/420
f 1684/3067/406 1685/11872/406 1686/3068/406
f 1685/3070/421 1687/11873/421 1688/3071/421
f 1687/3073/730 1689/11874/730 1690/3074/730
f 1689/3076/337 1691/11875/337 1692/3077/337
f 1691/3079/326 1693/11876/326 1694/3080/326
f 1694/3082/325 1693/11877/325 1695/3083/325
f 1696/3085/328 1695/11878/328 1697/3086/328
f 1698/3088/329 1697/11879/329 1699/3089/329
f 1700/3091/330 1699/11880/330 1701/3092/330
f 1702/3094/407 1701/11881/407 1683/3095/407
f 1700/3097/411 1702/11882/411 1703/3098/411
f 1702/3100/423 1681/11883/423 1704/3101/423
f 1703/3105/8 1704/11884/8 1707/11885/8
f 1704/11884/8 1679/11886/8 1708/11887/8
f 1679/11886/8 1713/11888/8 1708/11887/8
f 1713/11888/8 1712/11889/8 1709/11890/8
f 1708/11887/8 1713/11888/8 1709/11890/8
f 1712/11889/8 1711/11891/8 1710/11892/8
f 1710/11892/8 1709/11890/8 1712/11889/8
f 1708/11887/8 1707/11885/8 1704/11884/8
f 1707/11885/8 1706/3103/8 1703/3105/8
f 1698/3106/345 1700/11893/345 1705/3107/345
f 1696/3109/493 1698/11894/493 1706/3110/493
f 1694/3112/343 1696/11895/343 1707/3113/343
f 1709/3115/342 1692/11896/342 1694/3116/342
f 1710/3118/424 1690/11897/424 1692/3119/424
f 1711/3121/425 1688/11898/425 1690/3122/425
f 1712/3124/338 1686/11899/338 1688/3125/338
f 1713/3127/339 1680/11900/339 1686/3128/339
f 1714/3130/363 1717/11901/363 1719/3131/363
f 1720/3133/362 1717/11902/362 1714/3134/362
f 1719/11903/731 1717/11904/731 1718/11905/731
f 1718/11905/498 1839/11906/498 1719/11903/498
f 1839/11906/350 1840/11907/350 1762/11908/350
f 1840/11907/708 1841/11909/708 1760/11910/708
f 1841/11909/559 1843/11911/559 1758/11912/559
f 1843/11911/350 1845/11913/350 1758/11912/350
f 1845/11913/405 1847/11914/405 1756/11915/405
f 1758/11912/350 1845/11913/350 1756/11915/350
f 1847/11914/350 1849/11916/350 1754/11917/350
f 1849/11916/545 1851/3136/545 1752/3138/545
f 1754/11917/350 1849/11916/350 1752/3138/350
f 1851/3136/498 1853/11918/498 1748/11919/498
f 1853/11918/600 1855/11920/600 1746/11921/600
f 1855/11920/708 1765/11922/708 1746/11921/708
f 1765/11922/350 1743/11923/350 1744/11924/350
f 1746/11921/350 1765/11922/350 1744/11924/350
f 1743/11923/731 1741/11925/731 1744/11924/731
f 1853/11918/350 1746/11921/350 1748/11919/350
f 1839/11906/706 1762/11908/706 1719/11903/706
f 1841/11909/350 1758/11912/350 1760/11910/350
f 1760/11910/732 1762/11908/732 1840/11907/732
f 1756/11915/350 1847/11914/350 1754/11917/350
f 1851/3136/350 1748/11919/350 1750/3137/350
f 1739/11926/706 1741/11927/706 1743/11928/706
f 1743/11928/350 1766/11929/350 1739/11926/350
f 1766/11929/498 1768/11930/498 1737/11931/498
f 1768/11930/733 1770/11932/733 1735/11933/733
f 1770/11932/734 1772/11934/734 1735/11933/734
f 1772/11934/350 1774/11935/350 1733/11936/350
f 1774/11935/405 1776/3140/405 1731/3139/405
f 1733/11936/350 1774/11935/350 1731/3139/350
f 1776/3140/350 1778/11937/350 1729/3141/350
f 1778/11937/350 1780/11938/350 1727/11939/350
f 1729/3141/350 1778/11937/350 1727/11939/350
f 1780/11938/350 1782/11940/350 1723/11941/350
f 1782/11940/600 1784/11942/600 1721/11943/600
f 1784/11942/350 1786/11944/350 1721/11943/350
f 1786/11944/708 1718/11945/708 1720/11946/708
f 1721/11943/731 1786/11944/731 1720/11946/731
f 1718/11945/706 1717/11947/706 1720/11946/706
f 1782/11940/350 1721/11943/350 1723/11941/350
f 1766/11929/350 1737/11931/350 1739/11926/350
f 1735/11933/350 1737/11931/350 1768/11930/350
f 1733/11936/498 1735/11933/498 1772/11934/498
f 1780/11938/350 1723/11941/350 1725/11948/350
f 1780/11938/350 1725/11948/350 1727/11939/350
f 1722/3142/491 1721/11949/491 1720/3143/491
f 1723/3145/396 1721/11950/396 1722/3146/396
f 1726/3148/383 1725/11951/383 1723/3149/383
f 1727/3151/395 1725/11952/395 1726/3152/395
f 1729/3154/428 1727/11953/428 1728/3155/428
f 1732/3157/429 1731/11954/429 1729/3158/429
f 1734/3160/392 1733/11955/392 1731/3161/392
f 1735/3163/391 1733/11956/391 1734/3164/391
f 1738/3166/390 1737/11957/390 1735/3167/390
f 1740/3169/402 1739/11958/402 1737/3170/402
f 1741/3172/438 1739/11959/438 1740/3173/438
f 1744/3175/481 1741/11960/481 1742/3176/481
f 1746/3178/351 1744/11961/351 1745/3179/351
f 1748/3181/446 1746/11962/446 1747/3182/446
f 1751/3184/370 1750/11963/370 1748/3185/370
f 1752/3187/369 1750/11964/369 1751/3188/369
f 1754/3190/355 1752/11965/355 1753/3191/355
f 1757/3193/356 1756/11966/356 1754/3194/356
f 1758/3196/366 1756/11967/366 1757/3197/366
f 1760/3199/445 1758/11968/445 1759/3200/445
f 1763/3202/735 1762/11969/735 1760/3203/735
f 1719/3205/479 1762/11970/479 1763/3206/479
f 1764/3208/348 1767/11971/348 1766/3209/348
f 1857/3211/349 1764/11972/349 1743/3212/349
f 1769/3214/402 1768/11973/402 1766/3215/402
f 1771/3217/390 1770/11974/390 1768/3218/390
f 1771/3220/391 1773/11975/391 1772/3221/391
f 1775/3223/392 1774/11976/392 1772/3224/392
f 1777/3226/429 1776/11977/429 1774/3227/429
f 1779/3229/428 1778/11978/428 1776/3230/428
f 1781/3232/486 1780/11979/486 1778/3233/486
f 1783/3235/383 1782/11980/383 1780/3236/383
f 1785/3238/396 1784/11981/396 1782/3239/396
f 1787/3241/502 1786/11982/502 1784/3242/502
f 1787/3244/497 1788/11983/497 1718/3245/497
f 1792/11984/420 1790/11985/420 1788/11986/420
f 1788/11986/420 1787/11987/420 1792/11984/420
f 1787/11987/530 1785/11988/530 1835/11989/530
f 1785/11988/736 1783/11990/736 1833/11991/736
f 1783/11990/420 1781/3249/420 1833/11991/420
f 1781/3249/712 1779/11992/712 1829/3247/712
f 1779/11992/713 1777/11993/713 1827/11994/713
f 1777/11993/327 1775/11995/327 1825/11996/327
f 1775/11995/420 1773/11997/420 1823/11998/420
f 1773/11997/482 1771/11999/482 1823/11998/482
f 1771/11999/420 1769/12000/420 1821/12001/420
f 1823/11998/420 1771/11999/420 1821/12001/420
f 1769/12000/530 1767/12002/530 1819/12003/530
f 1767/12002/374 1764/12004/374 1817/12005/374
f 1819/12003/420 1767/12002/420 1817/12005/420
f 1764/12004/420 1815/12006/420 1817/12005/420
f 1779/11992/374 1827/11994/374 1829/3247/374
f 1775/11995/420 1823/11998/420 1825/11996/420
f 1787/11987/420 1835/11989/420 1792/11984/420
f 1833/11991/420 1835/11989/420 1785/11988/420
f 1819/12003/420 1821/12001/420 1769/12000/420
f 1831/3248/420 1833/11991/420 1781/3249/420
f 1777/11993/420 1825/11996/420 1827/11994/420
f 1718/3250/361 1788/12007/361 1789/3251/361
f 1788/12008/420 1790/12009/420 1793/12010/420
f 1788/12008/420 1793/12010/420 1789/12011/420
f 1793/12010/420 1795/12012/420 1789/12011/420
f 1838/12013/374 1789/12011/374 1795/12012/374
f 1844/12014/560 1842/12015/560 1799/12016/560
f 1842/12015/715 1838/12013/715 1797/12017/715
f 1799/12016/420 1842/12015/420 1797/12017/420
f 1848/3254/420 1846/12018/420 1803/3255/420
f 1846/12018/327 1844/12014/327 1801/12019/327
f 1803/3255/420 1846/12018/420 1801/12019/420
f 1852/12020/420 1850/12021/420 1807/12022/420
f 1850/12021/420 1848/3254/420 1805/3253/420
f 1807/12022/420 1850/12021/420 1805/3253/420
f 1856/12023/420 1854/12024/420 1809/12025/420
f 1854/12024/420 1852/12020/420 1807/12022/420
f 1764/12026/530 1857/12027/530 1813/12028/530
f 1857/12027/374 1856/12023/374 1811/12029/374
f 1813/12028/420 1815/12030/420 1764/12026/420
f 1811/12029/586 1813/12028/586 1857/12027/586
f 1854/12024/420 1807/12022/420 1809/12025/420
f 1795/12012/420 1797/12017/420 1838/12013/420
f 1809/12025/420 1811/12029/420 1856/12023/420
f 1844/12014/420 1799/12016/420 1801/12019/420
f 1790/3256/528 1791/12031/528 1794/3257/528
f 1837/3259/543 1791/12032/543 1790/3260/543
f 1794/3262/365 1796/12033/365 1795/3263/365
f 1796/3265/444 1798/12034/444 1797/3266/444
f 1797/3268/445 1798/12035/445 1800/3269/445
f 1800/3271/366 1802/12036/366 1801/3272/366
f 1802/3274/356 1804/12037/356 1803/3275/356
f 1803/3277/355 1804/12038/355 1806/3278/355
f 1805/3280/369 1806/12039/369 1808/3281/369
f 1808/3283/370 1810/12040/370 1809/3284/370
f 1810/3286/446 1812/12041/446 1811/3287/446
f 1811/3289/351 1812/12042/351 1814/3290/351
f 1814/3292/439 1816/12043/439 1815/3293/439
f 1815/3295/601 1816/12044/601 1818/3296/601
f 1818/3298/402 1820/12045/402 1819/3299/402
f 1819/3301/390 1820/12046/390 1822/3302/390
f 1821/3304/391 1822/12047/391 1824/3305/391
f 1824/3307/392 1826/12048/392 1825/3308/392
f 1826/3310/429 1828/12049/429 1827/3311/429
f 1827/3313/428 1828/12050/428 1830/3314/428
f 1829/3316/395 1830/12051/395 1832/3317/395
f 1832/3319/568 1834/12052/568 1833/3320/568
f 1833/3322/396 1834/12053/396 1836/3323/396
f 1835/3325/385 1836/12054/385 1837/3326/385
f 1789/3328/360 1838/12055/360 1840/3329/360
f 1838/3331/359 1842/12056/359 1841/3332/359
f 1842/3334/358 1844/12057/358 1843/3335/358
f 1846/3337/366 1845/12058/366 1843/3338/366
f 1846/3340/356 1848/12059/356 1847/3341/356
f 1848/3343/355 1850/12060/355 1849/3344/355
f 1850/3346/369 1852/12061/369 1851/3347/369
f 1852/3349/353 1854/12062/353 1853/3350/353
f 1854/3352/446 1856/12063/446 1855/3353/446
f 1856/3355/737 1857/12064/737 1765/3356/737
f 1859/3358/404 1858/12065/404 1860/3359/404
f 1861/3361/508 1858/12066/508 1859/3362/508
f 1862/3364/332 1864/12067/332 1860/3365/332
f 1861/3367/333 1863/12068/333 1862/3368/333
f 1862/12069/732 1863/12070/732 1875/12071/732
f 1863/12070/705 1881/12072/705 1877/12073/705
f 1881/12072/350 1879/12074/350 1877/12073/350
f 1877/12073/545 1875/12071/545 1863/12070/545
f 1875/12071/732 1873/12075/732 1862/12069/732
f 1873/12075/545 1871/12076/545 1862/12069/545
f 1871/12076/350 1869/3372/350 1864/3371/350
f 1862/12069/545 1871/12076/545 1864/3371/545
f 1869/3372/350 1867/12077/350 1865/3370/350
f 1864/3373/407 1865/12078/407 1866/3374/407
f 1865/3376/330 1867/12079/330 1868/3377/330
f 1867/3379/329 1869/12080/329 1870/3380/329
f 1869/3382/328 1871/12081/328 1872/3383/328
f 1871/3385/325 1873/12082/325 1874/3386/325
f 1874/3388/326 1873/12083/326 1875/3389/326
f 1876/3391/337 1875/12084/337 1877/3392/337
f 1878/3394/523 1877/12085/523 1879/3395/523
f 1880/3397/475 1879/12086/475 1881/3398/475
f 1882/3400/406 1881/12087/406 1863/3401/406
f 1880/3403/340 1882/12088/340 1883/3404/340
f 1882/3406/341 1861/12089/341 1884/3407/341
f 1883/3411/8 1884/12090/8 1887/12091/8
f 1884/12090/8 1859/12092/8 1888/12093/8
f 1859/12092/8 1893/12094/8 1888/12093/8
f 1893/12094/8 1892/12095/8 1889/12096/8
f 1888/12093/8 1893/12094/8 1889/12096/8
f 1892/12095/8 1891/12097/8 1890/12098/8
f 1890/12098/8 1889/12096/8 1892/12095/8
f 1888/12093/8 1887/12091/8 1884/12090/8
f 1887/12091/8 1886/3409/8 1883/3411/8
f 1878/3412/338 1880/12099/338 1885/3413/338
f 1876/3415/541 1878/12100/541 1886/3416/541
f 1874/3418/413 1876/12101/413 1887/3419/413
f 1889/3421/323 1872/12102/323 1874/3422/323
f 1890/3424/347 1870/12103/347 1872/3425/347
f 1891/3427/411 1868/12104/411 1870/3428/411
f 1892/3430/345 1866/12105/345 1868/3431/345
f 1893/3433/344 1860/12106/344 1866/3434/344
f 1895/3436/15 1899/12107/15 1897/3437/15
f 1989/3439/275 1895/12108/275 1894/3440/275
f 1904/12109/8 1906/12110/8 1908/12111/8
f 1904/12109/8 1908/12111/8 1910/12112/8
f 1897/12113/8 1898/12114/8 1894/12115/8
f 1898/12114/8 1902/12116/8 1894/12115/8
f 1902/12116/8 1904/12109/8 1912/12117/8
f 1904/12109/8 1910/12112/8 1912/12117/8
f 1912/12117/8 1914/12118/8 1918/12119/8
f 1914/12118/8 1916/12120/8 1918/12119/8
f 1986/12121/8 1988/12122/8 1984/12123/8
f 1988/12122/8 1896/12124/8 1984/12123/8
f 1896/12124/8 1894/12115/8 1912/12117/8
f 1894/12115/8 1902/12116/8 1912/12117/8
f 1978/12125/8 1980/12126/8 1982/12127/8
f 1982/12127/8 1984/12123/8 1920/12128/8
f 1984/12123/8 1896/12124/8 1920/12128/8
f 1896/12124/8 1912/12117/8 1920/12128/8
f 1912/12117/8 1918/12119/8 1920/12128/8
f 1920/12128/8 1922/12129/8 1924/12130/8
f 1976/12131/8 1978/12125/8 1982/12127/8
f 1920/12128/8 1924/12130/8 1926/12132/8
f 1928/12133/8 1930/12134/8 1934/12135/8
f 1930/12134/8 1932/12136/8 1934/12135/8
f 1920/12128/8 1926/12132/8 1974/12137/8
f 1926/12132/8 1928/12133/8 1974/12137/8
f 1976/12131/8 1982/12127/8 1974/12137/8
f 1982/12127/8 1920/12128/8 1974/12137/8
f 1970/12138/8 1972/12139/8 1974/12137/8
f 1968/12140/8 1970/12138/8 1974/12137/8
f 1962/12141/8 1964/12142/8 1966/12143/8
f 1966/12143/8 1968/12140/8 1936/12144/8
f 1968/12140/8 1974/12137/8 1936/12144/8
f 1974/12137/8 1928/12133/8 1936/12144/8
f 1928/12133/8 1934/12135/8 1936/12144/8
f 1936/12144/8 1938/12145/8 1942/12146/8
f 1938/12145/8 1940/12147/8 1942/12146/8
f 1960/12148/8 1962/12141/8 1966/12143/8
f 1944/3442/8 1946/12149/8 1950/3443/8
f 1946/12149/8 1948/12150/8 1950/3443/8
f 1936/12144/8 1942/12146/8 1944/3442/8
f 1960/12148/8 1966/12143/8 1958/12151/8
f 1966/12143/8 1936/12144/8 1958/12151/8
f 1954/12152/8 1956/12153/8 1958/12151/8
f 1958/12151/8 1936/12144/8 1952/3444/8
f 1936/12144/8 1944/3442/8 1952/3444/8
f 1952/3444/8 1954/12152/8 1958/12151/8
f 1899/3445/287 1900/12154/287 1898/3446/287
f 1925/12155/2 1923/12156/2 1919/12157/2
f 1923/12156/2 1921/12158/2 1919/12157/2
f 1931/12159/2 1929/12160/2 1933/12161/2
f 1929/12160/2 1927/12162/2 1933/12161/2
f 1927/12162/2 1925/12155/2 1917/12163/2
f 1925/12155/2 1919/12157/2 1917/12163/2
f 1917/12163/2 1915/12164/2 1913/12165/2
f 1939/12166/2 1937/12167/2 1941/12168/2
f 1937/12167/2 1935/12169/2 1941/12168/2
f 1935/12169/2 1933/12161/2 1927/12162/2
f 1917/12163/2 1913/12165/2 1911/12170/2
f 1935/12169/2 1927/12162/2 1911/12170/2
f 1927/12162/2 1917/12163/2 1911/12170/2
f 1947/12171/2 1945/12172/2 1949/12173/2
f 1945/12172/2 1943/12174/2 1949/12173/2
f 1943/12174/2 1941/12168/2 1935/12169/2
f 1909/12175/2 1907/12176/2 1903/12177/2
f 1907/12176/2 1905/12178/2 1903/12177/2
f 1935/12169/2 1911/12170/2 1909/12175/2
f 1943/12174/2 1935/12169/2 1949/12173/2
f 1935/12169/2 1909/12175/2 1949/12173/2
f 1901/12179/2 1900/12180/2 1895/12181/2
f 1900/12180/2 1899/12182/2 1895/12181/2
f 1909/12175/2 1903/12177/2 1951/12183/2
f 1903/12177/2 1901/12179/2 1951/12183/2
f 1955/12184/2 1953/12185/2 1957/12186/2
f 1953/12185/2 1951/12183/2 1957/12186/2
f 1951/12183/2 1949/12173/2 1909/12175/2
f 1963/12187/2 1961/12188/2 1959/12189/2
f 1959/12189/2 1957/12186/2 1951/12183/2
f 1951/12183/2 1901/12179/2 1895/12181/2
f 1989/12190/2 1987/12191/2 1983/12192/2
f 1987/12191/2 1985/12193/2 1983/12192/2
f 1951/12183/2 1895/12181/2 1989/12190/2
f 1965/12194/2 1963/12187/2 1959/12189/2
f 1959/12189/2 1951/12183/2 1965/12194/2
f 1951/12183/2 1989/12190/2 1965/12194/2
f 1981/3448/2 1979/12195/2 1977/12196/2
f 1989/12190/2 1983/12192/2 1967/3450/2
f 1983/12192/2 1981/3448/2 1967/3450/2
f 1971/12197/2 1969/12198/2 1973/3449/2
f 1969/12198/2 1967/3450/2 1973/3449/2
f 1967/3450/2 1965/12194/2 1989/12190/2
f 1981/3448/2 1977/12196/2 1975/12199/2
f 1981/3448/2 1975/12199/2 1973/3449/2
f 1902/3451/296 1898/12200/296 1900/3452/296
f 1901/3454/19 1903/12201/19 1904/3455/19
f 1903/3457/48 1905/12202/48 1906/3458/48
f 1905/3460/21 1907/12203/21 1908/3461/21
f 1910/3463/22 1908/12204/22 1907/3464/22
f 1909/3466/23 1911/12205/23 1912/3467/23
f 1911/3469/44 1913/12206/44 1914/3470/44
f 1913/3472/25 1915/12207/25 1916/3473/25
f 1917/3475/26 1918/12208/26 1916/3476/26
f 1917/3478/295 1919/12209/295 1920/3479/295
f 1919/3481/17 1921/12210/17 1922/3482/17
f 1921/3484/28 1923/12211/28 1924/3485/28
f 1925/3487/29 1926/12212/29 1924/3488/29
f 1925/3490/30 1927/12213/30 1928/3491/30
f 1927/3493/31 1929/12214/31 1930/3494/31
f 1929/3496/22 1931/12215/22 1932/3497/22
f 1934/3499/290 1932/12216/290 1931/3500/290
f 1933/3502/281 1935/12217/281 1936/3503/281
f 1935/3505/25 1937/12218/25 1938/3506/25
f 1937/3508/453 1939/12219/453 1940/3509/453
f 1942/3511/43 1940/12220/43 1939/3512/43
f 1942/3514/37 1941/12221/37 1943/3515/37
f 1943/3517/18 1945/12222/18 1946/3518/18
f 1945/3520/38 1947/12223/38 1948/3521/38
f 1950/3523/454 1948/12224/454 1947/3524/454
f 1949/3526/279 1951/12225/279 1952/3527/279
f 1952/3529/277 1951/12226/277 1953/3530/277
f 1953/3532/290 1955/12227/290 1956/3533/290
f 1958/3535/48 1956/12228/48 1955/3536/48
f 1957/3538/291 1959/12229/291 1960/3539/291
f 1959/3541/26 1961/12230/26 1962/3542/26
f 1961/3544/36 1963/12231/36 1964/3545/36
f 1966/3547/24 1964/12232/24 1963/3548/24
f 1965/3550/455 1967/12233/455 1968/3551/455
f 1967/3553/29 1969/12234/29 1970/3554/29
f 1969/3556/303 1971/12235/303 1972/3557/303
f 1974/3559/17 1972/12236/17 1971/3560/17
f 1973/3562/46 1975/12237/46 1976/3563/46
f 1975/3565/41 1977/12238/41 1978/3566/41
f 1977/3568/48 1979/12239/48 1980/3569/48
f 1982/3571/21 1980/12240/21 1979/3572/21
f 1981/3574/49 1983/12241/49 1984/3575/49
f 1984/3577/319 1983/12242/319 1985/3578/319
f 1985/3580/44 1987/12243/44 1988/3581/44
f 1896/3583/35 1988/12244/35 1987/3584/35
f 2085/3586/275 1991/12245/275 1990/3587/275
f 1991/3589/15 1995/12246/15 1993/3590/15
f 2000/12247/8 2002/12248/8 2004/12249/8
f 2000/12247/8 2004/12249/8 2006/12250/8
f 1993/12251/8 1994/12252/8 1990/12253/8
f 1994/12252/8 1998/12254/8 1990/12253/8
f 1998/12254/8 2000/12247/8 2006/12250/8
f 2008/12255/8 2010/12256/8 2012/12257/8
f 1998/12254/8 2006/12250/8 2008/12255/8
f 2082/12258/8 2084/12259/8 2080/12260/8
f 2084/12259/8 1992/12261/8 2080/12260/8
f 1992/12261/8 1990/12253/8 2008/12255/8
f 1990/12253/8 1998/12254/8 2008/12255/8
f 2008/12255/8 2012/12257/8 2014/12262/8
f 2074/12263/8 2076/12264/8 2078/12265/8
f 2078/12265/8 2080/12260/8 1992/12261/8
f 1992/12261/8 2008/12255/8 2014/12262/8
f 2016/12266/8 2018/12267/8 2020/12268/8
f 1992/12261/8 2014/12262/8 2078/12265/8
f 2014/12262/8 2016/12266/8 2078/12265/8
f 2072/12269/8 2074/12263/8 2078/12265/8
f 2016/12266/8 2020/12268/8 2022/12270/8
f 2024/12271/8 2026/12272/8 2028/12273/8
f 2016/12266/8 2022/12270/8 2070/12274/8
f 2022/12270/8 2024/12271/8 2070/12274/8
f 2072/12269/8 2078/12265/8 2070/12274/8
f 2078/12265/8 2016/12266/8 2070/12274/8
f 2066/12275/8 2068/12276/8 2070/12274/8
f 2024/12271/8 2028/12273/8 2030/12277/8
f 2064/12278/8 2066/12275/8 2070/12274/8
f 2058/12279/8 2060/12280/8 2056/12281/8
f 2060/12280/8 2062/12282/8 2056/12281/8
f 2062/12282/8 2064/12278/8 2032/12283/8
f 2064/12278/8 2070/12274/8 2032/12283/8
f 2070/12274/8 2024/12271/8 2032/12283/8
f 2024/12271/8 2030/12277/8 2032/12283/8
f 2032/12283/8 2034/12284/8 2038/12285/8
f 2034/12284/8 2036/12286/8 2038/12285/8
f 2040/3592/8 2042/12287/8 2046/3593/8
f 2042/12287/8 2044/12288/8 2046/3593/8
f 2032/12283/8 2038/12285/8 2040/3592/8
f 2056/12281/8 2062/12282/8 2054/12289/8
f 2062/12282/8 2032/12283/8 2054/12289/8
f 2050/12290/8 2052/12291/8 2054/12289/8
f 2054/12289/8 2032/12283/8 2048/3594/8
f 2032/12283/8 2040/3592/8 2048/3594/8
f 2048/3594/8 2050/12290/8 2054/12289/8
f 1995/3595/287 1996/12292/287 1994/3596/287
f 2021/12293/2 2019/12294/2 2015/12295/2
f 2019/12294/2 2017/12296/2 2015/12295/2
f 2027/12297/2 2025/12298/2 2023/12299/2
f 2023/12299/2 2021/12293/2 2013/12300/2
f 2021/12293/2 2015/12295/2 2013/12300/2
f 2013/12300/2 2011/12301/2 2007/12302/2
f 2011/12301/2 2009/12303/2 2007/12302/2
f 2029/12304/2 2027/12297/2 2023/12299/2
f 2035/12305/2 2033/12306/2 2037/12307/2
f 2033/12306/2 2031/12308/2 2037/12307/2
f 2031/12308/2 2029/12304/2 2023/12299/2
f 2031/12308/2 2023/12299/2 2013/12300/2
f 2043/12309/2 2041/12310/2 2045/12311/2
f 2041/12310/2 2039/12312/2 2045/12311/2
f 2039/12312/2 2037/12307/2 2031/12308/2
f 2031/12308/2 2013/12300/2 2005/12313/2
f 2013/12300/2 2007/12302/2 2005/12313/2
f 2005/12313/2 2003/12314/2 1999/12315/2
f 2003/12314/2 2001/12316/2 1999/12315/2
f 2039/12312/2 2031/12308/2 2045/12311/2
f 2031/12308/2 2005/12313/2 2045/12311/2
f 1997/12317/2 1996/12318/2 1991/12319/2
f 1996/12318/2 1995/12320/2 1991/12319/2
f 2005/12313/2 1999/12315/2 1997/12317/2
f 2051/12321/2 2049/12322/2 2053/12323/2
f 2049/12322/2 2047/12324/2 2053/12323/2
f 2047/12324/2 2045/12311/2 2005/12313/2
f 2047/12324/2 2005/12313/2 1991/12319/2
f 2005/12313/2 1997/12317/2 1991/12319/2
f 2059/12325/2 2057/12326/2 2055/12327/2
f 2055/12327/2 2053/12323/2 2047/12324/2
f 2085/12328/2 2083/12329/2 2079/12330/2
f 2083/12329/2 2081/12331/2 2079/12330/2
f 2047/12324/2 1991/12319/2 2085/12328/2
f 2061/12332/2 2059/12325/2 2055/12327/2
f 2055/12327/2 2047/12324/2 2061/12332/2
f 2047/12324/2 2085/12328/2 2061/12332/2
f 2077/3598/2 2075/12333/2 2073/12334/2
f 2085/12328/2 2079/12330/2 2063/3600/2
f 2079/12330/2 2077/3598/2 2063/3600/2
f 2067/12335/2 2065/12336/2 2069/3599/2
f 2065/12336/2 2063/3600/2 2069/3599/2
f 2063/3600/2 2061/12332/2 2085/12328/2
f 2077/3598/2 2073/12334/2 2071/12337/2
f 2077/3598/2 2071/12337/2 2069/3599/2
f 1998/3601/28 1994/12338/28 1996/3602/28
f 1997/3604/19 1999/12339/19 2000/3605/19
f 1999/3607/48 2001/12340/48 2002/3608/48
f 2002/3610/21 2001/12341/21 2003/3611/21
f 2006/3613/277 2004/12342/277 2003/3614/277
f 2005/3616/23 2007/12343/23 2008/3617/23
f 2007/3619/44 2009/12344/44 2010/3620/44
f 2009/3622/25 2011/12345/25 2012/3623/25
f 2013/3625/26 2014/12346/26 2012/3626/26
f 2013/3628/27 2015/12347/27 2016/3629/27
f 2015/3631/17 2017/12348/17 2018/3632/17
f 2017/3634/28 2019/12349/28 2020/3635/28
f 2021/3637/29 2022/12350/29 2020/3638/29
f 2021/3640/30 2023/12351/30 2024/3641/30
f 2023/3643/31 2025/12352/31 2026/3644/31
f 2025/3646/22 2027/12353/22 2028/3647/22
f 2030/3649/41 2028/12354/41 2027/3650/41
f 2029/3652/34 2031/12355/34 2032/3653/34
f 2031/3655/573 2033/12356/573 2034/3656/573
f 2033/3658/453 2035/12357/453 2036/3659/453
f 2038/3661/43 2036/12358/43 2035/3662/43
f 2038/3664/37 2037/12359/37 2039/3665/37
f 2039/3667/18 2041/12360/18 2042/3668/18
f 2041/3670/38 2043/12361/38 2044/3671/38
f 2046/3673/15 2044/12362/15 2043/3674/15
f 2045/3676/279 2047/12363/279 2048/3677/279
f 2048/3679/277 2047/12364/277 2049/3680/277
f 2049/3682/290 2051/12365/290 2052/3683/290
f 2054/3685/48 2052/12366/48 2051/3686/48
f 2053/3688/291 2055/12367/291 2056/3689/291
f 2055/3691/26 2057/12368/26 2058/3692/26
f 2057/3694/36 2059/12369/36 2060/3695/36
f 2062/3697/24 2060/12370/24 2059/3698/24
f 2061/3700/455 2063/12371/455 2064/3701/455
f 2063/3703/29 2065/12372/29 2066/3704/29
f 2065/3706/303 2067/12373/303 2068/3707/303
f 2070/3709/17 2068/12374/17 2067/3710/17
f 2070/3712/46 2069/12375/46 2071/3713/46
f 2071/3715/41 2073/12376/41 2074/3716/41
f 2074/3718/293 2073/12377/293 2075/3719/293
f 2078/3721/21 2076/12378/21 2075/3722/21
f 2077/3724/49 2079/12379/49 2080/3725/49
f 2080/3727/552 2079/12380/552 2081/3728/552
f 2081/3730/44 2083/12381/44 2084/3731/44
f 1992/3733/35 2084/12382/35 2083/3734/35
f 2088/3736/300 2133/12383/300 2087/3737/300
f 2091/3739/301 2088/12384/301 2086/3740/301
f 2092/3742/314 2091/12385/314 2089/3743/314
f 2093/3745/318 2092/12386/318 2090/3746/318
f 2096/3748/48 2094/12387/48 2093/3749/48
f 2099/3751/302 2094/12388/302 2096/3752/302
f 2100/3754/579 2099/12389/579 2097/3755/579
f 2101/3757/289 2100/12390/289 2098/3758/289
f 2102/3760/319 2101/12391/319 2103/3761/319
f 2107/3763/278 2102/12392/278 2104/3764/278
f 2108/3766/290 2107/12393/290 2105/3767/290
f 2109/3769/40 2108/12394/40 2106/3770/40
f 2110/3772/38 2109/12395/38 2111/3773/38
f 2115/3775/462 2110/12396/462 2112/3776/462
f 2116/3778/26 2115/12397/26 2113/3779/26
f 2117/3781/554 2116/12398/554 2114/3782/554
f 2118/3784/32 2117/12399/32 2119/3785/32
f 2123/3787/30 2118/12400/30 2120/3788/30
f 2124/3790/296 2123/12401/296 2121/3791/296
f 2125/3793/297 2124/12402/297 2122/3794/297
f 2126/3796/456 2125/12403/456 2127/3797/456
f 2129/3799/457 2131/12404/457 2126/3800/457
f 2132/3802/21 2131/12405/21 2129/3803/21
f 2133/3805/19 2132/12406/19 2130/3806/19
f 2136/3808/465 2181/12407/465 2135/3809/465
f 2139/3811/466 2136/12408/466 2134/3812/466
f 2140/3814/44 2139/12409/44 2137/3815/44
f 2141/3817/49 2140/12410/49 2138/3818/49
f 2142/3820/468 2141/12411/468 2143/3821/468
f 2147/3823/288 2142/12412/288 2144/3824/288
f 2148/3826/303 2147/12413/303 2145/3827/303
f 2149/3829/304 2148/12414/304 2146/3830/304
f 2150/3832/319 2149/12415/319 2151/3833/319
f 2155/3835/278 2150/12416/278 2152/3836/278
f 2156/3838/41 2155/12417/41 2153/3839/41
f 2157/3841/279 2156/12418/279 2154/3842/279
f 2158/3844/320 2157/12419/320 2159/3845/320
f 2163/3847/321 2158/12420/321 2160/3848/321
f 2164/3850/453 2163/12421/453 2161/3851/453
f 2167/3853/34 2165/12422/34 2164/3854/34
f 2166/3856/470 2165/12423/470 2167/3857/470
f 2171/3859/471 2166/12424/471 2168/3860/471
f 2172/3862/283 2171/12425/283 2169/3863/283
f 2173/3865/738 2172/12426/738 2170/3866/738
f 2174/3868/456 2173/12427/456 2175/3869/456
f 2179/3871/473 2174/12428/473 2176/3872/473
f 2180/3874/31 2179/12429/31 2177/3875/31
f 2181/3877/558 2180/12430/558 2178/3878/558
f 2183/3880/412 2182/12431/412 2184/3881/412
f 2185/3883/702 2182/12432/702 2183/3884/702
f 2186/3886/325 2188/12433/325 2184/3887/325
f 2185/3889/326 2187/12434/326 2186/3890/326
f 2186/12435/420 2187/12436/420 2199/12437/420
f 2187/12436/420 2205/12438/420 2201/12439/420
f 2205/12438/327 2203/12440/327 2201/12439/327
f 2201/12439/420 2199/12437/420 2187/12436/420
f 2199/12437/420 2197/12441/420 2186/12435/420
f 2197/12441/420 2195/12442/420 2186/12435/420
f 2195/12442/420 2193/3894/420 2188/3893/420
f 2186/12435/420 2195/12442/420 2188/3893/420
f 2193/3894/586 2191/12443/586 2189/3892/586
f 2188/3895/328 2189/12444/328 2190/3896/328
f 2189/3898/329 2191/12445/329 2192/3899/329
f 2191/3901/739 2193/12446/739 2194/3902/739
f 2193/3904/407 2195/12447/407 2196/3905/407
f 2195/3907/332 2197/12448/332 2198/3908/332
f 2198/3910/333 2197/12449/333 2199/3911/333
f 2200/3913/406 2199/12450/406 2201/3914/406
f 2202/3916/740 2201/12451/740 2203/3917/740
f 2204/3919/336 2203/12452/336 2205/3920/336
f 2206/3922/337 2205/12453/337 2187/3923/337
f 2204/3925/338 2206/12454/338 2207/3926/338
f 2206/3928/339 2185/12455/339 2208/3929/339
f 2207/3933/2 2208/12456/2 2211/12457/2
f 2208/12456/2 2183/12458/2 2212/12459/2
f 2183/12458/2 2217/12460/2 2212/12459/2
f 2217/12460/2 2216/12461/2 2213/12462/2
f 2212/12459/2 2217/12460/2 2213/12462/2
f 2216/12461/2 2215/12463/2 2214/12464/2
f 2214/12464/2 2213/12462/2 2216/12461/2
f 2212/12459/2 2211/12457/2 2208/12456/2
f 2211/12457/2 2210/3931/2 2207/3933/2
f 2202/3934/340 2204/12465/340 2209/3935/340
f 2200/3937/341 2202/12466/341 2210/3938/341
f 2198/3940/342 2200/12467/342 2211/3941/342
f 2213/3943/343 2196/12468/343 2198/3944/343
f 2214/3946/344 2194/12469/344 2196/3947/344
f 2215/3949/345 2192/12470/345 2194/3950/345
f 2216/3952/346 2190/12471/346 2192/3953/346
f 2217/3955/347 2184/12472/347 2190/3956/347
f 2218/3958/433 2221/12473/433 2223/3959/433
f 2224/3961/434 2221/12474/434 2218/3962/434
f 2223/12475/350 2221/12476/350 2222/12477/350
f 2222/12477/350 2323/12478/350 2223/12475/350
f 2323/12478/350 2325/12479/350 2360/12480/350
f 2325/12479/350 2327/12481/350 2358/12482/350
f 2327/12481/350 2329/3966/350 2358/12482/350
f 2329/3966/350 2331/12483/350 2354/3964/350
f 2331/12483/350 2333/12484/350 2352/12485/350
f 2333/12484/545 2335/12486/545 2350/12487/545
f 2335/12486/350 2337/12488/350 2348/12489/350
f 2337/12488/704 2339/12490/704 2348/12489/704
f 2339/12490/741 2341/12491/741 2346/12492/741
f 2348/12489/705 2339/12490/705 2346/12492/705
f 2341/12491/498 2250/12493/498 2344/12494/498
f 2250/12493/498 2248/12495/498 2247/12496/498
f 2344/12494/350 2250/12493/350 2247/12496/350
f 2248/12495/498 2245/12497/498 2247/12496/498
f 2331/12483/350 2352/12485/350 2354/3964/350
f 2335/12486/350 2348/12489/350 2350/12487/350
f 2323/12478/350 2360/12480/350 2223/12475/350
f 2358/12482/350 2360/12480/350 2325/12479/350
f 2344/12494/498 2346/12492/498 2341/12491/498
f 2356/3965/350 2358/12482/350 2329/3966/350
f 2333/12484/350 2350/12487/350 2352/12485/350
f 2243/12498/742 2245/12499/742 2248/12500/742
f 2248/12500/708 2251/12501/708 2243/12498/708
f 2251/12501/708 2253/12502/708 2241/12503/708
f 2253/12502/734 2255/12504/734 2239/12505/734
f 2255/12504/743 2257/12506/743 2239/12505/743
f 2257/12506/705 2259/12507/705 2237/12508/705
f 2259/12507/705 2261/3968/705 2235/3967/705
f 2237/12508/350 2259/12507/350 2235/3967/350
f 2261/3968/350 2263/12509/350 2233/3969/350
f 2263/12509/350 2265/12510/350 2231/12511/350
f 2233/3969/405 2263/12509/405 2231/12511/405
f 2265/12510/350 2267/12512/350 2227/12513/350
f 2267/12512/350 2269/12514/350 2225/12515/350
f 2269/12514/350 2271/12516/350 2225/12515/350
f 2271/12516/350 2222/12517/350 2224/12518/350
f 2225/12515/350 2271/12516/350 2224/12518/350
f 2222/12517/350 2221/12519/350 2224/12518/350
f 2267/12512/350 2225/12515/350 2227/12513/350
f 2251/12501/350 2241/12503/350 2243/12498/350
f 2239/12505/744 2241/12503/744 2253/12502/744
f 2237/12508/350 2239/12505/350 2257/12506/350
f 2265/12510/350 2227/12513/350 2229/12520/350
f 2265/12510/350 2229/12520/350 2231/12511/350
f 2225/3970/351 2224/12521/351 2220/3971/351
f 2228/3973/446 2227/12522/446 2225/3974/446
f 2229/3976/447 2227/12523/447 2228/3977/447
f 2231/3979/534 2229/12524/534 2230/3980/534
f 2234/3982/355 2233/12525/355 2231/3983/355
f 2235/3985/356 2233/12526/356 2234/3986/356
f 2238/3988/436 2237/12527/436 2235/3989/436
f 2240/3991/358 2239/12528/358 2237/3992/358
f 2241/3994/444 2239/12529/444 2240/3995/444
f 2243/3997/365 2241/12530/365 2242/3998/365
f 2246/4000/441 2245/12531/441 2243/4001/441
f 2247/4003/364 2245/12532/364 2246/4004/364
f 2252/4006/441 2251/12533/441 2248/4007/441
f 2342/4009/364 2249/12534/364 2248/4010/364
f 2252/4012/360 2254/12535/360 2253/4013/360
f 2256/4015/359 2255/12536/359 2253/4016/359
f 2258/4018/358 2257/12537/358 2255/4019/358
f 2258/4021/366 2260/12538/366 2259/4022/366
f 2260/4024/367 2262/12539/367 2261/4025/367
f 2264/4027/368 2263/12540/368 2261/4028/368
f 2266/4030/369 2265/12541/369 2263/4031/369
f 2266/4033/447 2268/12542/447 2267/4034/447
f 2270/4036/446 2269/12543/446 2267/4037/446
f 2272/4039/351 2271/12544/351 2269/4040/351
f 2272/4042/593 2273/12545/593 2222/4043/593
f 2277/12546/745 2275/12547/745 2273/12548/745
f 2273/12548/420 2272/12549/420 2277/12546/420
f 2272/12549/374 2270/12550/374 2320/12551/374
f 2270/12550/711 2268/12552/711 2318/12553/711
f 2268/12552/420 2266/12554/420 2316/12555/420
f 2266/12554/420 2264/12556/420 2316/12555/420
f 2264/12556/420 2262/12557/420 2314/12558/420
f 2316/12555/327 2264/12556/327 2314/12558/327
f 2262/12557/327 2260/12559/327 2312/12560/327
f 2260/12559/420 2258/4045/420 2310/4047/420
f 2312/12560/327 2260/12559/327 2310/4047/327
f 2258/4045/374 2256/12561/374 2306/12562/374
f 2256/12561/530 2254/12563/530 2304/12564/530
f 2254/12563/420 2252/12565/420 2304/12564/420
f 2252/12565/374 2249/12566/374 2302/12567/374
f 2304/12564/420 2252/12565/420 2302/12567/420
f 2249/12566/717 2300/12568/717 2302/12567/717
f 2256/12561/715 2304/12564/715 2306/12562/715
f 2272/12549/420 2320/12551/420 2277/12546/420
f 2268/12552/712 2316/12555/712 2318/12553/712
f 2318/12553/420 2320/12551/420 2270/12550/420
f 2314/12558/420 2262/12557/420 2312/12560/420
f 2258/4045/420 2306/12562/420 2308/4046/420
f 2222/4048/483 2273/12569/483 2274/4049/483
f 2273/12570/746 2275/12571/746 2278/12572/746
f 2273/12570/420 2278/12572/420 2274/12573/420
f 2278/12572/420 2280/12574/420 2274/12573/420
f 2324/12575/530 2274/12573/530 2280/12574/530
f 2328/12576/586 2326/12577/586 2284/12578/586
f 2326/12577/560 2324/12575/560 2282/12579/560
f 2284/12578/715 2326/12577/715 2282/12579/715
f 2332/4052/420 2330/12580/420 2288/4053/420
f 2330/12580/713 2328/12576/713 2286/12581/713
f 2288/4053/420 2330/12580/420 2286/12581/420
f 2336/12582/420 2334/12583/420 2292/12584/420
f 2334/12583/327 2332/4052/327 2290/4051/327
f 2292/12584/747 2334/12583/747 2290/4051/747
f 2340/12585/736 2338/12586/736 2294/12587/736
f 2338/12586/711 2336/12582/711 2292/12584/711
f 2249/12588/530 2342/12589/530 2298/12590/530
f 2342/12589/420 2340/12585/420 2296/12591/420
f 2298/12590/717 2300/12592/717 2249/12588/717
f 2296/12591/420 2298/12590/420 2342/12589/420
f 2338/12586/420 2292/12584/420 2294/12587/420
f 2280/12574/420 2282/12579/420 2324/12575/420
f 2294/12587/716 2296/12591/716 2340/12585/716
f 2328/12576/482 2284/12578/482 2286/12581/482
f 2276/4054/601 2279/12593/601 2278/4055/601
f 2277/4057/373 2322/12594/373 2276/4058/373
f 2278/4060/402 2279/12595/402 2281/4061/402
f 2281/4063/432 2283/12596/432 2282/4064/432
f 2283/4066/391 2285/12597/391 2284/4067/391
f 2284/4069/379 2285/12598/379 2287/4070/379
f 2286/4072/429 2287/12599/429 2289/4073/429
f 2289/4075/428 2291/12600/428 2290/4076/428
f 2291/4078/722 2293/12601/722 2292/4079/722
f 2292/4081/538 2293/12602/538 2295/4082/538
f 2295/4084/748 2297/12603/748 2296/4085/748
f 2296/4087/502 2297/12604/502 2299/4088/502
f 2299/4090/386 2301/12605/386 2300/4091/386
f 2300/4093/387 2301/12606/387 2303/4094/387
f 2303/4096/365 2305/12607/365 2304/4097/365
f 2305/4099/444 2307/12608/444 2306/4100/444
f 2307/4102/445 2309/12609/445 2308/4103/445
f 2308/4105/724 2309/12610/724 2311/4106/724
f 2310/4108/749 2311/12611/749 2313/4109/749
f 2313/4111/726 2315/12612/726 2314/4112/726
f 2315/4114/354 2317/12613/354 2316/4115/354
f 2316/4117/447 2317/12614/447 2319/4118/447
f 2318/4120/352 2319/12615/352 2321/4121/352
f 2321/4123/372 2322/12616/372 2277/4124/372
f 2274/4126/402 2324/12617/402 2325/4127/402
f 2326/4129/390 2327/12618/390 2325/4130/390
f 2328/4132/401 2329/12619/401 2327/4133/401
f 2330/4135/392 2331/12620/392 2329/4136/392
f 2330/4138/393 2332/12621/393 2333/4139/393
f 2334/4141/394 2335/12622/394 2333/4142/394
f 2336/4144/395 2337/12623/395 2335/4145/395
f 2336/4147/383 2338/12624/383 2339/4148/383
f 2340/4150/396 2341/12625/396 2339/4151/396
f 2342/4153/502 2250/12626/502 2341/4154/502
f 2345/4156/385 2344/12627/385 2247/4157/385
f 2346/4159/396 2344/12628/396 2345/4160/396
f 2348/4162/383 2346/12629/383 2347/4163/383
f 2350/4165/382 2348/12630/382 2349/4166/382
f 2353/4168/727 2352/12631/727 2350/4169/727
f 2354/4171/380 2352/12632/380 2353/4172/380
f 2357/4174/728 2356/12633/728 2354/4175/728
f 2359/4177/391 2358/12634/391 2356/4178/391
f 2360/4180/390 2358/12635/390 2359/4181/390
f 2219/4183/402 2223/12636/402 2360/4184/402
f 2363/4186/403 2362/12637/403 2364/4187/403
f 2365/4189/404 2362/12638/404 2363/4190/404
f 2366/4192/326 2368/12639/326 2364/4193/326
f 2365/4195/325 2367/12640/325 2366/4196/325
f 2366/12641/350 2367/12642/350 2379/12643/350
f 2367/12642/350 2385/12644/350 2381/12645/350
f 2385/12644/350 2383/12646/350 2381/12645/350
f 2381/12645/350 2379/12643/350 2367/12642/350
f 2379/12643/705 2377/12647/705 2366/12641/705
f 2377/12647/405 2375/12648/405 2366/12641/405
f 2375/12648/732 2373/4200/732 2368/4199/732
f 2366/12641/732 2375/12648/732 2368/4199/732
f 2373/4200/729 2371/12649/729 2369/4198/729
f 2368/4201/337 2369/12650/337 2370/4202/337
f 2369/4204/523 2371/12651/523 2372/4205/523
f 2371/4207/335 2373/12652/335 2374/4208/335
f 2373/4210/750 2375/12653/750 2376/4211/750
f 2375/4213/333 2377/12654/333 2378/4214/333
f 2378/4216/332 2377/12655/332 2379/4217/332
f 2380/4219/407 2379/12656/407 2381/4220/407
f 2382/4222/330 2381/12657/330 2383/4223/330
f 2384/4225/329 2383/12658/329 2385/4226/329
f 2386/4228/328 2385/12659/328 2367/4229/328
f 2384/4231/492 2386/12660/492 2387/4232/492
f 2386/4234/493 2365/12661/493 2388/4235/493
f 2387/4239/2 2388/12662/2 2391/12663/2
f 2388/12662/2 2363/12664/2 2392/12665/2
f 2363/12664/2 2397/12666/2 2392/12665/2
f 2397/12666/2 2396/12667/2 2393/12668/2
f 2392/12665/2 2397/12666/2 2393/12668/2
f 2396/12667/2 2395/12669/2 2394/12670/2
f 2394/12670/2 2393/12668/2 2396/12667/2
f 2392/12665/2 2391/12663/2 2388/12662/2
f 2391/12663/2 2390/4237/2 2387/4239/2
f 2382/4240/411 2384/12671/411 2389/4241/411
f 2380/4243/347 2382/12672/347 2390/4244/347
f 2378/4246/323 2380/12673/323 2391/4247/323
f 2393/4249/494 2376/12674/494 2378/4250/494
f 2394/4252/541 2374/12675/541 2376/4253/541
f 2395/4255/338 2372/12676/338 2374/4256/338
f 2396/4258/340 2370/12677/340 2372/4259/340
f 2397/4261/341 2364/12678/341 2370/4262/341
f 2398/4264/416 2400/12679/416 2409/4265/416
f 2401/4269/8 2398/12680/8 2407/4267/8
f 2398/12680/8 2399/12681/8 2407/4267/8
f 2399/12681/8 2408/12682/8 2407/4267/8
f 2403/4270/417 2400/12683/417 2398/4271/417
f 2404/4273/7 2403/12684/7 2401/4274/7
f 2406/4278/2 2409/12685/2 2404/4276/2
f 2409/12685/2 2400/12686/2 2404/4276/2
f 2400/12686/2 2403/12687/2 2404/4276/2
f 2405/4279/418 2404/12688/418 2402/4280/418
f 2406/4282/419 2405/12689/419 2407/4283/419
f 2409/4285/11 2406/12690/11 2408/4286/11
f 2411/4288/494 2410/12691/494 2412/4289/494
f 2413/4291/495 2410/12692/495 2411/4292/495
f 2414/4294/333 2416/12693/333 2412/4295/333
f 2413/4297/332 2415/12694/332 2414/4298/332
f 2414/12695/586 2415/12696/586 2427/12697/586
f 2415/12696/717 2433/12698/717 2429/12699/717
f 2433/12698/588 2431/12700/588 2429/12699/588
f 2429/12699/713 2427/12697/713 2415/12696/713
f 2427/12697/586 2425/12701/586 2414/12695/586
f 2425/12701/713 2423/12702/713 2414/12695/713
f 2423/12702/420 2421/4302/420 2416/4301/420
f 2414/12695/713 2423/12702/713 2416/4301/713
f 2421/4302/420 2419/12703/420 2417/4300/420
f 2416/4303/406 2417/12704/406 2418/4304/406
f 2417/4306/335 2419/12705/335 2420/4307/335
f 2419/4309/336 2421/12706/336 2422/4310/336
f 2421/4312/337 2423/12707/337 2424/4313/337
f 2423/4315/326 2425/12708/326 2426/4316/326
f 2426/4318/325 2425/12709/325 2427/4319/325
f 2428/4321/328 2427/12710/328 2429/4322/328
f 2430/4324/329 2429/12711/329 2431/4325/329
f 2432/4327/330 2431/12712/330 2433/4328/330
f 2434/4330/407 2433/12713/407 2415/4331/407
f 2432/4333/411 2434/12714/411 2435/4334/411
f 2434/4336/423 2413/12715/423 2436/4337/423
f 2435/4341/8 2436/12716/8 2439/12717/8
f 2436/12716/8 2411/12718/8 2440/12719/8
f 2411/12718/8 2445/12720/8 2440/12719/8
f 2445/12720/8 2444/12721/8 2441/12722/8
f 2440/12719/8 2445/12720/8 2441/12722/8
f 2444/12721/8 2443/12723/8 2442/12724/8
f 2442/12724/8 2441/12722/8 2444/12721/8
f 2440/12719/8 2439/12717/8 2436/12716/8
f 2439/12717/8 2438/4339/8 2435/4341/8
f 2430/4342/345 2432/12725/345 2437/4343/345
f 2428/4345/493 2430/12726/493 2438/4346/493
f 2426/4348/343 2428/12727/343 2439/4349/343
f 2441/4351/342 2424/12728/342 2426/4352/342
f 2442/4354/424 2422/12729/424 2424/4355/424
f 2443/4357/425 2420/12730/425 2422/4358/425
f 2444/4360/415 2418/12731/415 2420/4361/415
f 2445/4363/541 2412/12732/541 2418/4364/541
f 2446/4366/442 2449/12733/442 2451/4367/442
f 2452/4369/443 2449/12734/443 2446/4370/443
f 2451/12735/350 2449/12736/350 2450/12737/350
f 2450/12737/350 2571/12738/350 2451/12735/350
f 2571/12738/350 2572/12739/350 2494/12740/350
f 2572/12739/350 2573/12741/350 2492/12742/350
f 2573/12741/498 2575/12743/498 2490/12744/498
f 2575/12743/405 2577/12745/405 2490/12744/405
f 2577/12745/350 2579/12746/350 2488/12747/350
f 2490/12744/350 2577/12745/350 2488/12747/350
f 2579/12746/350 2581/12748/350 2486/12749/350
f 2581/12748/545 2583/4372/545 2484/4374/545
f 2486/12749/350 2581/12748/350 2484/4374/350
f 2583/4372/704 2585/12750/704 2480/12751/704
f 2585/12750/600 2587/12752/600 2478/12753/600
f 2587/12752/732 2497/12754/732 2478/12753/732
f 2497/12754/708 2475/12755/708 2476/12756/708
f 2478/12753/350 2497/12754/350 2476/12756/350
f 2475/12755/751 2473/12757/751 2476/12756/751
f 2585/12750/350 2478/12753/350 2480/12751/350
f 2571/12738/350 2494/12740/350 2451/12735/350
f 2573/12741/350 2490/12744/350 2492/12742/350
f 2492/12742/350 2494/12740/350 2572/12739/350
f 2488/12747/350 2579/12746/350 2486/12749/350
f 2583/4372/350 2480/12751/350 2482/4373/350
f 2471/12758/752 2473/12759/752 2475/12760/752
f 2475/12760/498 2498/12761/498 2471/12758/498
f 2498/12761/732 2500/12762/732 2469/12763/732
f 2500/12762/733 2502/12764/733 2467/12765/733
f 2502/12764/559 2504/12766/559 2465/12767/559
f 2504/12766/350 2506/12768/350 2465/12767/350
f 2506/12768/350 2508/12769/350 2463/12770/350
f 2465/12767/732 2506/12768/732 2463/12770/732
f 2508/12769/350 2510/12771/350 2461/12772/350
f 2510/12771/350 2512/4375/350 2459/4377/350
f 2461/12772/350 2510/12771/350 2459/4377/350
f 2512/4375/350 2514/12773/350 2455/12774/350
f 2514/12773/350 2516/12775/350 2453/12776/350
f 2516/12775/350 2518/12777/350 2453/12776/350
f 2518/12777/350 2450/12778/350 2452/12779/350
f 2453/12776/350 2518/12777/350 2452/12779/350
f 2450/12778/350 2449/12780/350 2452/12779/350
f 2514/12773/350 2453/12776/350 2455/12774/350
f 2498/12761/350 2469/12763/350 2471/12758/350
f 2502/12764/350 2465/12767/350 2467/12765/350
f 2467/12765/350 2469/12763/350 2500/12762/350
f 2463/12770/405 2508/12769/405 2461/12772/405
f 2512/4375/350 2455/12774/350 2457/4376/350
f 2454/4378/385 2453/12781/385 2452/4379/385
f 2455/4381/396 2453/12782/396 2454/4382/396
f 2458/4384/383 2457/12783/383 2455/4385/383
f 2459/4387/395 2457/12784/395 2458/4388/395
f 2461/4390/428 2459/12785/428 2460/4391/428
f 2464/4393/429 2463/12786/429 2461/4394/429
f 2466/4396/392 2465/12787/392 2463/4397/392
f 2467/4399/391 2465/12788/391 2466/4400/391
f 2470/4402/390 2469/12789/390 2467/4403/390
f 2472/4405/402 2471/12790/402 2469/4406/402
f 2473/4408/438 2471/12791/438 2472/4409/438
f 2476/4411/481 2473/12792/481 2474/4412/481
f 2478/4414/351 2476/12793/351 2477/4415/351
f 2480/4417/446 2478/12794/446 2479/4418/446
f 2483/4420/370 2482/12795/370 2480/4421/370
f 2484/4423/369 2482/12796/369 2483/4424/369
f 2486/4426/355 2484/12797/355 2485/4427/355
f 2489/4429/356 2488/12798/356 2486/4430/356
f 2490/4432/366 2488/12799/366 2489/4433/366
f 2492/4435/445 2490/12800/445 2491/4436/445
f 2495/4438/444 2494/12801/444 2492/4439/444
f 2451/4441/365 2494/12802/365 2495/4442/365
f 2496/4444/348 2499/12803/348 2498/4445/348
f 2589/4447/349 2496/12804/349 2475/4448/349
f 2501/4450/376 2500/12805/376 2498/4451/376
f 2503/4453/390 2502/12806/390 2500/4454/390
f 2503/4456/391 2505/12807/391 2504/4457/391
f 2507/4459/392 2506/12808/392 2504/4460/392
f 2509/4462/429 2508/12809/429 2506/4463/429
f 2511/4465/428 2510/12810/428 2508/4466/428
f 2513/4468/486 2512/12811/486 2510/4469/486
f 2515/4471/383 2514/12812/383 2512/4472/383
f 2517/4474/501 2516/12813/501 2514/4475/501
f 2519/4477/502 2518/12814/502 2516/4478/502
f 2519/4480/497 2520/12815/497 2450/4481/497
f 2524/12816/745 2522/12817/745 2520/12818/745
f 2520/12818/420 2519/12819/420 2524/12816/420
f 2519/12819/420 2517/12820/420 2567/12821/420
f 2517/12820/420 2515/12822/420 2565/12823/420
f 2515/12822/736 2513/4485/736 2565/12823/736
f 2513/4485/420 2511/12824/420 2561/4483/420
f 2511/12824/713 2509/12825/713 2559/12826/713
f 2509/12825/420 2507/12827/420 2557/12828/420
f 2507/12827/420 2505/12829/420 2555/12830/420
f 2505/12829/374 2503/12831/374 2555/12830/374
f 2503/12831/420 2501/12832/420 2553/12833/420
f 2555/12830/753 2503/12831/753 2553/12833/753
f 2501/12832/420 2499/12834/420 2551/12835/420
f 2499/12834/374 2496/12836/374 2549/12837/374
f 2551/12835/420 2499/12834/420 2549/12837/420
f 2496/12836/420 2547/12838/420 2549/12837/420
f 2511/12824/374 2559/12826/374 2561/4483/374
f 2507/12827/420 2555/12830/420 2557/12828/420
f 2519/12819/420 2567/12821/420 2524/12816/420
f 2565/12823/530 2567/12821/530 2517/12820/530
f 2551/12835/374 2553/12833/374 2501/12832/374
f 2563/4484/736 2565/12823/736 2513/4485/736
f 2509/12825/420 2557/12828/420 2559/12826/420
f 2450/4486/361 2520/12839/361 2521/4487/361
f 2520/12840/754 2522/12841/754 2525/12842/754
f 2520/12840/420 2525/12842/420 2521/12843/420
f 2525/12842/420 2527/12844/420 2521/12843/420
f 2570/12845/420 2521/12843/420 2527/12844/420
f 2576/12846/420 2574/12847/420 2531/12848/420
f 2574/12847/420 2570/12845/420 2529/12849/420
f 2531/12848/530 2574/12847/530 2529/12849/530
f 2580/4490/420 2578/12850/420 2535/4491/420
f 2578/12850/420 2576/12846/420 2533/12851/420
f 2535/4491/420 2578/12850/420 2533/12851/420
f 2584/12852/420 2582/12853/420 2539/12854/420
f 2582/12853/717 2580/4490/717 2537/4489/717
f 2539/12854/586 2582/12853/586 2537/4489/586
f 2588/12855/420 2586/12856/420 2541/12857/420
f 2586/12856/420 2584/12852/420 2539/12854/420
f 2496/12858/530 2589/12859/530 2545/12860/530
f 2589/12859/586 2588/12855/586 2543/12861/586
f 2545/12860/420 2547/12862/420 2496/12858/420
f 2543/12861/420 2545/12860/420 2589/12859/420
f 2586/12856/374 2539/12854/374 2541/12857/374
f 2527/12844/374 2529/12849/374 2570/12845/374
f 2541/12857/530 2543/12861/530 2588/12855/530
f 2576/12846/420 2531/12848/420 2533/12851/420
f 2522/4492/528 2523/12863/528 2526/4493/528
f 2569/4495/497 2523/12864/497 2522/4496/497
f 2526/4498/365 2528/12865/365 2527/4499/365
f 2528/4501/503 2530/12866/503 2529/4502/503
f 2529/4504/504 2530/12867/504 2532/4505/504
f 2532/4507/366 2534/12868/366 2533/4508/366
f 2534/4510/356 2536/12869/356 2535/4511/356
f 2535/4513/355 2536/12870/355 2538/4514/355
f 2537/4516/369 2538/12871/369 2540/4517/369
f 2540/4519/505 2542/12872/505 2541/4520/505
f 2542/4522/564 2544/12873/564 2543/4523/564
f 2543/4525/351 2544/12874/351 2546/4526/351
f 2546/4528/439 2548/12875/439 2547/4529/439
f 2547/4531/601 2548/12876/601 2550/4532/601
f 2550/4534/402 2552/12877/402 2551/4535/402
f 2551/4537/377 2552/12878/377 2554/4538/377
f 2553/4540/391 2554/12879/391 2556/4541/391
f 2556/4543/392 2558/12880/392 2557/4544/392
f 2558/4546/429 2560/12881/429 2559/4547/429
f 2559/4549/428 2560/12882/428 2562/4550/428
f 2561/4552/395 2562/12883/395 2564/4553/395
f 2564/4555/383 2566/12884/383 2565/4556/383
f 2565/4558/501 2566/12885/501 2568/4559/501
f 2567/4561/385 2568/12886/385 2569/4562/385
f 2521/4564/365 2570/12887/365 2572/4565/365
f 2570/4567/444 2574/12888/444 2573/4568/444
f 2574/4570/445 2576/12889/445 2575/4571/445
f 2578/4573/366 2577/12890/366 2575/4574/366
f 2578/4576/356 2580/12891/356 2579/4577/356
f 2580/4579/355 2582/12892/355 2581/4580/355
f 2582/4582/369 2584/12893/369 2583/4583/369
f 2584/4585/370 2586/12894/370 2585/4586/370
f 2586/4588/446 2588/12895/446 2587/4589/446
f 2588/4591/351 2589/12896/351 2497/4592/351
f 2591/4594/343 2590/12897/343 2592/4595/343
f 2593/4597/508 2590/12898/508 2591/4598/508
f 2594/4600/332 2596/12899/332 2592/4601/332
f 2593/4603/333 2595/12900/333 2594/4604/333
f 2594/12901/732 2595/12902/732 2607/12903/732
f 2595/12902/545 2613/12904/545 2609/12905/545
f 2613/12904/732 2611/12906/732 2609/12905/732
f 2609/12905/545 2607/12903/545 2595/12902/545
f 2607/12903/732 2605/12907/732 2594/12901/732
f 2605/12907/705 2603/12908/705 2594/12901/705
f 2603/12908/350 2601/4608/350 2596/4607/350
f 2594/12901/545 2603/12908/545 2596/4607/545
f 2601/4608/732 2599/12909/732 2597/4606/732
f 2596/4609/407 2597/12910/407 2598/4610/407
f 2597/4612/739 2599/12911/739 2600/4613/739
f 2599/4615/755 2601/12912/755 2602/4616/755
f 2601/4618/328 2603/12913/328 2604/4619/328
f 2603/4621/325 2605/12914/325 2606/4622/325
f 2606/4624/326 2605/12915/326 2607/4625/326
f 2608/4627/337 2607/12916/337 2609/4628/337
f 2610/4630/523 2609/12917/523 2611/4631/523
f 2612/4633/475 2611/12918/475 2613/4634/475
f 2614/4636/334 2613/12919/334 2595/4637/334
f 2612/4639/340 2614/12920/340 2615/4640/340
f 2614/4642/341 2593/12921/341 2616/4643/341
f 2615/4647/8 2616/12922/8 2619/12923/8
f 2616/12922/8 2591/12924/8 2620/12925/8
f 2591/12924/8 2625/12926/8 2620/12925/8
f 2625/12926/8 2624/12927/8 2621/12928/8
f 2620/12925/8 2625/12926/8 2621/12928/8
f 2624/12927/8 2623/12929/8 2622/12930/8
f 2622/12930/8 2621/12928/8 2624/12927/8
f 2620/12925/8 2619/12923/8 2616/12922/8
f 2619/12923/8 2618/4645/8 2615/4647/8
f 2610/4648/415 2612/12931/415 2617/4649/415
f 2608/4651/756 2610/12932/756 2618/4652/756
f 2606/4654/324 2608/12933/324 2619/4655/324
f 2621/4657/412 2604/12934/412 2606/4658/412
f 2622/4660/347 2602/12935/347 2604/4661/347
f 2623/4663/411 2600/12936/411 2602/4664/411
f 2624/4666/509 2598/12937/509 2600/4667/509
f 2625/4669/344 2592/12938/344 2598/4670/344
f 2627/4672/39 2631/12939/39 2629/4673/39
f 2721/4675/16 2627/12940/16 2626/4676/16
f 2636/12941/8 2638/12942/8 2640/12943/8
f 2636/12941/8 2640/12943/8 2642/12944/8
f 2629/12945/8 2630/12946/8 2634/12947/8
f 2634/12947/8 2636/12941/8 2644/12948/8
f 2636/12941/8 2642/12944/8 2644/12948/8
f 2644/12948/8 2646/12949/8 2648/12950/8
f 2626/12951/8 2629/12945/8 2634/12947/8
f 2718/12952/8 2720/12953/8 2716/12954/8
f 2720/12953/8 2628/12955/8 2716/12954/8
f 2628/12955/8 2626/12951/8 2644/12948/8
f 2626/12951/8 2634/12947/8 2644/12948/8
f 2644/12948/8 2648/12950/8 2650/12956/8
f 2710/12957/8 2712/12958/8 2714/12959/8
f 2714/12959/8 2716/12954/8 2628/12955/8
f 2628/12955/8 2644/12948/8 2650/12956/8
f 2652/12960/8 2654/12961/8 2656/12962/8
f 2628/12955/8 2650/12956/8 2714/12959/8
f 2650/12956/8 2652/12960/8 2714/12959/8
f 2708/12963/8 2710/12957/8 2714/12959/8
f 2652/12960/8 2656/12962/8 2658/12964/8
f 2660/12965/8 2662/12966/8 2666/12967/8
f 2662/12966/8 2664/12968/8 2666/12967/8
f 2652/12960/8 2658/12964/8 2706/12969/8
f 2658/12964/8 2660/12965/8 2706/12969/8
f 2708/12963/8 2714/12959/8 2706/12969/8
f 2714/12959/8 2652/12960/8 2706/12969/8
f 2702/12970/8 2704/12971/8 2706/12969/8
f 2700/12972/8 2702/12970/8 2706/12969/8
f 2694/12973/8 2696/12974/8 2698/12975/8
f 2698/12975/8 2700/12972/8 2668/12976/8
f 2700/12972/8 2706/12969/8 2668/12976/8
f 2706/12969/8 2660/12965/8 2668/12976/8
f 2660/12965/8 2666/12967/8 2668/12976/8
f 2668/12976/8 2670/12977/8 2674/12978/8
f 2670/12977/8 2672/12979/8 2674/12978/8
f 2692/12980/8 2694/12973/8 2698/12975/8
f 2676/4678/8 2678/12981/8 2682/4679/8
f 2678/12981/8 2680/12982/8 2682/4679/8
f 2668/12976/8 2674/12978/8 2676/4678/8
f 2692/12980/8 2698/12975/8 2690/12983/8
f 2698/12975/8 2668/12976/8 2690/12983/8
f 2686/12984/8 2688/12985/8 2690/12983/8
f 2690/12983/8 2668/12976/8 2684/4680/8
f 2668/12976/8 2676/4678/8 2684/4680/8
f 2684/4680/8 2686/12984/8 2690/12983/8
f 2631/4681/287 2632/12986/287 2630/4682/287
f 2657/12987/2 2655/12988/2 2651/12989/2
f 2655/12988/2 2653/12990/2 2651/12989/2
f 2663/12991/2 2661/12992/2 2665/12993/2
f 2661/12992/2 2659/12994/2 2665/12993/2
f 2659/12994/2 2657/12987/2 2649/12995/2
f 2657/12987/2 2651/12989/2 2649/12995/2
f 2649/12995/2 2647/12996/2 2643/12997/2
f 2647/12996/2 2645/12998/2 2643/12997/2
f 2671/12999/2 2669/13000/2 2673/13001/2
f 2669/13000/2 2667/13002/2 2673/13001/2
f 2667/13002/2 2665/12993/2 2659/12994/2
f 2667/13002/2 2659/12994/2 2649/12995/2
f 2679/13003/2 2677/13004/2 2681/13005/2
f 2677/13004/2 2675/13006/2 2681/13005/2
f 2675/13006/2 2673/13001/2 2641/13007/2
f 2673/13001/2 2667/13002/2 2641/13007/2
f 2667/13002/2 2649/12995/2 2643/12997/2
f 2641/13007/2 2639/13008/2 2635/13009/2
f 2639/13008/2 2637/13010/2 2635/13009/2
f 2667/13002/2 2643/12997/2 2641/13007/2
f 2633/13011/2 2632/13012/2 2631/13013/2
f 2641/13007/2 2635/13009/2 2683/13014/2
f 2635/13009/2 2633/13011/2 2683/13014/2
f 2681/13005/2 2675/13006/2 2683/13014/2
f 2675/13006/2 2641/13007/2 2683/13014/2
f 2687/13015/2 2685/13016/2 2689/13017/2
f 2685/13016/2 2683/13014/2 2689/13017/2
f 2633/13011/2 2631/13013/2 2627/13018/2
f 2695/13019/2 2693/13020/2 2691/13021/2
f 2691/13021/2 2689/13017/2 2683/13014/2
f 2683/13014/2 2633/13011/2 2627/13018/2
f 2721/13022/2 2719/13023/2 2715/13024/2
f 2719/13023/2 2717/13025/2 2715/13024/2
f 2683/13014/2 2627/13018/2 2721/13022/2
f 2697/13026/2 2695/13019/2 2691/13021/2
f 2691/13021/2 2683/13014/2 2697/13026/2
f 2683/13014/2 2721/13022/2 2697/13026/2
f 2713/4684/2 2711/13027/2 2709/13028/2
f 2721/13022/2 2715/13024/2 2699/4686/2
f 2715/13024/2 2713/4684/2 2699/4686/2
f 2703/13029/2 2701/13030/2 2705/4685/2
f 2701/13030/2 2699/4686/2 2705/4685/2
f 2699/4686/2 2697/13026/2 2721/13022/2
f 2713/4684/2 2709/13028/2 2707/13031/2
f 2713/4684/2 2707/13031/2 2705/4685/2
f 2634/4687/296 2630/13032/296 2632/4688/296
f 2633/4690/19 2635/13033/19 2636/4691/19
f 2635/4693/20 2637/13034/20 2638/4694/20
f 2637/4696/21 2639/13035/21 2640/4697/21
f 2642/4699/322 2640/13036/322 2639/4700/322
f 2641/4702/286 2643/13037/286 2644/4703/286
f 2643/4705/24 2645/13038/24 2646/4706/24
f 2645/4708/25 2647/13039/25 2648/4709/25
f 2649/4711/26 2650/13040/26 2648/4712/26
f 2649/4714/295 2651/13041/295 2652/4715/295
f 2651/4717/17 2653/13042/17 2654/4718/17
f 2653/4720/18 2655/13043/18 2656/4721/18
f 2657/4723/29 2658/13044/29 2656/4724/29
f 2657/4726/282 2659/13045/282 2660/4727/282
f 2659/4729/276 2661/13046/276 2662/4730/276
f 2661/4732/277 2663/13047/277 2664/4733/277
f 2666/4735/290 2664/13048/290 2663/4736/290
f 2665/4738/34 2667/13049/34 2668/4739/34
f 2667/4741/35 2669/13050/35 2670/4742/35
f 2669/4744/26 2671/13051/26 2672/4745/26
f 2674/4747/319 2672/13052/319 2671/4748/319
f 2674/4750/294 2673/13053/294 2675/4751/294
f 2675/4753/28 2677/13054/28 2678/4754/28
f 2677/4756/38 2679/13055/38 2680/4757/38
f 2682/4759/303 2680/13056/303 2679/4760/303
f 2681/4762/40 2683/13057/40 2684/4763/40
f 2684/4765/22 2683/13058/22 2685/4766/22
f 2685/4768/290 2687/13059/290 2688/4769/290
f 2690/4771/48 2688/13060/48 2687/4772/48
f 2689/4774/291 2691/13061/291 2692/4775/291
f 2691/4777/26 2693/13062/26 2694/4778/26
f 2693/4780/36 2695/13063/36 2696/4781/36
f 2698/4783/24 2696/13064/24 2695/4784/24
f 2697/4786/304 2699/13065/304 2700/4787/304
f 2699/4789/29 2701/13066/29 2702/4790/29
f 2701/4792/39 2703/13067/39 2704/4793/39
f 2706/4795/17 2704/13068/17 2703/4796/17
f 2705/4798/46 2707/13069/46 2708/4799/46
f 2707/4801/41 2709/13070/41 2710/4802/41
f 2709/4804/48 2711/13071/48 2712/4805/48
f 2714/4807/21 2712/13072/21 2711/4808/21
f 2713/4810/511 2715/13073/511 2716/4811/511
f 2716/4813/43 2715/13074/43 2717/4814/43
f 2717/4816/44 2719/13075/44 2720/4817/44
f 2628/4819/35 2720/13076/35 2719/4820/35
f 2817/4822/16 2723/13077/16 2722/4823/16
f 2723/4825/39 2727/13078/39 2725/4826/39
f 2732/13079/8 2734/13080/8 2736/13081/8
f 2732/13079/8 2736/13081/8 2738/13082/8
f 2725/13083/8 2726/13084/8 2730/13085/8
f 2730/13085/8 2732/13079/8 2738/13082/8
f 2740/13086/8 2742/13087/8 2744/13088/8
f 2730/13085/8 2738/13082/8 2740/13086/8
f 2722/13089/8 2725/13083/8 2730/13085/8
f 2814/13090/8 2816/13091/8 2812/13092/8
f 2816/13091/8 2724/13093/8 2812/13092/8
f 2724/13093/8 2722/13089/8 2740/13086/8
f 2722/13089/8 2730/13085/8 2740/13086/8
f 2740/13086/8 2744/13088/8 2746/13094/8
f 2806/13095/8 2808/13096/8 2810/13097/8
f 2810/13097/8 2812/13092/8 2724/13093/8
f 2724/13093/8 2740/13086/8 2746/13094/8
f 2748/13098/8 2750/13099/8 2752/13100/8
f 2724/13093/8 2746/13094/8 2810/13097/8
f 2746/13094/8 2748/13098/8 2810/13097/8
f 2804/13101/8 2806/13095/8 2810/13097/8
f 2748/13098/8 2752/13100/8 2754/13102/8
f 2756/13103/8 2758/13104/8 2760/13105/8
f 2748/13098/8 2754/13102/8 2802/13106/8
f 2754/13102/8 2756/13103/8 2802/13106/8
f 2804/13101/8 2810/13097/8 2802/13106/8
f 2810/13097/8 2748/13098/8 2802/13106/8
f 2798/13107/8 2800/13108/8 2802/13106/8
f 2756/13103/8 2760/13105/8 2762/13109/8
f 2796/13110/8 2798/13107/8 2802/13106/8
f 2790/13111/8 2792/13112/8 2788/13113/8
f 2792/13112/8 2794/13114/8 2788/13113/8
f 2794/13114/8 2796/13110/8 2764/13115/8
f 2796/13110/8 2802/13106/8 2764/13115/8
f 2802/13106/8 2756/13103/8 2762/13109/8
f 2764/13115/8 2766/13116/8 2770/13117/8
f 2766/13116/8 2768/13118/8 2770/13117/8
f 2802/13106/8 2762/13109/8 2764/13115/8
f 2772/4828/8 2774/13119/8 2778/4829/8
f 2774/13119/8 2776/13120/8 2778/4829/8
f 2764/13115/8 2770/13117/8 2772/4828/8
f 2788/13113/8 2794/13114/8 2786/13121/8
f 2794/13114/8 2764/13115/8 2786/13121/8
f 2782/13122/8 2784/13123/8 2786/13121/8
f 2786/13121/8 2764/13115/8 2780/4830/8
f 2764/13115/8 2772/4828/8 2780/4830/8
f 2780/4830/8 2782/13122/8 2786/13121/8
f 2727/4831/287 2728/13124/287 2726/4832/287
f 2753/13125/2 2751/13126/2 2747/13127/2
f 2751/13126/2 2749/13128/2 2747/13127/2
f 2759/13129/2 2757/13130/2 2755/13131/2
f 2755/13131/2 2753/13125/2 2745/13132/2
f 2753/13125/2 2747/13127/2 2745/13132/2
f 2745/13132/2 2743/13133/2 2739/13134/2
f 2743/13133/2 2741/13135/2 2739/13134/2
f 2761/13136/2 2759/13129/2 2755/13131/2
f 2767/13137/2 2765/13138/2 2769/13139/2
f 2765/13138/2 2763/13140/2 2769/13139/2
f 2763/13140/2 2761/13136/2 2745/13132/2
f 2761/13136/2 2755/13131/2 2745/13132/2
f 2775/13141/2 2773/13142/2 2777/13143/2
f 2773/13142/2 2771/13144/2 2777/13143/2
f 2771/13144/2 2769/13139/2 2737/13145/2
f 2769/13139/2 2763/13140/2 2737/13145/2
f 2763/13140/2 2745/13132/2 2737/13145/2
f 2745/13132/2 2739/13134/2 2737/13145/2
f 2737/13145/2 2735/13146/2 2731/13147/2
f 2735/13146/2 2733/13148/2 2731/13147/2
f 2729/13149/2 2728/13150/2 2727/13151/2
f 2737/13145/2 2731/13147/2 2729/13149/2
f 2777/13143/2 2771/13144/2 2779/13152/2
f 2771/13144/2 2737/13145/2 2779/13152/2
f 2783/13153/2 2781/13154/2 2785/13155/2
f 2781/13154/2 2779/13152/2 2785/13155/2
f 2729/13149/2 2727/13151/2 2723/13156/2
f 2779/13152/2 2737/13145/2 2723/13156/2
f 2737/13145/2 2729/13149/2 2723/13156/2
f 2791/13157/2 2789/13158/2 2787/13159/2
f 2787/13159/2 2785/13155/2 2779/13152/2
f 2817/13160/2 2815/13161/2 2811/13162/2
f 2815/13161/2 2813/13163/2 2811/13162/2
f 2779/13152/2 2723/13156/2 2817/13160/2
f 2793/13164/2 2791/13157/2 2787/13159/2
f 2787/13159/2 2779/13152/2 2793/13164/2
f 2779/13152/2 2817/13160/2 2793/13164/2
f 2809/4834/2 2807/13165/2 2805/13166/2
f 2817/13160/2 2811/13162/2 2795/4836/2
f 2811/13162/2 2809/4834/2 2795/4836/2
f 2799/13167/2 2797/13168/2 2801/4835/2
f 2797/13168/2 2795/4836/2 2801/4835/2
f 2795/4836/2 2793/13164/2 2817/13160/2
f 2809/4834/2 2805/13166/2 2803/13169/2
f 2809/4834/2 2803/13169/2 2801/4835/2
f 2730/4837/28 2726/13170/28 2728/4838/28
f 2729/4840/19 2731/13171/19 2732/4841/19
f 2731/4843/20 2733/13172/20 2734/4844/20
f 2734/4846/21 2733/13173/21 2735/4847/21
f 2738/4849/22 2736/13174/22 2735/4850/22
f 2737/4852/286 2739/13175/286 2740/4853/286
f 2739/4855/24 2741/13176/24 2742/4856/24
f 2741/4858/25 2743/13177/25 2744/4859/25
f 2745/4861/26 2746/13178/26 2744/4862/26
f 2745/4864/27 2747/13179/27 2748/4865/27
f 2747/4867/17 2749/13180/17 2750/4868/17
f 2749/4870/28 2751/13181/28 2752/4871/28
f 2753/4873/29 2754/13182/29 2752/4874/29
f 2753/4876/757 2755/13183/757 2756/4877/757
f 2755/4879/31 2757/13184/31 2758/4880/31
f 2757/4882/277 2759/13185/277 2760/4883/277
f 2762/4885/290 2760/13186/290 2759/4886/290
f 2761/4888/34 2763/13187/34 2764/4889/34
f 2763/4891/35 2765/13188/35 2766/4892/35
f 2765/4894/26 2767/13189/26 2768/4895/26
f 2770/4897/319 2768/13190/319 2767/4898/319
f 2770/4900/294 2769/13191/294 2771/4901/294
f 2771/4903/28 2773/13192/28 2774/4904/28
f 2773/4906/38 2775/13193/38 2776/4907/38
f 2778/4909/303 2776/13194/303 2775/4910/303
f 2777/4912/40 2779/13195/40 2780/4913/40
f 2780/4915/22 2779/13196/22 2781/4916/22
f 2781/4918/299 2783/13197/299 2784/4919/299
f 2786/4921/48 2784/13198/48 2783/4922/48
f 2785/4924/291 2787/13199/291 2788/4925/291
f 2787/4927/26 2789/13200/26 2790/4928/26
f 2789/4930/36 2791/13201/36 2792/4931/36
f 2794/4933/24 2792/13202/24 2791/4934/24
f 2793/4936/304 2795/13203/304 2796/4937/304
f 2795/4939/29 2797/13204/29 2798/4940/29
f 2797/4942/39 2799/13205/39 2800/4943/39
f 2802/4945/17 2800/13206/17 2799/4946/17
f 2802/4948/46 2801/13207/46 2803/4949/46
f 2803/4951/41 2805/13208/41 2806/4952/41
f 2806/4954/293 2805/13209/293 2807/4955/293
f 2810/4957/21 2808/13210/21 2807/4958/21
f 2809/4960/511 2811/13211/511 2812/4961/511
f 2812/4963/36 2811/13212/36 2813/4964/36
f 2813/4966/44 2815/13213/44 2816/4967/44
f 2724/4969/35 2816/13214/35 2815/4970/35
f 2820/4972/300 2865/13215/300 2819/4973/300
f 2823/4975/301 2820/13216/301 2818/4976/301
f 2824/4978/24 2823/13217/24 2821/4979/24
f 2825/4981/318 2824/13218/318 2822/4982/318
f 2828/4984/571 2826/13219/571 2825/4985/571
f 2831/4987/288 2826/13220/288 2828/4988/288
f 2832/4990/303 2831/13221/303 2829/4991/303
f 2833/4993/304 2832/13222/304 2830/4994/304
f 2834/4996/319 2833/13223/319 2835/4997/319
f 2839/4999/291 2834/13224/291 2836/5000/291
f 2840/5002/299 2839/13225/299 2837/5003/299
f 2841/5005/758 2840/13226/758 2838/5006/758
f 2842/5008/38 2841/13227/38 2843/5009/38
f 2847/5011/280 2842/13228/280 2844/5012/280
f 2848/5014/306 2847/13229/306 2845/5015/306
f 2849/5017/307 2848/13230/307 2846/5018/307
f 2850/5020/277 2849/13231/277 2851/5021/277
f 2855/5023/282 2850/13232/282 2852/5024/282
f 2856/5026/296 2855/13233/296 2853/5027/296
f 2857/5029/297 2856/13234/297 2854/5030/297
f 2858/5032/35 2857/13235/35 2859/5033/35
f 2861/5035/696 2863/13236/696 2858/5036/696
f 2864/5038/31 2863/13237/31 2861/5039/31
f 2865/5041/517 2864/13238/517 2862/5042/517
f 2868/5044/465 2913/13239/465 2867/5045/465
f 2871/5047/466 2868/13240/466 2866/5048/466
f 2872/5050/44 2871/13241/44 2869/5051/44
f 2873/5053/759 2872/13242/759 2870/5054/759
f 2874/5056/20 2873/13243/20 2875/5057/20
f 2879/5059/760 2874/13244/760 2876/5060/760
f 2880/5062/303 2879/13245/303 2877/5063/303
f 2881/5065/304 2880/13246/304 2878/5066/304
f 2882/5068/43 2881/13247/43 2883/5069/43
f 2887/5071/278 2882/13248/278 2884/5072/278
f 2888/5074/41 2887/13249/41 2885/5075/41
f 2889/5077/279 2888/13250/279 2886/5078/279
f 2890/5080/320 2889/13251/320 2891/5081/320
f 2895/5083/321 2890/13252/321 2892/5084/321
f 2896/5086/453 2895/13253/453 2893/5087/453
f 2899/5089/34 2897/13254/34 2896/5090/34
f 2898/5092/322 2897/13255/322 2899/5093/322
f 2903/5095/282 2898/13256/282 2900/5096/282
f 2904/5098/296 2903/13257/296 2901/5099/296
f 2905/5101/297 2904/13258/297 2902/5102/297
f 2906/5104/25 2905/13259/25 2907/5105/25
f 2911/5107/473 2906/13260/473 2908/5108/473
f 2912/5110/31 2911/13261/31 2909/5111/31
f 2913/5113/761 2912/13262/761 2910/5114/761
f 2915/5116/323 2914/13263/323 2916/5117/323
f 2917/5119/494 2914/13264/494 2915/5120/494
f 2918/5122/325 2920/13265/325 2916/5123/325
f 2917/5125/326 2919/13266/326 2918/5126/326
f 2918/13267/420 2919/13268/420 2931/13269/420
f 2919/13268/420 2937/13270/420 2933/13271/420
f 2937/13270/703 2935/13272/703 2933/13271/703
f 2933/13271/420 2931/13269/420 2919/13268/420
f 2931/13269/420 2929/13273/420 2918/13267/420
f 2929/13273/586 2927/13274/586 2918/13267/586
f 2927/13274/420 2925/5130/420 2920/5129/420
f 2918/13267/586 2927/13274/586 2920/5129/586
f 2925/5130/703 2923/13275/703 2921/5128/703
f 2920/5131/328 2921/13276/328 2922/5132/328
f 2921/5134/409 2923/13277/409 2924/5135/409
f 2923/5137/330 2925/13278/330 2926/5138/330
f 2925/5140/407 2927/13279/407 2928/5141/407
f 2927/5143/332 2929/13280/332 2930/5144/332
f 2930/5146/333 2929/13281/333 2931/5147/333
f 2932/5149/406 2931/13282/406 2933/5150/406
f 2934/5152/335 2933/13283/335 2935/5153/335
f 2936/5155/523 2935/13284/523 2937/5156/523
f 2938/5158/337 2937/13285/337 2919/5159/337
f 2936/5161/415 2938/13286/415 2939/5162/415
f 2938/5164/541 2917/13287/541 2940/5165/541
f 2939/5169/2 2940/13288/2 2943/13289/2
f 2940/13288/2 2915/13290/2 2944/13291/2
f 2915/13290/2 2949/13292/2 2944/13291/2
f 2949/13292/2 2948/13293/2 2945/13294/2
f 2944/13291/2 2949/13292/2 2945/13294/2
f 2948/13293/2 2947/13295/2 2946/13296/2
f 2946/13296/2 2945/13294/2 2948/13293/2
f 2944/13291/2 2943/13289/2 2940/13288/2
f 2943/13289/2 2942/5167/2 2939/5169/2
f 2934/5170/340 2936/13297/340 2941/5171/340
f 2932/5173/341 2934/13298/341 2942/5174/341
f 2930/5176/342 2932/13299/342 2943/5177/342
f 2945/5179/343 2928/13300/343 2930/5180/343
f 2946/5182/344 2926/13301/344 2928/5183/344
f 2947/5185/345 2924/13302/345 2926/5186/345
f 2948/5188/346 2922/13303/346 2924/5189/346
f 2949/5191/347 2916/13304/347 2922/5192/347
f 2950/5194/433 2953/13305/433 2955/5195/433
f 2956/5197/434 2953/13306/434 2950/5198/434
f 2955/13307/545 2953/13308/545 2954/13309/545
f 2954/13309/498 3055/13310/498 2955/13307/498
f 3055/13310/350 3057/13311/350 3092/13312/350
f 3057/13311/743 3059/13313/743 3090/13314/743
f 3059/13313/734 3061/13315/734 3090/13314/734
f 3061/13315/350 3063/13316/350 3088/13317/350
f 3063/13316/732 3065/5201/732 3086/5200/732
f 3088/13317/762 3063/13316/762 3086/5200/762
f 3065/5201/545 3067/13318/545 3084/5202/545
f 3067/13318/350 3069/13319/350 3082/13320/350
f 3084/5202/498 3067/13318/498 3082/13320/498
f 3069/13319/350 3071/13321/350 3078/13322/350
f 3071/13321/350 3073/13323/350 3076/13324/350
f 3073/13323/350 2982/13325/350 3076/13324/350
f 2982/13325/498 2980/13326/498 2979/13327/498
f 3076/13324/350 2982/13325/350 2979/13327/350
f 2980/13326/763 2977/13328/763 2979/13327/763
f 3071/13321/600 3076/13324/600 3078/13322/600
f 3055/13310/350 3092/13312/350 2955/13307/350
f 3090/13314/764 3092/13312/764 3057/13311/764
f 3088/13317/350 3090/13314/350 3061/13315/350
f 3069/13319/542 3078/13322/542 3080/13329/542
f 3069/13319/350 3080/13329/350 3082/13320/350
f 2975/13330/707 2977/13331/707 2980/13332/707
f 2980/13332/708 2983/13333/708 2975/13330/708
f 2983/13333/350 2985/13334/350 2973/13335/350
f 2985/13334/498 2987/13336/498 2971/13337/498
f 2987/13336/405 2989/13338/405 2971/13337/405
f 2989/13338/350 2991/13339/350 2969/13340/350
f 2991/13339/545 2993/5204/545 2967/5203/545
f 2969/13340/405 2991/13339/405 2967/5203/405
f 2993/5204/350 2995/13341/350 2965/5205/350
f 2995/13341/350 2997/13342/350 2963/13343/350
f 2965/5205/405 2995/13341/405 2963/13343/405
f 2997/13342/542 2999/13344/542 2959/13345/542
f 2999/13344/498 3001/13346/498 2957/13347/498
f 3001/13346/350 3003/13348/350 2957/13347/350
f 3003/13348/708 2954/13349/708 2956/13350/708
f 2957/13347/350 3003/13348/350 2956/13350/350
f 2954/13349/705 2953/13351/705 2956/13350/705
f 2999/13344/542 2957/13347/542 2959/13345/542
f 2983/13333/350 2973/13335/350 2975/13330/350
f 2971/13337/706 2973/13335/706 2985/13334/706
f 2969/13340/762 2971/13337/762 2989/13338/762
f 2997/13342/350 2959/13345/350 2961/13352/350
f 2997/13342/542 2961/13352/542 2963/13343/542
f 2957/5206/351 2956/13353/351 2952/5207/351
f 2960/5209/371 2959/13354/371 2957/5210/371
f 2961/5212/447 2959/13355/447 2960/5213/447
f 2963/5215/354 2961/13356/354 2962/5216/354
f 2966/5218/355 2965/13357/355 2963/5219/355
f 2967/5221/356 2965/13358/356 2966/5222/356
f 2970/5224/357 2969/13359/357 2967/5225/357
f 2972/5227/595 2971/13360/595 2969/5228/595
f 2973/5230/359 2971/13361/359 2972/5231/359
f 2975/5233/365 2973/13362/365 2974/5234/365
f 2978/5236/528 2977/13363/528 2975/5237/528
f 2979/5239/497 2977/13364/497 2978/5240/497
f 2984/5242/441 2983/13365/441 2980/5243/441
f 3074/5245/497 2981/13366/497 2980/5246/497
f 2984/5248/360 2986/13367/360 2985/5249/360
f 2988/5251/359 2987/13368/359 2985/5252/359
f 2990/5254/358 2989/13369/358 2987/5255/358
f 2990/5257/366 2992/13370/366 2991/5258/366
f 2992/5260/367 2994/13371/367 2993/5261/367
f 2996/5263/368 2995/13372/368 2993/5264/368
f 2998/5266/369 2997/13373/369 2995/5267/369
f 2998/5269/447 3000/13374/447 2999/5270/447
f 3002/5272/371 3001/13375/371 2999/5273/371
f 3004/5275/351 3003/13376/351 3001/5276/351
f 3004/5278/349 3005/13377/349 2954/5279/349
f 3009/13378/420 3007/13379/420 3005/13380/420
f 3005/13380/530 3004/13381/530 3009/13378/530
f 3004/13381/736 3002/13382/736 3052/13383/736
f 3002/13382/420 3000/13384/420 3050/13385/420
f 3000/13384/420 2998/13386/420 3048/13387/420
f 2998/13386/420 2996/13388/420 3048/13387/420
f 2996/13388/420 2994/13389/420 3046/13390/420
f 3048/13387/420 2996/13388/420 3046/13390/420
f 2994/13389/327 2992/13391/327 3044/13392/327
f 2992/13391/420 2990/5281/420 3042/5283/420
f 3044/13392/420 2992/13391/420 3042/5283/420
f 2990/5281/482 2988/13393/482 3038/13394/482
f 2988/13393/753 2986/13395/753 3036/13396/753
f 2986/13395/374 2984/13397/374 3036/13396/374
f 2984/13397/420 2981/13398/420 3034/13399/420
f 3036/13396/420 2984/13397/420 3034/13399/420
f 2981/13398/718 3032/13400/718 3034/13399/718
f 2988/13393/586 3036/13396/586 3038/13394/586
f 3004/13381/420 3052/13383/420 3009/13378/420
f 3000/13384/420 3048/13387/420 3050/13385/420
f 3050/13385/420 3052/13383/420 3002/13382/420
f 3046/13390/420 2994/13389/420 3044/13392/420
f 2990/5281/420 3038/13394/420 3040/5282/420
f 2954/5284/348 3005/13401/348 3006/5285/348
f 3005/13402/420 3007/13403/420 3010/13404/420
f 3005/13402/374 3010/13404/374 3006/13405/374
f 3010/13404/420 3012/13406/420 3006/13405/420
f 3056/13407/530 3006/13405/530 3012/13406/530
f 3060/13408/420 3058/13409/420 3016/13410/420
f 3058/13409/420 3056/13407/420 3014/13411/420
f 3016/13410/717 3058/13409/717 3014/13411/717
f 3064/13412/420 3062/13413/420 3018/13414/420
f 3062/13413/420 3060/13408/420 3016/13410/420
f 3068/5289/420 3066/13415/420 3022/5287/420
f 3066/13415/327 3064/13412/327 3020/13416/327
f 3072/13417/712 3070/13418/712 3028/13419/712
f 3070/13418/561 3068/5289/561 3026/13420/561
f 3028/13419/420 3070/13418/420 3026/13420/420
f 2981/13421/420 3074/13422/420 3030/13423/420
f 3074/13422/530 3072/13417/530 3028/13419/530
f 3030/13423/746 3032/13424/746 2981/13421/746
f 3028/13419/420 3030/13423/420 3074/13422/420
f 3066/13415/420 3020/13416/420 3022/5287/420
f 3062/13413/586 3016/13410/586 3018/13414/586
f 3012/13406/420 3014/13411/420 3056/13407/420
f 3064/13412/420 3018/13414/420 3020/13416/420
f 3024/5288/327 3026/13420/327 3068/5289/327
f 3008/5290/601 3011/13425/601 3010/5291/601
f 3009/5293/439 3054/13426/439 3008/5294/439
f 3010/5296/402 3011/13427/402 3013/5297/402
f 3013/5299/390 3015/13428/390 3014/5300/390
f 3015/5302/391 3017/13429/391 3016/5303/391
f 3016/5305/532 3017/13430/532 3019/5306/532
f 3018/5308/429 3019/13431/429 3021/5309/429
f 3021/5311/428 3023/13432/428 3022/5312/428
f 3023/5314/486 3025/13433/486 3024/5315/486
f 3024/5317/765 3025/13434/765 3027/5318/765
f 3027/5320/748 3029/13435/748 3028/5321/748
f 3028/5323/502 3029/13436/502 3031/5324/502
f 3031/5326/497 3033/13437/497 3032/5327/497
f 3032/5329/496 3033/13438/496 3035/5330/496
f 3035/5332/365 3037/13439/365 3036/5333/365
f 3037/5335/444 3039/13440/444 3038/5336/444
f 3039/5338/570 3041/13441/570 3040/5339/570
f 3040/5341/487 3041/13442/487 3043/5342/487
f 3042/5344/749 3043/13443/749 3045/5345/749
f 3045/5347/726 3047/13444/726 3046/5348/726
f 3047/5350/534 3049/13445/534 3048/5351/534
f 3048/5353/447 3049/13446/447 3051/5354/447
f 3050/5356/371 3051/13447/371 3053/5357/371
f 3053/5359/372 3054/13448/372 3009/5360/372
f 3006/5362/402 3056/13449/402 3057/5363/402
f 3058/5365/489 3059/13450/489 3057/5366/489
f 3060/5368/391 3061/13451/391 3059/5369/391
f 3062/5371/392 3063/13452/392 3061/5372/392
f 3062/5374/393 3064/13453/393 3065/5375/393
f 3066/5377/394 3067/13454/394 3065/5378/394
f 3068/5380/395 3069/13455/395 3067/5381/395
f 3068/5383/383 3070/13456/383 3071/5384/383
f 3072/5386/384 3073/13457/384 3071/5387/384
f 3074/5389/385 2982/13458/385 3073/5390/385
f 3077/5392/385 3076/13459/385 2979/5393/385
f 3078/5395/384 3076/13460/384 3077/5396/384
f 3080/5398/538 3078/13461/538 3079/5399/538
f 3082/5401/766 3080/13462/766 3081/5402/766
f 3085/5404/381 3084/13463/381 3082/5405/381
f 3086/5407/380 3084/13464/380 3085/5408/380
f 3089/5410/379 3088/13465/379 3086/5411/379
f 3091/5413/391 3090/13466/391 3088/5414/391
f 3092/5416/432 3090/13467/432 3091/5417/432
f 2951/5419/402 2955/13468/402 3092/5420/402
f 3095/5422/403 3094/13469/403 3096/5423/403
f 3097/5425/448 3094/13470/448 3095/5426/448
f 3098/5428/326 3100/13471/326 3096/5429/326
f 3097/5431/325 3099/13472/325 3098/5432/325
f 3098/13473/545 3099/13474/545 3111/13475/545
f 3099/13474/350 3117/13476/350 3113/13477/350
f 3117/13476/350 3115/13478/350 3113/13477/350
f 3113/13477/350 3111/13475/350 3099/13474/350
f 3111/13475/545 3109/13479/545 3098/13473/545
f 3109/13479/732 3107/13480/732 3098/13473/732
f 3107/13480/350 3105/5436/350 3100/5435/350
f 3098/13473/732 3107/13480/732 3100/5435/732
f 3105/5436/405 3103/13481/405 3101/5434/405
f 3100/5437/337 3101/13482/337 3102/5438/337
f 3101/5440/336 3103/13483/336 3104/5441/336
f 3103/5443/421 3105/13484/421 3106/5444/421
f 3105/5446/406 3107/13485/406 3108/5447/406
f 3107/5449/333 3109/13486/333 3110/5450/333
f 3110/5452/332 3109/13487/332 3111/5453/332
f 3112/5455/407 3111/13488/407 3113/5456/407
f 3114/5458/330 3113/13489/330 3115/5459/330
f 3116/5461/329 3115/13490/329 3117/5462/329
f 3118/5464/328 3117/13491/328 3099/5465/328
f 3116/5467/509 3118/13492/509 3119/5468/509
f 3118/5470/344 3097/13493/344 3120/5471/344
f 3119/5475/2 3120/13494/2 3123/13495/2
f 3120/13494/2 3095/13496/2 3124/13497/2
f 3095/13496/2 3129/13498/2 3124/13497/2
f 3129/13498/2 3128/13499/2 3125/13500/2
f 3124/13497/2 3129/13498/2 3125/13500/2
f 3128/13499/2 3127/13501/2 3126/13502/2
f 3126/13502/2 3125/13500/2 3128/13499/2
f 3124/13497/2 3123/13495/2 3120/13494/2
f 3123/13495/2 3122/5473/2 3119/5475/2
f 3114/5476/411 3116/13503/411 3121/5477/411
f 3112/5479/347 3114/13504/347 3122/5480/347
f 3110/5482/412 3112/13505/412 3123/5483/412
f 3125/5485/413 3108/13506/413 3110/5486/413
f 3126/5488/339 3106/13507/339 3108/5489/339
f 3127/5491/338 3104/13508/338 3106/5492/338
f 3128/5494/340 3102/13509/340 3104/5495/340
f 3129/5497/341 3096/13510/341 3102/5498/341
f 3130/5500/416 3132/13511/416 3141/5501/416
f 3133/5505/8 3130/13512/8 3139/5503/8
f 3130/13512/8 3131/13513/8 3139/5503/8
f 3131/13513/8 3140/13514/8 3139/5503/8
f 3135/5506/417 3132/13515/417 3130/5507/417
f 3136/5509/7 3135/13516/7 3133/5510/7
f 3138/5514/2 3141/13517/2 3136/5512/2
f 3141/13517/2 3132/13518/2 3136/5512/2
f 3132/13518/2 3135/13519/2 3136/5512/2
f 3137/5515/418 3136/13520/418 3134/5516/418
f 3138/5518/419 3137/13521/419 3139/5519/419
f 3141/5521/11 3138/13522/11 3140/5522/11
f 3143/5524/413 3142/13523/413 3144/5525/413
f 3145/5527/495 3142/13524/495 3143/5528/495
f 3146/5530/333 3148/13525/333 3144/5531/333
f 3145/5533/332 3147/13526/332 3146/5534/332
f 3146/13527/420 3147/13528/420 3159/13529/420
f 3147/13528/420 3165/13530/420 3161/13531/420
f 3165/13530/420 3163/13532/420 3161/13531/420
f 3161/13531/420 3159/13529/420 3147/13528/420
f 3159/13529/420 3157/13533/420 3146/13527/420
f 3157/13533/420 3155/13534/420 3146/13527/420
f 3155/13534/420 3153/5538/420 3148/5537/420
f 3146/13527/420 3155/13534/420 3148/5537/420
f 3153/5538/703 3151/13535/703 3149/5536/703
f 3148/5539/406 3149/13536/406 3150/5540/406
f 3149/5542/335 3151/13537/335 3152/5543/335
f 3151/5545/336 3153/13538/336 3154/5546/336
f 3153/5548/337 3155/13539/337 3156/5549/337
f 3155/5551/326 3157/13540/326 3158/5552/326
f 3158/5554/325 3157/13541/325 3159/5555/325
f 3160/5557/328 3159/13542/328 3161/5558/328
f 3162/5560/409 3161/13543/409 3163/5561/409
f 3164/5563/408 3163/13544/408 3165/5564/408
f 3166/5566/767 3165/13545/767 3147/5567/767
f 3164/5569/411 3166/13546/411 3167/5570/411
f 3166/5572/423 3145/13547/423 3168/5573/423
f 3167/5577/8 3168/13548/8 3171/13549/8
f 3168/13548/8 3143/13550/8 3172/13551/8
f 3143/13550/8 3177/13552/8 3172/13551/8
f 3177/13552/8 3176/13553/8 3173/13554/8
f 3172/13551/8 3177/13552/8 3173/13554/8
f 3176/13553/8 3175/13555/8 3174/13556/8
f 3174/13556/8 3173/13554/8 3176/13553/8
f 3172/13551/8 3171/13549/8 3168/13548/8
f 3171/13549/8 3170/5575/8 3167/5577/8
f 3162/5578/345 3164/13557/345 3169/5579/345
f 3160/5581/344 3162/13558/344 3170/5582/344
f 3158/5584/448 3160/13559/448 3171/5585/448
f 3173/5587/508 3156/13560/508 3158/5588/508
f 3174/5590/424 3154/13561/424 3156/5591/424
f 3175/5593/425 3152/13562/425 3154/5594/425
f 3176/5596/338 3150/13563/338 3152/5597/338
f 3177/5599/541 3144/13564/541 3150/5600/541
f 3178/5602/441 3181/13565/441 3183/5603/441
f 3184/5605/364 3181/13566/364 3178/5606/364
f 3183/13567/768 3181/13568/768 3182/13569/768
f 3182/13569/350 3303/13570/350 3183/13567/350
f 3303/13570/350 3304/13571/350 3226/13572/350
f 3304/13571/350 3305/13573/350 3224/13574/350
f 3305/13573/732 3307/13575/732 3222/13576/732
f 3307/13575/350 3309/13577/350 3222/13576/350
f 3309/13577/350 3311/13578/350 3220/13579/350
f 3222/13576/769 3309/13577/769 3220/13579/769
f 3311/13578/350 3313/13580/350 3218/13581/350
f 3313/13580/545 3315/5608/545 3216/5610/545
f 3218/13581/770 3313/13580/770 3216/5610/770
f 3315/5608/600 3317/13582/600 3212/13583/600
f 3317/13582/498 3319/13584/498 3210/13585/498
f 3319/13584/350 3229/13586/350 3210/13585/350
f 3229/13586/350 3207/13587/350 3208/13588/350
f 3210/13585/498 3229/13586/498 3208/13588/498
f 3207/13587/708 3205/13589/708 3208/13588/708
f 3317/13582/498 3210/13585/498 3212/13583/498
f 3303/13570/708 3226/13572/708 3183/13567/708
f 3305/13573/771 3222/13576/771 3224/13574/771
f 3224/13574/498 3226/13572/498 3304/13571/498
f 3220/13579/545 3311/13578/545 3218/13581/545
f 3315/5608/498 3212/13583/498 3214/5609/498
f 3203/13590/498 3205/13591/498 3207/13592/498
f 3207/13592/350 3230/13593/350 3203/13590/350
f 3230/13593/350 3232/13594/350 3201/13595/350
f 3232/13594/732 3234/13596/732 3199/13597/732
f 3234/13596/498 3236/13598/498 3197/13599/498
f 3236/13598/350 3238/13600/350 3197/13599/350
f 3238/13600/405 3240/13601/405 3195/13602/405
f 3197/13599/734 3238/13600/734 3195/13602/734
f 3240/13601/350 3242/13603/350 3193/13604/350
f 3242/13603/545 3244/5611/545 3191/5613/545
f 3193/13604/545 3242/13603/545 3191/5613/545
f 3244/5611/600 3246/13605/600 3187/13606/600
f 3246/13605/350 3248/13607/350 3185/13608/350
f 3248/13607/350 3250/13609/350 3185/13608/350
f 3250/13609/350 3182/13610/350 3184/13611/350
f 3185/13608/498 3250/13609/498 3184/13611/498
f 3182/13610/772 3181/13612/772 3184/13611/772
f 3246/13605/708 3185/13608/708 3187/13606/708
f 3230/13593/708 3201/13595/708 3203/13590/708
f 3234/13596/708 3197/13599/708 3199/13597/708
f 3199/13597/708 3201/13595/708 3232/13594/708
f 3195/13602/405 3240/13601/405 3193/13604/405
f 3244/5611/770 3187/13606/770 3189/5612/770
f 3186/5614/502 3185/13613/502 3184/5615/502
f 3187/5617/501 3185/13614/501 3186/5618/501
f 3190/5620/426 3189/13615/426 3187/5621/426
f 3191/5623/427 3189/13616/427 3190/5624/427
f 3193/5626/428 3191/13617/428 3192/5627/428
f 3196/5629/429 3195/13618/429 3193/5630/429
f 3198/5632/430 3197/13619/430 3195/5633/430
f 3199/5635/391 3197/13620/391 3198/5636/391
f 3202/5638/489 3201/13621/489 3199/5639/489
f 3204/5641/376 3203/13622/376 3201/5642/376
f 3205/5644/589 3203/13623/589 3204/5645/589
f 3208/5647/499 3205/13624/499 3206/5648/499
f 3210/5650/389 3208/13625/389 3209/5651/389
f 3212/5653/446 3210/13626/446 3211/5654/446
f 3215/5656/505 3214/13627/505 3212/5657/505
f 3216/5659/500 3214/13628/500 3215/5660/500
f 3218/5662/355 3216/13629/355 3217/5663/355
f 3221/5665/356 3220/13630/356 3218/5666/356
f 3222/5668/436 3220/13631/436 3221/5669/436
f 3224/5671/595 3222/13632/595 3223/5672/595
f 3227/5674/503 3226/13633/503 3224/5675/503
f 3183/5677/584 3226/13634/584 3227/5678/584
f 3228/5680/483 3231/13635/483 3230/5681/483
f 3321/5683/439 3228/13636/439 3207/5684/439
f 3233/5686/376 3232/13637/376 3230/5687/376
f 3235/5689/377 3234/13638/377 3232/5690/377
f 3235/5692/391 3237/13639/391 3236/5693/391
f 3239/5695/392 3238/13640/392 3236/5696/392
f 3241/5698/429 3240/13641/429 3238/5699/429
f 3243/5701/428 3242/13642/428 3240/5702/428
f 3245/5704/395 3244/13643/395 3242/5705/395
f 3247/5707/383 3246/13644/383 3244/5708/383
f 3249/5710/501 3248/13645/501 3246/5711/501
f 3251/5713/502 3250/13646/502 3248/5714/502
f 3251/5716/569 3252/13647/569 3182/5717/569
f 3256/13648/718 3254/13649/718 3252/13650/718
f 3252/13650/420 3251/13651/420 3256/13648/420
f 3251/13651/420 3249/13652/420 3299/13653/420
f 3249/13652/420 3247/13654/420 3297/13655/420
f 3247/13654/736 3245/13656/736 3297/13655/736
f 3245/13656/420 3243/13657/420 3295/13658/420
f 3243/13657/713 3241/5720/713 3293/5719/713
f 3295/13658/420 3243/13657/420 3293/5719/420
f 3241/5720/327 3239/13659/327 3291/5721/327
f 3239/13659/420 3237/13660/420 3289/13661/420
f 3291/5721/327 3239/13659/327 3289/13661/327
f 3237/13660/482 3235/13662/482 3285/13663/482
f 3235/13662/715 3233/13664/715 3283/13665/715
f 3233/13664/420 3231/13666/420 3283/13665/420
f 3231/13666/586 3228/13667/586 3281/13668/586
f 3283/13665/420 3231/13666/420 3281/13668/420
f 3228/13667/718 3279/13669/718 3281/13668/718
f 3235/13662/420 3283/13665/420 3285/13663/420
f 3251/13651/420 3299/13653/420 3256/13648/420
f 3297/13655/420 3299/13653/420 3249/13652/420
f 3295/13658/420 3297/13655/420 3245/13656/420
f 3237/13660/374 3285/13663/374 3287/13670/374
f 3237/13660/420 3287/13670/420 3289/13661/420
f 3182/5722/496 3252/13671/496 3253/5723/496
f 3252/13672/746 3254/13673/746 3257/13674/746
f 3252/13672/420 3257/13674/420 3253/13675/420
f 3257/13674/420 3259/13676/420 3253/13675/420
f 3302/13677/420 3253/13675/420 3259/13676/420
f 3308/13678/420 3306/13679/420 3263/13680/420
f 3306/13679/420 3302/13677/420 3261/13681/420
f 3263/13680/420 3306/13679/420 3261/13681/420
f 3312/5725/420 3310/13682/420 3265/5726/420
f 3310/13682/420 3308/13678/420 3265/5726/420
f 3316/13683/327 3314/13684/327 3269/13685/327
f 3314/13684/420 3312/5725/420 3267/5727/420
f 3320/13686/712 3318/13687/712 3275/13688/712
f 3318/13687/561 3316/13683/561 3273/13689/561
f 3275/13688/420 3318/13687/420 3273/13689/420
f 3228/13690/420 3321/13691/420 3277/13692/420
f 3321/13691/420 3320/13686/420 3275/13688/420
f 3277/13692/746 3279/13693/746 3228/13690/746
f 3275/13688/420 3277/13692/420 3321/13691/420
f 3314/13684/420 3267/5727/420 3269/13685/420
f 3259/13676/420 3261/13681/420 3302/13677/420
f 3308/13678/420 3263/13680/420 3265/5726/420
f 3271/13694/530 3273/13689/530 3316/13683/530
f 3269/13685/420 3271/13694/420 3316/13683/420
f 3254/5728/387 3255/13695/387 3258/5729/387
f 3301/5731/364 3255/13696/364 3254/5732/364
f 3258/5734/365 3260/13697/365 3259/5735/365
f 3260/5737/444 3262/13698/444 3261/5738/444
f 3261/5740/445 3262/13699/445 3264/5741/445
f 3264/5743/366 3266/13700/366 3265/5744/366
f 3266/5746/356 3268/13701/356 3267/5747/356
f 3267/5749/355 3268/13702/355 3270/5750/355
f 3269/5752/369 3270/13703/369 3272/5753/369
f 3272/5755/370 3274/13704/370 3273/5756/370
f 3274/5758/446 3276/13705/446 3275/5759/446
f 3275/5761/351 3276/13706/351 3278/5762/351
f 3278/5764/477 3280/13707/477 3279/5765/477
f 3279/5767/589 3280/13708/589 3282/5768/589
f 3282/5770/402 3284/13709/402 3283/5771/402
f 3283/5773/390 3284/13710/390 3286/5774/390
f 3285/5776/391 3286/13711/391 3288/5777/391
f 3288/5779/392 3290/13712/392 3289/5780/392
f 3290/5782/429 3292/13713/429 3291/5783/429
f 3291/5785/428 3292/13714/428 3294/5786/428
f 3293/5788/395 3294/13715/395 3296/5789/395
f 3296/5791/568 3298/13716/568 3297/5792/568
f 3297/5794/396 3298/13717/396 3300/5795/396
f 3299/5797/385 3300/13718/385 3301/5798/385
f 3253/5800/365 3302/13719/365 3304/5801/365
f 3302/5803/444 3306/13720/444 3305/5804/444
f 3306/5806/773 3308/13721/773 3307/5807/773
f 3310/5809/366 3309/13722/366 3307/5810/366
f 3310/5812/356 3312/13723/356 3311/5813/356
f 3312/5815/355 3314/13724/355 3313/5816/355
f 3314/5818/369 3316/13725/369 3315/5819/369
f 3316/5821/447 3318/13726/447 3317/5822/447
f 3318/5824/371 3320/13727/371 3319/5825/371
f 3320/5827/351 3321/13728/351 3229/5828/351
f 3323/5830/404 3322/13729/404 3324/5831/404
f 3325/5833/508 3322/13730/508 3323/5834/508
f 3326/5836/332 3328/13731/332 3324/5837/332
f 3325/5839/333 3327/13732/333 3326/5840/333
f 3326/13733/350 3327/13734/350 3339/13735/350
f 3327/13734/705 3345/13736/705 3341/13737/705
f 3345/13736/350 3343/13738/350 3341/13737/350
f 3341/13737/350 3339/13735/350 3327/13734/350
f 3339/13735/350 3337/13739/350 3326/13733/350
f 3337/13739/350 3335/13740/350 3326/13733/350
f 3335/13740/545 3333/5844/545 3328/5843/545
f 3326/13733/350 3335/13740/350 3328/5843/350
f 3333/5844/705 3331/13741/705 3329/5842/705
f 3328/5845/407 3329/13742/407 3330/5846/407
f 3329/5848/330 3331/13743/330 3332/5849/330
f 3331/5851/329 3333/13744/329 3334/5852/329
f 3333/5854/449 3335/13745/449 3336/5855/449
f 3335/5857/325 3337/13746/325 3338/5858/325
f 3338/5860/326 3337/13747/326 3339/5861/326
f 3340/5863/337 3339/13748/337 3341/5864/337
f 3342/5866/523 3341/13749/523 3343/5867/523
f 3344/5869/475 3343/13750/475 3345/5870/475
f 3346/5872/450 3345/13751/450 3327/5873/450
f 3344/5875/340 3346/13752/340 3347/5876/340
f 3346/5878/341 3325/13753/341 3348/5879/341
f 3347/5883/8 3348/13754/8 3351/13755/8
f 3348/13754/8 3323/13756/8 3352/13757/8
f 3323/13756/8 3357/13758/8 3352/13757/8
f 3357/13758/8 3356/13759/8 3353/13760/8
f 3352/13757/8 3357/13758/8 3353/13760/8
f 3356/13759/8 3355/13761/8 3354/13762/8
f 3354/13762/8 3353/13760/8 3356/13759/8
f 3352/13757/8 3351/13755/8 3348/13754/8
f 3351/13755/8 3350/5881/8 3347/5883/8
f 3342/5884/415 3344/13763/415 3349/5885/415
f 3340/5887/541 3342/13764/541 3350/5888/541
f 3338/5890/494 3340/13765/494 3351/5891/494
f 3353/5893/323 3336/13766/323 3338/5894/323
f 3354/5896/347 3334/13767/347 3336/5897/347
f 3355/5899/411 3332/13768/411 3334/5900/411
f 3356/5902/509 3330/13769/509 3332/5903/509
f 3357/5905/493 3324/13770/493 3330/5906/493
f 3359/5908/303 3363/13771/303 3361/5909/303
f 3453/5911/16 3359/13772/16 3358/5912/16
f 3368/13773/8 3370/13774/8 3372/13775/8
f 3368/13773/8 3372/13775/8 3374/13776/8
f 3361/13777/8 3362/13778/8 3358/13779/8
f 3362/13778/8 3366/13780/8 3358/13779/8
f 3366/13780/8 3368/13773/8 3376/13781/8
f 3368/13773/8 3374/13776/8 3376/13781/8
f 3376/13781/8 3378/13782/8 3382/13783/8
f 3378/13782/8 3380/13784/8 3382/13783/8
f 3450/13785/8 3452/13786/8 3448/13787/8
f 3452/13786/8 3360/13788/8 3448/13787/8
f 3360/13788/8 3358/13779/8 3376/13781/8
f 3358/13779/8 3366/13780/8 3376/13781/8
f 3442/13789/8 3444/13790/8 3446/13791/8
f 3446/13791/8 3448/13787/8 3384/13792/8
f 3448/13787/8 3360/13788/8 3384/13792/8
f 3360/13788/8 3376/13781/8 3384/13792/8
f 3376/13781/8 3382/13783/8 3384/13792/8
f 3384/13792/8 3386/13793/8 3390/13794/8
f 3386/13793/8 3388/13795/8 3390/13794/8
f 3440/13796/8 3442/13789/8 3446/13791/8
f 3392/13797/8 3394/13798/8 3398/13799/8
f 3394/13798/8 3396/13800/8 3398/13799/8
f 3384/13792/8 3390/13794/8 3392/13797/8
f 3440/13796/8 3446/13791/8 3438/13801/8
f 3446/13791/8 3384/13792/8 3438/13801/8
f 3434/13802/8 3436/13803/8 3438/13801/8
f 3438/13801/8 3384/13792/8 3392/13797/8
f 3432/13804/8 3434/13802/8 3438/13801/8
f 3426/13805/8 3428/13806/8 3430/13807/8
f 3430/13807/8 3432/13804/8 3400/13808/8
f 3432/13804/8 3438/13801/8 3400/13808/8
f 3438/13801/8 3392/13797/8 3400/13808/8
f 3392/13797/8 3398/13799/8 3400/13808/8
f 3400/13808/8 3402/13809/8 3406/13810/8
f 3402/13809/8 3404/13811/8 3406/13810/8
f 3424/13812/8 3426/13805/8 3430/13807/8
f 3408/5914/8 3410/13813/8 3414/5915/8
f 3410/13813/8 3412/13814/8 3414/5915/8
f 3400/13808/8 3406/13810/8 3408/5914/8
f 3424/13812/8 3430/13807/8 3422/13815/8
f 3430/13807/8 3400/13808/8 3422/13815/8
f 3418/13816/8 3420/13817/8 3422/13815/8
f 3422/13815/8 3400/13808/8 3416/5916/8
f 3400/13808/8 3408/5914/8 3416/5916/8
f 3416/5916/8 3418/13816/8 3422/13815/8
f 3363/5917/17 3364/13818/17 3362/5918/17
f 3389/13819/2 3387/13820/2 3385/13821/2
f 3389/13819/2 3385/13821/2 3383/13822/2
f 3395/13823/2 3393/13824/2 3397/13825/2
f 3393/13824/2 3391/13826/2 3397/13825/2
f 3391/13826/2 3389/13819/2 3383/13822/2
f 3381/13827/2 3379/13828/2 3377/13829/2
f 3391/13826/2 3383/13822/2 3381/13827/2
f 3403/13830/2 3401/13831/2 3405/13832/2
f 3401/13831/2 3399/13833/2 3405/13832/2
f 3399/13833/2 3397/13825/2 3391/13826/2
f 3381/13827/2 3377/13829/2 3375/13834/2
f 3399/13833/2 3391/13826/2 3375/13834/2
f 3391/13826/2 3381/13827/2 3375/13834/2
f 3411/13835/2 3409/13836/2 3413/13837/2
f 3409/13836/2 3407/13838/2 3413/13837/2
f 3407/13838/2 3405/13832/2 3399/13833/2
f 3373/13839/2 3371/13840/2 3367/13841/2
f 3371/13840/2 3369/13842/2 3367/13841/2
f 3399/13833/2 3375/13834/2 3373/13839/2
f 3407/13838/2 3399/13833/2 3413/13837/2
f 3399/13833/2 3373/13839/2 3413/13837/2
f 3365/13843/2 3364/13844/2 3359/13845/2
f 3364/13844/2 3363/13846/2 3359/13845/2
f 3373/13839/2 3367/13841/2 3365/13843/2
f 3419/13847/2 3417/13848/2 3421/13849/2
f 3417/13848/2 3415/13850/2 3421/13849/2
f 3415/13850/2 3413/13837/2 3373/13839/2
f 3415/13850/2 3373/13839/2 3359/13845/2
f 3373/13839/2 3365/13843/2 3359/13845/2
f 3427/13851/2 3425/13852/2 3423/13853/2
f 3423/13853/2 3421/13849/2 3415/13850/2
f 3453/13854/2 3451/13855/2 3447/13856/2
f 3451/13855/2 3449/13857/2 3447/13856/2
f 3415/13850/2 3359/13845/2 3453/13854/2
f 3429/13858/2 3427/13851/2 3423/13853/2
f 3423/13853/2 3415/13850/2 3429/13858/2
f 3415/13850/2 3453/13854/2 3429/13858/2
f 3445/5920/2 3443/13859/2 3441/13860/2
f 3453/13854/2 3447/13856/2 3431/5922/2
f 3447/13856/2 3445/5920/2 3431/5922/2
f 3435/13861/2 3433/13862/2 3437/5921/2
f 3433/13862/2 3431/5922/2 3437/5921/2
f 3431/5922/2 3429/13858/2 3453/13854/2
f 3445/5920/2 3441/13860/2 3439/13863/2
f 3445/5920/2 3439/13863/2 3437/5921/2
f 3366/5923/296 3362/13864/296 3364/5924/296
f 3365/5926/19 3367/13865/19 3368/5927/19
f 3367/5929/48 3369/13866/48 3370/5930/48
f 3369/5932/21 3371/13867/21 3372/5933/21
f 3374/5935/277 3372/13868/277 3371/5936/277
f 3373/5938/23 3375/13869/23 3376/5939/23
f 3375/5941/24 3377/13870/24 3378/5942/24
f 3377/5944/25 3379/13871/25 3380/5945/25
f 3381/5947/26 3382/13872/26 3380/5948/26
f 3381/5950/297 3383/13873/297 3384/5951/297
f 3383/5953/17 3385/13874/17 3386/5954/17
f 3385/5956/28 3387/13875/28 3388/5957/28
f 3389/5959/29 3390/13876/29 3388/5960/29
f 3389/5962/282 3391/13877/282 3392/5963/282
f 3391/5965/31 3393/13878/31 3394/5966/31
f 3393/5968/277 3395/13879/277 3396/5969/277
f 3398/5971/299 3396/13880/299 3395/5972/299
f 3397/5974/34 3399/13881/34 3400/5975/34
f 3399/5977/25 3401/13882/25 3402/5978/25
f 3401/5980/453 3403/13883/453 3404/5981/453
f 3406/5983/43 3404/13884/43 3403/5984/43
f 3406/5986/294 3405/13885/294 3407/5987/294
f 3407/5989/28 3409/13886/28 3410/5990/28
f 3409/5992/38 3411/13887/38 3412/5993/38
f 3414/5995/303 3412/13888/303 3411/5996/303
f 3413/5998/40 3415/13889/40 3416/5999/40
f 3416/6001/22 3415/13890/22 3417/6002/22
f 3417/6004/290 3419/13891/290 3420/6005/290
f 3422/6007/571 3420/13892/571 3419/6008/571
f 3421/6010/278 3423/13893/278 3424/6011/278
f 3423/6013/26 3425/13894/26 3426/6014/26
f 3425/6016/36 3427/13895/36 3428/6017/36
f 3430/6019/24 3428/13896/24 3427/6020/24
f 3429/6022/45 3431/13897/45 3432/6023/45
f 3431/6025/29 3433/13898/29 3434/6026/29
f 3433/6028/39 3435/13899/39 3436/6029/39
f 3438/6031/17 3436/13900/17 3435/6032/17
f 3437/6034/46 3439/13901/46 3440/6035/46
f 3439/6037/41 3441/13902/41 3442/6038/41
f 3441/6040/48 3443/13903/48 3444/6041/48
f 3446/6043/276 3444/13904/276 3443/6044/276
f 3445/6046/49 3447/13905/49 3448/6047/49
f 3448/6049/43 3447/13906/43 3449/6050/43
f 3449/6052/44 3451/13907/44 3452/6053/44
f 3360/6055/285 3452/13908/285 3451/6056/285
f 3549/6058/16 3455/13909/16 3454/6059/16
f 3455/6061/303 3459/13910/303 3457/6062/303
f 3464/13911/8 3466/13912/8 3468/13913/8
f 3464/13911/8 3468/13913/8 3470/13914/8
f 3457/13915/8 3458/13916/8 3454/13917/8
f 3458/13916/8 3462/13918/8 3454/13917/8
f 3462/13918/8 3464/13911/8 3472/13919/8
f 3464/13911/8 3470/13914/8 3472/13919/8
f 3472/13919/8 3474/13920/8 3476/13921/8
f 3546/13922/8 3548/13923/8 3544/13924/8
f 3548/13923/8 3456/13925/8 3544/13924/8
f 3456/13925/8 3454/13917/8 3472/13919/8
f 3454/13917/8 3462/13918/8 3472/13919/8
f 3472/13919/8 3476/13921/8 3478/13926/8
f 3538/13927/8 3540/13928/8 3542/13929/8
f 3542/13929/8 3544/13924/8 3456/13925/8
f 3456/13925/8 3472/13919/8 3478/13926/8
f 3480/13930/8 3482/13931/8 3484/13932/8
f 3456/13925/8 3478/13926/8 3542/13929/8
f 3478/13926/8 3480/13930/8 3542/13929/8
f 3536/13933/8 3538/13927/8 3542/13929/8
f 3480/13930/8 3484/13932/8 3486/13934/8
f 3488/13935/8 3490/13936/8 3494/13937/8
f 3490/13936/8 3492/13938/8 3494/13937/8
f 3480/13930/8 3486/13934/8 3534/13939/8
f 3486/13934/8 3488/13935/8 3534/13939/8
f 3536/13933/8 3542/13929/8 3534/13939/8
f 3542/13929/8 3480/13930/8 3534/13939/8
f 3530/13940/8 3532/13941/8 3534/13939/8
f 3528/13942/8 3530/13940/8 3534/13939/8
f 3522/13943/8 3524/13944/8 3520/13945/8
f 3524/13944/8 3526/13946/8 3520/13945/8
f 3526/13946/8 3528/13942/8 3496/13947/8
f 3528/13942/8 3534/13939/8 3496/13947/8
f 3534/13939/8 3488/13935/8 3496/13947/8
f 3488/13935/8 3494/13937/8 3496/13947/8
f 3496/13947/8 3498/13948/8 3502/13949/8
f 3498/13948/8 3500/13950/8 3502/13949/8
f 3504/6064/8 3506/13951/8 3510/6065/8
f 3506/13951/8 3508/13952/8 3510/6065/8
f 3496/13947/8 3502/13949/8 3504/6064/8
f 3520/13945/8 3526/13946/8 3518/13953/8
f 3526/13946/8 3496/13947/8 3518/13953/8
f 3514/13954/8 3516/13955/8 3518/13953/8
f 3518/13953/8 3496/13947/8 3512/6066/8
f 3496/13947/8 3504/6064/8 3512/6066/8
f 3512/6066/8 3514/13954/8 3518/13953/8
f 3459/6067/17 3460/13956/17 3458/6068/17
f 3485/13957/2 3483/13958/2 3479/13959/2
f 3483/13958/2 3481/13960/2 3479/13959/2
f 3491/13961/2 3489/13962/2 3493/13963/2
f 3489/13962/2 3487/13964/2 3493/13963/2
f 3487/13964/2 3485/13957/2 3477/13965/2
f 3485/13957/2 3479/13959/2 3477/13965/2
f 3477/13965/2 3475/13966/2 3471/13967/2
f 3475/13966/2 3473/13968/2 3471/13967/2
f 3499/13969/2 3497/13970/2 3501/13971/2
f 3497/13970/2 3495/13972/2 3501/13971/2
f 3495/13972/2 3493/13963/2 3487/13964/2
f 3495/13972/2 3487/13964/2 3477/13965/2
f 3507/13973/2 3505/13974/2 3509/13975/2
f 3505/13974/2 3503/13976/2 3509/13975/2
f 3503/13976/2 3501/13971/2 3495/13972/2
f 3495/13972/2 3477/13965/2 3471/13967/2
f 3469/13977/2 3467/13978/2 3463/13979/2
f 3467/13978/2 3465/13980/2 3463/13979/2
f 3495/13972/2 3471/13967/2 3469/13977/2
f 3503/13976/2 3495/13972/2 3509/13975/2
f 3495/13972/2 3469/13977/2 3509/13975/2
f 3461/13981/2 3460/13982/2 3455/13983/2
f 3460/13982/2 3459/13984/2 3455/13983/2
f 3469/13977/2 3463/13979/2 3461/13981/2
f 3515/13985/2 3513/13986/2 3517/13987/2
f 3513/13986/2 3511/13988/2 3517/13987/2
f 3511/13988/2 3509/13975/2 3469/13977/2
f 3511/13988/2 3469/13977/2 3455/13983/2
f 3469/13977/2 3461/13981/2 3455/13983/2
f 3523/13989/2 3521/13990/2 3519/13991/2
f 3519/13991/2 3517/13987/2 3511/13988/2
f 3549/13992/2 3547/13993/2 3543/13994/2
f 3547/13993/2 3545/13995/2 3543/13994/2
f 3511/13988/2 3455/13983/2 3549/13992/2
f 3525/13996/2 3523/13989/2 3519/13991/2
f 3519/13991/2 3511/13988/2 3525/13996/2
f 3511/13988/2 3549/13992/2 3525/13996/2
f 3541/6070/2 3539/13997/2 3537/13998/2
f 3549/13992/2 3543/13994/2 3527/6072/2
f 3543/13994/2 3541/6070/2 3527/6072/2
f 3531/13999/2 3529/14000/2 3533/6071/2
f 3529/14000/2 3527/6072/2 3533/6071/2
f 3527/6072/2 3525/13996/2 3549/13992/2
f 3541/6070/2 3537/13998/2 3535/14001/2
f 3541/6070/2 3535/14001/2 3533/6071/2
f 3462/6073/28 3458/14002/28 3460/6074/28
f 3461/6076/19 3463/14003/19 3464/6077/19
f 3463/6079/48 3465/14004/48 3466/6080/48
f 3466/6082/21 3465/14005/21 3467/6083/21
f 3470/6085/277 3468/14006/277 3467/6086/277
f 3469/6088/23 3471/14007/23 3472/6089/23
f 3471/6091/24 3473/14008/24 3474/6092/24
f 3473/6094/25 3475/14009/25 3476/6095/25
f 3477/6097/26 3478/14010/26 3476/6098/26
f 3477/6100/27 3479/14011/27 3480/6101/27
f 3479/6103/17 3481/14012/17 3482/6104/17
f 3481/6106/28 3483/14013/28 3484/6107/28
f 3485/6109/29 3486/14014/29 3484/6110/29
f 3485/6112/282 3487/14015/282 3488/6113/282
f 3487/6115/31 3489/14016/31 3490/6116/31
f 3489/6118/32 3491/14017/32 3492/6119/32
f 3494/6121/290 3492/14018/290 3491/6122/290
f 3493/6124/34 3495/14019/34 3496/6125/34
f 3495/6127/35 3497/14020/35 3498/6128/35
f 3497/6130/26 3499/14021/26 3500/6131/26
f 3502/6133/36 3500/14022/36 3499/6134/36
f 3502/6136/294 3501/14023/294 3503/6137/294
f 3503/6139/28 3505/14024/28 3506/6140/28
f 3505/6142/38 3507/14025/38 3508/6143/38
f 3510/6145/15 3508/14026/15 3507/6146/15
f 3509/6148/40 3511/14027/40 3512/6149/40
f 3512/6151/22 3511/14028/22 3513/6152/22
f 3513/6154/290 3515/14029/290 3516/6155/290
f 3518/6157/20 3516/14030/20 3515/6158/20
f 3517/6160/278 3519/14031/278 3520/6161/278
f 3519/6163/26 3521/14032/26 3522/6164/26
f 3521/6166/36 3523/14033/36 3524/6167/36
f 3526/6169/24 3524/14034/24 3523/6170/24
f 3525/6172/45 3527/14035/45 3528/6173/45
f 3527/6175/29 3529/14036/29 3530/6176/29
f 3529/6178/39 3531/14037/39 3532/6179/39
f 3534/6181/17 3532/14038/17 3531/6182/17
f 3534/6184/46 3533/14039/46 3535/6185/46
f 3535/6187/41 3537/14040/41 3538/6188/41
f 3538/6190/48 3537/14041/48 3539/6191/48
f 3542/6193/31 3540/14042/31 3539/6194/31
f 3541/6196/49 3543/14043/49 3544/6197/49
f 3544/6199/43 3543/14044/43 3545/6200/43
f 3545/6202/44 3547/14045/44 3548/6203/44
f 3456/6205/50 3548/14046/50 3547/6206/50
f 3552/6208/300 3597/14047/300 3551/6209/300
f 3555/6211/301 3552/14048/301 3550/6212/301
f 3556/6214/314 3555/14049/314 3553/6215/314
f 3557/6217/511 3556/14050/511 3554/6218/511
f 3560/6220/48 3558/14051/48 3557/6221/48
f 3563/6223/760 3558/14052/760 3560/6224/760
f 3564/6226/303 3563/14053/303 3561/6227/303
f 3565/6229/304 3564/14054/304 3562/6230/304
f 3566/6232/469 3565/14055/469 3567/6233/469
f 3571/6235/278 3566/14056/278 3568/6236/278
f 3572/6238/290 3571/14057/290 3569/6239/290
f 3573/6241/461 3572/14058/461 3570/6242/461
f 3574/6244/38 3573/14059/38 3575/6245/38
f 3579/6247/462 3574/14060/462 3576/6248/462
f 3580/6250/26 3579/14061/26 3577/6251/26
f 3581/6253/307 3580/14062/307 3578/6254/307
f 3582/6256/22 3581/14063/22 3583/6257/22
f 3587/6259/549 3582/14064/549 3584/6260/549
f 3588/6262/296 3587/14065/296 3585/6263/296
f 3589/6265/297 3588/14066/297 3586/6266/297
f 3590/6268/285 3589/14067/285 3591/6269/285
f 3593/6271/23 3595/14068/23 3590/6272/23
f 3596/6274/31 3595/14069/31 3593/6275/31
f 3597/6277/19 3596/14070/19 3594/6278/19
f 3600/6280/465 3645/14071/465 3599/6281/465
f 3603/6283/466 3600/14072/466 3598/6284/466
f 3604/6286/44 3603/14073/44 3601/6287/44
f 3605/6289/49 3604/14074/49 3602/6290/49
f 3606/6292/293 3605/14075/293 3607/6293/293
f 3611/6295/288 3606/14076/288 3608/6296/288
f 3612/6298/303 3611/14077/303 3609/6299/303
f 3613/6301/304 3612/14078/304 3610/6302/304
f 3614/6304/774 3613/14079/774 3615/6305/774
f 3619/6307/553 3614/14080/553 3616/6308/553
f 3620/6310/41 3619/14081/41 3617/6311/41
f 3621/6313/279 3620/14082/279 3618/6314/279
f 3622/6316/320 3621/14083/320 3623/6317/320
f 3627/6319/321 3622/14084/321 3624/6320/321
f 3628/6322/453 3627/14085/453 3625/6323/453
f 3631/6325/307 3629/14086/307 3628/6326/307
f 3630/6328/22 3629/14087/22 3631/6329/22
f 3635/6331/463 3630/14088/463 3632/6332/463
f 3636/6334/296 3635/14089/296 3633/6335/296
f 3637/6337/297 3636/14090/297 3634/6338/297
f 3638/6340/25 3637/14091/25 3639/6341/25
f 3643/6343/286 3638/14092/286 3640/6344/286
f 3644/6346/276 3643/14093/276 3641/6347/276
f 3645/6349/298 3644/14094/298 3642/6350/298
f 3647/6352/323 3646/14095/323 3648/6353/323
f 3649/6355/494 3646/14096/494 3647/6356/494
f 3650/6358/325 3652/14097/325 3648/6359/325
f 3649/6361/326 3651/14098/326 3650/6362/326
f 3650/14099/420 3651/14100/420 3663/14101/420
f 3651/14100/420 3669/14102/420 3665/14103/420
f 3669/14102/703 3667/14104/703 3665/14103/703
f 3665/14103/420 3663/14101/420 3651/14100/420
f 3663/14101/420 3661/14105/420 3650/14099/420
f 3661/14105/586 3659/14106/586 3650/14099/586
f 3659/14106/420 3657/6366/420 3652/6365/420
f 3650/14099/586 3659/14106/586 3652/6365/586
f 3657/6366/703 3655/14107/703 3653/6364/703
f 3652/6367/328 3653/14108/328 3654/6368/328
f 3653/6370/409 3655/14109/409 3656/6371/409
f 3655/6373/330 3657/14110/330 3658/6374/330
f 3657/6376/407 3659/14111/407 3660/6377/407
f 3659/6379/332 3661/14112/332 3662/6380/332
f 3662/6382/333 3661/14113/333 3663/6383/333
f 3664/6385/406 3663/14114/406 3665/6386/406
f 3666/6388/335 3665/14115/335 3667/6389/335
f 3668/6391/523 3667/14116/523 3669/6392/523
f 3670/6394/337 3669/14117/337 3651/6395/337
f 3668/6397/415 3670/14118/415 3671/6398/415
f 3670/6400/541 3649/14119/541 3672/6401/541
f 3671/6405/2 3672/14120/2 3675/14121/2
f 3672/14120/2 3647/14122/2 3676/14123/2
f 3647/14122/2 3681/14124/2 3676/14123/2
f 3681/14124/2 3680/14125/2 3677/14126/2
f 3676/14123/2 3681/14124/2 3677/14126/2
f 3680/14125/2 3679/14127/2 3678/14128/2
f 3678/14128/2 3677/14126/2 3680/14125/2
f 3676/14123/2 3675/14121/2 3672/14120/2
f 3675/14121/2 3674/6403/2 3671/6405/2
f 3666/6406/340 3668/14129/340 3673/6407/340
f 3664/6409/341 3666/14130/341 3674/6410/341
f 3662/6412/508 3664/14131/508 3675/6413/508
f 3677/6415/404 3660/14132/404 3662/6416/404
f 3678/6418/344 3658/14133/344 3660/6419/344
f 3679/6421/345 3656/14134/345 3658/6422/345
f 3680/6424/346 3654/14135/346 3656/6425/346
f 3681/6427/347 3648/14136/347 3654/6428/347
f 3682/6430/589 3685/14137/589 3687/6431/589
f 3688/6433/499 3685/14138/499 3682/6434/499
f 3687/14139/498 3685/14140/498 3686/14141/498
f 3686/14141/498 3787/14142/498 3687/14139/498
f 3787/14142/350 3789/14143/350 3824/14144/350
f 3789/14143/350 3791/14145/350 3822/14146/350
f 3791/14145/559 3793/14147/559 3820/14148/559
f 3793/14147/350 3795/14149/350 3820/14148/350
f 3795/14149/732 3797/14150/732 3818/14151/732
f 3820/14148/762 3795/14149/762 3818/14151/762
f 3797/14150/545 3799/14152/545 3816/14153/545
f 3799/14152/350 3801/6436/350 3814/6438/350
f 3816/14153/498 3799/14152/498 3814/6438/498
f 3801/6436/600 3803/14154/600 3810/14155/600
f 3803/14154/744 3805/14156/744 3808/14157/744
f 3805/14156/350 3714/14158/350 3808/14157/350
f 3714/14158/498 3712/14159/498 3711/14160/498
f 3808/14157/350 3714/14158/350 3711/14160/350
f 3712/14159/706 3709/14161/706 3711/14160/706
f 3803/14154/350 3808/14157/350 3810/14155/350
f 3787/14142/350 3824/14144/350 3687/14139/350
f 3791/14145/350 3820/14148/350 3822/14146/350
f 3822/14146/764 3824/14144/764 3789/14143/764
f 3818/14151/405 3797/14150/405 3816/14153/405
f 3801/6436/600 3810/14155/600 3812/6437/600
f 3707/14162/707 3709/14163/707 3712/14164/707
f 3712/14164/708 3715/14165/708 3707/14162/708
f 3715/14165/350 3717/14166/350 3705/14167/350
f 3717/14166/559 3719/14168/559 3703/14169/559
f 3719/14168/743 3721/6441/743 3703/14169/743
f 3721/6441/350 3723/14170/350 3699/6439/350
f 3723/14170/545 3725/14171/545 3697/14172/545
f 3725/14171/732 3727/14173/732 3695/14174/732
f 3727/14173/350 3729/14175/350 3693/14176/350
f 3729/14175/708 3731/14177/708 3693/14176/708
f 3731/14177/350 3733/14178/350 3691/14179/350
f 3693/14176/350 3731/14177/350 3691/14179/350
f 3733/14178/350 3735/14180/350 3689/14181/350
f 3735/14180/708 3686/14182/708 3688/14183/708
f 3689/14181/350 3735/14180/350 3688/14183/350
f 3686/14182/708 3685/14184/708 3688/14183/708
f 3723/14170/708 3697/14172/708 3699/6439/708
f 3727/14173/545 3693/14176/545 3695/14174/545
f 3715/14165/705 3705/14167/705 3707/14162/705
f 3703/14169/350 3705/14167/350 3717/14166/350
f 3689/14181/775 3691/14179/775 3733/14178/775
f 3701/6440/743 3703/14169/743 3721/6441/743
f 3725/14171/776 3695/14174/776 3697/14172/776
f 3689/6442/351 3688/14185/351 3684/6443/351
f 3692/6445/371 3691/14186/371 3689/6446/371
f 3693/6448/447 3691/14187/447 3692/6449/447
f 3695/6451/354 3693/14188/354 3694/6452/354
f 3698/6454/355 3697/14189/355 3695/6455/355
f 3699/6457/356 3697/14190/356 3698/6458/356
f 3702/6460/487 3701/14191/487 3699/6461/487
f 3704/6463/773 3703/14192/773 3701/6464/773
f 3705/6466/544 3703/14193/544 3704/6467/544
f 3707/6469/365 3705/14194/365 3706/6470/365
f 3710/6472/528 3709/14195/528 3707/6473/528
f 3711/6475/362 3709/14196/362 3710/6476/362
f 3716/6478/441 3715/14197/441 3712/6479/441
f 3806/6481/497 3713/14198/497 3712/6482/497
f 3716/6484/360 3718/14199/360 3717/6485/360
f 3720/6487/444 3719/14200/444 3717/6488/444
f 3722/6490/358 3721/14201/358 3719/6491/358
f 3722/6493/366 3724/14202/366 3723/6494/366
f 3724/6496/367 3726/14203/367 3725/6497/367
f 3728/6499/368 3727/14204/368 3725/6500/368
f 3730/6502/369 3729/14205/369 3727/6503/369
f 3730/6505/447 3732/14206/447 3731/6506/447
f 3734/6508/446 3733/14207/446 3731/6509/446
f 3736/6511/351 3735/14208/351 3733/6512/351
f 3736/6514/373 3737/14209/373 3686/6515/373
f 3741/14210/777 3739/14211/777 3737/14212/777
f 3737/14212/420 3736/14213/420 3741/14210/420
f 3736/14213/374 3734/14214/374 3784/14215/374
f 3734/14214/561 3732/14216/561 3782/14217/561
f 3732/14216/712 3730/6519/712 3782/14217/712
f 3730/6519/717 3728/14218/717 3778/6517/717
f 3728/14218/420 3726/14219/420 3776/14220/420
f 3726/14219/420 3724/14221/420 3774/14222/420
f 3724/14221/420 3722/14223/420 3772/14224/420
f 3722/14223/586 3720/14225/586 3772/14224/586
f 3720/14225/420 3718/14226/420 3770/14227/420
f 3772/14224/715 3720/14225/715 3770/14227/715
f 3718/14226/420 3716/14228/420 3768/14229/420
f 3716/14228/420 3713/14230/420 3766/14231/420
f 3768/14229/420 3716/14228/420 3766/14231/420
f 3713/14230/420 3764/14232/420 3766/14231/420
f 3728/14218/420 3776/14220/420 3778/6517/420
f 3724/14221/482 3772/14224/482 3774/14222/482
f 3736/14213/374 3784/14215/374 3741/14210/374
f 3782/14217/713 3784/14215/713 3734/14214/713
f 3768/14229/420 3770/14227/420 3718/14226/420
f 3780/6518/420 3782/14217/420 3730/6519/420
f 3726/14219/420 3774/14222/420 3776/14220/420
f 3686/6520/375 3737/14233/375 3738/6521/375
f 3737/14234/778 3739/14235/778 3742/14236/778
f 3737/14234/420 3742/14236/420 3738/14237/420
f 3742/14236/530 3744/14238/530 3738/14237/530
f 3788/14239/530 3738/14237/530 3744/14238/530
f 3792/14240/753 3790/14241/753 3748/14242/753
f 3790/14241/482 3788/14239/482 3746/14243/482
f 3748/14242/420 3790/14241/420 3746/14243/420
f 3796/14244/420 3794/14245/420 3750/14246/420
f 3794/14245/713 3792/14240/713 3748/14242/713
f 3800/6525/420 3798/14247/420 3754/6523/420
f 3798/14247/420 3796/14244/420 3752/14248/420
f 3804/14249/420 3802/14250/420 3760/14251/420
f 3802/14250/586 3800/6525/586 3758/14252/586
f 3760/14251/420 3802/14250/420 3758/14252/420
f 3713/14253/420 3806/14254/420 3762/14255/420
f 3806/14254/420 3804/14249/420 3760/14251/420
f 3762/14255/420 3764/14256/420 3713/14253/420
f 3760/14251/420 3762/14255/420 3806/14254/420
f 3798/14247/420 3752/14248/420 3754/6523/420
f 3794/14245/586 3748/14242/586 3750/14246/586
f 3744/14238/717 3746/14243/717 3788/14239/717
f 3796/14244/420 3750/14246/420 3752/14248/420
f 3756/6524/327 3758/14252/327 3800/6525/327
f 3740/6526/348 3743/14257/348 3742/6527/348
f 3741/6529/349 3786/14258/349 3740/6530/349
f 3742/6532/376 3743/14259/376 3745/6533/376
f 3745/6535/377 3747/14260/377 3746/6536/377
f 3747/6538/391 3749/14261/391 3748/6539/391
f 3748/6541/430 3749/14262/430 3751/6542/430
f 3750/6544/429 3751/14263/429 3753/6545/429
f 3753/6547/428 3755/14264/428 3754/6548/428
f 3755/6550/486 3757/14265/486 3756/6551/486
f 3756/6553/426 3757/14266/426 3759/6554/426
f 3759/6556/501 3761/14267/501 3760/6557/501
f 3760/6559/502 3761/14268/502 3763/6560/502
f 3763/6562/386 3765/14269/386 3764/6563/386
f 3764/6565/387 3765/14270/387 3767/6566/387
f 3767/6568/365 3769/14271/365 3768/6569/365
f 3769/6571/444 3771/14272/444 3770/6572/444
f 3771/6574/445 3773/14273/445 3772/6575/445
f 3772/6577/487 3773/14274/487 3775/6578/487
f 3774/6580/749 3775/14275/749 3777/6581/749
f 3777/6583/726 3779/14276/726 3778/6584/726
f 3779/6586/534 3781/14277/534 3780/6587/534
f 3780/6589/447 3781/14278/447 3783/6590/447
f 3782/6592/446 3783/14279/446 3785/6593/446
f 3785/6595/351 3786/14280/351 3741/6596/351
f 3738/6598/402 3788/14281/402 3789/6599/402
f 3790/6601/390 3791/14282/390 3789/6602/390
f 3792/6604/391 3793/14283/391 3791/6605/391
f 3794/6607/392 3795/14284/392 3793/6608/392
f 3794/6610/393 3796/14285/393 3797/6611/393
f 3798/6613/394 3799/14286/394 3797/6614/394
f 3800/6616/395 3801/14287/395 3799/6617/395
f 3800/6619/426 3802/14288/426 3803/6620/426
f 3804/6622/396 3805/14289/396 3803/6623/396
f 3806/6625/385 3714/14290/385 3805/6626/385
f 3809/6628/385 3808/14291/385 3711/6629/385
f 3810/6631/396 3808/14292/396 3809/6632/396
f 3812/6634/606 3810/14293/606 3811/6635/606
f 3814/6637/486 3812/14294/486 3813/6638/486
f 3817/6640/381 3816/14295/381 3814/6641/381
f 3818/6643/380 3816/14296/380 3817/6644/380
f 3821/6646/379 3820/14297/379 3818/6647/379
f 3823/6649/391 3822/14298/391 3820/6650/391
f 3824/6652/596 3822/14299/596 3823/6653/596
f 3683/6655/402 3687/14300/402 3824/6656/402
f 3827/6658/508 3826/14301/508 3828/6659/508
f 3829/6661/404 3826/14302/404 3827/6662/404
f 3830/6664/326 3832/14303/326 3828/6665/326
f 3829/6667/325 3831/14304/325 3830/6668/325
f 3830/14305/350 3831/14306/350 3843/14307/350
f 3831/14306/350 3849/14308/350 3845/14309/350
f 3849/14308/350 3847/14310/350 3845/14309/350
f 3845/14309/545 3843/14307/545 3831/14306/545
f 3843/14307/350 3841/14311/350 3830/14305/350
f 3841/14311/350 3839/14312/350 3830/14305/350
f 3839/14312/350 3837/6672/350 3832/6671/350
f 3830/14305/350 3839/14312/350 3832/6671/350
f 3837/6672/545 3835/14313/545 3833/6670/545
f 3832/6673/337 3833/14314/337 3834/6674/337
f 3833/6676/336 3835/14315/336 3836/6677/336
f 3835/6679/335 3837/14316/335 3838/6680/335
f 3837/6682/406 3839/14317/406 3840/6683/406
f 3839/6685/333 3841/14318/333 3842/6686/333
f 3842/6688/332 3841/14319/332 3843/6689/332
f 3844/6691/407 3843/14320/407 3845/6692/407
f 3846/6694/592 3845/14321/592 3847/6695/592
f 3848/6697/329 3847/14322/329 3849/6698/329
f 3850/6700/328 3849/14323/328 3831/6701/328
f 3848/6703/345 3850/14324/345 3851/6704/345
f 3850/6706/493 3829/14325/493 3852/6707/493
f 3851/6711/2 3852/14326/2 3855/14327/2
f 3852/14326/2 3827/14328/2 3856/14329/2
f 3827/14328/2 3861/14330/2 3856/14329/2
f 3861/14330/2 3860/14331/2 3857/14332/2
f 3856/14329/2 3861/14330/2 3857/14332/2
f 3860/14331/2 3859/14333/2 3858/14334/2
f 3858/14334/2 3857/14332/2 3860/14331/2
f 3856/14329/2 3855/14327/2 3852/14326/2
f 3855/14327/2 3854/6709/2 3851/6711/2
f 3846/6712/411 3848/14335/411 3853/6713/411
f 3844/6715/347 3846/14336/347 3854/6716/347
f 3842/6718/412 3844/14337/412 3855/6719/412
f 3857/6721/494 3840/14338/494 3842/6722/494
f 3858/6724/541 3838/14339/541 3840/6725/541
f 3859/6727/415 3836/14340/415 3838/6728/415
f 3860/6730/476 3834/14341/476 3836/6731/476
f 3861/6733/341 3828/14342/341 3834/6734/341
f 3862/6736/416 3864/14343/416 3873/6737/416
f 3865/6741/8 3862/14344/8 3871/6739/8
f 3862/14344/8 3863/14345/8 3871/6739/8
f 3863/14345/8 3872/14346/8 3871/6739/8
f 3867/6742/417 3864/14347/417 3862/6743/417
f 3868/6745/7 3867/14348/7 3865/6746/7
f 3870/6750/2 3873/14349/2 3868/6748/2
f 3873/14349/2 3864/14350/2 3868/6748/2
f 3864/14350/2 3867/14351/2 3868/6748/2
f 3869/6751/418 3868/14352/418 3866/6752/418
f 3870/6754/419 3869/14353/419 3871/6755/419
f 3873/6757/11 3870/14354/11 3872/6758/11
f 3875/6760/324 3874/14355/324 3876/6761/324
f 3877/6763/495 3874/14356/495 3875/6764/495
f 3878/6766/333 3880/14357/333 3876/6767/333
f 3877/6769/332 3879/14358/332 3878/6770/332
f 3878/14359/420 3879/14360/420 3891/14361/420
f 3879/14360/420 3897/14362/420 3893/14363/420
f 3897/14362/420 3895/14364/420 3893/14363/420
f 3893/14363/420 3891/14361/420 3879/14360/420
f 3891/14361/420 3889/14365/420 3878/14359/420
f 3889/14365/420 3887/14366/420 3878/14359/420
f 3887/14366/420 3885/6774/420 3880/6773/420
f 3878/14359/420 3887/14366/420 3880/6773/420
f 3885/6774/713 3883/14367/713 3881/6772/713
f 3880/6775/406 3881/14368/406 3882/6776/406
f 3881/6778/335 3883/14369/335 3884/6779/335
f 3883/6781/336 3885/14370/336 3886/6782/336
f 3885/6784/337 3887/14371/337 3888/6785/337
f 3887/6787/326 3889/14372/326 3890/6788/326
f 3890/6790/325 3889/14373/325 3891/6791/325
f 3892/6793/779 3891/14374/779 3893/6794/779
f 3894/6796/409 3893/14375/409 3895/6797/409
f 3896/6799/408 3895/14376/408 3897/6800/408
f 3898/6802/767 3897/14377/767 3879/6803/767
f 3896/6805/411 3898/14378/411 3899/6806/411
f 3898/6808/423 3877/14379/423 3900/6809/423
f 3899/6813/8 3900/14380/8 3903/14381/8
f 3900/14380/8 3875/14382/8 3904/14383/8
f 3875/14382/8 3909/14384/8 3904/14383/8
f 3909/14384/8 3908/14385/8 3905/14386/8
f 3904/14383/8 3909/14384/8 3905/14386/8
f 3908/14385/8 3907/14387/8 3906/14388/8
f 3906/14388/8 3905/14386/8 3908/14385/8
f 3904/14383/8 3903/14381/8 3900/14380/8
f 3903/14381/8 3902/6811/8 3899/6813/8
f 3894/6814/345 3896/14389/345 3901/6815/345
f 3892/6817/344 3894/14390/344 3902/6818/344
f 3890/6820/448 3892/14391/448 3903/6821/448
f 3905/6823/508 3888/14392/508 3890/6824/508
f 3906/6826/424 3886/14393/424 3888/6827/424
f 3907/6829/425 3884/14394/425 3886/6830/425
f 3908/6832/338 3882/14395/338 3884/6833/338
f 3909/6835/339 3876/14396/339 3882/6836/339
f 3910/6838/361 3913/14397/361 3915/6839/361
f 3916/6841/497 3913/14398/497 3910/6842/497
f 3915/14399/731 3913/14400/731 3914/14401/731
f 3914/14401/350 4035/14402/350 3915/14399/350
f 4035/14402/350 4036/14403/350 3958/14404/350
f 4036/14403/350 4037/14405/350 3956/14406/350
f 4037/14405/350 4039/14407/350 3954/14408/350
f 4039/14407/350 4041/14409/350 3954/14408/350
f 4041/14409/350 4043/14410/350 3952/14411/350
f 3954/14408/350 4041/14409/350 3952/14411/350
f 4043/14410/405 4045/14412/405 3950/14413/405
f 4045/14412/542 4047/6844/542 3948/6846/542
f 3950/14413/405 4045/14412/405 3948/6846/405
f 4047/6844/350 4049/14414/350 3944/14415/350
f 4049/14414/600 4051/14416/600 3942/14417/600
f 4051/14416/732 3961/14418/732 3942/14417/732
f 3961/14418/350 3939/14419/350 3940/14420/350
f 3942/14417/732 3961/14418/732 3940/14420/732
f 3939/14419/731 3937/14421/731 3940/14420/731
f 4049/14414/350 3942/14417/350 3944/14415/350
f 4035/14402/350 3958/14404/350 3915/14399/350
f 4037/14405/350 3954/14408/350 3956/14406/350
f 3956/14406/350 3958/14404/350 4036/14403/350
f 3952/14411/350 4043/14410/350 3950/14413/350
f 4047/6844/350 3944/14415/350 3946/6845/350
f 3935/14422/706 3937/14423/706 3939/14424/706
f 3939/14424/732 3962/14425/732 3935/14422/732
f 3962/14425/732 3964/14426/732 3933/14427/732
f 3964/14426/733 3966/14428/733 3931/14429/733
f 3966/14428/498 3968/14430/498 3929/14431/498
f 3968/14430/350 3970/14432/350 3929/14431/350
f 3970/14432/405 3972/14433/405 3927/14434/405
f 3929/14431/732 3970/14432/732 3927/14434/732
f 3972/14433/350 3974/14435/350 3925/14436/350
f 3974/14435/545 3976/6847/545 3923/6849/545
f 3925/14436/405 3974/14435/405 3923/6849/405
f 3976/6847/704 3978/14437/704 3919/14438/704
f 3978/14437/350 3980/14439/350 3917/14440/350
f 3980/14439/350 3982/14441/350 3917/14440/350
f 3982/14441/350 3914/14442/350 3916/14443/350
f 3917/14440/350 3982/14441/350 3916/14443/350
f 3914/14442/706 3913/14444/706 3916/14443/706
f 3978/14437/350 3917/14440/350 3919/14438/350
f 3962/14425/350 3933/14427/350 3935/14422/350
f 3966/14428/350 3929/14431/350 3931/14429/350
f 3931/14429/350 3933/14427/350 3964/14426/350
f 3927/14434/350 3972/14433/350 3925/14436/350
f 3976/6847/350 3919/14438/350 3921/6848/350
f 3918/6850/385 3917/14445/385 3916/6851/385
f 3919/6853/396 3917/14446/396 3918/6854/396
f 3922/6856/383 3921/14447/383 3919/6857/383
f 3923/6859/395 3921/14448/395 3922/6860/395
f 3925/6862/428 3923/14449/428 3924/6863/428
f 3928/6865/429 3927/14450/429 3925/6866/429
f 3930/6868/392 3929/14451/392 3927/6869/392
f 3931/6871/391 3929/14452/391 3930/6872/391
f 3934/6874/390 3933/14453/390 3931/6875/390
f 3936/6877/402 3935/14454/402 3933/6878/402
f 3937/6880/438 3935/14455/438 3936/6881/438
f 3940/6883/481 3937/14456/481 3938/6884/481
f 3942/6886/351 3940/14457/351 3941/6887/351
f 3944/6889/352 3942/14458/352 3943/6890/352
f 3947/6892/370 3946/14459/370 3944/6893/370
f 3948/6895/369 3946/14460/369 3947/6896/369
f 3950/6898/355 3948/14461/355 3949/6899/355
f 3953/6901/356 3952/14462/356 3950/6902/356
f 3954/6904/366 3952/14463/366 3953/6905/366
f 3956/6907/445 3954/14464/445 3955/6908/445
f 3959/6910/444 3958/14465/444 3956/6911/444
f 3915/6913/365 3958/14466/365 3959/6914/365
f 3960/6916/348 3963/14467/348 3962/6917/348
f 4053/6919/349 3960/14468/349 3939/6920/349
f 3965/6922/376 3964/14469/376 3962/6923/376
f 3967/6925/390 3966/14470/390 3964/6926/390
f 3967/6928/391 3969/14471/391 3968/6929/391
f 3971/6931/392 3970/14472/392 3968/6932/392
f 3973/6934/429 3972/14473/429 3970/6935/429
f 3975/6937/428 3974/14474/428 3972/6938/428
f 3977/6940/395 3976/14475/395 3974/6941/395
f 3979/6943/383 3978/14476/383 3976/6944/383
f 3981/6946/501 3980/14477/501 3978/6947/501
f 3983/6949/502 3982/14478/502 3980/6950/502
f 3983/6952/497 3984/14479/497 3914/6953/497
f 3988/14480/745 3986/14481/745 3984/14482/745
f 3984/14482/420 3983/14483/420 3988/14480/420
f 3983/14483/420 3981/14484/420 4031/14485/420
f 3981/14484/736 3979/14486/736 4029/14487/736
f 3979/14486/420 3977/14488/420 4029/14487/420
f 3977/14488/420 3975/14489/420 4027/14490/420
f 3975/14489/420 3973/6956/420 4025/6955/420
f 4027/14490/586 3975/14489/586 4025/6955/586
f 3973/6956/420 3971/14491/420 4023/6957/420
f 3971/14491/420 3969/14492/420 4021/14493/420
f 4023/6957/420 3971/14491/420 4021/14493/420
f 3969/14492/713 3967/14494/713 4017/14495/713
f 3967/14494/530 3965/14496/530 4015/14497/530
f 3965/14496/420 3963/14498/420 4015/14497/420
f 3963/14498/374 3960/14499/374 4013/14500/374
f 4015/14497/420 3963/14498/420 4013/14500/420
f 3960/14499/717 4011/14501/717 4013/14500/717
f 3967/14494/420 4015/14497/420 4017/14495/420
f 3983/14483/420 4031/14485/420 3988/14480/420
f 4029/14487/716 4031/14485/716 3981/14484/716
f 4027/14490/420 4029/14487/420 3977/14488/420
f 3969/14492/327 4017/14495/327 4019/14502/327
f 3969/14492/482 4019/14502/482 4021/14493/482
f 3914/6958/361 3984/14503/361 3985/6959/361
f 3984/14504/754 3986/14505/754 3989/14506/754
f 3984/14504/420 3989/14506/420 3985/14507/420
f 3989/14506/420 3991/14508/420 3985/14507/420
f 4034/14509/420 3985/14507/420 3991/14508/420
f 4040/14510/374 4038/14511/374 3995/14512/374
f 4038/14511/420 4034/14509/420 3993/14513/420
f 3995/14512/374 4038/14511/374 3993/14513/374
f 4044/6962/420 4042/14514/420 3999/6963/420
f 4042/14514/420 4040/14510/420 3997/14515/420
f 3999/6963/602 4042/14514/602 3997/14515/602
f 4048/14516/420 4046/14517/420 4003/14518/420
f 4046/14517/327 4044/6962/327 4001/6961/327
f 4003/14518/714 4046/14517/714 4001/6961/714
f 4052/14519/374 4050/14520/374 4005/14521/374
f 4050/14520/530 4048/14516/530 4003/14518/530
f 3960/14522/530 4053/14523/530 4009/14524/530
f 4053/14523/420 4052/14519/420 4007/14525/420
f 4009/14524/717 4011/14526/717 3960/14522/717
f 4007/14525/420 4009/14524/420 4053/14523/420
f 4050/14520/716 4003/14518/716 4005/14521/716
f 3991/14508/719 3993/14513/719 4034/14509/719
f 4005/14521/420 4007/14525/420 4052/14519/420
f 4040/14510/482 3995/14512/482 3997/14515/482
f 3986/6964/387 3987/14527/387 3990/6965/387
f 4033/6967/364 3987/14528/364 3986/6968/364
f 3990/6970/365 3992/14529/365 3991/6971/365
f 3992/6973/444 3994/14530/444 3993/6974/444
f 3993/6976/437 3994/14531/437 3996/6977/437
f 3996/6979/436 3998/14532/436 3997/6980/436
f 3998/6982/356 4000/14533/356 3999/6983/356
f 3999/6985/355 4000/14534/355 4002/6986/355
f 4001/6988/369 4002/14535/369 4004/6989/369
f 4004/6991/370 4006/14536/370 4005/6992/370
f 4006/6994/371 4008/14537/371 4007/6995/371
f 4007/6997/372 4008/14538/372 4010/6998/372
f 4010/7000/477 4012/14539/477 4011/7001/477
f 4011/7003/589 4012/14540/589 4014/7004/589
f 4014/7006/780 4016/14541/780 4015/7007/780
f 4015/7009/596 4016/14542/596 4018/7010/596
f 4017/7012/391 4018/14543/391 4020/7013/391
f 4020/7015/392 4022/14544/392 4021/7016/392
f 4022/7018/429 4024/14545/429 4023/7019/429
f 4023/7021/428 4024/14546/428 4026/7022/428
f 4025/7024/427 4026/14547/427 4028/7025/427
f 4028/7027/606 4030/14548/606 4029/7028/606
f 4029/7030/396 4030/14549/396 4032/7031/396
f 4031/7033/385 4032/14550/385 4033/7034/385
f 3985/7036/365 4034/14551/365 4036/7037/365
f 4034/7039/444 4038/14552/444 4037/7040/444
f 4038/7042/563 4040/14553/563 4039/7043/563
f 4042/7045/366 4041/14554/366 4039/7046/366
f 4042/7048/356 4044/14555/356 4043/7049/356
f 4044/7051/355 4046/14556/355 4045/7052/355
f 4046/7054/369 4048/14557/369 4047/7055/369
f 4048/7057/447 4050/14558/447 4049/7058/447
f 4050/7060/371 4052/14559/371 4051/7061/371
f 4052/7063/351 4053/14560/351 3961/7064/351
f 4055/7066/448 4054/14561/448 4056/7067/448
f 4057/7069/403 4054/14562/403 4055/7070/403
f 4058/7072/332 4060/14563/332 4056/7073/332
f 4057/7075/333 4059/14564/333 4058/7076/333
f 4058/14565/732 4059/14566/732 4071/14567/732
f 4059/14566/705 4077/14568/705 4073/14569/705
f 4077/14568/350 4075/14570/350 4073/14569/350
f 4073/14569/545 4071/14567/545 4059/14566/545
f 4071/14567/732 4069/14571/732 4058/14565/732
f 4069/14571/350 4067/14572/350 4058/14565/350
f 4067/14572/350 4065/7080/350 4060/7079/350
f 4058/14565/350 4067/14572/350 4060/7079/350
f 4065/7080/729 4063/14573/729 4061/7078/729
f 4060/7081/407 4061/14574/407 4062/7082/407
f 4061/7084/330 4063/14575/330 4064/7085/330
f 4063/7087/329 4065/14576/329 4066/7088/329
f 4065/7090/328 4067/14577/328 4068/7091/328
f 4067/7093/325 4069/14578/325 4070/7094/325
f 4070/7096/326 4069/14579/326 4071/7097/326
f 4072/7099/337 4071/14580/337 4073/7100/337
f 4074/7102/523 4073/14581/523 4075/7103/523
f 4076/7105/475 4075/14582/475 4077/7106/475
f 4078/7108/334 4077/14583/334 4059/7109/334
f 4076/7111/340 4078/14584/340 4079/7112/340
f 4078/7114/341 4057/14585/341 4080/7115/341
f 4079/7119/8 4080/14586/8 4083/14587/8
f 4080/14586/8 4055/14588/8 4084/14589/8
f 4055/14588/8 4089/14590/8 4084/14589/8
f 4089/14590/8 4088/14591/8 4085/14592/8
f 4084/14589/8 4089/14590/8 4085/14592/8
f 4088/14591/8 4087/14593/8 4086/14594/8
f 4086/14594/8 4085/14592/8 4088/14591/8
f 4084/14589/8 4083/14587/8 4080/14586/8
f 4083/14587/8 4082/7117/8 4079/7119/8
f 4074/7120/415 4076/14595/415 4081/7121/415
f 4072/7123/414 4074/14596/414 4082/7124/414
f 4070/7126/781 4072/14597/781 4083/7127/781
f 4085/7129/323 4068/14598/323 4070/7130/323
f 4086/7132/347 4066/14599/347 4068/7133/347
f 4087/7135/411 4064/14600/411 4066/7136/411
f 4088/7138/345 4062/14601/345 4064/7139/345
f 4089/7141/344 4056/14602/344 4062/7142/344
f 4091/7144/39 4095/14603/39 4093/7145/39
f 4185/7147/16 4091/14604/16 4090/7148/16
f 4100/14605/8 4102/14606/8 4104/14607/8
f 4100/14605/8 4104/14607/8 4106/14608/8
f 4093/14609/8 4094/14610/8 4098/14611/8
f 4098/14611/8 4100/14605/8 4108/14612/8
f 4100/14605/8 4106/14608/8 4108/14612/8
f 4108/14612/8 4110/14613/8 4112/14614/8
f 4090/14615/8 4093/14609/8 4098/14611/8
f 4182/14616/8 4184/14617/8 4180/14618/8
f 4184/14617/8 4092/14619/8 4180/14618/8
f 4092/14619/8 4090/14615/8 4108/14612/8
f 4090/14615/8 4098/14611/8 4108/14612/8
f 4108/14612/8 4112/14614/8 4114/14620/8
f 4174/14621/8 4176/14622/8 4178/14623/8
f 4178/14623/8 4180/14618/8 4092/14619/8
f 4092/14619/8 4108/14612/8 4114/14620/8
f 4116/14624/8 4118/14625/8 4120/14626/8
f 4092/14619/8 4114/14620/8 4178/14623/8
f 4114/14620/8 4116/14624/8 4178/14623/8
f 4172/14627/8 4174/14621/8 4178/14623/8
f 4116/14624/8 4120/14626/8 4122/14628/8
f 4124/14629/8 4126/14630/8 4130/14631/8
f 4126/14630/8 4128/14632/8 4130/14631/8
f 4116/14624/8 4122/14628/8 4170/14633/8
f 4122/14628/8 4124/14629/8 4170/14633/8
f 4172/14627/8 4178/14623/8 4170/14633/8
f 4178/14623/8 4116/14624/8 4170/14633/8
f 4166/14634/8 4168/14635/8 4170/14633/8
f 4164/14636/8 4166/14634/8 4170/14633/8
f 4158/14637/8 4160/14638/8 4162/14639/8
f 4162/14639/8 4164/14636/8 4132/14640/8
f 4164/14636/8 4170/14633/8 4132/14640/8
f 4170/14633/8 4124/14629/8 4132/14640/8
f 4124/14629/8 4130/14631/8 4132/14640/8
f 4132/14640/8 4134/14641/8 4138/14642/8
f 4134/14641/8 4136/14643/8 4138/14642/8
f 4156/14644/8 4158/14637/8 4162/14639/8
f 4140/7150/8 4142/14645/8 4146/7151/8
f 4142/14645/8 4144/14646/8 4146/7151/8
f 4132/14640/8 4138/14642/8 4140/7150/8
f 4156/14644/8 4162/14639/8 4154/14647/8
f 4162/14639/8 4132/14640/8 4154/14647/8
f 4150/14648/8 4152/14649/8 4154/14647/8
f 4154/14647/8 4132/14640/8 4148/7152/8
f 4132/14640/8 4140/7150/8 4148/7152/8
f 4148/7152/8 4150/14648/8 4154/14647/8
f 4095/7153/287 4096/14650/287 4094/7154/287
f 4121/14651/2 4119/14652/2 4115/14653/2
f 4119/14652/2 4117/14654/2 4115/14653/2
f 4127/14655/2 4125/14656/2 4129/14657/2
f 4125/14656/2 4123/14658/2 4129/14657/2
f 4123/14658/2 4121/14651/2 4113/14659/2
f 4121/14651/2 4115/14653/2 4113/14659/2
f 4113/14659/2 4111/14660/2 4107/14661/2
f 4111/14660/2 4109/14662/2 4107/14661/2
f 4135/14663/2 4133/14664/2 4137/14665/2
f 4133/14664/2 4131/14666/2 4137/14665/2
f 4131/14666/2 4129/14657/2 4123/14658/2
f 4131/14666/2 4123/14658/2 4113/14659/2
f 4143/14667/2 4141/14668/2 4145/14669/2
f 4141/14668/2 4139/14670/2 4145/14669/2
f 4139/14670/2 4137/14665/2 4105/14671/2
f 4137/14665/2 4131/14666/2 4105/14671/2
f 4131/14666/2 4113/14659/2 4107/14661/2
f 4105/14671/2 4103/14672/2 4099/14673/2
f 4103/14672/2 4101/14674/2 4099/14673/2
f 4131/14666/2 4107/14661/2 4105/14671/2
f 4097/14675/2 4096/14676/2 4095/14677/2
f 4105/14671/2 4099/14673/2 4147/14678/2
f 4099/14673/2 4097/14675/2 4147/14678/2
f 4145/14669/2 4139/14670/2 4147/14678/2
f 4139/14670/2 4105/14671/2 4147/14678/2
f 4151/14679/2 4149/14680/2 4153/14681/2
f 4149/14680/2 4147/14678/2 4153/14681/2
f 4097/14675/2 4095/14677/2 4091/14682/2
f 4159/14683/2 4157/14684/2 4155/14685/2
f 4155/14685/2 4153/14681/2 4147/14678/2
f 4147/14678/2 4097/14675/2 4091/14682/2
f 4185/14686/2 4183/14687/2 4179/14688/2
f 4183/14687/2 4181/14689/2 4179/14688/2
f 4147/14678/2 4091/14682/2 4185/14686/2
f 4161/14690/2 4159/14683/2 4155/14685/2
f 4155/14685/2 4147/14678/2 4161/14690/2
f 4147/14678/2 4185/14686/2 4161/14690/2
f 4177/7156/2 4175/14691/2 4173/14692/2
f 4185/14686/2 4179/14688/2 4163/7158/2
f 4179/14688/2 4177/7156/2 4163/7158/2
f 4167/14693/2 4165/14694/2 4169/7157/2
f 4165/14694/2 4163/7158/2 4169/7157/2
f 4163/7158/2 4161/14690/2 4185/14686/2
f 4177/7156/2 4173/14692/2 4171/14695/2
f 4177/7156/2 4171/14695/2 4169/7157/2
f 4098/7159/18 4094/14696/18 4096/7160/18
f 4097/7162/19 4099/14697/19 4100/7163/19
f 4099/7165/48 4101/14698/48 4102/7166/48
f 4101/7168/21 4103/14699/21 4104/7169/21
f 4106/7171/277 4104/14700/277 4103/7172/277
f 4105/7174/23 4107/14701/23 4108/7175/23
f 4107/7177/24 4109/14702/24 4110/7178/24
f 4109/7180/25 4111/14703/25 4112/7181/25
f 4113/7183/26 4114/14704/26 4112/7184/26
f 4113/7186/27 4115/14705/27 4116/7187/27
f 4115/7189/17 4117/14706/17 4118/7190/17
f 4117/7192/296 4119/14707/296 4120/7193/296
f 4121/7195/29 4122/14708/29 4120/7196/29
f 4121/7198/30 4123/14709/30 4124/7199/30
f 4123/7201/31 4125/14710/31 4126/7202/31
f 4125/7204/22 4127/14711/22 4128/7205/22
f 4130/7207/299 4128/14712/299 4127/7208/299
f 4129/7210/34 4131/14713/34 4132/7211/34
f 4131/7213/573 4133/14714/573 4134/7214/573
f 4133/7216/453 4135/14715/453 4136/7217/453
f 4138/7219/319 4136/14716/319 4135/7220/319
f 4138/7222/37 4137/14717/37 4139/7223/37
f 4139/7225/28 4141/14718/28 4142/7226/28
f 4141/7228/38 4143/14719/38 4144/7229/38
f 4146/7231/15 4144/14720/15 4143/7232/15
f 4145/7234/40 4147/14721/40 4148/7235/40
f 4148/7237/277 4147/14722/277 4149/7238/277
f 4149/7240/290 4151/14723/290 4152/7241/290
f 4154/7243/20 4152/14724/20 4151/7244/20
f 4153/7246/291 4155/14725/291 4156/7247/291
f 4155/7249/546 4157/14726/546 4158/7250/546
f 4157/7252/36 4159/14727/36 4160/7253/36
f 4162/7255/24 4160/14728/24 4159/7256/24
f 4161/7258/45 4163/14729/45 4164/7259/45
f 4163/7261/29 4165/14730/29 4166/7262/29
f 4165/7264/15 4167/14731/15 4168/7265/15
f 4170/7267/17 4168/14732/17 4167/7268/17
f 4169/7270/288 4171/14733/288 4172/7271/288
f 4171/7273/299 4173/14734/299 4174/7274/299
f 4173/7276/20 4175/14735/20 4176/7277/20
f 4178/7279/21 4176/14736/21 4175/7280/21
f 4177/7282/49 4179/14737/49 4180/7283/49
f 4180/7285/36 4179/14738/36 4181/7286/36
f 4181/7288/44 4183/14739/44 4184/7289/44
f 4092/7291/25 4184/14740/25 4183/7292/25
f 4281/7294/16 4187/14741/16 4186/7295/16
f 4187/7297/39 4191/14742/39 4189/7298/39
f 4196/14743/8 4198/14744/8 4200/14745/8
f 4196/14743/8 4200/14745/8 4202/14746/8
f 4189/14747/8 4190/14748/8 4194/14749/8
f 4194/14749/8 4196/14743/8 4202/14746/8
f 4204/14750/8 4206/14751/8 4208/14752/8
f 4194/14749/8 4202/14746/8 4204/14750/8
f 4186/14753/8 4189/14747/8 4194/14749/8
f 4278/14754/8 4280/14755/8 4276/14756/8
f 4280/14755/8 4188/14757/8 4276/14756/8
f 4188/14757/8 4186/14753/8 4204/14750/8
f 4186/14753/8 4194/14749/8 4204/14750/8
f 4204/14750/8 4208/14752/8 4210/14758/8
f 4270/14759/8 4272/14760/8 4274/14761/8
f 4274/14761/8 4276/14756/8 4188/14757/8
f 4188/14757/8 4204/14750/8 4210/14758/8
f 4212/14762/8 4214/14763/8 4216/14764/8
f 4188/14757/8 4210/14758/8 4274/14761/8
f 4210/14758/8 4212/14762/8 4274/14761/8
f 4268/14765/8 4270/14759/8 4274/14761/8
f 4212/14762/8 4216/14764/8 4218/14766/8
f 4220/14767/8 4222/14768/8 4224/14769/8
f 4212/14762/8 4218/14766/8 4266/14770/8
f 4218/14766/8 4220/14767/8 4266/14770/8
f 4268/14765/8 4274/14761/8 4266/14770/8
f 4274/14761/8 4212/14762/8 4266/14770/8
f 4262/14771/8 4264/14772/8 4266/14770/8
f 4220/14767/8 4224/14769/8 4226/14773/8
f 4260/14774/8 4262/14771/8 4266/14770/8
f 4254/14775/8 4256/14776/8 4252/14777/8
f 4256/14776/8 4258/14778/8 4252/14777/8
f 4258/14778/8 4260/14774/8 4228/14779/8
f 4260/14774/8 4266/14770/8 4228/14779/8
f 4266/14770/8 4220/14767/8 4226/14773/8
f 4228/14779/8 4230/14780/8 4234/14781/8
f 4230/14780/8 4232/14782/8 4234/14781/8
f 4266/14770/8 4226/14773/8 4228/14779/8
f 4236/7300/8 4238/14783/8 4242/7301/8
f 4238/14783/8 4240/14784/8 4242/7301/8
f 4228/14779/8 4234/14781/8 4236/7300/8
f 4252/14777/8 4258/14778/8 4250/14785/8
f 4258/14778/8 4228/14779/8 4250/14785/8
f 4246/14786/8 4248/14787/8 4250/14785/8
f 4250/14785/8 4228/14779/8 4244/7302/8
f 4228/14779/8 4236/7300/8 4244/7302/8
f 4244/7302/8 4246/14786/8 4250/14785/8
f 4191/7303/287 4192/14788/287 4190/7304/287
f 4217/14789/2 4215/14790/2 4211/14791/2
f 4215/14790/2 4213/14792/2 4211/14791/2
f 4223/14793/2 4221/14794/2 4219/14795/2
f 4219/14795/2 4217/14789/2 4209/14796/2
f 4217/14789/2 4211/14791/2 4209/14796/2
f 4209/14796/2 4207/14797/2 4203/14798/2
f 4207/14797/2 4205/14799/2 4203/14798/2
f 4225/14800/2 4223/14793/2 4219/14795/2
f 4231/14801/2 4229/14802/2 4233/14803/2
f 4229/14802/2 4227/14804/2 4233/14803/2
f 4227/14804/2 4225/14800/2 4209/14796/2
f 4225/14800/2 4219/14795/2 4209/14796/2
f 4239/14805/2 4237/14806/2 4241/14807/2
f 4237/14806/2 4235/14808/2 4241/14807/2
f 4235/14808/2 4233/14803/2 4201/14809/2
f 4233/14803/2 4227/14804/2 4201/14809/2
f 4227/14804/2 4209/14796/2 4201/14809/2
f 4209/14796/2 4203/14798/2 4201/14809/2
f 4201/14809/2 4199/14810/2 4195/14811/2
f 4199/14810/2 4197/14812/2 4195/14811/2
f 4193/14813/2 4192/14814/2 4191/14815/2
f 4201/14809/2 4195/14811/2 4193/14813/2
f 4241/14807/2 4235/14808/2 4243/14816/2
f 4235/14808/2 4201/14809/2 4243/14816/2
f 4247/14817/2 4245/14818/2 4249/14819/2
f 4245/14818/2 4243/14816/2 4249/14819/2
f 4193/14813/2 4191/14815/2 4187/14820/2
f 4243/14816/2 4201/14809/2 4187/14820/2
f 4201/14809/2 4193/14813/2 4187/14820/2
f 4255/14821/2 4253/14822/2 4251/14823/2
f 4251/14823/2 4249/14819/2 4243/14816/2
f 4281/14824/2 4279/14825/2 4275/14826/2
f 4279/14825/2 4277/14827/2 4275/14826/2
f 4243/14816/2 4187/14820/2 4281/14824/2
f 4257/14828/2 4255/14821/2 4251/14823/2
f 4251/14823/2 4243/14816/2 4257/14828/2
f 4243/14816/2 4281/14824/2 4257/14828/2
f 4273/7306/2 4271/14829/2 4269/14830/2
f 4281/14824/2 4275/14826/2 4259/7308/2
f 4275/14826/2 4273/7306/2 4259/7308/2
f 4263/14831/2 4261/14832/2 4265/7307/2
f 4261/14832/2 4259/7308/2 4265/7307/2
f 4259/7308/2 4257/14828/2 4281/14824/2
f 4273/7306/2 4269/14830/2 4267/14833/2
f 4273/7306/2 4267/14833/2 4265/7307/2
f 4194/7309/18 4190/14834/18 4192/7310/18
f 4193/7312/19 4195/14835/19 4196/7313/19
f 4195/7315/48 4197/14836/48 4198/7316/48
f 4198/7318/21 4197/14837/21 4199/7319/21
f 4202/7321/277 4200/14838/277 4199/7322/277
f 4201/7324/23 4203/14839/23 4204/7325/23
f 4203/7327/24 4205/14840/24 4206/7328/24
f 4205/7330/25 4207/14841/25 4208/7331/25
f 4209/7333/26 4210/14842/26 4208/7334/26
f 4209/7336/27 4211/14843/27 4212/7337/27
f 4211/7339/17 4213/14844/17 4214/7340/17
f 4213/7342/296 4215/14845/296 4216/7343/296
f 4217/7345/29 4218/14846/29 4216/7346/29
f 4217/7348/282 4219/14847/282 4220/7349/282
f 4219/7351/31 4221/14848/31 4222/7352/31
f 4221/7354/32 4223/14849/32 4224/7355/32
f 4226/7357/290 4224/14850/290 4223/7358/290
f 4225/7360/34 4227/14851/34 4228/7361/34
f 4227/7363/25 4229/14852/25 4230/7364/25
f 4229/7366/453 4231/14853/453 4232/7367/453
f 4234/7369/36 4232/14854/36 4231/7370/36
f 4234/7372/37 4233/14855/37 4235/7373/37
f 4235/7375/28 4237/14856/28 4238/7376/28
f 4237/7378/38 4239/14857/38 4240/7379/38
f 4242/7381/15 4240/14858/15 4239/7382/15
f 4241/7384/40 4243/14859/40 4244/7385/40
f 4244/7387/277 4243/14860/277 4245/7388/277
f 4245/7390/290 4247/14861/290 4248/7391/290
f 4250/7393/20 4248/14862/20 4247/7394/20
f 4249/7396/291 4251/14863/291 4252/7397/291
f 4251/7399/546 4253/14864/546 4254/7400/546
f 4253/7402/36 4255/14865/36 4256/7403/36
f 4258/7405/24 4256/14866/24 4255/7406/24
f 4257/7408/45 4259/14867/45 4260/7409/45
f 4259/7411/29 4261/14868/29 4262/7412/29
f 4261/7414/39 4263/14869/39 4264/7415/39
f 4266/7417/17 4264/14870/17 4263/7418/17
f 4266/7420/288 4265/14871/288 4267/7421/288
f 4267/7423/290 4269/14872/290 4270/7424/290
f 4270/7426/20 4269/14873/20 4271/7427/20
f 4274/7429/21 4272/14874/21 4271/7430/21
f 4273/7432/49 4275/14875/49 4276/7433/49
f 4276/7435/36 4275/14876/36 4277/7436/36
f 4277/7438/44 4279/14877/44 4280/7439/44
f 4188/7441/25 4280/14878/25 4279/7442/25
f 4284/7444/300 4329/14879/300 4283/7445/300
f 4287/7447/301 4284/14880/301 4282/7448/301
f 4288/7450/314 4287/14881/314 4285/7451/314
f 4289/7453/318 4288/14882/318 4286/7454/318
f 4292/7456/48 4290/14883/48 4289/7457/48
f 4295/7459/760 4290/14884/760 4292/7460/760
f 4296/7462/303 4295/14885/303 4293/7463/303
f 4297/7465/304 4296/14886/304 4294/7466/304
f 4298/7468/782 4297/14887/782 4299/7469/782
f 4303/7471/278 4298/14888/278 4300/7472/278
f 4304/7474/299 4303/14889/299 4301/7475/299
f 4305/7477/40 4304/14890/40 4302/7478/40
f 4306/7480/38 4305/14891/38 4307/7481/38
f 4311/7483/280 4306/14892/280 4308/7484/280
f 4312/7486/306 4311/14893/306 4309/7487/306
f 4313/7489/783 4312/14894/783 4310/7490/783
f 4314/7492/22 4313/14895/22 4315/7493/22
f 4319/7495/471 4314/14896/471 4316/7496/471
f 4320/7498/296 4319/14897/296 4317/7499/296
f 4321/7501/297 4320/14898/297 4318/7502/297
f 4322/7504/50 4321/14899/50 4323/7505/50
f 4325/7507/23 4327/14900/23 4322/7508/23
f 4328/7510/276 4327/14901/276 4325/7511/276
f 4329/7513/298 4328/14902/298 4326/7514/298
f 4332/7516/315 4377/14903/315 4331/7517/315
f 4335/7519/316 4332/14904/316 4330/7520/316
f 4336/7522/24 4335/14905/24 4333/7523/24
f 4337/7525/318 4336/14906/318 4334/7526/318
f 4338/7528/519 4337/14907/519 4339/7529/519
f 4343/7531/46 4338/14908/46 4340/7532/46
f 4344/7534/784 4343/14909/784 4341/7535/784
f 4345/7537/458 4344/14910/458 4342/7538/458
f 4346/7540/459 4345/14911/459 4347/7541/459
f 4351/7543/291 4346/14912/291 4348/7544/291
f 4352/7546/299 4351/14913/299 4349/7547/299
f 4353/7549/40 4352/14914/40 4350/7550/40
f 4354/7552/320 4353/14915/320 4355/7553/320
f 4359/7555/321 4354/14916/321 4356/7556/321
f 4360/7558/26 4359/14917/26 4357/7559/26
f 4363/7561/281 4361/14918/281 4360/7562/281
f 4362/7564/470 4361/14919/470 4363/7565/470
f 4367/7567/549 4362/14920/549 4364/7568/549
f 4368/7570/296 4367/14921/296 4365/7571/296
f 4369/7573/297 4368/14922/297 4366/7574/297
f 4370/7576/25 4369/14923/25 4371/7577/25
f 4375/7579/473 4370/14924/473 4372/7580/473
f 4376/7582/21 4375/14925/21 4373/7583/21
f 4377/7585/19 4376/14926/19 4374/7586/19
f 4379/7588/323 4378/14927/323 4380/7589/323
f 4381/7591/413 4378/14928/413 4379/7592/413
f 4382/7594/325 4384/14929/325 4380/7595/325
f 4381/7597/326 4383/14930/326 4382/7598/326
f 4382/14931/420 4383/14932/420 4395/14933/420
f 4383/14932/420 4401/14934/420 4397/14935/420
f 4401/14934/327 4399/14936/327 4397/14935/327
f 4397/14935/420 4395/14933/420 4383/14932/420
f 4395/14933/420 4393/14937/420 4382/14931/420
f 4393/14937/420 4391/14938/420 4382/14931/420
f 4391/14938/420 4389/7602/420 4384/7601/420
f 4382/14931/586 4391/14938/586 4384/7601/586
f 4389/7602/420 4387/14939/420 4385/7600/420
f 4384/7603/328 4385/14940/328 4386/7604/328
f 4385/7606/329 4387/14941/329 4388/7607/329
f 4387/7609/330 4389/14942/330 4390/7610/330
f 4389/7612/407 4391/14943/407 4392/7613/407
f 4391/7615/332 4393/14944/332 4394/7616/332
f 4394/7618/333 4393/14945/333 4395/7619/333
f 4396/7621/406 4395/14946/406 4397/7622/406
f 4398/7624/785 4397/14947/785 4399/7625/785
f 4400/7627/336 4399/14948/336 4401/7628/336
f 4402/7630/337 4401/14949/337 4383/7631/337
f 4400/7633/415 4402/14950/415 4403/7634/415
f 4402/7636/541 4381/14951/541 4404/7637/541
f 4403/7641/2 4404/14952/2 4407/14953/2
f 4404/14952/2 4379/14954/2 4408/14955/2
f 4379/14954/2 4413/14956/2 4408/14955/2
f 4413/14956/2 4412/14957/2 4409/14958/2
f 4408/14955/2 4413/14956/2 4409/14958/2
f 4412/14957/2 4411/14959/2 4410/14960/2
f 4410/14960/2 4409/14958/2 4412/14957/2
f 4408/14955/2 4407/14953/2 4404/14952/2
f 4407/14953/2 4406/7639/2 4403/7641/2
f 4398/7642/340 4400/14961/340 4405/7643/340
f 4396/7645/341 4398/14962/341 4406/7646/341
f 4394/7648/508 4396/14963/508 4407/7649/508
f 4409/7651/404 4392/14964/404 4394/7652/404
f 4410/7654/344 4390/14965/344 4392/7655/344
f 4411/7657/345 4388/14966/345 4390/7658/345
f 4412/7660/346 4386/14967/346 4388/7661/346
f 4413/7663/347 4380/14968/347 4386/7664/347
f 4414/7666/483 4417/14969/483 4419/7667/483
f 4420/7669/439 4417/14970/439 4414/7670/439
f 4419/14971/706 4417/14972/706 4418/14973/706
f 4418/14973/732 4519/14974/732 4419/14971/732
f 4519/14974/350 4521/14975/350 4556/14976/350
f 4521/14975/350 4523/14977/350 4554/14978/350
f 4523/14977/350 4525/14979/350 4554/14978/350
f 4525/14979/350 4527/14980/350 4552/14981/350
f 4527/14980/732 4529/7673/732 4550/7672/732
f 4552/14981/405 4527/14980/405 4550/7672/405
f 4529/7673/545 4531/14982/545 4548/7674/545
f 4531/14982/705 4533/14983/705 4546/14984/705
f 4548/7674/498 4531/14982/498 4546/14984/498
f 4533/14983/600 4535/14985/600 4542/14986/600
f 4535/14985/542 4537/14987/542 4540/14988/542
f 4537/14987/498 4446/14989/498 4540/14988/498
f 4446/14989/705 4444/14990/705 4443/14991/705
f 4540/14988/705 4446/14989/705 4443/14991/705
f 4444/14990/731 4441/14992/731 4443/14991/731
f 4535/14985/350 4540/14988/350 4542/14986/350
f 4519/14974/732 4556/14976/732 4419/14971/732
f 4554/14978/731 4556/14976/731 4521/14975/731
f 4552/14981/405 4554/14978/405 4525/14979/405
f 4533/14983/741 4542/14986/741 4544/14993/741
f 4533/14983/786 4544/14993/786 4546/14984/786
f 4439/14994/768 4441/14995/768 4444/14996/768
f 4444/14996/705 4447/14997/705 4439/14994/705
f 4447/14997/708 4449/14998/708 4437/14999/708
f 4449/14998/734 4451/15000/734 4435/15001/734
f 4451/15000/743 4453/7677/743 4435/15001/743
f 4453/7677/350 4455/15002/350 4431/7675/350
f 4455/15002/545 4457/15003/545 4429/15004/545
f 4457/15003/732 4459/15005/732 4427/15006/732
f 4459/15005/350 4461/15007/350 4425/15008/350
f 4461/15007/350 4463/15009/350 4425/15008/350
f 4463/15009/350 4465/15010/350 4423/15011/350
f 4425/15008/600 4463/15009/600 4423/15011/600
f 4465/15010/350 4467/15012/350 4421/15013/350
f 4467/15012/732 4418/15014/732 4420/15015/732
f 4421/15013/350 4467/15012/350 4420/15015/350
f 4418/15014/731 4417/15016/731 4420/15015/731
f 4455/15002/708 4429/15004/708 4431/7675/708
f 4459/15005/732 4425/15008/732 4427/15006/732
f 4447/14997/350 4437/14999/350 4439/14994/350
f 4435/15001/744 4437/14999/744 4449/14998/744
f 4421/15013/706 4423/15011/706 4465/15010/706
f 4433/7676/743 4435/15001/743 4453/7677/743
f 4457/15003/350 4427/15006/350 4429/15004/350
f 4421/7678/351 4420/15017/351 4416/7679/351
f 4424/7681/352 4423/15018/352 4421/7682/352
f 4425/7684/787 4423/15019/787 4424/7685/787
f 4427/7687/534 4425/15020/534 4426/7688/534
f 4430/7690/355 4429/15021/355 4427/7691/355
f 4431/7693/356 4429/15022/356 4430/7694/356
f 4434/7696/487 4433/15023/487 4431/7697/487
f 4436/7699/563 4435/15024/563 4433/7700/563
f 4437/7702/444 4435/15025/444 4436/7703/444
f 4439/7705/365 4437/15026/365 4438/7706/365
f 4442/7708/441 4441/15027/441 4439/7709/441
f 4443/7711/364 4441/15028/364 4442/7712/364
f 4448/7714/387 4447/15029/387 4444/7715/387
f 4538/7717/362 4445/15030/362 4444/7718/362
f 4448/7720/365 4450/15031/365 4449/7721/365
f 4452/7723/444 4451/15032/444 4449/7724/444
f 4454/7726/358 4453/15033/358 4451/7727/358
f 4454/7729/366 4456/15034/366 4455/7730/366
f 4456/7732/367 4458/15035/367 4457/7733/367
f 4460/7735/368 4459/15036/368 4457/7736/368
f 4462/7738/369 4461/15037/369 4459/7739/369
f 4462/7741/447 4464/15038/447 4463/7742/447
f 4466/7744/446 4465/15039/446 4463/7745/446
f 4468/7747/351 4467/15040/351 4465/7748/351
f 4468/7750/481 4469/15041/481 4418/7751/481
f 4473/15042/745 4471/15043/745 4469/15044/745
f 4469/15044/420 4468/15045/420 4473/15042/420
f 4468/15045/374 4466/15046/374 4516/15047/374
f 4466/15046/530 4464/15048/530 4514/15049/530
f 4464/15048/374 4462/15050/374 4514/15049/374
f 4462/15050/713 4460/15051/713 4512/15052/713
f 4460/15051/586 4458/7754/586 4510/7753/586
f 4512/15052/420 4460/15051/420 4510/7753/420
f 4458/7754/420 4456/15053/420 4508/7755/420
f 4456/15053/717 4454/15054/717 4506/15055/717
f 4508/7755/420 4456/15053/420 4506/15055/420
f 4454/15054/420 4452/15056/420 4502/15057/420
f 4452/15056/420 4450/15058/420 4500/15059/420
f 4450/15058/420 4448/15060/420 4500/15059/420
f 4448/15060/420 4445/15061/420 4498/15062/420
f 4500/15059/420 4448/15060/420 4498/15062/420
f 4445/15061/374 4496/15063/374 4498/15062/374
f 4452/15056/420 4500/15059/420 4502/15057/420
f 4468/15045/420 4516/15047/420 4473/15042/420
f 4514/15049/420 4516/15047/420 4466/15046/420
f 4512/15052/420 4514/15049/420 4462/15050/420
f 4454/15054/713 4502/15057/713 4504/15064/713
f 4454/15054/420 4504/15064/420 4506/15055/420
f 4418/7756/438 4469/15065/438 4470/7757/438
f 4469/15066/746 4471/15067/746 4474/15068/746
f 4469/15066/420 4474/15068/420 4470/15069/420
f 4474/15068/420 4476/15070/420 4470/15069/420
f 4520/15071/530 4470/15069/530 4476/15070/530
f 4524/15072/753 4522/15073/753 4480/15074/753
f 4522/15073/374 4520/15071/374 4478/15075/374
f 4480/15074/420 4522/15073/420 4478/15075/420
f 4528/15076/420 4526/15077/420 4482/15078/420
f 4526/15077/713 4524/15072/713 4480/15074/713
f 4532/7761/420 4530/15079/420 4486/7759/420
f 4530/15079/420 4528/15076/420 4484/15080/420
f 4536/15081/717 4534/15082/717 4492/15083/717
f 4534/15082/420 4532/7761/420 4490/15084/420
f 4492/15083/327 4534/15082/327 4490/15084/327
f 4445/15085/420 4538/15086/420 4494/15087/420
f 4538/15086/420 4536/15081/420 4492/15083/420
f 4494/15087/530 4496/15088/530 4445/15085/530
f 4492/15083/420 4494/15087/420 4538/15086/420
f 4530/15079/420 4484/15080/420 4486/7759/420
f 4526/15077/420 4480/15074/420 4482/15078/420
f 4476/15070/420 4478/15075/420 4520/15071/420
f 4528/15076/420 4482/15078/420 4484/15080/420
f 4488/7760/713 4490/15084/713 4532/7761/713
f 4472/7762/601 4475/15089/601 4474/7763/601
f 4473/7765/373 4518/15090/373 4472/7766/373
f 4474/7768/402 4475/15091/402 4477/7769/402
f 4477/7771/390 4479/15092/390 4478/7772/390
f 4479/7774/391 4481/15093/391 4480/7775/391
f 4480/7777/430 4481/15094/430 4483/7778/430
f 4482/7780/429 4483/15095/429 4485/7781/429
f 4485/7783/428 4487/15096/428 4486/7784/428
f 4487/7786/486 4489/15097/486 4488/7787/486
f 4488/7789/765 4489/15098/765 4491/7790/765
f 4491/7792/501 4493/15099/501 4492/7793/501
f 4492/7795/502 4493/15100/502 4495/7796/502
f 4495/7798/362 4497/15101/362 4496/7799/362
f 4496/7801/363 4497/15102/363 4499/7802/363
f 4499/7804/365 4501/15103/365 4500/7805/365
f 4501/7807/444 4503/15104/444 4502/7808/444
f 4503/7810/570 4505/15105/570 4504/7811/570
f 4504/7813/487 4505/15106/487 4507/7814/487
f 4506/7816/749 4507/15107/749 4509/7817/749
f 4509/7819/726 4511/15108/726 4510/7820/726
f 4511/7822/500 4513/15109/500 4512/7823/500
f 4512/7825/447 4513/15110/447 4515/7826/447
f 4514/7828/371 4515/15111/371 4517/7829/371
f 4517/7831/372 4518/15112/372 4473/7832/372
f 4470/7834/402 4520/15113/402 4521/7835/402
f 4522/7837/390 4523/15114/390 4521/7838/390
f 4524/7840/378 4525/15115/378 4523/7841/378
f 4526/7843/392 4527/15116/392 4525/7844/392
f 4526/7846/393 4528/15117/393 4529/7847/393
f 4530/7849/394 4531/15118/394 4529/7850/394
f 4532/7852/395 4533/15119/395 4531/7853/395
f 4532/7855/426 4534/15120/426 4535/7856/426
f 4536/7858/396 4537/15121/396 4535/7859/396
f 4538/7861/502 4446/15122/502 4537/7862/502
f 4541/7864/385 4540/15123/385 4443/7865/385
f 4542/7867/396 4540/15124/396 4541/7868/396
f 4544/7870/562 4542/15125/562 4543/7871/562
f 4546/7873/486 4544/15126/486 4545/7874/486
f 4549/7876/727 4548/15127/727 4546/7877/727
f 4550/7879/380 4548/15128/380 4549/7880/380
f 4553/7882/728 4552/15129/728 4550/7883/728
f 4555/7885/431 4554/15130/431 4552/7886/431
f 4556/7888/377 4554/15131/377 4555/7889/377
f 4415/7891/402 4419/15132/402 4556/7892/402
f 4559/7894/403 4558/15133/403 4560/7895/403
f 4561/7897/448 4558/15134/448 4559/7898/448
f 4562/7900/326 4564/15135/326 4560/7901/326
f 4561/7903/325 4563/15136/325 4562/7904/325
f 4562/15137/350 4563/15138/350 4575/15139/350
f 4563/15138/405 4581/15140/405 4577/15141/405
f 4581/15140/769 4579/15142/769 4577/15141/769
f 4577/15141/732 4575/15139/732 4563/15138/732
f 4575/15139/705 4573/15143/705 4562/15137/705
f 4573/15143/405 4571/15144/405 4562/15137/405
f 4571/15144/350 4569/7908/350 4564/7907/350
f 4562/15137/732 4571/15144/732 4564/7907/732
f 4569/7908/350 4567/15145/350 4565/7906/350
f 4564/7909/337 4565/15146/337 4566/7910/337
f 4565/7912/336 4567/15147/336 4568/7913/336
f 4567/7915/335 4569/15148/335 4570/7916/335
f 4569/7918/406 4571/15149/406 4572/7919/406
f 4571/7921/333 4573/15150/333 4574/7922/333
f 4574/7924/332 4573/15151/332 4575/7925/332
f 4576/7927/788 4575/15152/788 4577/7928/788
f 4578/7930/330 4577/15153/330 4579/7931/330
f 4580/7933/409 4579/15154/409 4581/7934/409
f 4582/7936/328 4581/15155/328 4563/7937/328
f 4580/7939/345 4582/15156/345 4583/7940/345
f 4582/7942/344 4561/15157/344 4584/7943/344
f 4583/7947/2 4584/15158/2 4587/15159/2
f 4584/15158/2 4559/15160/2 4588/15161/2
f 4559/15160/2 4593/15162/2 4588/15161/2
f 4593/15162/2 4592/15163/2 4589/15164/2
f 4588/15161/2 4593/15162/2 4589/15164/2
f 4592/15163/2 4591/15165/2 4590/15166/2
f 4590/15166/2 4589/15164/2 4592/15163/2
f 4588/15161/2 4587/15159/2 4584/15158/2
f 4587/15159/2 4586/7945/2 4583/7947/2
f 4578/7948/411 4580/15167/411 4585/7949/411
f 4576/7951/347 4578/15168/347 4586/7952/347
f 4574/7954/323 4576/15169/323 4587/7955/323
f 4589/7957/494 4572/15170/494 4574/7958/494
f 4590/7960/541 4570/15171/541 4572/7961/541
f 4591/7963/338 4568/15172/338 4570/7964/338
f 4592/7966/340 4566/15173/340 4568/7967/340
f 4593/7969/341 4560/15174/341 4566/7970/341
f 4594/7972/416 4596/15175/416 4605/7973/416
f 4597/7977/8 4594/15176/8 4603/7975/8
f 4594/15176/8 4595/15177/8 4603/7975/8
f 4595/15177/8 4604/15178/8 4603/7975/8
f 4599/7978/417 4596/15179/417 4594/7979/417
f 4600/7981/7 4599/15180/7 4597/7982/7
f 4602/7986/2 4605/15181/2 4600/7984/2
f 4605/15181/2 4596/15182/2 4600/7984/2
f 4596/15182/2 4599/15183/2 4600/7984/2
f 4601/7987/418 4600/15184/418 4598/7988/418
f 4602/7990/419 4601/15185/419 4603/7991/419
f 4605/7993/11 4602/15186/11 4604/7994/11
f 4607/7996/494 4606/15187/494 4608/7997/494
f 4609/7999/495 4606/15188/495 4607/8000/495
f 4610/8002/333 4612/15189/333 4608/8003/333
f 4609/8005/332 4611/15190/332 4610/8006/332
f 4610/15191/586 4611/15192/586 4623/15193/586
f 4611/15192/713 4629/15194/713 4625/15195/713
f 4629/15194/717 4627/15196/717 4625/15195/717
f 4625/15195/713 4623/15193/713 4611/15192/713
f 4623/15193/586 4621/15197/586 4610/15191/586
f 4621/15197/420 4619/15198/420 4610/15191/420
f 4619/15198/420 4617/8010/420 4612/8009/420
f 4610/15191/420 4619/15198/420 4612/8009/420
f 4617/8010/420 4615/15199/420 4613/8008/420
f 4612/8011/406 4613/15200/406 4614/8012/406
f 4613/8014/335 4615/15201/335 4616/8015/335
f 4615/8017/336 4617/15202/336 4618/8018/336
f 4617/8020/337 4619/15203/337 4620/8021/337
f 4619/8023/326 4621/15204/326 4622/8024/326
f 4622/8026/325 4621/15205/325 4623/8027/325
f 4624/8029/328 4623/15206/328 4625/8030/328
f 4626/8032/409 4625/15207/409 4627/8033/409
f 4628/8035/408 4627/15208/408 4629/8036/408
f 4630/8038/407 4629/15209/407 4611/8039/407
f 4628/8041/411 4630/15210/411 4631/8042/411
f 4630/8044/423 4609/15211/423 4632/8045/423
f 4631/8049/8 4632/15212/8 4635/15213/8
f 4632/15212/8 4607/15214/8 4636/15215/8
f 4607/15214/8 4641/15216/8 4636/15215/8
f 4641/15216/8 4640/15217/8 4637/15218/8
f 4636/15215/8 4641/15216/8 4637/15218/8
f 4640/15217/8 4639/15219/8 4638/15220/8
f 4638/15220/8 4637/15218/8 4640/15217/8
f 4636/15215/8 4635/15213/8 4632/15212/8
f 4635/15213/8 4634/8047/8 4631/8049/8
f 4626/8050/345 4628/15221/345 4633/8051/345
f 4624/8053/493 4626/15222/493 4634/8054/493
f 4622/8056/448 4624/15223/448 4635/8057/448
f 4637/8059/508 4620/15224/508 4622/8060/508
f 4638/8062/424 4618/15225/424 4620/8063/424
f 4639/8065/425 4616/15226/425 4618/8066/425
f 4640/8068/338 4614/15227/338 4616/8069/338
f 4641/8071/414 4608/15228/414 4614/8072/414
f 4642/8074/363 4645/15229/363 4647/8075/363
f 4648/8077/362 4645/15230/362 4642/8078/362
f 4647/15231/707 4645/15232/707 4646/15233/707
f 4646/15233/350 4767/15234/350 4647/15231/350
f 4767/15234/350 4768/15235/350 4690/15236/350
f 4768/15235/350 4769/15237/350 4688/15238/350
f 4769/15237/498 4771/15239/498 4688/15238/498
f 4771/15239/350 4773/15240/350 4686/15241/350
f 4773/15240/405 4775/8081/405 4684/8080/405
f 4686/15241/734 4773/15240/734 4684/8080/734
f 4775/8081/350 4777/15242/350 4682/8082/350
f 4777/15242/705 4779/15243/705 4680/15244/705
f 4682/8082/350 4777/15242/350 4680/15244/350
f 4779/15243/498 4781/15245/498 4676/15246/498
f 4781/15245/350 4783/15247/350 4674/15248/350
f 4783/15247/350 4693/15249/350 4674/15248/350
f 4693/15249/350 4671/15250/350 4672/15251/350
f 4674/15248/350 4693/15249/350 4672/15251/350
f 4671/15250/350 4669/15252/350 4672/15251/350
f 4781/15245/350 4674/15248/350 4676/15246/350
f 4767/15234/350 4690/15236/350 4647/15231/350
f 4688/15238/764 4690/15236/764 4768/15235/764
f 4686/15241/350 4688/15238/350 4771/15239/350
f 4779/15243/600 4676/15246/600 4678/15253/600
f 4779/15243/542 4678/15253/542 4680/15244/542
f 4667/15254/350 4669/15255/350 4671/15256/350
f 4671/15256/350 4694/15257/350 4667/15254/350
f 4694/15257/350 4696/15258/350 4665/15259/350
f 4696/15258/350 4698/15260/350 4663/15261/350
f 4698/15260/350 4700/15262/350 4663/15261/350
f 4700/15262/350 4702/15263/350 4661/15264/350
f 4702/15263/350 4704/8084/350 4659/8083/350
f 4661/15264/583 4702/15263/583 4659/8083/583
f 4704/8084/405 4706/15265/405 4657/8085/405
f 4706/15265/705 4708/15266/705 4655/15267/705
f 4657/8085/405 4706/15265/405 4655/15267/405
f 4708/15266/350 4710/15268/350 4651/15269/350
f 4710/15268/600 4712/15270/600 4649/15271/600
f 4712/15270/350 4714/15272/350 4649/15271/350
f 4714/15272/350 4646/15273/350 4648/15274/350
f 4649/15271/350 4714/15272/350 4648/15274/350
f 4646/15273/763 4645/15275/763 4648/15274/763
f 4710/15268/600 4649/15271/600 4651/15269/600
f 4694/15257/350 4665/15259/350 4667/15254/350
f 4663/15261/350 4665/15259/350 4696/15258/350
f 4661/15264/405 4663/15261/405 4700/15262/405
f 4708/15266/732 4651/15269/732 4653/15276/732
f 4708/15266/789 4653/15276/789 4655/15267/789
f 4650/8086/385 4649/15277/385 4648/8087/385
f 4651/8089/384 4649/15278/384 4650/8090/384
f 4654/8092/383 4653/15279/383 4651/8093/383
f 4655/8095/427 4653/15280/427 4654/8096/427
f 4657/8098/428 4655/15281/428 4656/8099/428
f 4660/8101/429 4659/15282/429 4657/8102/429
f 4662/8104/430 4661/15283/430 4659/8105/430
f 4663/8107/484 4661/15284/484 4662/8108/484
f 4666/8110/390 4665/15285/390 4663/8111/390
f 4668/8113/402 4667/15286/402 4665/8114/402
f 4669/8116/433 4667/15287/433 4668/8117/433
f 4672/8119/434 4669/15288/434 4670/8120/434
f 4674/8122/351 4672/15289/351 4673/8123/351
f 4676/8125/446 4674/15290/446 4675/8126/446
f 4679/8128/435 4678/15291/435 4676/8129/435
f 4680/8131/500 4678/15292/500 4679/8132/500
f 4682/8134/355 4680/15293/355 4681/8135/355
f 4685/8137/356 4684/15294/356 4682/8138/356
f 4686/8140/436 4684/15295/436 4685/8141/436
f 4688/8143/445 4686/15296/445 4687/8144/445
f 4691/8146/359 4690/15297/359 4688/8147/359
f 4647/8149/365 4690/15298/365 4691/8150/365
f 4692/8152/348 4695/15299/348 4694/8153/348
f 4785/8155/349 4692/15300/349 4671/8156/349
f 4697/8158/376 4696/15301/376 4694/8159/376
f 4699/8161/377 4698/15302/377 4696/8162/377
f 4699/8164/378 4701/15303/378 4700/8165/378
f 4703/8167/392 4702/15304/392 4700/8168/392
f 4705/8170/429 4704/15305/429 4702/8171/429
f 4707/8173/428 4706/15306/428 4704/8174/428
f 4709/8176/395 4708/15307/395 4706/8177/395
f 4711/8179/568 4710/15308/568 4708/8180/568
f 4713/8182/396 4712/15309/396 4710/8183/396
f 4715/8185/502 4714/15310/502 4712/8186/502
f 4715/8188/497 4716/15311/497 4646/8189/497
f 4720/15312/718 4718/15313/718 4716/15314/718
f 4716/15314/420 4715/15315/420 4720/15312/420
f 4715/15315/420 4713/15316/420 4763/15317/420
f 4713/15316/586 4711/15318/586 4761/15319/586
f 4711/15318/420 4709/15320/420 4761/15319/420
f 4709/15320/420 4707/15321/420 4759/15322/420
f 4707/15321/420 4705/8192/420 4757/8191/420
f 4759/15322/703 4707/15321/703 4757/8191/703
f 4705/8192/420 4703/15323/420 4755/8193/420
f 4703/15323/420 4701/15324/420 4753/15325/420
f 4755/8193/327 4703/15323/327 4753/15325/327
f 4701/15324/420 4699/15326/420 4749/15327/420
f 4699/15326/420 4697/15328/420 4747/15329/420
f 4697/15328/420 4695/15330/420 4747/15329/420
f 4695/15330/374 4692/15331/374 4745/15332/374
f 4747/15329/530 4695/15330/530 4745/15332/530
f 4692/15331/374 4743/15333/374 4745/15332/374
f 4699/15326/374 4747/15329/374 4749/15327/374
f 4715/15315/420 4763/15317/420 4720/15312/420
f 4761/15319/711 4763/15317/711 4713/15316/711
f 4759/15322/586 4761/15319/586 4709/15320/586
f 4701/15324/790 4749/15327/790 4751/15334/790
f 4701/15324/791 4751/15334/791 4753/15325/791
f 4646/8194/361 4716/15335/361 4717/8195/361
f 4716/15336/754 4718/15337/754 4721/15338/754
f 4716/15336/420 4721/15338/420 4717/15339/420
f 4721/15338/420 4723/15340/420 4717/15339/420
f 4766/15341/420 4717/15339/420 4723/15340/420
f 4772/15342/586 4770/15343/586 4727/15344/586
f 4770/15343/374 4766/15341/374 4725/15345/374
f 4727/15344/374 4770/15343/374 4725/15345/374
f 4776/8197/420 4774/15346/420 4729/8198/420
f 4774/15346/420 4772/15342/420 4729/8198/420
f 4780/15347/420 4778/15348/420 4733/15349/420
f 4778/15348/420 4776/8197/420 4731/8199/420
f 4784/15350/420 4782/15351/420 4739/15352/420
f 4782/15351/420 4780/15347/420 4737/15353/420
f 4739/15352/530 4782/15351/530 4737/15353/530
f 4692/15354/530 4785/15355/530 4741/15356/530
f 4785/15355/420 4784/15350/420 4739/15352/420
f 4741/15356/530 4743/15357/530 4692/15354/530
f 4739/15352/374 4741/15356/374 4785/15355/374
f 4778/15348/420 4731/8199/420 4733/15349/420
f 4723/15340/745 4725/15345/745 4766/15341/745
f 4772/15342/482 4727/15344/482 4729/8198/482
f 4735/15358/712 4737/15353/712 4780/15347/712
f 4733/15349/792 4735/15358/792 4780/15347/792
f 4718/8200/442 4719/15359/442 4722/8201/442
f 4765/8203/364 4719/15360/364 4718/8204/364
f 4722/8206/365 4724/15361/365 4723/8207/365
f 4724/8209/503 4726/15362/503 4725/8210/503
f 4725/8212/437 4726/15363/437 4728/8213/437
f 4728/8215/436 4730/15364/436 4729/8216/436
f 4730/8218/356 4732/15365/356 4731/8219/356
f 4731/8221/355 4732/15366/355 4734/8222/355
f 4733/8224/369 4734/15367/369 4736/8225/369
f 4736/8227/505 4738/15368/505 4737/8228/505
f 4738/8230/446 4740/15369/446 4739/8231/446
f 4739/8233/372 4740/15370/372 4742/8234/372
f 4742/8236/477 4744/15371/477 4743/8237/477
f 4743/8239/589 4744/15372/589 4746/8240/589
f 4746/8242/793 4748/15373/793 4747/8243/793
f 4747/8245/489 4748/15374/489 4750/8246/489
f 4749/8248/391 4750/15375/391 4752/8249/391
f 4752/8251/392 4754/15376/392 4753/8252/392
f 4754/8254/429 4756/15377/429 4755/8255/429
f 4755/8257/428 4756/15378/428 4758/8258/428
f 4757/8260/427 4758/15379/427 4760/8261/427
f 4760/8263/426 4762/15380/426 4761/8264/426
f 4761/8266/501 4762/15381/501 4764/8267/501
f 4763/8269/385 4764/15382/385 4765/8270/385
f 4717/8272/365 4766/15383/365 4768/8273/365
f 4766/8275/444 4770/15384/444 4769/8276/444
f 4770/8278/445 4772/15385/445 4771/8279/445
f 4774/8281/366 4773/15386/366 4771/8282/366
f 4774/8284/356 4776/15387/356 4775/8285/356
f 4776/8287/355 4778/15388/355 4777/8288/355
f 4778/8290/369 4780/15389/369 4779/8291/369
f 4780/8293/370 4782/15390/370 4781/8294/370
f 4782/8296/446 4784/15391/446 4783/8297/446
f 4784/8299/351 4785/15392/351 4693/8300/351
f 4787/8302/448 4786/15393/448 4788/8303/448
f 4789/8305/403 4786/15394/403 4787/8306/403
f 4790/8308/332 4792/15395/332 4788/8309/332
f 4789/8311/333 4791/15396/333 4790/8312/333
f 4790/15397/732 4791/15398/732 4803/15399/732
f 4791/15398/545 4809/15400/545 4805/15401/545
f 4809/15400/769 4807/15402/769 4805/15401/769
f 4805/15401/545 4803/15399/545 4791/15398/545
f 4803/15399/350 4801/15403/350 4790/15397/350
f 4801/15403/350 4799/15404/350 4790/15397/350
f 4799/15404/350 4797/8316/350 4792/8315/350
f 4790/15397/350 4799/15404/350 4792/8315/350
f 4797/8316/350 4795/15405/350 4793/8314/350
f 4792/8317/407 4793/15406/407 4794/8318/407
f 4793/8320/330 4795/15407/330 4796/8321/330
f 4795/8323/329 4797/15408/329 4798/8324/329
f 4797/8326/328 4799/15409/328 4800/8327/328
f 4799/8329/325 4801/15410/325 4802/8330/325
f 4802/8332/326 4801/15411/326 4803/8333/326
f 4804/8335/337 4803/15412/337 4805/8336/337
f 4806/8338/336 4805/15413/336 4807/8339/336
f 4808/8341/335 4807/15414/335 4809/8342/335
f 4810/8344/406 4809/15415/406 4791/8345/406
f 4808/8347/340 4810/15416/340 4811/8348/340
f 4810/8350/341 4789/15417/341 4812/8351/341
f 4811/8355/8 4812/15418/8 4815/15419/8
f 4812/15418/8 4787/15420/8 4816/15421/8
f 4787/15420/8 4821/15422/8 4816/15421/8
f 4821/15422/8 4820/15423/8 4817/15424/8
f 4816/15421/8 4821/15422/8 4817/15424/8
f 4820/15423/8 4819/15425/8 4818/15426/8
f 4818/15426/8 4817/15424/8 4820/15423/8
f 4816/15421/8 4815/15419/8 4812/15418/8
f 4815/15419/8 4814/8353/8 4811/8355/8
f 4806/8356/415 4808/15427/415 4813/8357/415
f 4804/8359/541 4806/15428/541 4814/8360/541
f 4802/8362/324 4804/15429/324 4815/8363/324
f 4817/8365/412 4800/15430/412 4802/8366/412
f 4818/8368/347 4798/15431/347 4800/8369/347
f 4819/8371/346 4796/15432/346 4798/8372/346
f 4820/8374/345 4794/15433/345 4796/8375/345
f 4821/8377/344 4788/15434/344 4794/8378/344
f 4823/8380/15 4827/15435/15 4825/8381/15
f 4917/8383/16 4823/15436/16 4822/8384/16
f 4832/15437/8 4834/15438/8 4836/15439/8
f 4832/15437/8 4836/15439/8 4838/15440/8
f 4825/15441/8 4826/15442/8 4830/15443/8
f 4830/15443/8 4832/15437/8 4840/15444/8
f 4832/15437/8 4838/15440/8 4840/15444/8
f 4840/15444/8 4842/15445/8 4844/15446/8
f 4822/15447/8 4825/15441/8 4830/15443/8
f 4914/15448/8 4916/15449/8 4912/15450/8
f 4916/15449/8 4824/15451/8 4912/15450/8
f 4824/15451/8 4822/15447/8 4840/15444/8
f 4822/15447/8 4830/15443/8 4840/15444/8
f 4840/15444/8 4844/15446/8 4846/15452/8
f 4906/15453/8 4908/15454/8 4910/15455/8
f 4910/15455/8 4912/15450/8 4824/15451/8
f 4824/15451/8 4840/15444/8 4846/15452/8
f 4848/15456/8 4850/15457/8 4852/15458/8
f 4824/15451/8 4846/15452/8 4910/15455/8
f 4846/15452/8 4848/15456/8 4910/15455/8
f 4904/15459/8 4906/15453/8 4910/15455/8
f 4848/15456/8 4852/15458/8 4854/15460/8
f 4856/15461/8 4858/15462/8 4862/15463/8
f 4858/15462/8 4860/15464/8 4862/15463/8
f 4848/15456/8 4854/15460/8 4902/15465/8
f 4854/15460/8 4856/15461/8 4902/15465/8
f 4904/15459/8 4910/15455/8 4902/15465/8
f 4910/15455/8 4848/15456/8 4902/15465/8
f 4898/15466/8 4900/15467/8 4902/15465/8
f 4896/15468/8 4898/15466/8 4902/15465/8
f 4890/15469/8 4892/15470/8 4894/15471/8
f 4894/15471/8 4896/15468/8 4864/15472/8
f 4896/15468/8 4902/15465/8 4864/15472/8
f 4902/15465/8 4856/15461/8 4864/15472/8
f 4856/15461/8 4862/15463/8 4864/15472/8
f 4864/15472/8 4866/15473/8 4870/15474/8
f 4866/15473/8 4868/15475/8 4870/15474/8
f 4888/15476/8 4890/15469/8 4894/15471/8
f 4872/8386/8 4874/15477/8 4878/8387/8
f 4874/15477/8 4876/15478/8 4878/8387/8
f 4864/15472/8 4870/15474/8 4872/8386/8
f 4888/15476/8 4894/15471/8 4886/15479/8
f 4894/15471/8 4864/15472/8 4886/15479/8
f 4882/15480/8 4884/15481/8 4886/15479/8
f 4886/15479/8 4864/15472/8 4880/8388/8
f 4864/15472/8 4872/8386/8 4880/8388/8
f 4880/8388/8 4882/15480/8 4886/15479/8
f 4827/8389/17 4828/15482/17 4826/8390/17
f 4853/15483/2 4851/15484/2 4847/15485/2
f 4851/15484/2 4849/15486/2 4847/15485/2
f 4859/15487/2 4857/15488/2 4861/15489/2
f 4857/15488/2 4855/15490/2 4861/15489/2
f 4855/15490/2 4853/15483/2 4845/15491/2
f 4853/15483/2 4847/15485/2 4845/15491/2
f 4845/15491/2 4843/15492/2 4839/15493/2
f 4843/15492/2 4841/15494/2 4839/15493/2
f 4867/15495/2 4865/15496/2 4869/15497/2
f 4865/15496/2 4863/15498/2 4869/15497/2
f 4863/15498/2 4861/15489/2 4855/15490/2
f 4863/15498/2 4855/15490/2 4845/15491/2
f 4875/15499/2 4873/15500/2 4877/15501/2
f 4873/15500/2 4871/15502/2 4877/15501/2
f 4871/15502/2 4869/15497/2 4837/15503/2
f 4869/15497/2 4863/15498/2 4837/15503/2
f 4863/15498/2 4845/15491/2 4839/15493/2
f 4837/15503/2 4835/15504/2 4831/15505/2
f 4835/15504/2 4833/15506/2 4831/15505/2
f 4863/15498/2 4839/15493/2 4837/15503/2
f 4829/15507/2 4828/15508/2 4827/15509/2
f 4837/15503/2 4831/15505/2 4879/15510/2
f 4831/15505/2 4829/15507/2 4879/15510/2
f 4877/15501/2 4871/15502/2 4879/15510/2
f 4871/15502/2 4837/15503/2 4879/15510/2
f 4883/15511/2 4881/15512/2 4885/15513/2
f 4881/15512/2 4879/15510/2 4885/15513/2
f 4829/15507/2 4827/15509/2 4823/15514/2
f 4891/15515/2 4889/15516/2 4887/15517/2
f 4887/15517/2 4885/15513/2 4879/15510/2
f 4879/15510/2 4829/15507/2 4823/15514/2
f 4917/15518/2 4915/15519/2 4911/15520/2
f 4915/15519/2 4913/15521/2 4911/15520/2
f 4879/15510/2 4823/15514/2 4917/15518/2
f 4893/15522/2 4891/15515/2 4887/15517/2
f 4887/15517/2 4879/15510/2 4893/15522/2
f 4879/15510/2 4917/15518/2 4893/15522/2
f 4909/8392/2 4907/15523/2 4905/15524/2
f 4917/15518/2 4911/15520/2 4895/8394/2
f 4911/15520/2 4909/8392/2 4895/8394/2
f 4899/15525/2 4897/15526/2 4901/8393/2
f 4897/15526/2 4895/8394/2 4901/8393/2
f 4895/8394/2 4893/15522/2 4917/15518/2
f 4909/8392/2 4905/15524/2 4903/15527/2
f 4909/8392/2 4903/15527/2 4901/8393/2
f 4830/8395/18 4826/15528/18 4828/8396/18
f 4829/8398/19 4831/15529/19 4832/8399/19
f 4831/8401/48 4833/15530/48 4834/8402/48
f 4833/8404/21 4835/15531/21 4836/8405/21
f 4838/8407/22 4836/15532/22 4835/8408/22
f 4837/8410/23 4839/15533/23 4840/8411/23
f 4839/8413/24 4841/15534/24 4842/8414/24
f 4841/8416/35 4843/15535/35 4844/8417/35
f 4845/8419/794 4846/15536/794 4844/8420/794
f 4845/8422/295 4847/15537/295 4848/8423/295
f 4847/8425/17 4849/15538/17 4850/8426/17
f 4849/8428/283 4851/15539/283 4852/8429/283
f 4853/8431/29 4854/15540/29 4852/8432/29
f 4853/8434/282 4855/15541/282 4856/8435/282
f 4855/8437/276 4857/15542/276 4858/8438/276
f 4857/8440/277 4859/15543/277 4860/8441/277
f 4862/8443/290 4860/15544/290 4859/8444/290
f 4861/8446/307 4863/15545/307 4864/8447/307
f 4863/8449/573 4865/15546/573 4866/8450/573
f 4865/8452/453 4867/15547/453 4868/8453/453
f 4870/8455/319 4868/15548/319 4867/8456/319
f 4870/8458/37 4869/15549/37 4871/8459/37
f 4871/8461/28 4873/15550/28 4874/8462/28
f 4873/8464/38 4875/15551/38 4876/8465/38
f 4878/8467/15 4876/15552/15 4875/8468/15
f 4877/8470/40 4879/15553/40 4880/8471/40
f 4880/8473/22 4879/15554/22 4881/8474/22
f 4881/8476/41 4883/15555/41 4884/8477/41
f 4886/8479/48 4884/15556/48 4883/8480/48
f 4885/8482/291 4887/15557/291 4888/8483/291
f 4887/8485/795 4889/15558/795 4890/8486/795
f 4889/8488/36 4891/15559/36 4892/8489/36
f 4894/8491/24 4892/15560/24 4891/8492/24
f 4893/8494/289 4895/15561/289 4896/8495/289
f 4895/8497/29 4897/15562/29 4898/8498/29
f 4897/8500/15 4899/15563/15 4900/8501/15
f 4902/8503/17 4900/15564/17 4899/8504/17
f 4901/8506/288 4903/15565/288 4904/8507/288
f 4903/8509/299 4905/15566/299 4906/8510/299
f 4905/8512/20 4907/15567/20 4908/8513/20
f 4910/8515/21 4908/15568/21 4907/8516/21
f 4909/8518/49 4911/15569/49 4912/8519/49
f 4912/8521/43 4911/15570/43 4913/8522/43
f 4913/8524/44 4915/15571/44 4916/8525/44
f 4824/8527/25 4916/15572/25 4915/8528/25
f 5013/8530/16 4919/15573/16 4918/8531/16
f 4919/8533/15 4923/15574/15 4921/8534/15
f 4928/15575/8 4930/15576/8 4932/15577/8
f 4928/15575/8 4932/15577/8 4934/15578/8
f 4921/15579/8 4922/15580/8 4926/15581/8
f 4926/15581/8 4928/15575/8 4934/15578/8
f 4936/15582/8 4938/15583/8 4940/15584/8
f 4926/15581/8 4934/15578/8 4936/15582/8
f 4918/15585/8 4921/15579/8 4926/15581/8
f 5010/15586/8 5012/15587/8 5008/15588/8
f 5012/15587/8 4920/15589/8 5008/15588/8
f 4920/15589/8 4918/15585/8 4936/15582/8
f 4918/15585/8 4926/15581/8 4936/15582/8
f 4936/15582/8 4940/15584/8 4942/15590/8
f 5002/15591/8 5004/15592/8 5006/15593/8
f 5006/15593/8 5008/15588/8 4920/15589/8
f 4920/15589/8 4936/15582/8 4942/15590/8
f 4944/15594/8 4946/15595/8 4948/15596/8
f 4920/15589/8 4942/15590/8 5006/15593/8
f 4942/15590/8 4944/15594/8 5006/15593/8
f 5000/15597/8 5002/15591/8 5006/15593/8
f 4944/15594/8 4948/15596/8 4950/15598/8
f 4952/15599/8 4954/15600/8 4956/15601/8
f 4944/15594/8 4950/15598/8 4998/15602/8
f 4950/15598/8 4952/15599/8 4998/15602/8
f 5000/15597/8 5006/15593/8 4998/15602/8
f 5006/15593/8 4944/15594/8 4998/15602/8
f 4994/15603/8 4996/15604/8 4998/15602/8
f 4952/15599/8 4956/15601/8 4958/15605/8
f 4992/15606/8 4994/15603/8 4998/15602/8
f 4986/15607/8 4988/15608/8 4984/15609/8
f 4988/15608/8 4990/15610/8 4984/15609/8
f 4990/15610/8 4992/15606/8 4960/15611/8
f 4992/15606/8 4998/15602/8 4960/15611/8
f 4998/15602/8 4952/15599/8 4958/15605/8
f 4960/15611/8 4962/15612/8 4966/15613/8
f 4962/15612/8 4964/15614/8 4966/15613/8
f 4998/15602/8 4958/15605/8 4960/15611/8
f 4968/8536/8 4970/15615/8 4974/8537/8
f 4970/15615/8 4972/15616/8 4974/8537/8
f 4960/15611/8 4966/15613/8 4968/8536/8
f 4984/15609/8 4990/15610/8 4982/15617/8
f 4990/15610/8 4960/15611/8 4982/15617/8
f 4978/15618/8 4980/15619/8 4982/15617/8
f 4982/15617/8 4960/15611/8 4976/8538/8
f 4960/15611/8 4968/8536/8 4976/8538/8
f 4976/8538/8 4978/15618/8 4982/15617/8
f 4923/8539/17 4924/15620/17 4922/8540/17
f 4949/15621/2 4947/15622/2 4943/15623/2
f 4947/15622/2 4945/15624/2 4943/15623/2
f 4955/15625/2 4953/15626/2 4951/15627/2
f 4951/15627/2 4949/15621/2 4941/15628/2
f 4949/15621/2 4943/15623/2 4941/15628/2
f 4941/15628/2 4939/15629/2 4935/15630/2
f 4939/15629/2 4937/15631/2 4935/15630/2
f 4957/15632/2 4955/15625/2 4951/15627/2
f 4963/15633/2 4961/15634/2 4965/15635/2
f 4961/15634/2 4959/15636/2 4965/15635/2
f 4959/15636/2 4957/15632/2 4941/15628/2
f 4957/15632/2 4951/15627/2 4941/15628/2
f 4971/15637/2 4969/15638/2 4973/15639/2
f 4969/15638/2 4967/15640/2 4973/15639/2
f 4967/15640/2 4965/15635/2 4933/15641/2
f 4965/15635/2 4959/15636/2 4933/15641/2
f 4959/15636/2 4941/15628/2 4933/15641/2
f 4941/15628/2 4935/15630/2 4933/15641/2
f 4933/15641/2 4931/15642/2 4927/15643/2
f 4931/15642/2 4929/15644/2 4927/15643/2
f 4925/15645/2 4924/15646/2 4923/15647/2
f 4933/15641/2 4927/15643/2 4925/15645/2
f 4973/15639/2 4967/15640/2 4975/15648/2
f 4967/15640/2 4933/15641/2 4975/15648/2
f 4979/15649/2 4977/15650/2 4981/15651/2
f 4977/15650/2 4975/15648/2 4981/15651/2
f 4925/15645/2 4923/15647/2 4919/15652/2
f 4975/15648/2 4933/15641/2 4919/15652/2
f 4933/15641/2 4925/15645/2 4919/15652/2
f 4987/15653/2 4985/15654/2 4983/15655/2
f 4983/15655/2 4981/15651/2 4975/15648/2
f 5013/15656/2 5011/15657/2 5007/15658/2
f 5011/15657/2 5009/15659/2 5007/15658/2
f 4975/15648/2 4919/15652/2 5013/15656/2
f 4989/15660/2 4987/15653/2 4983/15655/2
f 4983/15655/2 4975/15648/2 4989/15660/2
f 4975/15648/2 5013/15656/2 4989/15660/2
f 5005/8542/2 5003/15661/2 5001/15662/2
f 5013/15656/2 5007/15658/2 4991/8544/2
f 5007/15658/2 5005/8542/2 4991/8544/2
f 4995/15663/2 4993/15664/2 4997/8543/2
f 4993/15664/2 4991/8544/2 4997/8543/2
f 4991/8544/2 4989/15660/2 5013/15656/2
f 5005/8542/2 5001/15662/2 4999/15665/2
f 5005/8542/2 4999/15665/2 4997/8543/2
f 4926/8545/18 4922/15666/18 4924/8546/18
f 4925/8548/19 4927/15667/19 4928/8549/19
f 4927/8551/48 4929/15668/48 4930/8552/48
f 4930/8554/21 4929/15669/21 4931/8555/21
f 4934/8557/22 4932/15670/22 4931/8558/22
f 4933/8560/473 4935/15671/473 4936/8561/473
f 4935/8563/24 4937/15672/24 4938/8564/24
f 4937/8566/35 4939/15673/35 4940/8567/35
f 4941/8569/546 4942/15674/546 4940/8570/546
f 4941/8572/297 4943/15675/297 4944/8573/297
f 4943/8575/17 4945/15676/17 4946/8576/17
f 4945/8578/296 4947/15677/296 4948/8579/296
f 4949/8581/29 4950/15678/29 4948/8582/29
f 4949/8584/471 4951/15679/471 4952/8585/471
f 4951/8587/31 4953/15680/31 4954/8588/31
f 4953/8590/277 4955/15681/277 4956/8591/277
f 4958/8593/290 4956/15682/290 4955/8594/290
f 4957/8596/34 4959/15683/34 4960/8597/34
f 4959/8599/285 4961/15684/285 4962/8600/285
f 4961/8602/453 4963/15685/453 4964/8603/453
f 4966/8605/36 4964/15686/36 4963/8606/36
f 4966/8608/37 4965/15687/37 4967/8609/37
f 4967/8611/28 4969/15688/28 4970/8612/28
f 4969/8614/38 4971/15689/38 4972/8615/38
f 4974/8617/15 4972/15690/15 4971/8618/15
f 4973/8620/40 4975/15691/40 4976/8621/40
f 4976/8623/22 4975/15692/22 4977/8624/22
f 4977/8626/41 4979/15693/41 4980/8627/41
f 4982/8629/48 4980/15694/48 4979/8630/48
f 4981/8632/291 4983/15695/291 4984/8633/291
f 4983/8635/794 4985/15696/794 4986/8636/794
f 4985/8638/36 4987/15697/36 4988/8639/36
f 4990/8641/24 4988/15698/24 4987/8642/24
f 4989/8644/45 4991/15699/45 4992/8645/45
f 4991/8647/29 4993/15700/29 4994/8648/29
f 4993/8650/15 4995/15701/15 4996/8651/15
f 4998/8653/17 4996/15702/17 4995/8654/17
f 4998/8656/288 4997/15703/288 4999/8657/288
f 4999/8659/41 5001/15704/41 5002/8660/41
f 5002/8662/20 5001/15705/20 5003/8663/20
f 5006/8665/21 5004/15706/21 5003/8666/21
f 5005/8668/49 5007/15707/49 5008/8669/49
f 5008/8671/43 5007/15708/43 5009/8672/43
f 5009/8674/44 5011/15709/44 5012/8675/44
f 4920/8677/25 5012/15710/25 5011/8678/25
f 5016/8680/300 5061/15711/300 5015/8681/300
f 5019/8683/16 5016/15712/16 5014/8684/16
f 5020/8686/44 5019/15713/44 5017/8687/44
f 5023/8689/796 5021/15714/796 5020/8690/796
f 5024/8692/48 5022/15715/48 5021/8693/48
f 5027/8695/288 5022/15716/288 5024/8696/288
f 5028/8698/579 5027/15717/579 5025/8699/579
f 5029/8701/458 5028/15718/458 5026/8702/458
f 5030/8704/319 5029/15719/319 5031/8705/319
f 5035/8707/278 5030/15720/278 5032/8708/278
f 5036/8710/41 5035/15721/41 5033/8711/41
f 5037/8713/279 5036/15722/279 5034/8714/279
f 5038/8716/305 5037/15723/305 5039/8717/305
f 5043/8719/280 5038/15724/280 5040/8720/280
f 5044/8722/306 5043/15725/306 5041/8723/306
f 5045/8725/307 5044/15726/307 5042/8726/307
f 5046/8728/22 5045/15727/22 5047/8729/22
f 5051/8731/549 5046/15728/549 5048/8732/549
f 5052/8734/296 5051/15729/296 5049/8735/296
f 5053/8737/297 5052/15730/297 5050/8738/297
f 5054/8740/50 5053/15731/50 5055/8741/50
f 5059/8743/23 5054/15732/23 5056/8744/23
f 5060/8746/31 5059/15733/31 5057/8747/31
f 5061/8749/517 5060/15734/517 5058/8750/517
f 5064/8752/315 5109/15735/315 5063/8753/315
f 5067/8755/316 5064/15736/316 5062/8756/316
f 5068/8758/44 5067/15737/44 5065/8759/44
f 5069/8761/759 5068/15738/759 5066/8762/759
f 5070/8764/20 5069/15739/20 5071/8765/20
f 5075/8767/760 5070/15740/760 5072/8768/760
f 5076/8770/579 5075/15741/579 5073/8771/579
f 5077/8773/458 5076/15742/458 5074/8774/458
f 5078/8776/43 5077/15743/43 5079/8777/43
f 5083/8779/278 5078/15744/278 5080/8780/278
f 5084/8782/41 5083/15745/41 5081/8783/41
f 5085/8785/279 5084/15746/279 5082/8786/279
f 5086/8788/320 5085/15747/320 5087/8789/320
f 5091/8791/321 5086/15748/321 5088/8792/321
f 5092/8794/453 5091/15749/453 5089/8795/453
f 5095/8797/34 5093/15750/34 5092/8798/34
f 5094/8800/277 5093/15751/277 5095/8801/277
f 5099/8803/282 5094/15752/282 5096/8804/282
f 5100/8806/591 5099/15753/591 5097/8807/591
f 5101/8809/472 5100/15754/472 5098/8810/472
f 5102/8812/25 5101/15755/25 5103/8813/25
f 5107/8815/556 5102/15756/556 5104/8816/556
f 5108/8818/31 5107/15757/31 5105/8819/31
f 5109/8821/761 5108/15758/761 5106/8822/761
f 5111/8824/323 5110/15759/323 5112/8825/323
f 5113/8827/494 5110/15760/494 5111/8828/494
f 5114/8830/325 5116/15761/325 5112/8831/325
f 5113/8833/326 5115/15762/326 5114/8834/326
f 5114/15763/713 5115/15764/713 5127/15765/713
f 5115/15764/327 5133/15766/327 5129/15767/327
f 5133/15766/420 5131/15768/420 5129/15767/420
f 5129/15767/327 5127/15765/327 5115/15764/327
f 5127/15765/717 5125/15769/717 5114/15763/717
f 5125/15769/586 5123/15770/586 5114/15763/586
f 5123/15770/420 5121/8838/420 5116/8837/420
f 5114/15763/586 5123/15770/586 5116/8837/586
f 5121/8838/420 5119/15771/420 5117/8836/420
f 5116/8839/328 5117/15772/328 5118/8840/328
f 5117/8842/329 5119/15773/329 5120/8843/329
f 5119/8845/592 5121/15774/592 5122/8846/592
f 5121/8848/407 5123/15775/407 5124/8849/407
f 5123/8851/332 5125/15776/332 5126/8852/332
f 5126/8854/333 5125/15777/333 5127/8855/333
f 5128/8857/450 5127/15778/450 5129/8858/450
f 5130/8860/335 5129/15779/335 5131/8861/335
f 5132/8863/523 5131/15780/523 5133/8864/523
f 5134/8866/539 5133/15781/539 5115/8867/539
f 5132/8869/415 5134/15782/415 5135/8870/415
f 5134/8872/414 5113/15783/414 5136/8873/414
f 5135/8877/2 5136/15784/2 5139/15785/2
f 5136/15784/2 5111/15786/2 5140/15787/2
f 5111/15786/2 5145/15788/2 5140/15787/2
f 5145/15788/2 5144/15789/2 5141/15790/2
f 5140/15787/2 5145/15788/2 5141/15790/2
f 5144/15789/2 5143/15791/2 5142/15792/2
f 5142/15792/2 5141/15790/2 5144/15789/2
f 5140/15787/2 5139/15785/2 5136/15784/2
f 5139/15785/2 5138/8875/2 5135/8877/2
f 5130/8878/340 5132/15793/340 5137/8879/340
f 5128/8881/341 5130/15794/341 5138/8882/341
f 5126/8884/508 5128/15795/508 5139/8885/508
f 5141/8887/343 5124/15796/343 5126/8888/343
f 5142/8890/410 5122/15797/410 5124/8891/410
f 5143/8893/492 5120/15798/492 5122/8894/492
f 5144/8896/346 5118/15799/346 5120/8897/346
f 5145/8899/347 5112/15800/347 5118/8900/347
f 5146/8902/797 5149/15801/797 5151/8903/797
f 5152/8905/506 5149/15802/506 5146/8906/506
f 5151/15803/350 5149/15804/350 5150/15805/350
f 5150/15805/350 5251/15806/350 5151/15803/350
f 5251/15806/350 5253/15807/350 5288/15808/350
f 5253/15807/350 5255/15809/350 5286/15810/350
f 5255/15809/498 5257/15811/498 5286/15810/498
f 5257/15811/350 5259/15812/350 5284/15813/350
f 5259/15812/732 5261/8909/732 5282/8908/732
f 5284/15813/545 5259/15812/545 5282/8908/545
f 5261/8909/545 5263/15814/545 5280/8910/545
f 5263/15814/350 5265/15815/350 5278/15816/350
f 5280/8910/498 5263/15814/498 5278/15816/498
f 5265/15815/350 5267/15817/350 5274/15818/350
f 5267/15817/350 5269/15819/350 5272/15820/350
f 5269/15819/350 5178/15821/350 5272/15820/350
f 5178/15821/705 5176/15822/705 5175/15823/705
f 5272/15820/705 5178/15821/705 5175/15823/705
f 5176/15822/706 5173/15824/706 5175/15823/706
f 5267/15817/600 5272/15820/600 5274/15818/600
f 5251/15806/350 5288/15808/350 5151/15803/350
f 5286/15810/764 5288/15808/764 5253/15807/764
f 5284/15813/734 5286/15810/734 5257/15811/734
f 5265/15815/350 5274/15818/350 5276/15825/350
f 5265/15815/786 5276/15825/786 5278/15816/786
f 5171/15826/731 5173/15827/731 5176/15828/731
f 5176/15828/350 5179/15829/350 5171/15826/350
f 5179/15829/350 5181/15830/350 5169/15831/350
f 5181/15830/350 5183/15832/350 5167/15833/350
f 5183/15832/350 5185/15834/350 5167/15833/350
f 5185/15834/350 5187/15835/350 5165/15836/350
f 5187/15835/705 5189/8912/705 5163/8911/705
f 5165/15836/729 5187/15835/729 5163/8911/729
f 5189/8912/405 5191/15837/405 5161/8913/405
f 5191/15837/350 5193/15838/350 5159/15839/350
f 5161/8913/405 5191/15837/405 5159/15839/405
f 5193/15838/708 5195/15840/708 5155/15841/708
f 5195/15840/350 5197/15842/350 5153/15843/350
f 5197/15842/350 5199/15844/350 5153/15843/350
f 5199/15844/350 5150/15845/350 5152/15846/350
f 5153/15843/350 5199/15844/350 5152/15846/350
f 5150/15845/350 5149/15847/350 5152/15846/350
f 5195/15840/600 5153/15843/600 5155/15841/600
f 5179/15829/350 5169/15831/350 5171/15826/350
f 5167/15833/764 5169/15831/764 5181/15830/764
f 5165/15836/405 5167/15833/405 5185/15834/405
f 5193/15838/542 5155/15841/542 5157/15848/542
f 5193/15838/350 5157/15848/350 5159/15839/350
f 5153/8914/351 5152/15849/351 5148/8915/351
f 5156/8917/371 5155/15850/371 5153/8918/371
f 5158/8920/798 5157/15851/798 5155/8921/798
f 5159/8923/534 5157/15852/534 5158/8924/534
f 5162/8926/355 5161/15853/355 5159/8927/355
f 5163/8929/356 5161/15854/356 5162/8930/356
f 5166/8932/487 5165/15855/487 5163/8933/487
f 5167/8935/358 5165/15856/358 5166/8936/358
f 5170/8938/359 5169/15857/359 5167/8939/359
f 5171/8941/365 5169/15858/365 5170/8942/365
f 5174/8944/528 5173/15859/528 5171/8945/528
f 5175/8947/497 5173/15860/497 5174/8948/497
f 5180/8950/387 5179/15861/387 5176/8951/387
f 5270/8953/362 5177/15862/362 5176/8954/362
f 5180/8956/360 5182/15863/360 5181/8957/360
f 5184/8959/480 5183/15864/480 5181/8960/480
f 5184/8962/358 5186/15865/358 5185/8963/358
f 5186/8965/366 5188/15866/366 5187/8966/366
f 5188/8968/367 5190/15867/367 5189/8969/367
f 5192/8971/368 5191/15868/368 5189/8972/368
f 5194/8974/369 5193/15869/369 5191/8975/369
f 5194/8977/447 5196/15870/447 5195/8978/447
f 5198/8980/446 5197/15871/446 5195/8981/446
f 5200/8983/351 5199/15872/351 5197/8984/351
f 5200/8986/481 5201/15873/481 5150/8987/481
f 5205/15874/718 5203/15875/718 5201/15876/718
f 5201/15876/420 5200/15877/420 5205/15874/420
f 5200/15877/374 5198/15878/374 5248/15879/374
f 5198/15878/420 5196/15880/420 5246/15881/420
f 5196/15880/420 5194/15882/420 5244/15883/420
f 5194/15882/713 5192/15884/713 5244/15883/713
f 5192/15884/420 5190/15885/420 5242/15886/420
f 5244/15883/327 5192/15884/327 5242/15886/327
f 5190/15885/327 5188/15887/327 5240/15888/327
f 5188/15887/420 5186/8989/420 5238/8991/420
f 5240/15888/327 5188/15887/327 5238/8991/327
f 5186/8989/374 5184/15889/374 5234/15890/374
f 5184/15889/530 5182/15891/530 5232/15892/530
f 5182/15891/420 5180/15893/420 5232/15892/420
f 5180/15893/420 5177/15894/420 5230/15895/420
f 5232/15892/420 5180/15893/420 5230/15895/420
f 5177/15894/420 5228/15896/420 5230/15895/420
f 5184/15889/715 5232/15892/715 5234/15890/715
f 5200/15877/420 5248/15879/420 5205/15874/420
f 5196/15880/420 5244/15883/420 5246/15881/420
f 5246/15881/746 5248/15879/746 5198/15878/746
f 5242/15886/703 5190/15885/703 5240/15888/703
f 5186/8989/720 5234/15890/720 5236/8990/720
f 5150/8992/483 5201/15897/483 5202/8993/483
f 5201/15898/754 5203/15899/754 5206/15900/754
f 5201/15898/420 5206/15900/420 5202/15901/420
f 5206/15900/420 5208/15902/420 5202/15901/420
f 5252/15903/530 5202/15901/530 5208/15902/530
f 5256/15904/420 5254/15905/420 5212/15906/420
f 5254/15905/420 5252/15903/420 5210/15907/420
f 5212/15906/420 5254/15905/420 5210/15907/420
f 5260/15908/420 5258/15909/420 5214/15910/420
f 5258/15909/420 5256/15904/420 5212/15906/420
f 5264/8997/420 5262/15911/420 5218/8995/420
f 5262/15911/327 5260/15908/327 5216/15912/327
f 5268/15913/374 5266/15914/374 5224/15915/374
f 5266/15914/561 5264/8997/561 5222/15916/561
f 5224/15915/712 5266/15914/712 5222/15916/712
f 5177/15917/420 5270/15918/420 5226/15919/420
f 5270/15918/420 5268/15913/420 5224/15915/420
f 5226/15919/420 5228/15920/420 5177/15917/420
f 5224/15915/420 5226/15919/420 5270/15918/420
f 5262/15911/327 5216/15912/327 5218/8995/327
f 5258/15909/420 5212/15906/420 5214/15910/420
f 5208/15902/745 5210/15907/745 5252/15903/745
f 5260/15908/713 5214/15910/713 5216/15912/713
f 5220/8996/561 5222/15916/561 5264/8997/561
f 5204/8998/799 5207/15921/799 5206/8999/799
f 5205/9001/373 5250/15922/373 5204/9002/373
f 5206/9004/402 5207/15923/402 5209/9005/402
f 5208/9007/432 5209/15924/432 5211/9008/432
f 5210/9010/391 5211/15925/391 5213/9011/391
f 5212/9013/379 5213/15926/379 5215/9014/379
f 5215/9016/429 5217/15927/429 5216/9017/429
f 5217/9019/428 5219/15928/428 5218/9020/428
f 5218/9022/486 5219/15929/486 5221/9023/486
f 5220/9025/765 5221/15930/765 5223/9026/765
f 5222/9028/501 5223/15931/501 5225/9029/501
f 5224/9031/502 5225/15932/502 5227/9032/502
f 5227/9034/386 5229/15933/386 5228/9035/386
f 5228/9037/387 5229/15934/387 5231/9038/387
f 5231/9040/365 5233/15935/365 5232/9041/365
f 5233/9043/444 5235/15936/444 5234/9044/444
f 5235/9046/570 5237/15937/570 5236/9047/570
f 5237/9049/487 5239/15938/487 5238/9050/487
f 5238/9052/749 5239/15939/749 5241/9053/749
f 5240/9055/726 5241/15940/726 5243/9056/726
f 5243/9058/354 5245/15941/354 5244/9059/354
f 5245/9061/447 5247/15942/447 5246/9062/447
f 5247/9064/352 5249/15943/352 5248/9065/352
f 5249/9067/372 5250/15944/372 5205/9068/372
f 5202/9070/402 5252/15945/402 5253/9071/402
f 5254/9073/390 5255/15946/390 5253/9074/390
f 5256/9076/401 5257/15947/401 5255/9077/401
f 5256/9079/392 5258/15948/392 5259/9080/392
f 5258/9082/393 5260/15949/393 5261/9083/393
f 5262/9085/394 5263/15950/394 5261/9086/394
f 5264/9088/395 5265/15951/395 5263/9089/395
f 5264/9091/383 5266/15952/383 5267/9092/383
f 5268/9094/398 5269/15953/398 5267/9095/398
f 5270/9097/385 5178/15954/385 5269/9098/385
f 5273/9100/385 5272/15955/385 5175/9101/385
f 5274/9103/800 5272/15956/800 5273/9104/800
f 5277/9106/383 5276/15957/383 5274/9107/383
f 5278/9109/486 5276/15958/486 5277/9110/486
f 5281/9112/381 5280/15959/381 5278/9113/381
f 5282/9115/380 5280/15960/380 5281/9116/380
f 5285/9118/728 5284/15961/728 5282/9119/728
f 5286/9121/801 5284/15962/801 5285/9122/801
f 5288/9124/802 5286/15963/802 5287/9125/802
f 5147/9127/402 5151/15964/402 5288/9128/402
f 5291/9130/403 5290/15965/403 5292/9131/403
f 5293/9133/448 5290/15966/448 5291/9134/448
f 5294/9136/326 5296/15967/326 5292/9137/326
f 5293/9139/325 5295/15968/325 5294/9140/325
f 5294/15969/545 5295/15970/545 5307/15971/545
f 5295/15970/405 5313/15972/405 5309/15973/405
f 5313/15972/350 5311/15974/350 5309/15973/350
f 5309/15973/405 5307/15971/405 5295/15970/405
f 5307/15971/705 5305/15975/705 5294/15969/705
f 5305/15975/732 5303/15976/732 5294/15969/732
f 5303/15976/350 5301/9144/350 5296/9143/350
f 5294/15969/732 5303/15976/732 5296/9143/732
f 5301/9144/729 5299/15977/729 5297/9142/729
f 5296/9145/337 5297/15978/337 5298/9146/337
f 5297/9148/523 5299/15979/523 5300/9149/523
f 5299/9151/335 5301/15980/335 5302/9152/335
f 5301/9154/406 5303/15981/406 5304/9155/406
f 5303/9157/333 5305/15982/333 5306/9158/333
f 5306/9160/332 5305/15983/332 5307/9161/332
f 5308/9163/331 5307/15984/331 5309/9164/331
f 5310/9166/330 5309/15985/330 5311/9167/330
f 5312/9169/329 5311/15986/329 5313/9170/329
f 5314/9172/540 5313/15987/540 5295/9173/540
f 5312/9175/345 5314/15988/345 5315/9176/345
f 5314/9178/451 5293/15989/451 5316/9179/451
f 5315/9183/2 5316/15990/2 5319/15991/2
f 5316/15990/2 5291/15992/2 5320/15993/2
f 5291/15992/2 5325/15994/2 5320/15993/2
f 5325/15994/2 5324/15995/2 5321/15996/2
f 5320/15993/2 5325/15994/2 5321/15996/2
f 5324/15995/2 5323/15997/2 5322/15998/2
f 5322/15998/2 5321/15996/2 5324/15995/2
f 5320/15993/2 5319/15991/2 5316/15990/2
f 5319/15991/2 5318/9181/2 5315/9183/2
f 5310/9184/411 5312/15999/411 5317/9185/411
f 5308/9187/347 5310/16000/347 5318/9188/347
f 5306/9190/323 5308/16001/323 5319/9191/323
f 5321/9193/413 5304/16002/413 5306/9194/413
f 5322/9196/339 5302/16003/339 5304/9197/339
f 5323/9199/338 5300/16004/338 5302/9200/338
f 5324/9202/340 5298/16005/340 5300/9203/340
f 5325/9205/424 5292/16006/424 5298/9206/424
f 5328/9208/416 5337/16007/416 5327/9209/416
f 5329/9213/8 5326/16008/8 5335/9211/8
f 5326/16008/8 5327/16009/8 5335/9211/8
f 5327/16009/8 5336/16010/8 5335/9211/8
f 5331/9214/417 5328/16011/417 5326/9215/417
f 5332/9217/7 5331/16012/7 5329/9218/7
f 5334/9221/2 5337/16013/2 5328/9222/2
f 5328/9222/2 5331/16014/2 5332/16015/2
f 5332/16015/2 5333/9220/2 5328/9222/2
f 5333/9223/418 5332/16016/418 5330/9224/418
f 5334/9226/419 5333/16017/419 5335/9227/419
f 5337/9229/11 5334/16018/11 5336/9230/11
f 5339/9232/494 5338/16019/494 5340/9233/494
f 5341/9235/495 5338/16020/495 5339/9236/495
f 5342/9238/333 5344/16021/333 5340/9239/333
f 5341/9241/332 5343/16022/332 5342/9242/332
f 5342/16023/327 5343/16024/327 5355/16025/327
f 5343/16024/713 5361/16026/713 5357/16027/713
f 5361/16026/420 5359/16028/420 5357/16027/420
f 5357/16027/713 5355/16025/713 5343/16024/713
f 5355/16025/586 5353/16029/586 5342/16023/586
f 5353/16029/420 5351/16030/420 5342/16023/420
f 5351/16030/586 5349/9246/586 5344/9245/586
f 5342/16023/420 5351/16030/420 5344/9245/420
f 5349/9246/703 5347/16031/703 5345/9244/703
f 5344/9247/406 5345/16032/406 5346/9248/406
f 5345/9250/335 5347/16033/335 5348/9251/335
f 5347/9253/336 5349/16034/336 5350/9254/336
f 5349/9256/337 5351/16035/337 5352/9257/337
f 5351/9259/326 5353/16036/326 5354/9260/326
f 5354/9262/325 5353/16037/325 5355/9263/325
f 5356/9265/328 5355/16038/328 5357/9266/328
f 5358/9268/409 5357/16039/409 5359/9269/409
f 5360/9271/408 5359/16040/408 5361/9272/408
f 5362/9274/407 5361/16041/407 5343/9275/407
f 5360/9277/411 5362/16042/411 5363/9278/411
f 5362/9280/423 5341/16043/423 5364/9281/423
f 5363/9285/8 5364/16044/8 5367/16045/8
f 5364/16044/8 5339/16046/8 5368/16047/8
f 5339/16046/8 5373/16048/8 5368/16047/8
f 5373/16048/8 5372/16049/8 5369/16050/8
f 5368/16047/8 5373/16048/8 5369/16050/8
f 5372/16049/8 5371/16051/8 5370/16052/8
f 5370/16052/8 5369/16050/8 5372/16049/8
f 5368/16047/8 5367/16045/8 5364/16044/8
f 5367/16045/8 5366/9283/8 5363/9285/8
f 5358/9286/492 5360/16053/492 5365/9287/492
f 5356/9289/493 5358/16054/493 5366/9290/493
f 5354/9292/404 5356/16055/404 5367/9293/404
f 5369/9295/508 5352/16056/508 5354/9296/508
f 5370/9298/424 5350/16057/424 5352/9299/424
f 5371/9301/425 5348/16058/425 5350/9302/425
f 5372/9304/415 5346/16059/415 5348/9305/415
f 5373/9307/414 5340/16060/414 5346/9308/414
f 5377/9310/442 5379/16061/442 5375/9311/442
f 5376/9313/364 5380/16062/364 5377/9314/364
f 5379/16063/350 5377/16064/350 5378/16065/350
f 5378/16065/498 5499/16066/498 5379/16063/498
f 5499/16066/732 5500/16067/732 5422/16068/732
f 5500/16067/350 5501/16069/350 5420/16070/350
f 5501/16069/732 5503/16071/732 5418/16072/732
f 5503/16071/350 5505/16073/350 5418/16072/350
f 5505/16073/350 5507/16074/350 5416/16075/350
f 5418/16072/769 5505/16073/769 5416/16075/769
f 5507/16074/405 5509/16076/405 5414/16077/405
f 5509/16076/545 5511/9316/545 5412/9318/545
f 5414/16077/405 5509/16076/405 5412/9318/405
f 5511/9316/498 5513/16078/498 5408/16079/498
f 5513/16078/498 5515/16080/498 5406/16081/498
f 5515/16080/350 5425/16082/350 5406/16081/350
f 5425/16082/350 5403/16083/350 5404/16084/350
f 5406/16081/350 5425/16082/350 5404/16084/350
f 5403/16083/350 5401/16085/350 5404/16084/350
f 5513/16078/545 5406/16081/545 5408/16079/545
f 5499/16066/732 5422/16068/732 5379/16063/732
f 5501/16069/732 5418/16072/732 5420/16070/732
f 5420/16070/498 5422/16068/498 5500/16067/498
f 5416/16075/545 5507/16074/545 5414/16077/545
f 5511/9316/498 5408/16079/498 5410/9317/498
f 5399/16086/350 5401/16087/350 5403/16088/350
f 5403/16088/350 5426/16089/350 5399/16086/350
f 5426/16089/350 5428/16090/350 5397/16091/350
f 5428/16090/350 5430/16092/350 5395/16093/350
f 5430/16092/350 5432/16094/350 5395/16093/350
f 5432/16094/350 5434/16095/350 5393/16096/350
f 5434/16095/705 5436/9320/705 5391/9319/705
f 5393/16096/350 5434/16095/350 5391/9319/350
f 5436/9320/600 5438/16097/600 5389/9321/600
f 5438/16097/705 5440/16098/705 5387/16099/705
f 5389/9321/350 5438/16097/350 5387/16099/350
f 5440/16098/600 5442/16100/600 5383/16101/600
f 5442/16100/708 5444/16102/708 5381/16103/708
f 5444/16102/350 5446/16104/350 5381/16103/350
f 5446/16104/708 5378/16105/708 5380/16106/708
f 5381/16103/732 5446/16104/732 5380/16106/732
f 5378/16105/350 5377/16107/350 5380/16106/350
f 5442/16100/708 5381/16103/708 5383/16101/708
f 5426/16089/350 5397/16091/350 5399/16086/350
f 5395/16093/498 5397/16091/498 5428/16090/498
f 5393/16096/350 5395/16093/350 5432/16094/350
f 5440/16098/405 5383/16101/405 5385/16108/405
f 5440/16098/542 5385/16108/542 5387/16099/542
f 5382/9322/385 5381/16109/385 5380/9323/385
f 5383/9325/501 5381/16110/501 5382/9326/501
f 5385/9328/383 5383/16111/383 5384/9329/383
f 5387/9331/427 5385/16112/427 5386/9332/427
f 5389/9334/428 5387/16113/428 5388/9335/428
f 5392/9337/429 5391/16114/429 5389/9338/429
f 5394/9340/392 5393/16115/392 5391/9341/392
f 5396/9343/391 5395/16116/391 5393/9344/391
f 5397/9346/377 5395/16117/377 5396/9347/377
f 5400/9349/402 5399/16118/402 5397/9350/402
f 5402/9352/433 5401/16119/433 5399/9353/433
f 5404/9355/434 5401/16120/434 5402/9356/434
f 5406/9358/351 5404/16121/351 5405/9359/351
f 5409/9361/388 5408/16122/388 5406/9362/388
f 5410/9364/803 5408/16123/803 5409/9365/803
f 5412/9367/369 5410/16124/369 5411/9368/369
f 5414/9370/355 5412/16125/355 5413/9371/355
f 5417/9373/356 5416/16126/356 5414/9374/356
f 5418/9376/436 5416/16127/436 5417/9377/436
f 5421/9379/504 5420/16128/504 5418/9380/504
f 5423/9382/503 5422/16129/503 5420/9383/503
f 5379/9385/365 5422/16130/365 5423/9386/365
f 5424/9388/438 5427/16131/438 5426/9389/438
f 5424/9391/593 5403/16132/593 5425/9392/593
f 5429/9394/376 5428/16133/376 5426/9395/376
f 5429/9397/377 5431/16134/377 5430/9398/377
f 5433/9400/378 5432/16135/378 5430/9401/378
f 5435/9403/392 5434/16136/392 5432/9404/392
f 5435/9406/429 5437/16137/429 5436/9407/429
f 5439/9409/428 5438/16138/428 5436/9410/428
f 5441/9412/395 5440/16139/395 5438/9413/395
f 5443/9415/383 5442/16140/383 5440/9416/383
f 5445/9418/501 5444/16141/501 5442/9419/501
f 5447/9421/502 5446/16142/502 5444/9422/502
f 5447/9424/364 5448/16143/364 5378/9425/364
f 5452/16144/718 5450/16145/718 5448/16146/718
f 5448/16146/530 5447/16147/530 5452/16144/530
f 5447/16147/420 5445/16148/420 5495/16149/420
f 5445/16148/420 5443/16150/420 5493/16151/420
f 5443/16150/586 5441/16152/586 5491/16153/586
f 5441/16152/420 5439/16154/420 5491/16153/420
f 5439/16154/420 5437/16155/420 5489/16156/420
f 5491/16153/713 5439/16154/713 5489/16156/713
f 5437/16155/420 5435/16157/420 5487/16158/420
f 5435/16157/420 5433/9427/420 5485/9429/420
f 5487/16158/420 5435/16157/420 5485/9429/420
f 5433/9427/374 5431/16159/374 5481/16160/374
f 5431/16159/420 5429/16161/420 5479/16162/420
f 5429/16161/420 5427/16163/420 5479/16162/420
f 5427/16163/420 5424/16164/420 5477/16165/420
f 5479/16162/420 5427/16163/420 5477/16165/420
f 5424/16164/420 5475/16166/420 5477/16165/420
f 5431/16159/715 5479/16162/715 5481/16160/715
f 5447/16147/746 5495/16149/746 5452/16144/746
f 5443/16150/712 5491/16153/712 5493/16151/712
f 5493/16151/804 5495/16149/804 5445/16148/804
f 5489/16156/327 5437/16155/327 5487/16158/327
f 5433/9427/374 5481/16160/374 5483/9428/374
f 5378/9430/441 5448/16167/441 5449/9431/441
f 5448/16168/746 5450/16169/746 5453/16170/746
f 5448/16168/374 5453/16170/374 5449/16171/374
f 5453/16170/718 5455/16172/718 5449/16171/718
f 5498/16173/420 5449/16171/420 5455/16172/420
f 5504/16174/374 5502/16175/374 5459/16176/374
f 5502/16175/420 5498/16173/420 5457/16177/420
f 5459/16176/715 5502/16175/715 5457/16177/715
f 5508/9433/420 5506/16178/420 5461/9434/420
f 5506/16178/420 5504/16174/420 5461/9434/420
f 5512/16179/420 5510/16180/420 5465/16181/420
f 5510/16180/327 5508/9433/327 5463/9435/327
f 5516/16182/420 5514/16183/420 5471/16184/420
f 5514/16183/530 5512/16179/530 5469/16185/530
f 5471/16184/712 5514/16183/712 5469/16185/712
f 5424/16186/420 5517/16187/420 5473/16188/420
f 5517/16187/420 5516/16182/420 5471/16184/420
f 5473/16188/420 5475/16189/420 5424/16186/420
f 5471/16184/420 5473/16188/420 5517/16187/420
f 5510/16180/717 5463/9435/717 5465/16181/717
f 5455/16172/746 5457/16177/746 5498/16173/746
f 5504/16174/482 5459/16176/482 5461/9434/482
f 5467/16190/530 5469/16185/530 5512/16179/530
f 5465/16181/561 5467/16190/561 5512/16179/561
f 5451/9436/387 5454/16191/387 5453/9437/387
f 5452/9439/386 5497/16192/386 5451/9440/386
f 5454/9442/365 5456/16193/365 5455/9443/365
f 5455/9445/444 5456/16194/444 5458/9446/444
f 5457/9448/445 5458/16195/445 5460/9449/445
f 5460/9451/366 5462/16196/366 5461/9452/366
f 5462/9454/356 5464/16197/356 5463/9455/356
f 5463/9457/355 5464/16198/355 5466/9458/355
f 5465/9460/369 5466/16199/369 5468/9461/369
f 5468/9463/435 5470/16200/435 5469/9464/435
f 5469/9466/805 5470/16201/805 5472/9467/805
f 5472/9469/351 5474/16202/351 5473/9470/351
f 5474/9472/477 5476/16203/477 5475/9473/477
f 5475/9475/589 5476/16204/589 5478/9476/589
f 5477/9478/402 5478/16205/402 5480/9479/402
f 5480/9481/377 5482/16206/377 5481/9482/377
f 5481/9484/401 5482/16207/401 5484/9485/401
f 5484/9487/392 5486/16208/392 5485/9488/392
f 5486/9490/429 5488/16209/429 5487/9491/429
f 5487/9493/428 5488/16210/428 5490/9494/428
f 5489/9496/395 5490/16211/395 5492/9497/395
f 5492/9499/383 5494/16212/383 5493/9500/383
f 5494/9502/396 5496/16213/396 5495/9503/396
f 5495/9505/385 5496/16214/385 5497/9506/385
f 5498/9508/365 5500/16215/365 5499/9509/365
f 5498/9511/444 5502/16216/444 5501/9512/444
f 5502/9514/773 5504/16217/773 5503/9515/773
f 5506/9517/366 5505/16218/366 5503/9518/366
f 5508/9520/356 5507/16219/356 5505/9521/356
f 5508/9523/355 5510/16220/355 5509/9524/355
f 5510/9526/369 5512/16221/369 5511/9527/369
f 5512/9529/353 5514/16222/353 5513/9530/353
f 5514/9532/446 5516/16223/446 5515/9533/446
f 5516/9535/351 5517/16224/351 5425/9536/351
f 5519/9538/343 5518/16225/343 5520/9539/343
f 5521/9541/508 5518/16226/508 5519/9542/508
f 5522/9544/332 5524/16227/332 5520/9545/332
f 5521/9547/333 5523/16228/333 5522/9548/333
f 5522/16229/350 5523/16230/350 5535/16231/350
f 5523/16230/350 5541/16232/350 5537/16233/350
f 5541/16232/705 5539/16234/705 5537/16233/705
f 5537/16233/350 5535/16231/350 5523/16230/350
f 5535/16231/350 5533/16235/350 5522/16229/350
f 5533/16235/350 5531/16236/350 5522/16229/350
f 5531/16236/545 5529/9552/545 5524/9551/545
f 5522/16229/405 5531/16236/405 5524/9551/405
f 5529/9552/729 5527/16237/729 5525/9550/729
f 5524/9553/407 5525/16238/407 5526/9554/407
f 5525/9556/330 5527/16239/330 5528/9557/330
f 5527/9559/329 5529/16240/329 5530/9560/329
f 5529/9562/449 5531/16241/449 5532/9563/449
f 5531/9565/325 5533/16242/325 5534/9566/325
f 5534/9568/326 5533/16243/326 5535/9569/326
f 5536/9571/524 5535/16244/524 5537/9572/524
f 5538/9574/523 5537/16245/523 5539/9575/523
f 5540/9577/475 5539/16246/475 5541/9578/475
f 5542/9580/806 5541/16247/806 5523/9581/806
f 5540/9583/340 5542/16248/340 5543/9584/340
f 5542/9586/341 5521/16249/341 5544/9587/341
f 5543/9591/8 5544/16250/8 5547/16251/8
f 5544/16250/8 5519/16252/8 5548/16253/8
f 5519/16252/8 5553/16254/8 5548/16253/8
f 5553/16254/8 5552/16255/8 5549/16256/8
f 5548/16253/8 5553/16254/8 5549/16256/8
f 5552/16255/8 5551/16257/8 5550/16258/8
f 5550/16258/8 5549/16256/8 5552/16255/8
f 5548/16253/8 5547/16251/8 5544/16250/8
f 5547/16251/8 5546/9589/8 5543/9591/8
f 5538/9592/807 5540/16259/807 5545/9593/807
f 5536/9595/541 5538/16260/541 5546/9596/541
f 5534/9598/413 5536/16261/413 5547/9599/413
f 5549/9601/412 5532/16262/412 5534/9602/412
f 5550/9604/347 5530/16263/347 5532/9605/347
f 5551/9607/808 5528/16264/808 5530/9608/808
f 5552/9610/509 5526/16265/509 5528/9611/509
f 5553/9613/410 5520/16266/410 5526/9614/410
f 5555/9616/15 5559/16267/15 5557/9617/15
f 5649/9619/16 5555/16268/16 5554/9620/16
f 5564/16269/8 5566/16270/8 5568/16271/8
f 5564/16269/8 5568/16271/8 5570/16272/8
f 5557/16273/8 5558/16274/8 5562/16275/8
f 5562/16275/8 5564/16269/8 5572/16276/8
f 5564/16269/8 5570/16272/8 5572/16276/8
f 5572/16276/8 5574/16277/8 5576/16278/8
f 5554/16279/8 5557/16273/8 5562/16275/8
f 5646/16280/8 5648/16281/8 5644/16282/8
f 5648/16281/8 5556/16283/8 5644/16282/8
f 5556/16283/8 5554/16279/8 5572/16276/8
f 5554/16279/8 5562/16275/8 5572/16276/8
f 5572/16276/8 5576/16278/8 5578/16284/8
f 5638/16285/8 5640/16286/8 5642/16287/8
f 5642/16287/8 5644/16282/8 5580/16288/8
f 5644/16282/8 5556/16283/8 5580/16288/8
f 5556/16283/8 5572/16276/8 5580/16288/8
f 5572/16276/8 5578/16284/8 5580/16288/8
f 5580/16288/8 5582/16289/8 5586/16290/8
f 5582/16289/8 5584/16291/8 5586/16290/8
f 5636/16292/8 5638/16285/8 5642/16287/8
f 5588/16293/8 5590/16294/8 5594/16295/8
f 5590/16294/8 5592/16296/8 5594/16295/8
f 5580/16288/8 5586/16290/8 5588/16293/8
f 5636/16292/8 5642/16287/8 5634/16297/8
f 5642/16287/8 5580/16288/8 5634/16297/8
f 5630/16298/8 5632/16299/8 5634/16297/8
f 5634/16297/8 5580/16288/8 5594/16295/8
f 5580/16288/8 5588/16293/8 5594/16295/8
f 5628/16300/8 5630/16298/8 5634/16297/8
f 5622/16301/8 5624/16302/8 5626/16303/8
f 5626/16303/8 5628/16300/8 5596/16304/8
f 5628/16300/8 5634/16297/8 5596/16304/8
f 5596/16304/8 5598/16305/8 5600/16306/8
f 5634/16297/8 5594/16295/8 5596/16304/8
f 5620/16307/8 5622/16301/8 5626/16303/8
f 5596/16304/8 5600/16306/8 5602/16308/8
f 5604/9622/8 5606/16309/8 5608/16310/8
f 5596/16304/8 5602/16308/8 5604/9622/8
f 5620/16307/8 5626/16303/8 5618/16311/8
f 5626/16303/8 5596/16304/8 5618/16311/8
f 5614/16312/8 5616/16313/8 5612/9624/8
f 5616/16313/8 5618/16311/8 5612/9624/8
f 5604/9622/8 5608/16310/8 5610/9623/8
f 5618/16311/8 5596/16304/8 5612/9624/8
f 5596/16304/8 5604/9622/8 5612/9624/8
f 5559/9625/17 5560/16314/17 5558/9626/17
f 5585/16315/2 5583/16316/2 5581/16317/2
f 5585/16315/2 5581/16317/2 5579/16318/2
f 5591/16319/2 5589/16320/2 5593/16321/2
f 5589/16320/2 5587/16322/2 5593/16321/2
f 5587/16322/2 5585/16315/2 5579/16318/2
f 5577/16323/2 5575/16324/2 5571/16325/2
f 5575/16324/2 5573/16326/2 5571/16325/2
f 5587/16322/2 5579/16318/2 5595/16327/2
f 5579/16318/2 5577/16323/2 5595/16327/2
f 5599/16328/2 5597/16329/2 5595/16327/2
f 5595/16327/2 5593/16321/2 5587/16322/2
f 5601/16330/2 5599/16328/2 5595/16327/2
f 5607/16331/2 5605/16332/2 5603/16333/2
f 5603/16333/2 5601/16330/2 5595/16327/2
f 5595/16327/2 5577/16323/2 5569/16334/2
f 5577/16323/2 5571/16325/2 5569/16334/2
f 5569/16334/2 5567/16335/2 5563/16336/2
f 5567/16335/2 5565/16337/2 5563/16336/2
f 5609/16338/2 5607/16331/2 5603/16333/2
f 5603/16333/2 5595/16327/2 5609/16338/2
f 5595/16327/2 5569/16334/2 5609/16338/2
f 5561/16339/2 5560/16340/2 5559/16341/2
f 5569/16334/2 5563/16336/2 5561/16339/2
f 5615/16342/2 5613/16343/2 5611/16344/2
f 5611/16344/2 5609/16338/2 5569/16334/2
f 5561/16339/2 5559/16341/2 5555/16345/2
f 5611/16344/2 5569/16334/2 5555/16345/2
f 5569/16334/2 5561/16339/2 5555/16345/2
f 5617/16346/2 5615/16342/2 5611/16344/2
f 5623/16347/2 5621/16348/2 5625/16349/2
f 5621/16348/2 5619/16350/2 5625/16349/2
f 5619/16350/2 5617/16346/2 5611/16344/2
f 5649/16351/2 5647/16352/2 5643/16353/2
f 5647/16352/2 5645/16354/2 5643/16353/2
f 5611/16344/2 5555/16345/2 5649/16351/2
f 5619/16350/2 5611/16344/2 5625/16349/2
f 5611/16344/2 5649/16351/2 5625/16349/2
f 5641/9628/2 5639/16355/2 5637/16356/2
f 5649/16351/2 5643/16353/2 5627/9630/2
f 5643/16353/2 5641/9628/2 5627/9630/2
f 5631/16357/2 5629/16358/2 5633/9629/2
f 5629/16358/2 5627/9630/2 5633/9629/2
f 5627/9630/2 5625/16349/2 5649/16351/2
f 5641/9628/2 5637/16356/2 5635/16359/2
f 5641/9628/2 5635/16359/2 5633/9629/2
f 5562/9631/18 5558/16360/18 5560/9632/18
f 5561/9634/19 5563/16361/19 5564/9635/19
f 5563/9637/20 5565/16362/20 5566/9638/20
f 5565/9640/21 5567/16363/21 5568/9641/21
f 5570/9643/22 5568/16364/22 5567/9644/22
f 5569/9646/23 5571/16365/23 5572/9647/23
f 5571/9649/24 5573/16366/24 5574/9650/24
f 5573/9652/25 5575/16367/25 5576/9653/25
f 5577/9655/26 5578/16368/26 5576/9656/26
f 5577/9658/295 5579/16369/295 5580/9659/295
f 5579/9661/17 5581/16370/17 5582/9662/17
f 5581/9664/28 5583/16371/28 5584/9665/28
f 5585/9667/29 5586/16372/29 5584/9668/29
f 5585/9670/30 5587/16373/30 5588/9671/30
f 5587/9673/31 5589/16374/31 5590/9674/31
f 5589/9676/277 5591/16375/277 5592/9677/277
f 5594/9679/290 5592/16376/290 5591/9680/290
f 5593/9682/34 5595/16377/34 5596/9683/34
f 5595/9685/35 5597/16378/35 5598/9686/35
f 5597/9688/26 5599/16379/26 5600/9689/26
f 5602/9691/36 5600/16380/36 5599/9692/36
f 5602/9694/37 5601/16381/37 5603/9695/37
f 5603/9697/28 5605/16382/28 5606/9698/28
f 5605/9700/38 5607/16383/38 5608/9701/38
f 5610/9703/15 5608/16384/15 5607/9704/15
f 5609/9706/40 5611/16385/40 5612/9707/40
f 5612/9709/22 5611/16386/22 5613/9710/22
f 5613/9712/41 5615/16387/41 5616/9713/41
f 5618/9715/20 5616/16388/20 5615/9716/20
f 5617/9718/291 5619/16389/291 5620/9719/291
f 5619/9721/26 5621/16390/26 5622/9722/26
f 5621/9724/36 5623/16391/36 5624/9725/36
f 5626/9727/44 5624/16392/44 5623/9728/44
f 5625/9730/304 5627/16393/304 5628/9731/304
f 5627/9733/29 5629/16394/29 5630/9734/29
f 5629/9736/303 5631/16395/303 5632/9737/303
f 5634/9739/17 5632/16396/17 5631/9740/17
f 5633/9742/46 5635/16397/46 5636/9743/46
f 5635/9745/41 5637/16398/41 5638/9746/41
f 5637/9748/48 5639/16399/48 5640/9749/48
f 5642/9751/21 5640/16400/21 5639/9752/21
f 5641/9754/49 5643/16401/49 5644/9755/49
f 5644/9757/36 5643/16402/36 5645/9758/36
f 5645/9760/44 5647/16403/44 5648/9761/44
f 5556/9763/285 5648/16404/285 5647/9764/285
f 5652/9766/309 5661/16405/309 5651/9767/309
f 5653/9771/11 5650/16406/11 5651/9769/11
f 5651/9769/11 5660/16407/11 5659/9770/11
f 5659/9770/11 5654/16408/11 5653/9771/11
f 5655/9772/310 5652/16409/310 5650/9773/310
f 5656/9775/12 5655/16410/12 5653/9776/12
f 5658/9780/7 5661/16411/7 5652/9778/7
f 5652/9778/7 5655/16412/7 5656/9779/7
f 5656/9779/7 5657/16413/7 5658/9780/7
f 5657/9781/311 5656/16414/311 5654/9782/311
f 5658/9784/312 5657/16415/312 5659/9785/312
f 5661/9787/1 5658/16416/1 5660/9788/1
